1790729646.668 13:54:06 login ok
=== 1790729647.820 13:54:07 >>> show stack
Virtual Chassis Stacking summary information

ID   Pending ID  MAC address        Priority  Status  Role
1    -           84e3.2787.0ac0     128       Ready   Backup Member
2    -           -                  -         -       Provisioned
3    -           84e3.2787.0740     128       Ready   Active Master
4    -           84e3.2787.09c0     128       Ready   Backup Member

Operational Status                 Normal operation
Stack MAC address                  0000.cd37.0d6f (Virtual MAC)
=== 1790729648.972 13:54:08 >>> show mrp ring
Media Redundancy Protocol - Ring Information
MRP Ring 1
 Domain ID:                           ffffffff-ffff-ffff-ffff-ffffffffffff
 Domain Name:                         
 Ring Status:                         Enabled
 Running State:                       Running
 Role:                                Manager
 Network Status:                      Closed
 Port1:                               port1.0.13
  Status:                             Forwarding
 Port2:                               port4.0.26
  Status:                             Blocking
 Vlan ID:
 React on Link Change:                No
 Profile:                             200ms
  Topology Change Interval:           10ms
  Topology Change Count:              3
  Short Test Frame Interval:          10ms
  Default Test Frame Interval:        20ms
  Test Monitoring Interval Count:     3
  Test Monitoring Ext Interval Count: 3
  Non-blocking MRC Supported:         No
  Blocked port state supported:       Yes
=== 1790729650.124 13:54:10 >>> show stack
Virtual Chassis Stacking summary information

ID   Pending ID  MAC address        Priority  Status  Role
1    -           84e3.2787.0ac0     128       Ready   Backup Member
2    -           -                  -         -       Provisioned
3    -           84e3.2787.0740     128       Ready   Active Master
4    -           84e3.2787.09c0     128       Ready   Backup Member

Operational Status                 Normal operation
Stack MAC address                  0000.cd37.0d6f (Virtual MAC)
=== 1790729651.276 13:54:11 >>> show mrp ring
Media Redundancy Protocol - Ring Information
MRP Ring 1
 Domain ID:                           ffffffff-ffff-ffff-ffff-ffffffffffff
 Domain Name:                         
 Ring Status:                         Enabled
 Running State:                       Running
 Role:                                Manager
 Network Status:                      Closed
 Port1:                               port1.0.13
  Status:                             Forwarding
 Port2:                               port4.0.26
  Status:                             Blocking
 Vlan ID:
 React on Link Change:                No
 Profile:                             200ms
  Topology Change Interval:           10ms
  Topology Change Count:              3
  Short Test Frame Interval:          10ms
  Default Test Frame Interval:        20ms
  Test Monitoring Interval Count:     3
  Test Monitoring Ext Interval Count: 3
  Non-blocking MRC Supported:         No
  Blocked port state supported:       Yes
=== 1790729653.124 13:54:13 >>> show stack
Virtual Chassis Stacking summary information

ID   Pending ID  MAC address        Priority  Status  Role
1    -           84e3.2787.0ac0     128       Ready   Backup Member
2    -           -                  -         -       Provisioned
3    -           84e3.2787.0740     128       Ready   Active Master
4    -           84e3.2787.09c0     128       Ready   Backup Member

Operational Status                 Normal operation
Stack MAC address                  0000.cd37.0d6f (Virtual MAC)
=== 1790729654.276 13:54:14 >>> show mrp ring
Media Redundancy Protocol - Ring Information
MRP Ring 1
 Domain ID:                           ffffffff-ffff-ffff-ffff-ffffffffffff
 Domain Name:                         
 Ring Status:                         Enabled
 Running State:                       Running
 Role:                                Manager
 Network Status:                      Closed
 Port1:                               port1.0.13
  Status:                             Forwarding
 Port2:                               port4.0.26
  Status:                             Blocking
 Vlan ID:
 React on Link Change:                No
 Profile:                             200ms
  Topology Change Interval:           10ms
  Topology Change Count:              3
  Short Test Frame Interval:          10ms
  Default Test Frame Interval:        20ms
  Test Monitoring Interval Count:     3
  Test Monitoring Ext Interval Count: 3
  Non-blocking MRC Supported:         No
  Blocked port state supported:       Yes
=== 1790729656.124 13:54:16 >>> show stack
Virtual Chassis Stacking summary information

ID   Pending ID  MAC address        Priority  Status  Role
1    -           84e3.2787.0ac0     128       Ready   Backup Member
2    -           -                  -         -       Provisioned
3    -           84e3.2787.0740     128       Ready   Active Master
4    -           84e3.2787.09c0     128       Ready   Backup Member

Operational Status                 Normal operation
Stack MAC address                  0000.cd37.0d6f (Virtual MAC)
=== 1790729657.276 13:54:17 >>> show mrp ring
Media Redundancy Protocol - Ring Information
MRP Ring 1
 Domain ID:                           ffffffff-ffff-ffff-ffff-ffffffffffff
 Domain Name:                         
 Ring Status:                         Enabled
 Running State:                       Running
 Role:                                Manager
 Network Status:                      Closed
 Port1:                               port1.0.13
  Status:                             Forwarding
 Port2:                               port4.0.26
  Status:                             Blocking
 Vlan ID:
 React on Link Change:                No
 Profile:                             200ms
  Topology Change Interval:           10ms
  Topology Change Count:              3
  Short Test Frame Interval:          10ms
  Default Test Frame Interval:        20ms
  Test Monitoring Interval Count:     3
  Test Monitoring Ext Interval Count: 3
  Non-blocking MRC Supported:         No
  Blocked port state supported:       Yes
=== 1790729659.124 13:54:19 >>> show stack
Virtual Chassis Stacking summary information

ID   Pending ID  MAC address        Priority  Status  Role
1    -           84e3.2787.0ac0     128       Ready   Backup Member
2    -           -                  -         -       Provisioned
3    -           84e3.2787.0740     128       Ready   Active Master
4    -           84e3.2787.09c0     128       Ready   Backup Member

Operational Status                 Normal operation
Stack MAC address                  0000.cd37.0d6f (Virtual MAC)
=== 1790729660.276 13:54:20 >>> show mrp ring
Media Redundancy Protocol - Ring Information
MRP Ring 1
 Domain ID:                           ffffffff-ffff-ffff-ffff-ffffffffffff
 Domain Name:                         
 Ring Status:                         Enabled
 Running State:                       Running
 Role:                                Manager
 Network Status:                      Closed
 Port1:                               port1.0.13
  Status:                             Forwarding
 Port2:                               port4.0.26
  Status:                             Blocking
 Vlan ID:
 React on Link Change:                No
 Profile:                             200ms
  Topology Change Interval:           10ms
  Topology Change Count:              3
  Short Test Frame Interval:          10ms
  Default Test Frame Interval:        20ms
  Test Monitoring Interval Count:     3
  Test Monitoring Ext Interval Count: 3
  Non-blocking MRC Supported:         No
  Blocked port state supported:       Yes
=== 1790729662.124 13:54:22 >>> show stack
Virtual Chassis Stacking summary information

ID   Pending ID  MAC address        Priority  Status  Role
1    -           84e3.2787.0ac0     128       Ready   Backup Member
2    -           -                  -         -       Provisioned
3    -           84e3.2787.0740     128       Ready   Active Master
4    -           84e3.2787.09c0     128       Ready   Backup Member

Operational Status                 Normal operation
Stack MAC address                  0000.cd37.0d6f (Virtual MAC)
=== 1790729663.276 13:54:23 >>> show mrp ring
Media Redundancy Protocol - Ring Information
MRP Ring 1
 Domain ID:                           ffffffff-ffff-ffff-ffff-ffffffffffff
 Domain Name:                         
 Ring Status:                         Enabled
 Running State:                       Running
 Role:                                Manager
 Network Status:                      Closed
 Port1:                               port1.0.13
  Status:                             Forwarding
 Port2:                               port4.0.26
  Status:                             Blocking
 Vlan ID:
 React on Link Change:                No
 Profile:                             200ms
  Topology Change Interval:           10ms
  Topology Change Count:              3
  Short Test Frame Interval:          10ms
  Default Test Frame Interval:        20ms
  Test Monitoring Interval Count:     3
  Test Monitoring Ext Interval Count: 3
  Non-blocking MRC Supported:         No
  Blocked port state supported:       Yes
=== 1790729665.124 13:54:25 >>> show stack
Virtual Chassis Stacking summary information

ID   Pending ID  MAC address        Priority  Status  Role
1    -           84e3.2787.0ac0     128       Ready   Backup Member
2    -           -                  -         -       Provisioned
3    -           84e3.2787.0740     128       Ready   Active Master
4    -           84e3.2787.09c0     128       Ready   Backup Member

Operational Status                 Normal operation
Stack MAC address                  0000.cd37.0d6f (Virtual MAC)
=== 1790729666.276 13:54:26 >>> show mrp ring
Media Redundancy Protocol - Ring Information
MRP Ring 1
 Domain ID:                           ffffffff-ffff-ffff-ffff-ffffffffffff
 Domain Name:                         
 Ring Status:                         Enabled
 Running State:                       Running
 Role:                                Manager
 Network Status:                      Closed
 Port1:                               port1.0.13
  Status:                             Forwarding
 Port2:                               port4.0.26
  Status:                             Blocking
 Vlan ID:
 React on Link Change:                No
 Profile:                             200ms
  Topology Change Interval:           10ms
  Topology Change Count:              3
  Short Test Frame Interval:          10ms
  Default Test Frame Interval:        20ms
  Test Monitoring Interval Count:     3
  Test Monitoring Ext Interval Count: 3
  Non-blocking MRC Supported:         No
  Blocked port state supported:       Yes
=== 1790729668.124 13:54:28 >>> show stack
Virtual Chassis Stacking summary information

ID   Pending ID  MAC address        Priority  Status  Role
1    -           84e3.2787.0ac0     128       Ready   Backup Member
2    -           -                  -         -       Provisioned
3    -           84e3.2787.0740     128       Ready   Active Master
4    -           84e3.2787.09c0     128       Ready   Backup Member

Operational Status                 Normal operation
Stack MAC address                  0000.cd37.0d6f (Virtual MAC)
=== 1790729669.276 13:54:29 >>> show mrp ring
Media Redundancy Protocol - Ring Information
MRP Ring 1
 Domain ID:                           ffffffff-ffff-ffff-ffff-ffffffffffff
 Domain Name:                         
 Ring Status:                         Enabled
 Running State:                       Running
 Role:                                Manager
 Network Status:                      Closed
 Port1:                               port1.0.13
  Status:                             Forwarding
 Port2:                               port4.0.26
  Status:                             Blocking
 Vlan ID:
 React on Link Change:                No
 Profile:                             200ms
  Topology Change Interval:           10ms
  Topology Change Count:              3
  Short Test Frame Interval:          10ms
  Default Test Frame Interval:        20ms
  Test Monitoring Interval Count:     3
  Test Monitoring Ext Interval Count: 3
  Non-blocking MRC Supported:         No
  Blocked port state supported:       Yes
=== 1790729671.124 13:54:31 >>> show stack
Virtual Chassis Stacking summary information

ID   Pending ID  MAC address        Priority  Status  Role
1    -           84e3.2787.0ac0     128       Ready   Backup Member
2    -           -                  -         -       Provisioned
3    -           84e3.2787.0740     128       Ready   Active Master
4    -           84e3.2787.09c0     128       Ready   Backup Member

Operational Status                 Normal operation
Stack MAC address                  0000.cd37.0d6f (Virtual MAC)
=== 1790729672.276 13:54:32 >>> show mrp ring
Media Redundancy Protocol - Ring Information
MRP Ring 1
 Domain ID:                           ffffffff-ffff-ffff-ffff-ffffffffffff
 Domain Name:                         
 Ring Status:                         Enabled
 Running State:                       Running
 Role:                                Manager
 Network Status:                      Closed
 Port1:                               port1.0.13
  Status:                             Forwarding
 Port2:                               port4.0.26
  Status:                             Blocking
 Vlan ID:
 React on Link Change:                No
 Profile:                             200ms
  Topology Change Interval:           10ms
  Topology Change Count:              3
  Short Test Frame Interval:          10ms
  Default Test Frame Interval:        20ms
  Test Monitoring Interval Count:     3
  Test Monitoring Ext Interval Count: 3
  Non-blocking MRC Supported:         No
  Blocked port state supported:       Yes
=== 1790729674.125 13:54:34 >>> show stack
Virtual Chassis Stacking summary information

ID   Pending ID  MAC address        Priority  Status  Role
1    -           84e3.2787.0ac0     128       Ready   Backup Member
2    -           -                  -         -       Provisioned
3    -           84e3.2787.0740     128       Ready   Active Master
4    -           84e3.2787.09c0     128       Ready   Backup Member

Operational Status                 Normal operation
Stack MAC address                  0000.cd37.0d6f (Virtual MAC)
=== 1790729675.276 13:54:35 >>> show mrp ring
Media Redundancy Protocol - Ring Information
MRP Ring 1
 Domain ID:                           ffffffff-ffff-ffff-ffff-ffffffffffff
 Domain Name:                         
 Ring Status:                         Enabled
 Running State:                       Running
 Role:                                Manager
 Network Status:                      Closed
 Port1:                               port1.0.13
  Status:                             Forwarding
 Port2:                               port4.0.26
  Status:                             Blocking
 Vlan ID:
 React on Link Change:                No
 Profile:                             200ms
  Topology Change Interval:           10ms
  Topology Change Count:              3
  Short Test Frame Interval:          10ms
  Default Test Frame Interval:        20ms
  Test Monitoring Interval Count:     3
  Test Monitoring Ext Interval Count: 3
  Non-blocking MRC Supported:         No
  Blocked port state supported:       Yes
=== 1790729677.125 13:54:37 >>> show stack
Virtual Chassis Stacking summary information

ID   Pending ID  MAC address        Priority  Status  Role
1    -           84e3.2787.0ac0     128       Ready   Backup Member
2    -           -                  -         -       Provisioned
3    -           84e3.2787.0740     128       Ready   Active Master
4    -           84e3.2787.09c0     128       Ready   Backup Member

Operational Status                 Normal operation
Stack MAC address                  0000.cd37.0d6f (Virtual MAC)
=== 1790729678.276 13:54:38 >>> show mrp ring
Media Redundancy Protocol - Ring Information
MRP Ring 1
 Domain ID:                           ffffffff-ffff-ffff-ffff-ffffffffffff
 Domain Name:                         
 Ring Status:                         Enabled
 Running State:                       Running
 Role:                                Manager
 Network Status:                      Closed
 Port1:                               port1.0.13
  Status:                             Forwarding
 Port2:                               port4.0.26
  Status:                             Blocking
 Vlan ID:
 React on Link Change:                No
 Profile:                             200ms
  Topology Change Interval:           10ms
  Topology Change Count:              3
  Short Test Frame Interval:          10ms
  Default Test Frame Interval:        20ms
  Test Monitoring Interval Count:     3
  Test Monitoring Ext Interval Count: 3
  Non-blocking MRC Supported:         No
  Blocked port state supported:       Yes
=== 1790729683.728 13:54:43 >>> show stack
switch: port 19(port3.0.1) entered disabled state
switch: port 20(port3.0.2) entered disabled state
switch: port 20(port3.0.2) entered disabled state
switch: port 21(port3.0.3) entered disabled state
% Internal API error occurred
% Unable to fetch stack information.
IE520-stk#Read from remote host node-3: Software caused connection abort
switch: port 22(port3.0.4) entered disabled state
switch: port 23(port3.0.5) entered disabled state
switch: port 2(port4.0.28) entered disabled state
switch: port 24(port3.0.6) entered disabled state
switch: port 25(port3.0.7) entered disabled state
switch: port 26(port3.0.8) entered disabled state
switch: port 27(port3.0.9) entered disabled state
switch: port 28(port3.0.10) entered disabled state
switch: port 29(port3.0.11) entered disabled state
switch: port 30(port3.0.12) entered disabled state
switch: port 31(port3.0.13) entered disabled state
00:55:22 IE520-stk-4 VCS[660]: Contact with the Active Master has been lost                                                                               

switch: port 32(port3.0.14) entered disabled state
00:55:22 IE520-stk-4 VCS[660]: Mswitch: port 33(port3.0.15) entered disabled state
ember 4 (84e3.2787.09c0) has become the Active 

Master                                                                               

switch: port 34(port3.0.16) entered disabled state
00:55:22 IE520-stk-4 VCS[660]: Sswitch: port 35(port3.0.17) entered disabled state
tack Virtual MAC is 0000.cd37.0d6f                                                                               

switch: port 36(port3.0.18) entered disabled state
switch: port 37(port3.0.19) entered disabled state
00:55:23 IE520-stk-4 VCS[660]: Member 3 (84e3.2787.0740) has left the stack                                                                               

switch: port 38(port3.0.20) entered disabled state
switch: port 39(port3.0.21) entered disabled state
switch: port 40(port3.0.22) entered disabled state
switch: port 41(port3.0.23) entered disabled state
switch: port 42(port3.0.24) entered disabled state
switch: port 43(port3.0.25) entered disabled state
switch: port 44(port3.0.26) entered disabled state
switch: port 45(port3.0.27) entered disabled state
switch: port 46(port3.0.28) entered disabled state
1790729683.728 13:54:43 SESSION LOST
1790729695.546 13:54:55 login ok
=== 1790729696.698 13:54:56 >>> show stack
Virtual Chassis Stacking summary information

ID   Pending ID  MAC address        Priority  Status  Role
1    -           84e3.2787.0ac0     128       Ready   Backup Member
2    -           -                  -         -       Provisioned
3    -           -                  -         -       Provisioned
4    -           84e3.2787.09c0     128       Ready   Active Master

Operational Status                 Not all stack ports are up
Stack MAC address                  0000.cd37.0d6f (Virtual MAC)
=== 1790729697.849 13:54:57 >>> show mrp ring
Media Redundancy Protocol - Ring Information
MRP Ring 1
 Domain ID:                           ffffffff-ffff-ffff-ffff-ffffffffffff
 Domain Name:                         
 Ring Status:                         Enabled
 Running State:                       Running
 Role:                                Manager
 Network Status:                      Closed
 Port1:                               port1.0.13
  Status:                             Forwarding
 Port2:                               port4.0.26
  Status:                             Blocking
 Vlan ID:
 React on Link Change:                No
 Profile:                             200ms
  Topology Change Interval:           10ms
  Topology Change Count:              3
  Short Test Frame Interval:          10ms
  Default Test Frame Interval:        20ms
  Test Monitoring Interval Count:     3
  Test Monitoring Ext Interval Count: 3
  Non-blocking MRC Supported:         No
  Blocked port state supported:       Yes
=== 1790729699.001 13:54:59 >>> show stack
Virtual Chassis Stacking summary information

ID   Pending ID  MAC address        Priority  Status  Role
1    -           84e3.2787.0ac0     128       Ready   Backup Member
2    -           -                  -         -       Provisioned
3    -           -                  -         -       Provisioned
4    -           84e3.2787.09c0     128       Ready   Active Master

Operational Status                 Not all stack ports are up
Stack MAC address                  0000.cd37.0d6f (Virtual MAC)
=== 1790729700.153 13:55:00 >>> show mrp ring
Media Redundancy Protocol - Ring Information
MRP Ring 1
 Domain ID:                           ffffffff-ffff-ffff-ffff-ffffffffffff
 Domain Name:                         
 Ring Status:                         Enabled
 Running State:                       Running
 Role:                                Manager
 Network Status:                      Closed
 Port1:                               port1.0.13
  Status:                             Forwarding
 Port2:                               port4.0.26
  Status:                             Blocking
 Vlan ID:
 React on Link Change:                No
 Profile:                             200ms
  Topology Change Interval:           10ms
  Topology Change Count:              3
  Short Test Frame Interval:          10ms
  Default Test Frame Interval:        20ms
  Test Monitoring Interval Count:     3
  Test Monitoring Ext Interval Count: 3
  Non-blocking MRC Supported:         No
  Blocked port state supported:       Yes
=== 1790729702.001 13:55:02 >>> show stack
Virtual Chassis Stacking summary information

ID   Pending ID  MAC address        Priority  Status  Role
1    -           84e3.2787.0ac0     128       Ready   Backup Member
2    -           -                  -         -       Provisioned
3    -           -                  -         -       Provisioned
4    -           84e3.2787.09c0     128       Ready   Active Master

Operational Status                 Not all stack ports are up
Stack MAC address                  0000.cd37.0d6f (Virtual MAC)
=== 1790729703.153 13:55:03 >>> show mrp ring
Media Redundancy Protocol - Ring Information
MRP Ring 1
 Domain ID:                           ffffffff-ffff-ffff-ffff-ffffffffffff
 Domain Name:                         
 Ring Status:                         Enabled
 Running State:                       Running
 Role:                                Manager
 Network Status:                      Closed
 Port1:                               port1.0.13
  Status:                             Forwarding
 Port2:                               port4.0.26
  Status:                             Blocking
 Vlan ID:
 React on Link Change:                No
 Profile:                             200ms
  Topology Change Interval:           10ms
  Topology Change Count:              3
  Short Test Frame Interval:          10ms
  Default Test Frame Interval:        20ms
  Test Monitoring Interval Count:     3
  Test Monitoring Ext Interval Count: 3
  Non-blocking MRC Supported:         No
  Blocked port state supported:       Yes
=== 1790729705.002 13:55:05 >>> show stack
Virtual Chassis Stacking summary information

ID   Pending ID  MAC address        Priority  Status  Role
1    -           84e3.2787.0ac0     128       Ready   Backup Member
2    -           -                  -         -       Provisioned
3    -           -                  -         -       Provisioned
4    -           84e3.2787.09c0     128       Ready   Active Master

Operational Status                 Not all stack ports are up
Stack MAC address                  0000.cd37.0d6f (Virtual MAC)
=== 1790729706.153 13:55:06 >>> show mrp ring
Media Redundancy Protocol - Ring Information
MRP Ring 1
 Domain ID:                           ffffffff-ffff-ffff-ffff-ffffffffffff
 Domain Name:                         
 Ring Status:                         Enabled
 Running State:                       Running
 Role:                                Manager
 Network Status:                      Closed
 Port1:                               port1.0.13
  Status:                             Forwarding
 Port2:                               port4.0.26
  Status:                             Blocking
 Vlan ID:
 React on Link Change:                No
 Profile:                             200ms
  Topology Change Interval:           10ms
  Topology Change Count:              3
  Short Test Frame Interval:          10ms
  Default Test Frame Interval:        20ms
  Test Monitoring Interval Count:     3
  Test Monitoring Ext Interval Count: 3
  Non-blocking MRC Supported:         No
  Blocked port state supported:       Yes
=== 1790729708.002 13:55:08 >>> show stack
Virtual Chassis Stacking summary information

ID   Pending ID  MAC address        Priority  Status  Role
1    -           84e3.2787.0ac0     128       Ready   Backup Member
2    -           -                  -         -       Provisioned
3    -           -                  -         -       Provisioned
4    -           84e3.2787.09c0     128       Ready   Active Master

Operational Status                 Not all stack ports are up
Stack MAC address                  0000.cd37.0d6f (Virtual MAC)
=== 1790729709.154 13:55:09 >>> show mrp ring
Media Redundancy Protocol - Ring Information
MRP Ring 1
 Domain ID:                           ffffffff-ffff-ffff-ffff-ffffffffffff
 Domain Name:                         
 Ring Status:                         Enabled
 Running State:                       Running
 Role:                                Manager
 Network Status:                      Closed
 Port1:                               port1.0.13
  Status:                             Forwarding
 Port2:                               port4.0.26
  Status:                             Blocking
 Vlan ID:
 React on Link Change:                No
 Profile:                             200ms
  Topology Change Interval:           10ms
  Topology Change Count:              3
  Short Test Frame Interval:          10ms
  Default Test Frame Interval:        20ms
  Test Monitoring Interval Count:     3
  Test Monitoring Ext Interval Count: 3
  Non-blocking MRC Supported:         No
  Blocked port state supported:       Yes
=== 1790729711.002 13:55:11 >>> show stack
Virtual Chassis Stacking summary information

ID   Pending ID  MAC address        Priority  Status  Role
1    -           84e3.2787.0ac0     128       Ready   Backup Member
2    -           -                  -         -       Provisioned
3    -           -                  -         -       Provisioned
4    -           84e3.2787.09c0     128       Ready   Active Master

Operational Status                 Not all stack ports are up
Stack MAC address                  0000.cd37.0d6f (Virtual MAC)
=== 1790729712.154 13:55:12 >>> show mrp ring
Media Redundancy Protocol - Ring Information
MRP Ring 1
 Domain ID:                           ffffffff-ffff-ffff-ffff-ffffffffffff
 Domain Name:                         
 Ring Status:                         Enabled
 Running State:                       Running
 Role:                                Manager
 Network Status:                      Closed
 Port1:                               port1.0.13
  Status:                             Forwarding
 Port2:                               port4.0.26
  Status:                             Blocking
 Vlan ID:
 React on Link Change:                No
 Profile:                             200ms
  Topology Change Interval:           10ms
  Topology Change Count:              3
  Short Test Frame Interval:          10ms
  Default Test Frame Interval:        20ms
  Test Monitoring Interval Count:     3
  Test Monitoring Ext Interval Count: 3
  Non-blocking MRC Supported:         No
  Blocked port state supported:       Yes
=== 1790729714.002 13:55:14 >>> show stack
Virtual Chassis Stacking summary information

ID   Pending ID  MAC address        Priority  Status  Role
1    -           84e3.2787.0ac0     128       Ready   Backup Member
2    -           -                  -         -       Provisioned
3    -           -                  -         -       Provisioned
4    -           84e3.2787.09c0     128       Ready   Active Master

Operational Status                 Not all stack ports are up
Stack MAC address                  0000.cd37.0d6f (Virtual MAC)
=== 1790729715.154 13:55:15 >>> show mrp ring
Media Redundancy Protocol - Ring Information
MRP Ring 1
 Domain ID:                           ffffffff-ffff-ffff-ffff-ffffffffffff
 Domain Name:                         
 Ring Status:                         Enabled
 Running State:                       Running
 Role:                                Manager
 Network Status:                      Closed
 Port1:                               port1.0.13
  Status:                             Forwarding
 Port2:                               port4.0.26
  Status:                             Blocking
 Vlan ID:
 React on Link Change:                No
 Profile:                             200ms
  Topology Change Interval:           10ms
  Topology Change Count:              3
  Short Test Frame Interval:          10ms
  Default Test Frame Interval:        20ms
  Test Monitoring Interval Count:     3
  Test Monitoring Ext Interval Count: 3
  Non-blocking MRC Supported:         No
  Blocked port state supported:       Yes
=== 1790729717.002 13:55:17 >>> show stack
Virtual Chassis Stacking summary information

ID   Pending ID  MAC address        Priority  Status  Role
1    -           84e3.2787.0ac0     128       Ready   Backup Member
2    -           -                  -         -       Provisioned
3    -           -                  -         -       Provisioned
4    -           84e3.2787.09c0     128       Ready   Active Master

Operational Status                 Not all stack ports are up
Stack MAC address                  0000.cd37.0d6f (Virtual MAC)
=== 1790729718.154 13:55:18 >>> show mrp ring
Media Redundancy Protocol - Ring Information
MRP Ring 1
 Domain ID:                           ffffffff-ffff-ffff-ffff-ffffffffffff
 Domain Name:                         
 Ring Status:                         Enabled
 Running State:                       Running
 Role:                                Manager
 Network Status:                      Closed
 Port1:                               port1.0.13
  Status:                             Forwarding
 Port2:                               port4.0.26
  Status:                             Blocking
 Vlan ID:
 React on Link Change:                No
 Profile:                             200ms
  Topology Change Interval:           10ms
  Topology Change Count:              3
  Short Test Frame Interval:          10ms
  Default Test Frame Interval:        20ms
  Test Monitoring Interval Count:     3
  Test Monitoring Ext Interval Count: 3
  Non-blocking MRC Supported:         No
  Blocked port state supported:       Yes
=== 1790729720.002 13:55:20 >>> show stack
Virtual Chassis Stacking summary information

ID   Pending ID  MAC address        Priority  Status  Role
1    -           84e3.2787.0ac0     128       Ready   Backup Member
2    -           -                  -         -       Provisioned
3    -           -                  -         -       Provisioned
4    -           84e3.2787.09c0     128       Ready   Active Master

Operational Status                 Not all stack ports are up
Stack MAC address                  0000.cd37.0d6f (Virtual MAC)
=== 1790729721.154 13:55:21 >>> show mrp ring
Media Redundancy Protocol - Ring Information
MRP Ring 1
 Domain ID:                           ffffffff-ffff-ffff-ffff-ffffffffffff
 Domain Name:                         
 Ring Status:                         Enabled
 Running State:                       Running
 Role:                                Manager
 Network Status:                      Closed
 Port1:                               port1.0.13
  Status:                             Forwarding
 Port2:                               port4.0.26
  Status:                             Blocking
 Vlan ID:
 React on Link Change:                No
 Profile:                             200ms
  Topology Change Interval:           10ms
  Topology Change Count:              3
  Short Test Frame Interval:          10ms
  Default Test Frame Interval:        20ms
  Test Monitoring Interval Count:     3
  Test Monitoring Ext Interval Count: 3
  Non-blocking MRC Supported:         No
  Blocked port state supported:       Yes
=== 1790729723.002 13:55:23 >>> show stack
Virtual Chassis Stacking summary information

ID   Pending ID  MAC address        Priority  Status  Role
1    -           84e3.2787.0ac0     128       Ready   Backup Member
2    -           -                  -         -       Provisioned
3    -           -                  -         -       Provisioned
4    -           84e3.2787.09c0     128       Ready   Active Master

Operational Status                 Not all stack ports are up
Stack MAC address                  0000.cd37.0d6f (Virtual MAC)
=== 1790729724.154 13:55:24 >>> show mrp ring
Media Redundancy Protocol - Ring Information
MRP Ring 1
 Domain ID:                           ffffffff-ffff-ffff-ffff-ffffffffffff
 Domain Name:                         
 Ring Status:                         Enabled
 Running State:                       Running
 Role:                                Manager
 Network Status:                      Closed
 Port1:                               port1.0.13
  Status:                             Forwarding
 Port2:                               port4.0.26
  Status:                             Blocking
 Vlan ID:
 React on Link Change:                No
 Profile:                             200ms
  Topology Change Interval:           10ms
  Topology Change Count:              3
  Short Test Frame Interval:          10ms
  Default Test Frame Interval:        20ms
  Test Monitoring Interval Count:     3
  Test Monitoring Ext Interval Count: 3
  Non-blocking MRC Supported:         No
  Blocked port state supported:       Yes
=== 1790729726.002 13:55:26 >>> show stack
Virtual Chassis Stacking summary information

ID   Pending ID  MAC address        Priority  Status  Role
1    -           84e3.2787.0ac0     128       Ready   Backup Member
2    -           -                  -         -       Provisioned
3    -           -                  -         -       Provisioned
4    -           84e3.2787.09c0     128       Ready   Active Master

Operational Status                 Not all stack ports are up
Stack MAC address                  0000.cd37.0d6f (Virtual MAC)
=== 1790729727.154 13:55:27 >>> show mrp ring
Media Redundancy Protocol - Ring Information
MRP Ring 1
 Domain ID:                           ffffffff-ffff-ffff-ffff-ffffffffffff
 Domain Name:                         
 Ring Status:                         Enabled
 Running State:                       Running
 Role:                                Manager
 Network Status:                      Closed
 Port1:                               port1.0.13
  Status:                             Forwarding
 Port2:                               port4.0.26
  Status:                             Blocking
 Vlan ID:
 React on Link Change:                No
 Profile:                             200ms
  Topology Change Interval:           10ms
  Topology Change Count:              3
  Short Test Frame Interval:          10ms
  Default Test Frame Interval:        20ms
  Test Monitoring Interval Count:     3
  Test Monitoring Ext Interval Count: 3
  Non-blocking MRC Supported:         No
  Blocked port state supported:       Yes
=== 1790729729.002 13:55:29 >>> show stack
Virtual Chassis Stacking summary information

ID   Pending ID  MAC address        Priority  Status  Role
1    -           84e3.2787.0ac0     128       Ready   Backup Member
2    -           -                  -         -       Provisioned
3    -           -                  -         -       Provisioned
4    -           84e3.2787.09c0     128       Ready   Active Master

Operational Status                 Not all stack ports are up
Stack MAC address                  0000.cd37.0d6f (Virtual MAC)
=== 1790729730.154 13:55:30 >>> show mrp ring
Media Redundancy Protocol - Ring Information
MRP Ring 1
 Domain ID:                           ffffffff-ffff-ffff-ffff-ffffffffffff
 Domain Name:                         
 Ring Status:                         Enabled
 Running State:                       Running
 Role:                                Manager
 Network Status:                      Closed
 Port1:                               port1.0.13
  Status:                             Forwarding
 Port2:                               port4.0.26
  Status:                             Blocking
 Vlan ID:
 React on Link Change:                No
 Profile:                             200ms
  Topology Change Interval:           10ms
  Topology Change Count:              3
  Short Test Frame Interval:          10ms
  Default Test Frame Interval:        20ms
  Test Monitoring Interval Count:     3
  Test Monitoring Ext Interval Count: 3
  Non-blocking MRC Supported:         No
  Blocked port state supported:       Yes
=== 1790729732.002 13:55:32 >>> show stack
Virtual Chassis Stacking summary information

ID   Pending ID  MAC address        Priority  Status  Role
1    -           84e3.2787.0ac0     128       Ready   Backup Member
2    -           -                  -         -       Provisioned
3    -           -                  -         -       Provisioned
4    -           84e3.2787.09c0     128       Ready   Active Master

Operational Status                 Not all stack ports are up
Stack MAC address                  0000.cd37.0d6f (Virtual MAC)
=== 1790729733.154 13:55:33 >>> show mrp ring
Media Redundancy Protocol - Ring Information
MRP Ring 1
 Domain ID:                           ffffffff-ffff-ffff-ffff-ffffffffffff
 Domain Name:                         
 Ring Status:                         Enabled
 Running State:                       Running
 Role:                                Manager
 Network Status:                      Closed
 Port1:                               port1.0.13
  Status:                             Forwarding
 Port2:                               port4.0.26
  Status:                             Blocking
 Vlan ID:
 React on Link Change:                No
 Profile:                             200ms
  Topology Change Interval:           10ms
  Topology Change Count:              3
  Short Test Frame Interval:          10ms
  Default Test Frame Interval:        20ms
  Test Monitoring Interval Count:     3
  Test Monitoring Ext Interval Count: 3
  Non-blocking MRC Supported:         No
  Blocked port state supported:       Yes
=== 1790729735.002 13:55:35 >>> show stack
Virtual Chassis Stacking summary information

ID   Pending ID  MAC address        Priority  Status  Role
1    -           84e3.2787.0ac0     128       Ready   Backup Member
2    -           -                  -         -       Provisioned
3    -           -                  -         -       Provisioned
4    -           84e3.2787.09c0     128       Ready   Active Master

Operational Status                 Not all stack ports are up
Stack MAC address                  0000.cd37.0d6f (Virtual MAC)
=== 1790729736.154 13:55:36 >>> show mrp ring
Media Redundancy Protocol - Ring Information
MRP Ring 1
 Domain ID:                           ffffffff-ffff-ffff-ffff-ffffffffffff
 Domain Name:                         
 Ring Status:                         Enabled
 Running State:                       Running
 Role:                                Manager
 Network Status:                      Closed
 Port1:                               port1.0.13
  Status:                             Forwarding
 Port2:                               port4.0.26
  Status:                             Blocking
 Vlan ID:
 React on Link Change:                No
 Profile:                             200ms
  Topology Change Interval:           10ms
  Topology Change Count:              3
  Short Test Frame Interval:          10ms
  Default Test Frame Interval:        20ms
  Test Monitoring Interval Count:     3
  Test Monitoring Ext Interval Count: 3
  Non-blocking MRC Supported:         No
  Blocked port state supported:       Yes
=== 1790729738.003 13:55:38 >>> show stack
Virtual Chassis Stacking summary information

ID   Pending ID  MAC address        Priority  Status  Role
1    -           84e3.2787.0ac0     128       Ready   Backup Member
2    -           -                  -         -       Provisioned
3    -           -                  -         -       Provisioned
4    -           84e3.2787.09c0     128       Ready   Active Master

Operational Status                 Not all stack ports are up
Stack MAC address                  0000.cd37.0d6f (Virtual MAC)
=== 1790729739.154 13:55:39 >>> show mrp ring
Media Redundancy Protocol - Ring Information
MRP Ring 1
 Domain ID:                           ffffffff-ffff-ffff-ffff-ffffffffffff
 Domain Name:                         
 Ring Status:                         Enabled
 Running State:                       Running
 Role:                                Manager
 Network Status:                      Closed
 Port1:                               port1.0.13
  Status:                             Forwarding
 Port2:                               port4.0.26
  Status:                             Blocking
 Vlan ID:
 React on Link Change:                No
 Profile:                             200ms
  Topology Change Interval:           10ms
  Topology Change Count:              3
  Short Test Frame Interval:          10ms
  Default Test Frame Interval:        20ms
  Test Monitoring Interval Count:     3
  Test Monitoring Ext Interval Count: 3
  Non-blocking MRC Supported:         No
  Blocked port state supported:       Yes
=== 1790729741.003 13:55:41 >>> show stack
Virtual Chassis Stacking summary information

ID   Pending ID  MAC address        Priority  Status  Role
1    -           84e3.2787.0ac0     128       Ready   Backup Member
2    -           -                  -         -       Provisioned
3    -           -                  -         -       Provisioned
4    -           84e3.2787.09c0     128       Ready   Active Master

Operational Status                 Not all stack ports are up
Stack MAC address                  0000.cd37.0d6f (Virtual MAC)
=== 1790729742.155 13:55:42 >>> show mrp ring
Media Redundancy Protocol - Ring Information
MRP Ring 1
 Domain ID:                           ffffffff-ffff-ffff-ffff-ffffffffffff
 Domain Name:                         
 Ring Status:                         Enabled
 Running State:                       Running
 Role:                                Manager
 Network Status:                      Closed
 Port1:                               port1.0.13
  Status:                             Forwarding
 Port2:                               port4.0.26
  Status:                             Blocking
 Vlan ID:
 React on Link Change:                No
 Profile:                             200ms
  Topology Change Interval:           10ms
  Topology Change Count:              3
  Short Test Frame Interval:          10ms
  Default Test Frame Interval:        20ms
  Test Monitoring Interval Count:     3
  Test Monitoring Ext Interval Count: 3
  Non-blocking MRC Supported:         No
  Blocked port state supported:       Yes
=== 1790729744.003 13:55:44 >>> show stack
Virtual Chassis Stacking summary information

ID   Pending ID  MAC address        Priority  Status  Role
1    -           84e3.2787.0ac0     128       Ready   Backup Member
2    -           -                  -         -       Provisioned
3    -           -                  -         -       Provisioned
4    -           84e3.2787.09c0     128       Ready   Active Master

Operational Status                 Not all stack ports are up
Stack MAC address                  0000.cd37.0d6f (Virtual MAC)
=== 1790729745.154 13:55:45 >>> show mrp ring
Media Redundancy Protocol - Ring Information
MRP Ring 1
 Domain ID:                           ffffffff-ffff-ffff-ffff-ffffffffffff
 Domain Name:                         
 Ring Status:                         Enabled
 Running State:                       Running
 Role:                                Manager
 Network Status:                      Closed
 Port1:                               port1.0.13
  Status:                             Forwarding
 Port2:                               port4.0.26
  Status:                             Blocking
 Vlan ID:
 React on Link Change:                No
 Profile:                             200ms
  Topology Change Interval:           10ms
  Topology Change Count:              3
  Short Test Frame Interval:          10ms
  Default Test Frame Interval:        20ms
  Test Monitoring Interval Count:     3
  Test Monitoring Ext Interval Count: 3
  Non-blocking MRC Supported:         No
  Blocked port state supported:       Yes
=== 1790729747.003 13:55:47 >>> show stack
Virtual Chassis Stacking summary information

ID   Pending ID  MAC address        Priority  Status  Role
1    -           84e3.2787.0ac0     128       Ready   Backup Member
2    -           -                  -         -       Provisioned
3    -           -                  -         -       Provisioned
4    -           84e3.2787.09c0     128       Ready   Active Master

Operational Status                 Not all stack ports are up
Stack MAC address                  0000.cd37.0d6f (Virtual MAC)
=== 1790729748.155 13:55:48 >>> show mrp ring
Media Redundancy Protocol - Ring Information
MRP Ring 1
 Domain ID:                           ffffffff-ffff-ffff-ffff-ffffffffffff
 Domain Name:                         
 Ring Status:                         Enabled
 Running State:                       Running
 Role:                                Manager
 Network Status:                      Closed
 Port1:                               port1.0.13
  Status:                             Forwarding
 Port2:                               port4.0.26
  Status:                             Blocking
 Vlan ID:
 React on Link Change:                No
 Profile:                             200ms
  Topology Change Interval:           10ms
  Topology Change Count:              3
  Short Test Frame Interval:          10ms
  Default Test Frame Interval:        20ms
  Test Monitoring Interval Count:     3
  Test Monitoring Ext Interval Count: 3
  Non-blocking MRC Supported:         No
  Blocked port state supported:       Yes
=== 1790729750.003 13:55:50 >>> show stack
Virtual Chassis Stacking summary information

ID   Pending ID  MAC address        Priority  Status  Role
1    -           84e3.2787.0ac0     128       Ready   Backup Member
2    -           -                  -         -       Provisioned
3    -           -                  -         -       Provisioned
4    -           84e3.2787.09c0     128       Ready   Active Master

Operational Status                 Not all stack ports are up
Stack MAC address                  0000.cd37.0d6f (Virtual MAC)
=== 1790729751.155 13:55:51 >>> show mrp ring
Media Redundancy Protocol - Ring Information
MRP Ring 1
 Domain ID:                           ffffffff-ffff-ffff-ffff-ffffffffffff
 Domain Name:                         
 Ring Status:                         Enabled
 Running State:                       Running
 Role:                                Manager
 Network Status:                      Closed
 Port1:                               port1.0.13
  Status:                             Forwarding
 Port2:                               port4.0.26
  Status:                             Blocking
 Vlan ID:
 React on Link Change:                No
 Profile:                             200ms
  Topology Change Interval:           10ms
  Topology Change Count:              3
  Short Test Frame Interval:          10ms
  Default Test Frame Interval:        20ms
  Test Monitoring Interval Count:     3
  Test Monitoring Ext Interval Count: 3
  Non-blocking MRC Supported:         No
  Blocked port state supported:       Yes
=== 1790729753.003 13:55:53 >>> show stack
Virtual Chassis Stacking summary information

ID   Pending ID  MAC address        Priority  Status  Role
1    -           84e3.2787.0ac0     128       Ready   Backup Member
2    -           -                  -         -       Provisioned
3    -           -                  -         -       Provisioned
4    -           84e3.2787.09c0     128       Ready   Active Master

Operational Status                 Not all stack ports are up
Stack MAC address                  0000.cd37.0d6f (Virtual MAC)
=== 1790729754.155 13:55:54 >>> show mrp ring
Media Redundancy Protocol - Ring Information
MRP Ring 1
 Domain ID:                           ffffffff-ffff-ffff-ffff-ffffffffffff
 Domain Name:                         
 Ring Status:                         Enabled
 Running State:                       Running
 Role:                                Manager
 Network Status:                      Closed
 Port1:                               port1.0.13
  Status:                             Forwarding
 Port2:                               port4.0.26
  Status:                             Blocking
 Vlan ID:
 React on Link Change:                No
 Profile:                             200ms
  Topology Change Interval:           10ms
  Topology Change Count:              3
  Short Test Frame Interval:          10ms
  Default Test Frame Interval:        20ms
  Test Monitoring Interval Count:     3
  Test Monitoring Ext Interval Count: 3
  Non-blocking MRC Supported:         No
  Blocked port state supported:       Yes
=== 1790729756.003 13:55:56 >>> show stack
Virtual Chassis Stacking summary information

ID   Pending ID  MAC address        Priority  Status  Role
1    -           84e3.2787.0ac0     128       Ready   Backup Member
2    -           -                  -         -       Provisioned
3    -           -                  -         -       Provisioned
4    -           84e3.2787.09c0     128       Ready   Active Master

Operational Status                 Not all stack ports are up
Stack MAC address                  0000.cd37.0d6f (Virtual MAC)
=== 1790729757.155 13:55:57 >>> show mrp ring
Media Redundancy Protocol - Ring Information
MRP Ring 1
 Domain ID:                           ffffffff-ffff-ffff-ffff-ffffffffffff
 Domain Name:                         
 Ring Status:                         Enabled
 Running State:                       Running
 Role:                                Manager
 Network Status:                      Closed
 Port1:                               port1.0.13
  Status:                             Forwarding
 Port2:                               port4.0.26
  Status:                             Blocking
 Vlan ID:
 React on Link Change:                No
 Profile:                             200ms
  Topology Change Interval:           10ms
  Topology Change Count:              3
  Short Test Frame Interval:          10ms
  Default Test Frame Interval:        20ms
  Test Monitoring Interval Count:     3
  Test Monitoring Ext Interval Count: 3
  Non-blocking MRC Supported:         No
  Blocked port state supported:       Yes
=== 1790729759.003 13:55:59 >>> show stack
Virtual Chassis Stacking summary information

ID   Pending ID  MAC address        Priority  Status  Role
1    -           84e3.2787.0ac0     128       Ready   Backup Member
2    -           -                  -         -       Provisioned
3    -           -                  -         -       Provisioned
4    -           84e3.2787.09c0     128       Ready   Active Master

Operational Status                 Not all stack ports are up
Stack MAC address                  0000.cd37.0d6f (Virtual MAC)
=== 1790729760.155 13:56:00 >>> show mrp ring
Media Redundancy Protocol - Ring Information
MRP Ring 1
 Domain ID:                           ffffffff-ffff-ffff-ffff-ffffffffffff
 Domain Name:                         
 Ring Status:                         Enabled
 Running State:                       Running
 Role:                                Manager
 Network Status:                      Closed
 Port1:                               port1.0.13
  Status:                             Forwarding
 Port2:                               port4.0.26
  Status:                             Blocking
 Vlan ID:
 React on Link Change:                No
 Profile:                             200ms
  Topology Change Interval:           10ms
  Topology Change Count:              3
  Short Test Frame Interval:          10ms
  Default Test Frame Interval:        20ms
  Test Monitoring Interval Count:     3
  Test Monitoring Ext Interval Count: 3
  Non-blocking MRC Supported:         No
  Blocked port state supported:       Yes
=== 1790729762.003 13:56:02 >>> show stack
Virtual Chassis Stacking summary information

ID   Pending ID  MAC address        Priority  Status  Role
1    -           84e3.2787.0ac0     128       Ready   Backup Member
2    -           -                  -         -       Provisioned
3    -           -                  -         -       Provisioned
4    -           84e3.2787.09c0     128       Ready   Active Master

Operational Status                 Not all stack ports are up
Stack MAC address                  0000.cd37.0d6f (Virtual MAC)
=== 1790729763.155 13:56:03 >>> show mrp ring
Media Redundancy Protocol - Ring Information
MRP Ring 1
 Domain ID:                           ffffffff-ffff-ffff-ffff-ffffffffffff
 Domain Name:                         
 Ring Status:                         Enabled
 Running State:                       Running
 Role:                                Manager
 Network Status:                      Closed
 Port1:                               port1.0.13
  Status:                             Forwarding
 Port2:                               port4.0.26
  Status:                             Blocking
 Vlan ID:
 React on Link Change:                No
 Profile:                             200ms
  Topology Change Interval:           10ms
  Topology Change Count:              3
  Short Test Frame Interval:          10ms
  Default Test Frame Interval:        20ms
  Test Monitoring Interval Count:     3
  Test Monitoring Ext Interval Count: 3
  Non-blocking MRC Supported:         No
  Blocked port state supported:       Yes
=== 1790729765.003 13:56:05 >>> show stack
Virtual Chassis Stacking summary information

ID   Pending ID  MAC address        Priority  Status  Role
1    -           84e3.2787.0ac0     128       Ready   Backup Member
2    -           -                  -         -       Provisioned
3    -           -                  -         -       Provisioned
4    -           84e3.2787.09c0     128       Ready   Active Master

Operational Status                 Not all stack ports are up
Stack MAC address                  0000.cd37.0d6f (Virtual MAC)
=== 1790729766.155 13:56:06 >>> show mrp ring
Media Redundancy Protocol - Ring Information
MRP Ring 1
 Domain ID:                           ffffffff-ffff-ffff-ffff-ffffffffffff
 Domain Name:                         
 Ring Status:                         Enabled
 Running State:                       Running
 Role:                                Manager
 Network Status:                      Closed
 Port1:                               port1.0.13
  Status:                             Forwarding
 Port2:                               port4.0.26
  Status:                             Blocking
 Vlan ID:
 React on Link Change:                No
 Profile:                             200ms
  Topology Change Interval:           10ms
  Topology Change Count:              3
  Short Test Frame Interval:          10ms
  Default Test Frame Interval:        20ms
  Test Monitoring Interval Count:     3
  Test Monitoring Ext Interval Count: 3
  Non-blocking MRC Supported:         No
  Blocked port state supported:       Yes
=== 1790729768.003 13:56:08 >>> show stack
Virtual Chassis Stacking summary information

ID   Pending ID  MAC address        Priority  Status  Role
1    -           84e3.2787.0ac0     128       Ready   Backup Member
2    -           -                  -         -       Provisioned
3    -           -                  -         -       Provisioned
4    -           84e3.2787.09c0     128       Ready   Active Master

Operational Status                 Not all stack ports are up
Stack MAC address                  0000.cd37.0d6f (Virtual MAC)
=== 1790729769.155 13:56:09 >>> show mrp ring
Media Redundancy Protocol - Ring Information
MRP Ring 1
 Domain ID:                           ffffffff-ffff-ffff-ffff-ffffffffffff
 Domain Name:                         
 Ring Status:                         Enabled
 Running State:                       Running
 Role:                                Manager
 Network Status:                      Closed
 Port1:                               port1.0.13
  Status:                             Forwarding
 Port2:                               port4.0.26
  Status:                             Blocking
 Vlan ID:
 React on Link Change:                No
 Profile:                             200ms
  Topology Change Interval:           10ms
  Topology Change Count:              3
  Short Test Frame Interval:          10ms
  Default Test Frame Interval:        20ms
  Test Monitoring Interval Count:     3
  Test Monitoring Ext Interval Count: 3
  Non-blocking MRC Supported:         No
  Blocked port state supported:       Yes
=== 1790729771.003 13:56:11 >>> show stack
Virtual Chassis Stacking summary information

ID   Pending ID  MAC address        Priority  Status  Role
1    -           84e3.2787.0ac0     128       Ready   Backup Member
2    -           -                  -         -       Provisioned
3    -           -                  -         -       Provisioned
4    -           84e3.2787.09c0     128       Ready   Active Master

Operational Status                 Not all stack ports are up
Stack MAC address                  0000.cd37.0d6f (Virtual MAC)
=== 1790729772.155 13:56:12 >>> show mrp ring
Media Redundancy Protocol - Ring Information
MRP Ring 1
 Domain ID:                           ffffffff-ffff-ffff-ffff-ffffffffffff
 Domain Name:                         
 Ring Status:                         Enabled
 Running State:                       Running
 Role:                                Manager
 Network Status:                      Closed
 Port1:                               port1.0.13
  Status:                             Forwarding
 Port2:                               port4.0.26
  Status:                             Blocking
 Vlan ID:
 React on Link Change:                No
 Profile:                             200ms
  Topology Change Interval:           10ms
  Topology Change Count:              3
  Short Test Frame Interval:          10ms
  Default Test Frame Interval:        20ms
  Test Monitoring Interval Count:     3
  Test Monitoring Ext Interval Count: 3
  Non-blocking MRC Supported:         No
  Blocked port state supported:       Yes
=== 1790729774.004 13:56:14 >>> show stack
Virtual Chassis Stacking summary information

ID   Pending ID  MAC address        Priority  Status  Role
1    -           84e3.2787.0ac0     128       Ready   Backup Member
2    -           -                  -         -       Provisioned
3    -           -                  -         -       Provisioned
4    -           84e3.2787.09c0     128       Ready   Active Master

Operational Status                 Not all stack ports are up
Stack MAC address                  0000.cd37.0d6f (Virtual MAC)
=== 1790729775.155 13:56:15 >>> show mrp ring
Media Redundancy Protocol - Ring Information
MRP Ring 1
 Domain ID:                           ffffffff-ffff-ffff-ffff-ffffffffffff
 Domain Name:                         
 Ring Status:                         Enabled
 Running State:                       Running
 Role:                                Manager
 Network Status:                      Closed
 Port1:                               port1.0.13
  Status:                             Forwarding
 Port2:                               port4.0.26
  Status:                             Blocking
 Vlan ID:
 React on Link Change:                No
 Profile:                             200ms
  Topology Change Interval:           10ms
  Topology Change Count:              3
  Short Test Frame Interval:          10ms
  Default Test Frame Interval:        20ms
  Test Monitoring Interval Count:     3
  Test Monitoring Ext Interval Count: 3
  Non-blocking MRC Supported:         No
  Blocked port state supported:       Yes
=== 1790729777.004 13:56:17 >>> show stack
Virtual Chassis Stacking summary information

ID   Pending ID  MAC address        Priority  Status  Role
1    -           84e3.2787.0ac0     128       Ready   Backup Member
2    -           -                  -         -       Provisioned
3    -           -                  -         -       Provisioned
4    -           84e3.2787.09c0     128       Ready   Active Master

Operational Status                 Not all stack ports are up
Stack MAC address                  0000.cd37.0d6f (Virtual MAC)
=== 1790729778.156 13:56:18 >>> show mrp ring
Media Redundancy Protocol - Ring Information
MRP Ring 1
 Domain ID:                           ffffffff-ffff-ffff-ffff-ffffffffffff
 Domain Name:                         
 Ring Status:                         Enabled
 Running State:                       Running
 Role:                                Manager
 Network Status:                      Closed
 Port1:                               port1.0.13
  Status:                             Forwarding
 Port2:                               port4.0.26
  Status:                             Blocking
 Vlan ID:
 React on Link Change:                No
 Profile:                             200ms
  Topology Change Interval:           10ms
  Topology Change Count:              3
  Short Test Frame Interval:          10ms
  Default Test Frame Interval:        20ms
  Test Monitoring Interval Count:     3
  Test Monitoring Ext Interval Count: 3
  Non-blocking MRC Supported:         No
  Blocked port state supported:       Yes
=== 1790729780.004 13:56:20 >>> show stack
Virtual Chassis Stacking summary information

ID   Pending ID  MAC address        Priority  Status  Role
1    -           84e3.2787.0ac0     128       Ready   Backup Member
2    -           -                  -         -       Provisioned
3    -           -                  -         -       Provisioned
4    -           84e3.2787.09c0     128       Ready   Active Master

Operational Status                 Not all stack ports are up
Stack MAC address                  0000.cd37.0d6f (Virtual MAC)
=== 1790729781.156 13:56:21 >>> show mrp ring
Media Redundancy Protocol - Ring Information
MRP Ring 1
 Domain ID:                           ffffffff-ffff-ffff-ffff-ffffffffffff
 Domain Name:                         
 Ring Status:                         Enabled
 Running State:                       Running
 Role:                                Manager
 Network Status:                      Closed
 Port1:                               port1.0.13
  Status:                             Forwarding
 Port2:                               port4.0.26
  Status:                             Blocking
 Vlan ID:
 React on Link Change:                No
 Profile:                             200ms
  Topology Change Interval:           10ms
  Topology Change Count:              3
  Short Test Frame Interval:          10ms
  Default Test Frame Interval:        20ms
  Test Monitoring Interval Count:     3
  Test Monitoring Ext Interval Count: 3
  Non-blocking MRC Supported:         No
  Blocked port state supported:       Yes
=== 1790729783.004 13:56:23 >>> show stack
Virtual Chassis Stacking summary information

ID   Pending ID  MAC address        Priority  Status  Role
1    -           84e3.2787.0ac0     128       Ready   Backup Member
2    -           -                  -         -       Provisioned
3    -           -                  -         -       Provisioned
4    -           84e3.2787.09c0     128       Ready   Active Master

Operational Status                 Not all stack ports are up
Stack MAC address                  0000.cd37.0d6f (Virtual MAC)
=== 1790729784.156 13:56:24 >>> show mrp ring
Media Redundancy Protocol - Ring Information
MRP Ring 1
 Domain ID:                           ffffffff-ffff-ffff-ffff-ffffffffffff
 Domain Name:                         
 Ring Status:                         Enabled
 Running State:                       Running
 Role:                                Manager
 Network Status:                      Closed
 Port1:                               port1.0.13
  Status:                             Forwarding
 Port2:                               port4.0.26
  Status:                             Blocking
 Vlan ID:
 React on Link Change:                No
 Profile:                             200ms
  Topology Change Interval:           10ms
  Topology Change Count:              3
  Short Test Frame Interval:          10ms
  Default Test Frame Interval:        20ms
  Test Monitoring Interval Count:     3
  Test Monitoring Ext Interval Count: 3
  Non-blocking MRC Supported:         No
  Blocked port state supported:       Yes
=== 1790729786.004 13:56:26 >>> show stack
Virtual Chassis Stacking summary information

ID   Pending ID  MAC address        Priority  Status  Role
1    -           84e3.2787.0ac0     128       Ready   Backup Member
2    -           -                  -         -       Provisioned
3    -           -                  -         -       Provisioned
4    -           84e3.2787.09c0     128       Ready   Active Master

Operational Status                 Not all stack ports are up
Stack MAC address                  0000.cd37.0d6f (Virtual MAC)
=== 1790729787.156 13:56:27 >>> show mrp ring
Media Redundancy Protocol - Ring Information
MRP Ring 1
 Domain ID:                           ffffffff-ffff-ffff-ffff-ffffffffffff
 Domain Name:                         
 Ring Status:                         Enabled
 Running State:                       Running
 Role:                                Manager
 Network Status:                      Closed
 Port1:                               port1.0.13
  Status:                             Forwarding
 Port2:                               port4.0.26
  Status:                             Blocking
 Vlan ID:
 React on Link Change:                No
 Profile:                             200ms
  Topology Change Interval:           10ms
  Topology Change Count:              3
  Short Test Frame Interval:          10ms
  Default Test Frame Interval:        20ms
  Test Monitoring Interval Count:     3
  Test Monitoring Ext Interval Count: 3
  Non-blocking MRC Supported:         No
  Blocked port state supported:       Yes
=== 1790729789.004 13:56:29 >>> show stack
Virtual Chassis Stacking summary information

ID   Pending ID  MAC address        Priority  Status  Role
1    -           84e3.2787.0ac0     128       Ready   Backup Member
2    -           -                  -         -       Provisioned
3    -           -                  -         -       Provisioned
4    -           84e3.2787.09c0     128       Ready   Active Master

Operational Status                 Not all stack ports are up
Stack MAC address                  0000.cd37.0d6f (Virtual MAC)
=== 1790729790.156 13:56:30 >>> show mrp ring
Media Redundancy Protocol - Ring Information
MRP Ring 1
 Domain ID:                           ffffffff-ffff-ffff-ffff-ffffffffffff
 Domain Name:                         
 Ring Status:                         Enabled
 Running State:                       Running
 Role:                                Manager
 Network Status:                      Closed
 Port1:                               port1.0.13
  Status:                             Forwarding
 Port2:                               port4.0.26
  Status:                             Blocking
 Vlan ID:
 React on Link Change:                No
 Profile:                             200ms
  Topology Change Interval:           10ms
  Topology Change Count:              3
  Short Test Frame Interval:          10ms
  Default Test Frame Interval:        20ms
  Test Monitoring Interval Count:     3
  Test Monitoring Ext Interval Count: 3
  Non-blocking MRC Supported:         No
  Blocked port state supported:       Yes
=== 1790729792.004 13:56:32 >>> show stack
Virtual Chassis Stacking summary information

ID   Pending ID  MAC address        Priority  Status  Role
1    -           84e3.2787.0ac0     128       Ready   Backup Member
2    -           -                  -         -       Provisioned
3    -           -                  -         -       Provisioned
4    -           84e3.2787.09c0     128       Ready   Active Master

Operational Status                 Not all stack ports are up
Stack MAC address                  0000.cd37.0d6f (Virtual MAC)
=== 1790729794.057 13:56:34 >>> show mrp ring
Media Redundancy Protocol - Ring Information
MRP Ring 1
 Domain ID:                           ffffffff-ffff-ffff-ffff-ffffffffffff
 Domain Name:                         
 Ring Status:                         Enabled
 Running State:                       Running
 Role:                                Manager
 Network Status:                      Closed
 Port1:                               port1.0.13
  Status:                             Forwarding
 Port2:                               port4.0.26
  Status:                             Blocking
 Vlan ID:
 React on Link Change:                No
 Profile:                             200ms
  Topology Change Interval:           10ms
  Topology Change Count:              3
  Short Test Frame Interval:          10ms
  Default Test Frame Interval:        20ms
  Test Monitoring Interval Count:     3
  Test Monitoring Ext Interval Count: 3
  Non-blocking MRC Supported:         No
  Blocked port state supported:       Yes

IE520-stk#switch: port 83(port1.0.27) entered blocking state
switch: port 83(port1.0.27) entered forwarding state
switch: port 2(port4.0.28) entered blocking state
switch: port 2(port4.0.28) entered forwarding state
=== 1790729795.409 13:56:35 >>> show stack
00:57:16 IE520-stk VCS[660]: Member 3 (84e3.2787.0740) has joined the stack                                                                               

show stack

Virtual Chassis Stacking summary information

ID   Pending ID  MAC address        Priority  Status  Role
1    -           84e3.2787.0ac0     128       Ready   Backup Member
2    -           -                  -         -       Provisioned
3    -           84e3.2787.0740     -         Init    Discovering
4    -           84e3.2787.09c0     128       Ready   Active Master

Operational Status                 Not all stack ports are up
Stack MAC address                  0000.cd37.0d6f (Virtual MAC)
=== 1790729796.761 13:56:36 >>> show mrp ring
Media Redundancy Protocol - Ring Information
MRP Ring 1
 Domain ID:                           ffffffff-ffff-ffff-ffff-ffffffffffff
 Domain Name:                         
 Ring Status:                         Enabled
 Running State:                       Running
 Role:                                Manager
 Network Status:                      Closed
 Port1:                               port1.0.13
  Status:                             Forwarding
 Port2:                               port4.0.26
  Status:                             Blocking
 Vlan ID:
 React on Link Change:                No
 Profile:                             200ms
  Topology Change Interval:           10ms
  Topology Change Count:              3
  Short Test Frame Interval:          10ms
  Default Test Frame Interval:        20ms
  Test Monitoring Interval Count:     3
  Test Monitoring Ext Interval Count: 3
  Non-blocking MRC Supported:         No
  Blocked port state supported:       Yes
=== 1790729800.863 13:56:40 >>> show stack
Virtual Chassis Stacking summary information

ID   Pending ID  MAC address        Priority  Status  Role
1    -           84e3.2787.0ac0     128       Ready   Backup Member
2    -           -                  -         -       Provisioned
3    -           84e3.2787.0740     128       Init    Backup Member
4    -           84e3.2787.09c0     128       Ready   Active Master

Operational Status                 Normal operation
Stack MAC address                  0000.cd37.0d6f (Virtual MAC)
=== 1790729802.014 13:56:42 >>> show mrp ring
Media Redundancy Protocol - Ring Information
MRP Ring 1
 Domain ID:                           ffffffff-ffff-ffff-ffff-ffffffffffff
 Domain Name:                         
 Ring Status:                         Enabled
 Running State:                       Running
 Role:                                Manager
 Network Status:                      Closed
 Port1:                               port1.0.13
  Status:                             Forwarding
 Port2:                               port4.0.26
  Status:                             Blocking
 Vlan ID:
 React on Link Change:                No
 Profile:                             200ms
  Topology Change Interval:           10ms
  Topology Change Count:              3
  Short Test Frame Interval:          10ms
  Default Test Frame Interval:        20ms
  Test Monitoring Interval Count:     3
  Test Monitoring Ext Interval Count: 3
  Non-blocking MRC Supported:         No
  Blocked port state supported:       Yes
=== 1790729803.166 13:56:43 >>> show stack
Virtual Chassis Stacking summary information

ID   Pending ID  MAC address        Priority  Status  Role
1    -           84e3.2787.0ac0     128       Ready   Backup Member
2    -           -                  -         -       Provisioned
3    -           84e3.2787.0740     128       Init    Backup Member
4    -           84e3.2787.09c0     128       Ready   Active Master

Operational Status                 Normal operation
Stack MAC address                  0000.cd37.0d6f (Virtual MAC)
=== 1790729804.518 13:56:44 >>> show mrp ring
Media Redundancy Protocol - Ring Information
MRP Ring 1
 Domain ID:                           ffffffff-ffff-ffff-ffff-ffffffffffff
 Domain Name:                         
 Ring Status:                         Enabled
 Running State:                       Running
 Role:                                Manager
 Network Status:                      Closed
 Port1:                               port1.0.13
  Status:                             Forwarding
 Port2:                               port4.0.26
  Status:                             Blocking
 Vlan ID:
 React on Link Change:                No
 Profile:                             200ms
  Topology Change Interval:           10ms
  Topology Change Count:              3
  Short Test Frame Interval:          10ms
  Default Test Frame Interval:        20ms
  Test Monitoring Interval Count:     3
  Test Monitoring Ext Interval Count: 3
  Non-blocking MRC Supported:         No
  Blocked port state supported:       Yes
=== 1790729806.528 13:56:46 >>> show stack
switch: port 19(port3.0.1) entered blocking state
switch: port 19(port3.0.1) entered disabled state
port3.0.1: entered allmulticast mode
port3.0.1: entered promiscuous mode
switch: port 20(port3.0.2) entered blocking state
switch: port 20(port3.0.2) entered disabled state
port3.0.2: entered allmulticast mode
port3.0.2: entered promiscuous mode
switch: port 21(port3.0.3) entered blocking state
switch: port 21(port3.0.3) entered disabled state
port3.0.3: entered allmulticast mode
port3.0.3: entered promiscuous mode
switch: port 22(port3.0.4) entered blocking state
switch: port 22(port3.0.4) entered disabled state
port3.0.4: entered allmulticast mode
port3.0.4: entered promiscuous mode
switch: port 23(port3.0.5) entered blocking state
switch: port 23(port3.0.5) entered disabled state
port3.0.5: entered allmulticast mode
port3.0.5: entered promiscuous mode
switch: port 24(port3.0.6) entered blocking state
switch: port 24(port3.0.6) entered disabled state
port3.0.6: entered allmulticast mode
port3.0.6: entered promiscuous mode
switch: port 25(port3.0.7) entered blocking state
switch: port 25(port3.0.7) entered disabled state
port3.0.7: entered allmulticast mode
port3.0.7: entered promiscuous mode
switch: port 26(port3.0.8) entered blocking state
switch: port 26(port3.0.8) entered disabled state
port3.0.8: entered allmulticast mode
port3.0.8: entered promiscuous mode
switch: port 27(port3.0.9) entered blocking state
switch: port 27(port3.0.9) entered disabled state
port3.0.9: entered allmulticast mode
port3.0.9: entered promiscuous mode
switch: port 28(port3.0.10) entered blocking state
switch: port 28(port3.0.10) entered disabled state
port3.0.10: entered allmulticast mode
port3.0.10: entered promiscuous mode
switch: port 29(port3.0.11) entered blocking state
switch: port 29(port3.0.11) entered disabled state
port3.0.11: entered allmulticast mode
port3.0.11: entered promiscuous mode
switch: port 30(port3.0.12) entered blocking state
switch: port 30(port3.0.12) entered disabled state
port3.0.12: entered allmulticast mode
port3.0.12: entered promiscuous mode
switch: port 31(port3.0.13) entered blocking state
switch: port 31(port3.0.13) entered disabled state
port3.0.13: entered allmulticast mode
port3.0.13: entered promiscuous mode
switch: port 32(port3.0.14) entered blocking state
switch: port 32(port3.0.14) entered disabled state
port3.0.14: entered allmulticast mode
port3.0.14: entered promiscuous mode
switch: port 33(port3.0.15) entered blocking state
switch: port 33(port3.0.15) entered disabled state
port3.0.15: entered allmulticast mode
port3.0.15: entered promiscuous mode
switch: port 34(port3.0.16) entered blocking state
switch: port 34(port3.0.16) entered disabled state
show stack

port3.0.16: entered allmulticast mode
port3.0.16: entered promiscuous mode
switch: port 35(port3.0.17) entered blocking state
switch: port 35(port3.0.17) entered disabled state
port3.0.17: entered allmulticast mode
port3.0.17: entered promiscuous mode
switch: port 36(port3.0.18) entered blocking state
switch: port 36(port3.0.18) entered disabled state
port3.0.18: entered allmulticast mode
port3.0.18: entered promiscuous mode
switch: port 37(port3.0.19) entered blocking state
switch: port 37(port3.0.19) entered disabled state
port3.0.19: entered allmulticast mode
port3.0.19: entered promiscuous mode
switch: port 38(port3.0.20) entered blocking state
switch: port 38(port3.0.20) entered disabled state
port3.0.20: entered allmulticast mode
port3.0.20: entered promiscuous mode
switch: port 39(port3.0.21) entered blocking state
switch: port 39(port3.0.21) entered disabled state
port3.0.21: entered allmulticast mode
port3.0.21: entered promiscuous mode
switch: port 40(port3.0.22) entered blocking state
switch: port 40(port3.0.22) entered disabled state
port3.0.22: entered allmulticast mode
port3.0.22: entered promiscuous mode
switch: port 41(port3.0.23) entered blocking state
switch: port 41(port3.0.23) entered disabled state
port3.0.23: entered allmulticast mode
port3.0.23: entered promiscuous mode
switch: port 42(port3.0.24) entered blocking state
switch: port 42(port3.0.24) entered disabled state
port3.0.24: entered allmulticast mode
port3.0.24: entered promiscuous mode
switch: port 43(port3.0.25) entered blocking state
switch: port 43(port3.0.25) entered disabled state
port3.0.25: entered allmulticast mode
port3.0.25: entered promiscuous mode
switch: port 44(port3.0.26) entered blocking state
switch: port 44(port3.0.26) entered disabled state
port3.0.26: entered allmulticast mode
port3.0.26: entered promiscuous mode
switch: port 45(port3.0.27) entered blocking state
switch: port 45(port3.0.27) entered disabled state
port3.0.27: entered allmulticast mode
port3.0.27: entered promiscuous mode
switch: port 46(port3.0.28) entered blocking state
switch: port 46(port3.0.28) entered disabled state
port3.0.28: entered allmulticast mode
port3.0.28: entered promiscuous mode
00:57:28 IE520-stk IMI[575]: All users returned to config mode while switch syn

chronization is in progress.                                                                               

Virtual Chassis Stacking summary information

ID   Pending ID  MAC address        Priority  Status  Role
1    -           84e3.2787.0ac0     128       Ready   Backup Member
2    -           -                  -         -       Provisioned
3    -           84e3.2787.0740     128       Init    Backup Member
4    -           84e3.2787.09c0     128       Ready   Active Master

Operational Status                 Normal operation
Stack MAC address                  0000.cd37.0d6f (Virtual MAC)
=== 1790729807.680 13:56:47 >>> show mrp ring
Media Redundancy Protocol - Ring Information
MRP Ring 1
 Domain ID:                           ffffffff-ffff-ffff-ffff-ffffffffffff
 Domain Name:                         
 Ring Status:                         Enabled
 Running State:                       Running
 Role:                                Manager
 Network Status:                      Closed
 Port1:                               port1.0.13
  Status:                             Forwarding
 Port2:                               port4.0.26
  Status:                             Blocking
 Vlan ID:
 React on Link Change:                No
 Profile:                             200ms
  Topology Change Interval:           10ms
  Topology Change Count:              3
  Short Test Frame Interval:          10ms
  Default Test Frame Interval:        20ms
  Test Monitoring Interval Count:     3
  Test Monitoring Ext Interval Count: 3
  Non-blocking MRC Supported:         No
  Blocked port state supported:       Yes
=== 1790729809.867 13:56:49 >>> show stack
00:57:31 IE520-stk NSM[584]: Insertion event on unit 3.0 has been completed                                                                               

Virtual Chassis Stacking summary information

ID   Pending ID  MAC address        Priority  Status  Role
1    -           84e3.2787.0ac0     128       Ready   Backup Member
2    -           -                  -         -       Provisioned
3    -           84e3.2787.0740     128       Init    Backup Member
4    -           84e3.2787.09c0     128       Ready   Active Master

Operational Status                 Normal operation
Stack MAC address                  0000.cd37.0d6f (Virtual MAC)
=== 1790729811.019 13:56:51 >>> show mrp ring
Media Redundancy Protocol - Ring Information
MRP Ring 1
 Domain ID:                           ffffffff-ffff-ffff-ffff-ffffffffffff
 Domain Name:                         
 Ring Status:                         Enabled
 Running State:                       Running
 Role:                                Manager
 Network Status:                      Closed
 Port1:                               port1.0.13
  Status:                             Forwarding
 Port2:                               port4.0.26
  Status:                             Blocking
 Vlan ID:
 React on Link Change:                No
 Profile:                             200ms
  Topology Change Interval:           10ms
  Topology Change Count:              3
  Short Test Frame Interval:          10ms
  Default Test Frame Interval:        20ms
  Test Monitoring Interval Count:     3
  Test Monitoring Ext Interval Count: 3
  Non-blocking MRC Supported:         No
  Blocked port state supported:       Yes
=== 1790729812.571 13:56:52 >>> show stack
Virtual Chassis Stacking summary information

ID   Pending ID  MAC address        Priority  Status  Role
1    -           84e3.2787.0ac0     128       Ready   Backup Member
2    -           -                  -         -       Provisioned
3    -           84e3.2787.0740     128       Init    Backup Member
4    -           84e3.2787.09c0     128       Ready   Active Master

Operational Status                 Normal operation
Stack MAC address                  0000.cd37.0d6f (Virtual MAC)
=== 1790729813.723 13:56:53 >>> show mrp ring
Media Redundancy Protocol - Ring Information
MRP Ring 1
 Domain ID:                           ffffffff-ffff-ffff-ffff-ffffffffffff
 Domain Name:                         
 Ring Status:                         Enabled
 Running State:                       Running
 Role:                                Manager
 Network Status:                      Closed
 Port1:                               port1.0.13
  Status:                             Forwarding
 Port2:                               port4.0.26
  Status:                             Blocking
 Vlan ID:
 React on Link Change:                No
 Profile:                             200ms
  Topology Change Interval:           10ms
  Topology Change Count:              3
  Short Test Frame Interval:          10ms
  Default Test Frame Interval:        20ms
  Test Monitoring Interval Count:     3
  Test Monitoring Ext Interval Count: 3
  Non-blocking MRC Supported:         No
  Blocked port state supported:       Yes
=== 1790729815.171 13:56:55 >>> show stack
Virtual Chassis Stacking summary information

ID   Pending ID  MAC address        Priority  Status  Role
1    -           84e3.2787.0ac0     128       Ready   Backup Member
2    -           -                  -         -       Provisioned
3    -           84e3.2787.0740     128       Init    Backup Member
4    -           84e3.2787.09c0     128       Ready   Active Master

Operational Status                 Normal operation
Stack MAC address                  0000.cd37.0d6f (Virtual MAC)
=== 1790729816.323 13:56:56 >>> show mrp ring
Media Redundancy Protocol - Ring Information
MRP Ring 1
 Domain ID:                           ffffffff-ffff-ffff-ffff-ffffffffffff
 Domain Name:                         
 Ring Status:                         Enabled
 Running State:                       Running
 Role:                                Manager
 Network Status:                      Closed
 Port1:                               port1.0.13
  Status:                             Forwarding
 Port2:                               port4.0.26
  Status:                             Blocking
 Vlan ID:
 React on Link Change:                No
 Profile:                             200ms
  Topology Change Interval:           10ms
  Topology Change Count:              3
  Short Test Frame Interval:          10ms
  Default Test Frame Interval:        20ms
  Test Monitoring Interval Count:     3
  Test Monitoring Ext Interval Count: 3
  Non-blocking MRC Supported:         No
  Blocked port state supported:       Yes
=== 1790729818.171 13:56:58 >>> show stack
Virtual Chassis Stacking summary information

ID   Pending ID  MAC address        Priority  Status  Role
1    -           84e3.2787.0ac0     128       Ready   Backup Member
2    -           -                  -         -       Provisioned
3    -           84e3.2787.0740     128       Init    Backup Member
4    -           84e3.2787.09c0     128       Ready   Active Master

Operational Status                 Normal operation
Stack MAC address                  0000.cd37.0d6f (Virtual MAC)
=== 1790729819.323 13:56:59 >>> show mrp ring
Media Redundancy Protocol - Ring Information
MRP Ring 1
 Domain ID:                           ffffffff-ffff-ffff-ffff-ffffffffffff
 Domain Name:                         
 Ring Status:                         Enabled
 Running State:                       Running
 Role:                                Manager
 Network Status:                      Closed
 Port1:                               port1.0.13
  Status:                             Forwarding
 Port2:                               port4.0.26
  Status:                             Blocking
 Vlan ID:
 React on Link Change:                No
 Profile:                             200ms
  Topology Change Interval:           10ms
  Topology Change Count:              3
  Short Test Frame Interval:          10ms
  Default Test Frame Interval:        20ms
  Test Monitoring Interval Count:     3
  Test Monitoring Ext Interval Count: 3
  Non-blocking MRC Supported:         No
  Blocked port state supported:       Yes
=== 1790729821.171 13:57:01 >>> show stack
Virtual Chassis Stacking summary information

ID   Pending ID  MAC address        Priority  Status  Role
1    -           84e3.2787.0ac0     128       Ready   Backup Member
2    -           -                  -         -       Provisioned
3    -           84e3.2787.0740     128       Init    Backup Member
4    -           84e3.2787.09c0     128       Ready   Active Master

Operational Status                 Normal operation
Stack MAC address                  0000.cd37.0d6f (Virtual MAC)
=== 1790729822.323 13:57:02 >>> show mrp ring
Media Redundancy Protocol - Ring Information
MRP Ring 1
 Domain ID:                           ffffffff-ffff-ffff-ffff-ffffffffffff
 Domain Name:                         
 Ring Status:                         Enabled
 Running State:                       Running
 Role:                                Manager
 Network Status:                      Closed
 Port1:                               port1.0.13
  Status:                             Forwarding
 Port2:                               port4.0.26
  Status:                             Blocking
 Vlan ID:
 React on Link Change:                No
 Profile:                             200ms
  Topology Change Interval:           10ms
  Topology Change Count:              3
  Short Test Frame Interval:          10ms
  Default Test Frame Interval:        20ms
  Test Monitoring Interval Count:     3
  Test Monitoring Ext Interval Count: 3
  Non-blocking MRC Supported:         No
  Blocked port state supported:       Yes
=== 1790729824.171 13:57:04 >>> show stack
Virtual Chassis Stacking summary information

ID   Pending ID  MAC address        Priority  Status  Role
1    -           84e3.2787.0ac0     128       Ready   Backup Member
2    -           -                  -         -       Provisioned
3    -           84e3.2787.0740     128       Init    Backup Member
4    -           84e3.2787.09c0     128       Ready   Active Master

Operational Status                 Normal operation
Stack MAC address                  0000.cd37.0d6f (Virtual MAC)
=== 1790729825.323 13:57:05 >>> show mrp ring
Media Redundancy Protocol - Ring Information
MRP Ring 1
 Domain ID:                           ffffffff-ffff-ffff-ffff-ffffffffffff
 Domain Name:                         
 Ring Status:                         Enabled
 Running State:                       Running
 Role:                                Manager
 Network Status:                      Closed
 Port1:                               port1.0.13
  Status:                             Forwarding
 Port2:                               port4.0.26
  Status:                             Blocking
 Vlan ID:
 React on Link Change:                No
 Profile:                             200ms
  Topology Change Interval:           10ms
  Topology Change Count:              3
  Short Test Frame Interval:          10ms
  Default Test Frame Interval:        20ms
  Test Monitoring Interval Count:     3
  Test Monitoring Ext Interval Count: 3
  Non-blocking MRC Supported:         No
  Blocked port state supported:       Yes
=== 1790729827.171 13:57:07 >>> show stack
Virtual Chassis Stacking summary information

ID   Pending ID  MAC address        Priority  Status  Role
1    -           84e3.2787.0ac0     128       Ready   Backup Member
2    -           -                  -         -       Provisioned
3    -           84e3.2787.0740     128       Init    Backup Member
4    -           84e3.2787.09c0     128       Ready   Active Master

Operational Status                 Normal operation
Stack MAC address                  0000.cd37.0d6f (Virtual MAC)
=== 1790729828.323 13:57:08 >>> show mrp ring
Media Redundancy Protocol - Ring Information
MRP Ring 1
 Domain ID:                           ffffffff-ffff-ffff-ffff-ffffffffffff
 Domain Name:                         
 Ring Status:                         Enabled
 Running State:                       Running
 Role:                                Manager
 Network Status:                      Closed
 Port1:                               port1.0.13
  Status:                             Forwarding
 Port2:                               port4.0.26
  Status:                             Blocking
 Vlan ID:
 React on Link Change:                No
 Profile:                             200ms
  Topology Change Interval:           10ms
  Topology Change Count:              3
  Short Test Frame Interval:          10ms
  Default Test Frame Interval:        20ms
  Test Monitoring Interval Count:     3
  Test Monitoring Ext Interval Count: 3
  Non-blocking MRC Supported:         No
  Blocked port state supported:       Yes
=== 1790729830.171 13:57:10 >>> show stack
Virtual Chassis Stacking summary information

ID   Pending ID  MAC address        Priority  Status  Role
1    -           84e3.2787.0ac0     128       Ready   Backup Member
2    -           -                  -         -       Provisioned
3    -           84e3.2787.0740     128       Init    Backup Member
4    -           84e3.2787.09c0     128       Ready   Active Master

Operational Status                 Normal operation
Stack MAC address                  0000.cd37.0d6f (Virtual MAC)
=== 1790729831.323 13:57:11 >>> show mrp ring
Media Redundancy Protocol - Ring Information
MRP Ring 1
 Domain ID:                           ffffffff-ffff-ffff-ffff-ffffffffffff
 Domain Name:                         
 Ring Status:                         Enabled
 Running State:                       Running
 Role:                                Manager
 Network Status:                      Closed
 Port1:                               port1.0.13
  Status:                             Forwarding
 Port2:                               port4.0.26
  Status:                             Blocking
 Vlan ID:
 React on Link Change:                No
 Profile:                             200ms
  Topology Change Interval:           10ms
  Topology Change Count:              3
  Short Test Frame Interval:          10ms
  Default Test Frame Interval:        20ms
  Test Monitoring Interval Count:     3
  Test Monitoring Ext Interval Count: 3
  Non-blocking MRC Supported:         No
  Blocked port state supported:       Yes
=== 1790729833.172 13:57:13 >>> show stack
Virtual Chassis Stacking summary information

ID   Pending ID  MAC address        Priority  Status  Role
1    -           84e3.2787.0ac0     128       Ready   Backup Member
2    -           -                  -         -       Provisioned
3    -           84e3.2787.0740     128       Init    Backup Member
4    -           84e3.2787.09c0     128       Ready   Active Master

Operational Status                 Normal operation
Stack MAC address                  0000.cd37.0d6f (Virtual MAC)
=== 1790729834.324 13:57:14 >>> show mrp ring
Media Redundancy Protocol - Ring Information
MRP Ring 1
 Domain ID:                           ffffffff-ffff-ffff-ffff-ffffffffffff
 Domain Name:                         
 Ring Status:                         Enabled
 Running State:                       Running
 Role:                                Manager
 Network Status:                      Closed
 Port1:                               port1.0.13
  Status:                             Forwarding
 Port2:                               port4.0.26
  Status:                             Blocking
 Vlan ID:
 React on Link Change:                No
 Profile:                             200ms
  Topology Change Interval:           10ms
  Topology Change Count:              3
  Short Test Frame Interval:          10ms
  Default Test Frame Interval:        20ms
  Test Monitoring Interval Count:     3
  Test Monitoring Ext Interval Count: 3
  Non-blocking MRC Supported:         No
  Blocked port state supported:       Yes
=== 1790729836.172 13:57:16 >>> show stack
Virtual Chassis Stacking summary information

ID   Pending ID  MAC address        Priority  Status  Role
1    -           84e3.2787.0ac0     128       Ready   Backup Member
2    -           -                  -         -       Provisioned
3    -           84e3.2787.0740     128       Init    Backup Member
4    -           84e3.2787.09c0     128       Ready   Active Master

Operational Status                 Normal operation
Stack MAC address                  0000.cd37.0d6f (Virtual MAC)
=== 1790729837.324 13:57:17 >>> show mrp ring
Media Redundancy Protocol - Ring Information
MRP Ring 1
 Domain ID:                           ffffffff-ffff-ffff-ffff-ffffffffffff
 Domain Name:                         
 Ring Status:                         Enabled
 Running State:                       Running
 Role:                                Manager
 Network Status:                      Closed
 Port1:                               port1.0.13
  Status:                             Forwarding
 Port2:                               port4.0.26
  Status:                             Blocking
 Vlan ID:
 React on Link Change:                No
 Profile:                             200ms
  Topology Change Interval:           10ms
  Topology Change Count:              3
  Short Test Frame Interval:          10ms
  Default Test Frame Interval:        20ms
  Test Monitoring Interval Count:     3
  Test Monitoring Ext Interval Count: 3
  Non-blocking MRC Supported:         No
  Blocked port state supported:       Yes
=== 1790729839.172 13:57:19 >>> show stack
Virtual Chassis Stacking summary information

ID   Pending ID  MAC address        Priority  Status  Role
1    -           84e3.2787.0ac0     128       Ready   Backup Member
2    -           -                  -         -       Provisioned
3    -           84e3.2787.0740     128       Init    Backup Member
4    -           84e3.2787.09c0     128       Ready   Active Master

Operational Status                 Normal operation
Stack MAC address                  0000.cd37.0d6f (Virtual MAC)
=== 1790729840.324 13:57:20 >>> show mrp ring
Media Redundancy Protocol - Ring Information
MRP Ring 1
 Domain ID:                           ffffffff-ffff-ffff-ffff-ffffffffffff
 Domain Name:                         
 Ring Status:                         Enabled
 Running State:                       Running
 Role:                                Manager
 Network Status:                      Closed
 Port1:                               port1.0.13
  Status:                             Forwarding
 Port2:                               port4.0.26
  Status:                             Blocking
 Vlan ID:
 React on Link Change:                No
 Profile:                             200ms
  Topology Change Interval:           10ms
  Topology Change Count:              3
  Short Test Frame Interval:          10ms
  Default Test Frame Interval:        20ms
  Test Monitoring Interval Count:     3
  Test Monitoring Ext Interval Count: 3
  Non-blocking MRC Supported:         No
  Blocked port state supported:       Yes
=== 1790729842.172 13:57:22 >>> show stack
Virtual Chassis Stacking summary information

ID   Pending ID  MAC address        Priority  Status  Role
1    -           84e3.2787.0ac0     128       Ready   Backup Member
2    -           -                  -         -       Provisioned
3    -           84e3.2787.0740     128       Init    Backup Member
4    -           84e3.2787.09c0     128       Ready   Active Master

Operational Status                 Normal operation
Stack MAC address                  0000.cd37.0d6f (Virtual MAC)
=== 1790729843.324 13:57:23 >>> show mrp ring
Media Redundancy Protocol - Ring Information
MRP Ring 1
 Domain ID:                           ffffffff-ffff-ffff-ffff-ffffffffffff
 Domain Name:                         
 Ring Status:                         Enabled
 Running State:                       Running
 Role:                                Manager
 Network Status:                      Closed
 Port1:                               port1.0.13
  Status:                             Forwarding
 Port2:                               port4.0.26
  Status:                             Blocking
 Vlan ID:
 React on Link Change:                No
 Profile:                             200ms
  Topology Change Interval:           10ms
  Topology Change Count:              3
  Short Test Frame Interval:          10ms
  Default Test Frame Interval:        20ms
  Test Monitoring Interval Count:     3
  Test Monitoring Ext Interval Count: 3
  Non-blocking MRC Supported:         No
  Blocked port state supported:       Yes
=== 1790729845.172 13:57:25 >>> show stack
Virtual Chassis Stacking summary information

ID   Pending ID  MAC address        Priority  Status  Role
1    -           84e3.2787.0ac0     128       Ready   Backup Member
2    -           -                  -         -       Provisioned
3    -           84e3.2787.0740     128       Init    Backup Member
4    -           84e3.2787.09c0     128       Ready   Active Master

Operational Status                 Normal operation
Stack MAC address                  0000.cd37.0d6f (Virtual MAC)
=== 1790729846.324 13:57:26 >>> show mrp ring
Media Redundancy Protocol - Ring Information
MRP Ring 1
 Domain ID:                           ffffffff-ffff-ffff-ffff-ffffffffffff
 Domain Name:                         
 Ring Status:                         Enabled
 Running State:                       Running
 Role:                                Manager
 Network Status:                      Closed
 Port1:                               port1.0.13
  Status:                             Forwarding
 Port2:                               port4.0.26
  Status:                             Blocking
 Vlan ID:
 React on Link Change:                No
 Profile:                             200ms
  Topology Change Interval:           10ms
  Topology Change Count:              3
  Short Test Frame Interval:          10ms
  Default Test Frame Interval:        20ms
  Test Monitoring Interval Count:     3
  Test Monitoring Ext Interval Count: 3
  Non-blocking MRC Supported:         No
  Blocked port state supported:       Yes
=== 1790729848.172 13:57:28 >>> show stack
Virtual Chassis Stacking summary information

ID   Pending ID  MAC address        Priority  Status  Role
1    -           84e3.2787.0ac0     128       Ready   Backup Member
2    -           -                  -         -       Provisioned
3    -           84e3.2787.0740     128       Init    Backup Member
4    -           84e3.2787.09c0     128       Ready   Active Master

Operational Status                 Normal operation
Stack MAC address                  0000.cd37.0d6f (Virtual MAC)
=== 1790729849.324 13:57:29 >>> show mrp ring
Media Redundancy Protocol - Ring Information
MRP Ring 1
 Domain ID:                           ffffffff-ffff-ffff-ffff-ffffffffffff
 Domain Name:                         
 Ring Status:                         Enabled
 Running State:                       Running
 Role:                                Manager
 Network Status:                      Closed
 Port1:                               port1.0.13
  Status:                             Forwarding
 Port2:                               port4.0.26
  Status:                             Blocking
 Vlan ID:
 React on Link Change:                No
 Profile:                             200ms
  Topology Change Interval:           10ms
  Topology Change Count:              3
  Short Test Frame Interval:          10ms
  Default Test Frame Interval:        20ms
  Test Monitoring Interval Count:     3
  Test Monitoring Ext Interval Count: 3
  Non-blocking MRC Supported:         No
  Blocked port state supported:       Yes
=== 1790729851.172 13:57:31 >>> show stack
00:58:12 IE520-stk IMI[575]: Configuration update completed for port3.0.1-port3

.0.28                                                                               

show stack

Virtual Chassis Stacking summary information

ID   Pending ID  MAC address        Priority  Status  Role
1    -           84e3.2787.0ac0     128       Ready   Backup Member
2    -           -                  -         -       Provisioned
3    -           84e3.2787.0740     128       Syncing Backup Member
4    -           84e3.2787.09c0     128       Ready   Active Master

Operational Status                 Normal operation
Stack MAC address                  0000.cd37.0d6f (Virtual MAC)
=== 1790729852.324 13:57:32 >>> show mrp ring
Media Redundancy Protocol - Ring Information
MRP Ring 1
 Domain ID:                           ffffffff-ffff-ffff-ffff-ffffffffffff
 Domain Name:                         
 Ring Status:                         Enabled
 Running State:                       Running
 Role:                                Manager
 Network Status:                      Closed
 Port1:                               port1.0.13
  Status:                             Forwarding
 Port2:                               port4.0.26
  Status:                             Blocking
 Vlan ID:
 React on Link Change:                No
 Profile:                             200ms
  Topology Change Interval:           10ms
  Topology Change Count:              3
  Short Test Frame Interval:          10ms
  Default Test Frame Interval:        20ms
  Test Monitoring Interval Count:     3
  Test Monitoring Ext Interval Count: 3
  Non-blocking MRC Supported:         No
  Blocked port state supported:       Yes
=== 1790729854.373 13:57:34 >>> show stack
Virtual Chassis Stacking summary information

ID   Pending ID  MAC address        Priority  Status  Role
1    -           84e3.2787.0ac0     128       Ready   Backup Member
2    -           -                  -         -       Provisioned
3    -           84e3.2787.0740     128       Syncing Backup Member
4    -           84e3.2787.09c0     128       Ready   Active Master

Operational Status                 Normal operation
Stack MAC address                  0000.cd37.0d6f (Virtual MAC)
IE520-stk#switch: port 20(port3.0.2) entered blocking state
switch: port 20(port3.0.2) entered forwarding state
=== 1790729855.524 13:57:35 >>> show mrp ring
Media Redundancy Protocol - Ring Information
MRP Ring 1
 Domain ID:                           ffffffff-ffff-ffff-ffff-ffffffffffff
 Domain Name:                         
 Ring Status:                         Enabled
 Running State:                       Running
 Role:                                Manager
 Network Status:                      Closed
 Port1:                               port1.0.13
  Status:                             Forwarding
 Port2:                               port4.0.26
  Status:                             Blocking
 Vlan ID:
 React on Link Change:                No
 Profile:                             200ms
  Topology Change Interval:           10ms
  Topology Change Count:              3
  Short Test Frame Interval:          10ms
  Default Test Frame Interval:        20ms
  Test Monitoring Interval Count:     3
  Test Monitoring Ext Interval Count: 3
  Non-blocking MRC Supported:         No
  Blocked port state supported:       Yes
=== 1790729857.172 13:57:37 >>> show stack
Virtual Chassis Stacking summary information

ID   Pending ID  MAC address        Priority  Status  Role
1    -           84e3.2787.0ac0     128       Ready   Backup Member
2    -           -                  -         -       Provisioned
3    -           84e3.2787.0740     128       Syncing Backup Member
4    -           84e3.2787.09c0     128       Ready   Active Master

Operational Status                 Normal operation
Stack MAC address                  0000.cd37.0d6f (Virtual MAC)
=== 1790729858.324 13:57:38 >>> show mrp ring
Media Redundancy Protocol - Ring Information
MRP Ring 1
 Domain ID:                           ffffffff-ffff-ffff-ffff-ffffffffffff
 Domain Name:                         
 Ring Status:                         Enabled
 Running State:                       Running
 Role:                                Manager
 Network Status:                      Closed
 Port1:                               port1.0.13
  Status:                             Forwarding
 Port2:                               port4.0.26
  Status:                             Blocking
 Vlan ID:
 React on Link Change:                No
 Profile:                             200ms
  Topology Change Interval:           10ms
  Topology Change Count:              3
  Short Test Frame Interval:          10ms
  Default Test Frame Interval:        20ms
  Test Monitoring Interval Count:     3
  Test Monitoring Ext Interval Count: 3
  Non-blocking MRC Supported:         No
  Blocked port state supported:       Yes
=== 1790729860.172 13:57:40 >>> show stack
Virtual Chassis Stacking summary information

ID   Pending ID  MAC address        Priority  Status  Role
1    -           84e3.2787.0ac0     128       Ready   Backup Member
2    -           -                  -         -       Provisioned
3    -           84e3.2787.0740     128       Syncing Backup Member
4    -           84e3.2787.09c0     128       Ready   Active Master

Operational Status                 Normal operation
Stack MAC address                  0000.cd37.0d6f (Virtual MAC)
=== 1790729861.324 13:57:41 >>> show mrp ring
Media Redundancy Protocol - Ring Information
MRP Ring 1
 Domain ID:                           ffffffff-ffff-ffff-ffff-ffffffffffff
 Domain Name:                         
 Ring Status:                         Enabled
 Running State:                       Running
 Role:                                Manager
 Network Status:                      Closed
 Port1:                               port1.0.13
  Status:                             Forwarding
 Port2:                               port4.0.26
  Status:                             Blocking
 Vlan ID:
 React on Link Change:                No
 Profile:                             200ms
  Topology Change Interval:           10ms
  Topology Change Count:              3
  Short Test Frame Interval:          10ms
  Default Test Frame Interval:        20ms
  Test Monitoring Interval Count:     3
  Test Monitoring Ext Interval Count: 3
  Non-blocking MRC Supported:         No
  Blocked port state supported:       Yes
=== 1790729863.172 13:57:43 >>> show stack
Virtual Chassis Stacking summary information

ID   Pending ID  MAC address        Priority  Status  Role
1    -           84e3.2787.0ac0     128       Ready   Backup Member
2    -           -                  -         -       Provisioned
3    -           84e3.2787.0740     128       Syncing Backup Member
4    -           84e3.2787.09c0     128       Ready   Active Master

Operational Status                 Normal operation
Stack MAC address                  0000.cd37.0d6f (Virtual MAC)
=== 1790729864.525 13:57:44 >>> show mrp ring
Media Redundancy Protocol - Ring Information
MRP Ring 1
 Domain ID:                           ffffffff-ffff-ffff-ffff-ffffffffffff
 Domain Name:                         
 Ring Status:                         Enabled
 Running State:                       Running
 Role:                                Manager
 Network Status:                      Closed
 Port1:                               port1.0.13
  Status:                             Forwarding
 Port2:                               port4.0.26
  Status:                             Blocking
 Vlan ID:
 React on Link Change:                No
 Profile:                             200ms
  Topology Change Interval:           10ms
  Topology Change Count:              3
  Short Test Frame Interval:          10ms
  Default Test Frame Interval:        20ms
  Test Monitoring Interval Count:     3
  Test Monitoring Ext Interval Count: 3
  Non-blocking MRC Supported:         No
  Blocked port state supported:       Yes

IE520-stk#switch: port 31(port3.0.13) entered blocking state
switch: port 31(port3.0.13) entered forwarding state
=== 1790729866.173 13:57:46 >>> show stack
Virtual Chassis Stacking summary information

ID   Pending ID  MAC address        Priority  Status  Role
1    -           84e3.2787.0ac0     128       Ready   Backup Member
2    -           -                  -         -       Provisioned
3    -           84e3.2787.0740     128       Syncing Backup Member
4    -           84e3.2787.09c0     128       Ready   Active Master

Operational Status                 Normal operation
Stack MAC address                  0000.cd37.0d6f (Virtual MAC)
=== 1790729867.324 13:57:47 >>> show mrp ring
Media Redundancy Protocol - Ring Information
MRP Ring 1
 Domain ID:                           ffffffff-ffff-ffff-ffff-ffffffffffff
 Domain Name:                         
 Ring Status:                         Enabled
 Running State:                       Running
 Role:                                Manager
 Network Status:                      Closed
 Port1:                               port1.0.13
  Status:                             Forwarding
 Port2:                               port4.0.26
  Status:                             Blocking
 Vlan ID:
 React on Link Change:                No
 Profile:                             200ms
  Topology Change Interval:           10ms
  Topology Change Count:              3
  Short Test Frame Interval:          10ms
  Default Test Frame Interval:        20ms
  Test Monitoring Interval Count:     3
  Test Monitoring Ext Interval Count: 3
  Non-blocking MRC Supported:         No
  Blocked port state supported:       Yes
=== 1790729869.173 13:57:49 >>> show stack
Virtual Chassis Stacking summary information

ID   Pending ID  MAC address        Priority  Status  Role
1    -           84e3.2787.0ac0     128       Ready   Backup Member
2    -           -                  -         -       Provisioned
3    -           84e3.2787.0740     128       Syncing Backup Member
4    -           84e3.2787.09c0     128       Ready   Active Master

Operational Status                 Normal operation
Stack MAC address                  0000.cd37.0d6f (Virtual MAC)
=== 1790729870.325 13:57:50 >>> show mrp ring
Media Redundancy Protocol - Ring Information
MRP Ring 1
 Domain ID:                           ffffffff-ffff-ffff-ffff-ffffffffffff
 Domain Name:                         
 Ring Status:                         Enabled
 Running State:                       Running
 Role:                                Manager
 Network Status:                      Closed
 Port1:                               port1.0.13
  Status:                             Forwarding
 Port2:                               port4.0.26
  Status:                             Blocking
 Vlan ID:
 React on Link Change:                No
 Profile:                             200ms
  Topology Change Interval:           10ms
  Topology Change Count:              3
  Short Test Frame Interval:          10ms
  Default Test Frame Interval:        20ms
  Test Monitoring Interval Count:     3
  Test Monitoring Ext Interval Count: 3
  Non-blocking MRC Supported:         No
  Blocked port state supported:       Yes
=== 1790729872.173 13:57:52 >>> show stack
Virtual Chassis Stacking summary information

ID   Pending ID  MAC address        Priority  Status  Role
1    -           84e3.2787.0ac0     128       Ready   Backup Member
2    -           -                  -         -       Provisioned
3    -           84e3.2787.0740     128       Syncing Backup Member
4    -           84e3.2787.09c0     128       Ready   Active Master

Operational Status                 Normal operation
Stack MAC address                  0000.cd37.0d6f (Virtual MAC)
=== 1790729873.325 13:57:53 >>> show mrp ring
Media Redundancy Protocol - Ring Information
MRP Ring 1
 Domain ID:                           ffffffff-ffff-ffff-ffff-ffffffffffff
 Domain Name:                         
 Ring Status:                         Enabled
 Running State:                       Running
 Role:                                Manager
 Network Status:                      Closed
 Port1:                               port1.0.13
  Status:                             Forwarding
 Port2:                               port4.0.26
  Status:                             Blocking
 Vlan ID:
 React on Link Change:                No
 Profile:                             200ms
  Topology Change Interval:           10ms
  Topology Change Count:              3
  Short Test Frame Interval:          10ms
  Default Test Frame Interval:        20ms
  Test Monitoring Interval Count:     3
  Test Monitoring Ext Interval Count: 3
  Non-blocking MRC Supported:         No
  Blocked port state supported:       Yes
=== 1790729875.173 13:57:55 >>> show stack
Virtual Chassis Stacking summary information

ID   Pending ID  MAC address        Priority  Status  Role
1    -           84e3.2787.0ac0     128       Ready   Backup Member
2    -           -                  -         -       Provisioned
3    -           84e3.2787.0740     128       Syncing Backup Member
4    -           84e3.2787.09c0     128       Ready   Active Master

Operational Status                 Normal operation
Stack MAC address                  0000.cd37.0d6f (Virtual MAC)
=== 1790729876.324 13:57:56 >>> show mrp ring
Media Redundancy Protocol - Ring Information
MRP Ring 1
 Domain ID:                           ffffffff-ffff-ffff-ffff-ffffffffffff
 Domain Name:                         
 Ring Status:                         Enabled
 Running State:                       Running
 Role:                                Manager
 Network Status:                      Closed
 Port1:                               port1.0.13
  Status:                             Forwarding
 Port2:                               port4.0.26
  Status:                             Blocking
 Vlan ID:
 React on Link Change:                No
 Profile:                             200ms
  Topology Change Interval:           10ms
  Topology Change Count:              3
  Short Test Frame Interval:          10ms
  Default Test Frame Interval:        20ms
  Test Monitoring Interval Count:     3
  Test Monitoring Ext Interval Count: 3
  Non-blocking MRC Supported:         No
  Blocked port state supported:       Yes
=== 1790729878.173 13:57:58 >>> show stack
Virtual Chassis Stacking summary information

ID   Pending ID  MAC address        Priority  Status  Role
1    -           84e3.2787.0ac0     128       Ready   Backup Member
2    -           -                  -         -       Provisioned
3    -           84e3.2787.0740     128       Syncing Backup Member
4    -           84e3.2787.09c0     128       Ready   Active Master

Operational Status                 Normal operation
Stack MAC address                  0000.cd37.0d6f (Virtual MAC)
=== 1790729879.325 13:57:59 >>> show mrp ring
Media Redundancy Protocol - Ring Information
MRP Ring 1
 Domain ID:                           ffffffff-ffff-ffff-ffff-ffffffffffff
 Domain Name:                         
 Ring Status:                         Enabled
 Running State:                       Running
 Role:                                Manager
 Network Status:                      Closed
 Port1:                               port1.0.13
  Status:                             Forwarding
 Port2:                               port4.0.26
  Status:                             Blocking
 Vlan ID:
 React on Link Change:                No
 Profile:                             200ms
  Topology Change Interval:           10ms
  Topology Change Count:              3
  Short Test Frame Interval:          10ms
  Default Test Frame Interval:        20ms
  Test Monitoring Interval Count:     3
  Test Monitoring Ext Interval Count: 3
  Non-blocking MRC Supported:         No
  Blocked port state supported:       Yes
=== 1790729881.173 13:58:01 >>> show stack
Virtual Chassis Stacking summary information

ID   Pending ID  MAC address        Priority  Status  Role
1    -           84e3.2787.0ac0     128       Ready   Backup Member
2    -           -                  -         -       Provisioned
3    -           84e3.2787.0740     128       Syncing Backup Member
4    -           84e3.2787.09c0     128       Ready   Active Master

Operational Status                 Normal operation
Stack MAC address                  0000.cd37.0d6f (Virtual MAC)
=== 1790729882.325 13:58:02 >>> show mrp ring
Media Redundancy Protocol - Ring Information
MRP Ring 1
 Domain ID:                           ffffffff-ffff-ffff-ffff-ffffffffffff
 Domain Name:                         
 Ring Status:                         Enabled
 Running State:                       Running
 Role:                                Manager
 Network Status:                      Closed
 Port1:                               port1.0.13
  Status:                             Forwarding
 Port2:                               port4.0.26
  Status:                             Blocking
 Vlan ID:
 React on Link Change:                No
 Profile:                             200ms
  Topology Change Interval:           10ms
  Topology Change Count:              3
  Short Test Frame Interval:          10ms
  Default Test Frame Interval:        20ms
  Test Monitoring Interval Count:     3
  Test Monitoring Ext Interval Count: 3
  Non-blocking MRC Supported:         No
  Blocked port state supported:       Yes
=== 1790729884.173 13:58:04 >>> show stack
Virtual Chassis Stacking summary information

ID   Pending ID  MAC address        Priority  Status  Role
1    -           84e3.2787.0ac0     128       Ready   Backup Member
2    -           -                  -         -       Provisioned
3    -           84e3.2787.0740     128       Syncing Backup Member
4    -           84e3.2787.09c0     128       Ready   Active Master

Operational Status                 Normal operation
Stack MAC address                  0000.cd37.0d6f (Virtual MAC)
=== 1790729885.325 13:58:05 >>> show mrp ring
Media Redundancy Protocol - Ring Information
MRP Ring 1
 Domain ID:                           ffffffff-ffff-ffff-ffff-ffffffffffff
 Domain Name:                         
 Ring Status:                         Enabled
 Running State:                       Running
 Role:                                Manager
 Network Status:                      Closed
 Port1:                               port1.0.13
  Status:                             Forwarding
 Port2:                               port4.0.26
  Status:                             Blocking
 Vlan ID:
 React on Link Change:                No
 Profile:                             200ms
  Topology Change Interval:           10ms
  Topology Change Count:              3
  Short Test Frame Interval:          10ms
  Default Test Frame Interval:        20ms
  Test Monitoring Interval Count:     3
  Test Monitoring Ext Interval Count: 3
  Non-blocking MRC Supported:         No
  Blocked port state supported:       Yes
=== 1790729887.173 13:58:07 >>> show stack
Virtual Chassis Stacking summary information

ID   Pending ID  MAC address        Priority  Status  Role
1    -           84e3.2787.0ac0     128       Ready   Backup Member
2    -           -                  -         -       Provisioned
3    -           84e3.2787.0740     128       Syncing Backup Member
4    -           84e3.2787.09c0     128       Ready   Active Master

Operational Status                 Normal operation
Stack MAC address                  0000.cd37.0d6f (Virtual MAC)
=== 1790729888.325 13:58:08 >>> show mrp ring
Media Redundancy Protocol - Ring Information
MRP Ring 1
 Domain ID:                           ffffffff-ffff-ffff-ffff-ffffffffffff
 Domain Name:                         
 Ring Status:                         Enabled
 Running State:                       Running
 Role:                                Manager
 Network Status:                      Closed
 Port1:                               port1.0.13
  Status:                             Forwarding
 Port2:                               port4.0.26
  Status:                             Blocking
 Vlan ID:
 React on Link Change:                No
 Profile:                             200ms
  Topology Change Interval:           10ms
  Topology Change Count:              3
  Short Test Frame Interval:          10ms
  Default Test Frame Interval:        20ms
  Test Monitoring Interval Count:     3
  Test Monitoring Ext Interval Count: 3
  Non-blocking MRC Supported:         No
  Blocked port state supported:       Yes
=== 1790729890.173 13:58:10 >>> show stack
Virtual Chassis Stacking summary information

ID   Pending ID  MAC address        Priority  Status  Role
1    -           84e3.2787.0ac0     128       Ready   Backup Member
2    -           -                  -         -       Provisioned
3    -           84e3.2787.0740     128       Syncing Backup Member
4    -           84e3.2787.09c0     128       Ready   Active Master

Operational Status                 Normal operation
Stack MAC address                  0000.cd37.0d6f (Virtual MAC)
=== 1790729891.325 13:58:11 >>> show mrp ring
Media Redundancy Protocol - Ring Information
MRP Ring 1
 Domain ID:                           ffffffff-ffff-ffff-ffff-ffffffffffff
 Domain Name:                         
 Ring Status:                         Enabled
 Running State:                       Running
 Role:                                Manager
 Network Status:                      Closed
 Port1:                               port1.0.13
  Status:                             Forwarding
 Port2:                               port4.0.26
  Status:                             Blocking
 Vlan ID:
 React on Link Change:                No
 Profile:                             200ms
  Topology Change Interval:           10ms
  Topology Change Count:              3
  Short Test Frame Interval:          10ms
  Default Test Frame Interval:        20ms
  Test Monitoring Interval Count:     3
  Test Monitoring Ext Interval Count: 3
  Non-blocking MRC Supported:         No
  Blocked port state supported:       Yes
=== 1790729893.173 13:58:13 >>> show stack
Virtual Chassis Stacking summary information

ID   Pending ID  MAC address        Priority  Status  Role
1    -           84e3.2787.0ac0     128       Ready   Backup Member
2    -           -                  -         -       Provisioned
3    -           84e3.2787.0740     128       Syncing Backup Member
4    -           84e3.2787.09c0     128       Ready   Active Master

Operational Status                 Normal operation
Stack MAC address                  0000.cd37.0d6f (Virtual MAC)
=== 1790729894.325 13:58:14 >>> show mrp ring
Media Redundancy Protocol - Ring Information
MRP Ring 1
 Domain ID:                           ffffffff-ffff-ffff-ffff-ffffffffffff
 Domain Name:                         
 Ring Status:                         Enabled
 Running State:                       Running
 Role:                                Manager
 Network Status:                      Closed
 Port1:                               port1.0.13
  Status:                             Forwarding
 Port2:                               port4.0.26
  Status:                             Blocking
 Vlan ID:
 React on Link Change:                No
 Profile:                             200ms
  Topology Change Interval:           10ms
  Topology Change Count:              3
  Short Test Frame Interval:          10ms
  Default Test Frame Interval:        20ms
  Test Monitoring Interval Count:     3
  Test Monitoring Ext Interval Count: 3
  Non-blocking MRC Supported:         No
  Blocked port state supported:       Yes
=== 1790729896.174 13:58:16 >>> show stack
Virtual Chassis Stacking summary information

ID   Pending ID  MAC address        Priority  Status  Role
1    -           84e3.2787.0ac0     128       Ready   Backup Member
2    -           -                  -         -       Provisioned
3    -           84e3.2787.0740     128       Syncing Backup Member
4    -           84e3.2787.09c0     128       Ready   Active Master

Operational Status                 Normal operation
Stack MAC address                  0000.cd37.0d6f (Virtual MAC)
=== 1790729897.325 13:58:17 >>> show mrp ring
Media Redundancy Protocol - Ring Information
MRP Ring 1
 Domain ID:                           ffffffff-ffff-ffff-ffff-ffffffffffff
 Domain Name:                         
 Ring Status:                         Enabled
 Running State:                       Running
 Role:                                Manager
 Network Status:                      Closed
 Port1:                               port1.0.13
  Status:                             Forwarding
 Port2:                               port4.0.26
  Status:                             Blocking
 Vlan ID:
 React on Link Change:                No
 Profile:                             200ms
  Topology Change Interval:           10ms
  Topology Change Count:              3
  Short Test Frame Interval:          10ms
  Default Test Frame Interval:        20ms
  Test Monitoring Interval Count:     3
  Test Monitoring Ext Interval Count: 3
  Non-blocking MRC Supported:         No
  Blocked port state supported:       Yes
=== 1790729899.174 13:58:19 >>> show stack
Virtual Chassis Stacking summary information

ID   Pending ID  MAC address        Priority  Status  Role
1    -           84e3.2787.0ac0     128       Ready   Backup Member
2    -           -                  -         -       Provisioned
3    -           84e3.2787.0740     128       Syncing Backup Member
4    -           84e3.2787.09c0     128       Ready   Active Master

Operational Status                 Normal operation
Stack MAC address                  0000.cd37.0d6f (Virtual MAC)
=== 1790729900.325 13:58:20 >>> show mrp ring
Media Redundancy Protocol - Ring Information
MRP Ring 1
 Domain ID:                           ffffffff-ffff-ffff-ffff-ffffffffffff
 Domain Name:                         
 Ring Status:                         Enabled
 Running State:                       Running
 Role:                                Manager
 Network Status:                      Closed
 Port1:                               port1.0.13
  Status:                             Forwarding
 Port2:                               port4.0.26
  Status:                             Blocking
 Vlan ID:
 React on Link Change:                No
 Profile:                             200ms
  Topology Change Interval:           10ms
  Topology Change Count:              3
  Short Test Frame Interval:          10ms
  Default Test Frame Interval:        20ms
  Test Monitoring Interval Count:     3
  Test Monitoring Ext Interval Count: 3
  Non-blocking MRC Supported:         No
  Blocked port state supported:       Yes
=== 1790729902.174 13:58:22 >>> show stack
Virtual Chassis Stacking summary information

ID   Pending ID  MAC address        Priority  Status  Role
1    -           84e3.2787.0ac0     128       Ready   Backup Member
2    -           -                  -         -       Provisioned
3    -           84e3.2787.0740     128       Syncing Backup Member
4    -           84e3.2787.09c0     128       Ready   Active Master

Operational Status                 Normal operation
Stack MAC address                  0000.cd37.0d6f (Virtual MAC)
=== 1790729903.326 13:58:23 >>> show mrp ring
Media Redundancy Protocol - Ring Information
MRP Ring 1
 Domain ID:                           ffffffff-ffff-ffff-ffff-ffffffffffff
 Domain Name:                         
 Ring Status:                         Enabled
 Running State:                       Running
 Role:                                Manager
 Network Status:                      Closed
 Port1:                               port1.0.13
  Status:                             Forwarding
 Port2:                               port4.0.26
  Status:                             Blocking
 Vlan ID:
 React on Link Change:                No
 Profile:                             200ms
  Topology Change Interval:           10ms
  Topology Change Count:              3
  Short Test Frame Interval:          10ms
  Default Test Frame Interval:        20ms
  Test Monitoring Interval Count:     3
  Test Monitoring Ext Interval Count: 3
  Non-blocking MRC Supported:         No
  Blocked port state supported:       Yes
=== 1790729905.174 13:58:25 >>> show stack
Virtual Chassis Stacking summary information

ID   Pending ID  MAC address        Priority  Status  Role
1    -           84e3.2787.0ac0     128       Ready   Backup Member
2    -           -                  -         -       Provisioned
3    -           84e3.2787.0740     128       Syncing Backup Member
4    -           84e3.2787.09c0     128       Ready   Active Master

Operational Status                 Normal operation
Stack MAC address                  0000.cd37.0d6f (Virtual MAC)
=== 1790729906.326 13:58:26 >>> show mrp ring
Media Redundancy Protocol - Ring Information
MRP Ring 1
 Domain ID:                           ffffffff-ffff-ffff-ffff-ffffffffffff
 Domain Name:                         
 Ring Status:                         Enabled
 Running State:                       Running
 Role:                                Manager
 Network Status:                      Closed
 Port1:                               port1.0.13
  Status:                             Forwarding
 Port2:                               port4.0.26
  Status:                             Blocking
 Vlan ID:
 React on Link Change:                No
 Profile:                             200ms
  Topology Change Interval:           10ms
  Topology Change Count:              3
  Short Test Frame Interval:          10ms
  Default Test Frame Interval:        20ms
  Test Monitoring Interval Count:     3
  Test Monitoring Ext Interval Count: 3
  Non-blocking MRC Supported:         No
  Blocked port state supported:       Yes
=== 1790729908.174 13:58:28 >>> show stack
Virtual Chassis Stacking summary information

ID   Pending ID  MAC address        Priority  Status  Role
1    -           84e3.2787.0ac0     128       Ready   Backup Member
2    -           -                  -         -       Provisioned
3    -           84e3.2787.0740     128       Syncing Backup Member
4    -           84e3.2787.09c0     128       Ready   Active Master

Operational Status                 Normal operation
Stack MAC address                  0000.cd37.0d6f (Virtual MAC)
=== 1790729909.326 13:58:29 >>> show mrp ring
Media Redundancy Protocol - Ring Information
MRP Ring 1
 Domain ID:                           ffffffff-ffff-ffff-ffff-ffffffffffff
 Domain Name:                         
 Ring Status:                         Enabled
 Running State:                       Running
 Role:                                Manager
 Network Status:                      Closed
 Port1:                               port1.0.13
  Status:                             Forwarding
 Port2:                               port4.0.26
  Status:                             Blocking
 Vlan ID:
 React on Link Change:                No
 Profile:                             200ms
  Topology Change Interval:           10ms
  Topology Change Count:              3
  Short Test Frame Interval:          10ms
  Default Test Frame Interval:        20ms
  Test Monitoring Interval Count:     3
  Test Monitoring Ext Interval Count: 3
  Non-blocking MRC Supported:         No
  Blocked port state supported:       Yes
=== 1790729911.174 13:58:31 >>> show stack
Virtual Chassis Stacking summary information

ID   Pending ID  MAC address        Priority  Status  Role
1    -           84e3.2787.0ac0     128       Ready   Backup Member
2    -           -                  -         -       Provisioned
3    -           84e3.2787.0740     128       Syncing Backup Member
4    -           84e3.2787.09c0     128       Ready   Active Master

Operational Status                 Normal operation
Stack MAC address                  0000.cd37.0d6f (Virtual MAC)
=== 1790729912.326 13:58:32 >>> show mrp ring
Media Redundancy Protocol - Ring Information
MRP Ring 1
 Domain ID:                           ffffffff-ffff-ffff-ffff-ffffffffffff
 Domain Name:                         
 Ring Status:                         Enabled
 Running State:                       Running
 Role:                                Manager
 Network Status:                      Closed
 Port1:                               port1.0.13
  Status:                             Forwarding
 Port2:                               port4.0.26
  Status:                             Blocking
 Vlan ID:
 React on Link Change:                No
 Profile:                             200ms
  Topology Change Interval:           10ms
  Topology Change Count:              3
  Short Test Frame Interval:          10ms
  Default Test Frame Interval:        20ms
  Test Monitoring Interval Count:     3
  Test Monitoring Ext Interval Count: 3
  Non-blocking MRC Supported:         No
  Blocked port state supported:       Yes
=== 1790729914.174 13:58:34 >>> show stack
Virtual Chassis Stacking summary information

ID   Pending ID  MAC address        Priority  Status  Role
1    -           84e3.2787.0ac0     128       Ready   Backup Member
2    -           -                  -         -       Provisioned
3    -           84e3.2787.0740     128       Syncing Backup Member
4    -           84e3.2787.09c0     128       Ready   Active Master

Operational Status                 Normal operation
Stack MAC address                  0000.cd37.0d6f (Virtual MAC)
=== 1790729915.326 13:58:35 >>> show mrp ring
Media Redundancy Protocol - Ring Information
MRP Ring 1
 Domain ID:                           ffffffff-ffff-ffff-ffff-ffffffffffff
 Domain Name:                         
 Ring Status:                         Enabled
 Running State:                       Running
 Role:                                Manager
 Network Status:                      Closed
 Port1:                               port1.0.13
  Status:                             Forwarding
 Port2:                               port4.0.26
  Status:                             Blocking
 Vlan ID:
 React on Link Change:                No
 Profile:                             200ms
  Topology Change Interval:           10ms
  Topology Change Count:              3
  Short Test Frame Interval:          10ms
  Default Test Frame Interval:        20ms
  Test Monitoring Interval Count:     3
  Test Monitoring Ext Interval Count: 3
  Non-blocking MRC Supported:         No
  Blocked port state supported:       Yes
=== 1790729917.174 13:58:37 >>> show stack
Virtual Chassis Stacking summary information

ID   Pending ID  MAC address        Priority  Status  Role
1    -           84e3.2787.0ac0     128       Ready   Backup Member
2    -           -                  -         -       Provisioned
3    -           84e3.2787.0740     128       Syncing Backup Member
4    -           84e3.2787.09c0     128       Ready   Active Master

Operational Status                 Normal operation
Stack MAC address                  0000.cd37.0d6f (Virtual MAC)
=== 1790729918.326 13:58:38 >>> show mrp ring
Media Redundancy Protocol - Ring Information
MRP Ring 1
 Domain ID:                           ffffffff-ffff-ffff-ffff-ffffffffffff
 Domain Name:                         
 Ring Status:                         Enabled
 Running State:                       Running
 Role:                                Manager
 Network Status:                      Closed
 Port1:                               port1.0.13
  Status:                             Forwarding
 Port2:                               port4.0.26
  Status:                             Blocking
 Vlan ID:
 React on Link Change:                No
 Profile:                             200ms
  Topology Change Interval:           10ms
  Topology Change Count:              3
  Short Test Frame Interval:          10ms
  Default Test Frame Interval:        20ms
  Test Monitoring Interval Count:     3
  Test Monitoring Ext Interval Count: 3
  Non-blocking MRC Supported:         No
  Blocked port state supported:       Yes
=== 1790729920.174 13:58:40 >>> show stack
Virtual Chassis Stacking summary information

ID   Pending ID  MAC address        Priority  Status  Role
1    -           84e3.2787.0ac0     128       Ready   Backup Member
2    -           -                  -         -       Provisioned
3    -           84e3.2787.0740     128       Syncing Backup Member
4    -           84e3.2787.09c0     128       Ready   Active Master

Operational Status                 Normal operation
Stack MAC address                  0000.cd37.0d6f (Virtual MAC)
=== 1790729921.326 13:58:41 >>> show mrp ring
Media Redundancy Protocol - Ring Information
MRP Ring 1
 Domain ID:                           ffffffff-ffff-ffff-ffff-ffffffffffff
 Domain Name:                         
 Ring Status:                         Enabled
 Running State:                       Running
 Role:                                Manager
 Network Status:                      Closed
 Port1:                               port1.0.13
  Status:                             Forwarding
 Port2:                               port4.0.26
  Status:                             Blocking
 Vlan ID:
 React on Link Change:                No
 Profile:                             200ms
  Topology Change Interval:           10ms
  Topology Change Count:              3
  Short Test Frame Interval:          10ms
  Default Test Frame Interval:        20ms
  Test Monitoring Interval Count:     3
  Test Monitoring Ext Interval Count: 3
  Non-blocking MRC Supported:         No
  Blocked port state supported:       Yes
=== 1790729923.174 13:58:43 >>> show stack
Virtual Chassis Stacking summary information

ID   Pending ID  MAC address        Priority  Status  Role
1    -           84e3.2787.0ac0     128       Ready   Backup Member
2    -           -                  -         -       Provisioned
3    -           84e3.2787.0740     128       Syncing Backup Member
4    -           84e3.2787.09c0     128       Ready   Active Master

Operational Status                 Normal operation
Stack MAC address                  0000.cd37.0d6f (Virtual MAC)
=== 1790729924.326 13:58:44 >>> show mrp ring
Media Redundancy Protocol - Ring Information
MRP Ring 1
 Domain ID:                           ffffffff-ffff-ffff-ffff-ffffffffffff
 Domain Name:                         
 Ring Status:                         Enabled
 Running State:                       Running
 Role:                                Manager
 Network Status:                      Closed
 Port1:                               port1.0.13
  Status:                             Forwarding
 Port2:                               port4.0.26
  Status:                             Blocking
 Vlan ID:
 React on Link Change:                No
 Profile:                             200ms
  Topology Change Interval:           10ms
  Topology Change Count:              3
  Short Test Frame Interval:          10ms
  Default Test Frame Interval:        20ms
  Test Monitoring Interval Count:     3
  Test Monitoring Ext Interval Count: 3
  Non-blocking MRC Supported:         No
  Blocked port state supported:       Yes
=== 1790729926.174 13:58:46 >>> show stack
Virtual Chassis Stacking summary information

ID   Pending ID  MAC address        Priority  Status  Role
1    -           84e3.2787.0ac0     128       Ready   Backup Member
2    -           -                  -         -       Provisioned
3    -           84e3.2787.0740     128       Syncing Backup Member
4    -           84e3.2787.09c0     128       Ready   Active Master

Operational Status                 Normal operation
Stack MAC address                  0000.cd37.0d6f (Virtual MAC)
=== 1790729927.326 13:58:47 >>> show mrp ring
Media Redundancy Protocol - Ring Information
MRP Ring 1
 Domain ID:                           ffffffff-ffff-ffff-ffff-ffffffffffff
 Domain Name:                         
 Ring Status:                         Enabled
 Running State:                       Running
 Role:                                Manager
 Network Status:                      Closed
 Port1:                               port1.0.13
  Status:                             Forwarding
 Port2:                               port4.0.26
  Status:                             Blocking
 Vlan ID:
 React on Link Change:                No
 Profile:                             200ms
  Topology Change Interval:           10ms
  Topology Change Count:              3
  Short Test Frame Interval:          10ms
  Default Test Frame Interval:        20ms
  Test Monitoring Interval Count:     3
  Test Monitoring Ext Interval Count: 3
  Non-blocking MRC Supported:         No
  Blocked port state supported:       Yes
=== 1790729929.174 13:58:49 >>> show stack
Virtual Chassis Stacking summary information

ID   Pending ID  MAC address        Priority  Status  Role
1    -           84e3.2787.0ac0     128       Ready   Backup Member
2    -           -                  -         -       Provisioned
3    -           84e3.2787.0740     128       Syncing Backup Member
4    -           84e3.2787.09c0     128       Ready   Active Master

Operational Status                 Normal operation
Stack MAC address                  0000.cd37.0d6f (Virtual MAC)
=== 1790729930.326 13:58:50 >>> show mrp ring
Media Redundancy Protocol - Ring Information
MRP Ring 1
 Domain ID:                           ffffffff-ffff-ffff-ffff-ffffffffffff
 Domain Name:                         
 Ring Status:                         Enabled
 Running State:                       Running
 Role:                                Manager
 Network Status:                      Closed
 Port1:                               port1.0.13
  Status:                             Forwarding
 Port2:                               port4.0.26
  Status:                             Blocking
 Vlan ID:
 React on Link Change:                No
 Profile:                             200ms
  Topology Change Interval:           10ms
  Topology Change Count:              3
  Short Test Frame Interval:          10ms
  Default Test Frame Interval:        20ms
  Test Monitoring Interval Count:     3
  Test Monitoring Ext Interval Count: 3
  Non-blocking MRC Supported:         No
  Blocked port state supported:       Yes
=== 1790729932.175 13:58:52 >>> show stack
Virtual Chassis Stacking summary information

ID   Pending ID  MAC address        Priority  Status  Role
1    -           84e3.2787.0ac0     128       Ready   Backup Member
2    -           -                  -         -       Provisioned
3    -           84e3.2787.0740     128       Syncing Backup Member
4    -           84e3.2787.09c0     128       Ready   Active Master

Operational Status                 Normal operation
Stack MAC address                  0000.cd37.0d6f (Virtual MAC)
=== 1790729933.326 13:58:53 >>> show mrp ring
Media Redundancy Protocol - Ring Information
MRP Ring 1
 Domain ID:                           ffffffff-ffff-ffff-ffff-ffffffffffff
 Domain Name:                         
 Ring Status:                         Enabled
 Running State:                       Running
 Role:                                Manager
 Network Status:                      Closed
 Port1:                               port1.0.13
  Status:                             Forwarding
 Port2:                               port4.0.26
  Status:                             Blocking
 Vlan ID:
 React on Link Change:                No
 Profile:                             200ms
  Topology Change Interval:           10ms
  Topology Change Count:              3
  Short Test Frame Interval:          10ms
  Default Test Frame Interval:        20ms
  Test Monitoring Interval Count:     3
  Test Monitoring Ext Interval Count: 3
  Non-blocking MRC Supported:         No
  Blocked port state supported:       Yes
=== 1790729935.175 13:58:55 >>> show stack
Virtual Chassis Stacking summary information

ID   Pending ID  MAC address        Priority  Status  Role
1    -           84e3.2787.0ac0     128       Ready   Backup Member
2    -           -                  -         -       Provisioned
3    -           84e3.2787.0740     128       Syncing Backup Member
4    -           84e3.2787.09c0     128       Ready   Active Master

Operational Status                 Normal operation
Stack MAC address                  0000.cd37.0d6f (Virtual MAC)
=== 1790729936.327 13:58:56 >>> show mrp ring
Media Redundancy Protocol - Ring Information
MRP Ring 1
 Domain ID:                           ffffffff-ffff-ffff-ffff-ffffffffffff
 Domain Name:                         
 Ring Status:                         Enabled
 Running State:                       Running
 Role:                                Manager
 Network Status:                      Closed
 Port1:                               port1.0.13
  Status:                             Forwarding
 Port2:                               port4.0.26
  Status:                             Blocking
 Vlan ID:
 React on Link Change:                No
 Profile:                             200ms
  Topology Change Interval:           10ms
  Topology Change Count:              3
  Short Test Frame Interval:          10ms
  Default Test Frame Interval:        20ms
  Test Monitoring Interval Count:     3
  Test Monitoring Ext Interval Count: 3
  Non-blocking MRC Supported:         No
  Blocked port state supported:       Yes
=== 1790729938.175 13:58:58 >>> show stack
Virtual Chassis Stacking summary information

ID   Pending ID  MAC address        Priority  Status  Role
1    -           84e3.2787.0ac0     128       Ready   Backup Member
2    -           -                  -         -       Provisioned
3    -           84e3.2787.0740     128       Syncing Backup Member
4    -           84e3.2787.09c0     128       Ready   Active Master

Operational Status                 Normal operation
Stack MAC address                  0000.cd37.0d6f (Virtual MAC)
=== 1790729939.326 13:58:59 >>> show mrp ring
Media Redundancy Protocol - Ring Information
MRP Ring 1
 Domain ID:                           ffffffff-ffff-ffff-ffff-ffffffffffff
 Domain Name:                         
 Ring Status:                         Enabled
 Running State:                       Running
 Role:                                Manager
 Network Status:                      Closed
 Port1:                               port1.0.13
  Status:                             Forwarding
 Port2:                               port4.0.26
  Status:                             Blocking
 Vlan ID:
 React on Link Change:                No
 Profile:                             200ms
  Topology Change Interval:           10ms
  Topology Change Count:              3
  Short Test Frame Interval:          10ms
  Default Test Frame Interval:        20ms
  Test Monitoring Interval Count:     3
  Test Monitoring Ext Interval Count: 3
  Non-blocking MRC Supported:         No
  Blocked port state supported:       Yes
=== 1790729941.175 13:59:01 >>> show stack
Virtual Chassis Stacking summary information

ID   Pending ID  MAC address        Priority  Status  Role
1    -           84e3.2787.0ac0     128       Ready   Backup Member
2    -           -                  -         -       Provisioned
3    -           84e3.2787.0740     128       Syncing Backup Member
4    -           84e3.2787.09c0     128       Ready   Active Master

Operational Status                 Normal operation
Stack MAC address                  0000.cd37.0d6f (Virtual MAC)
=== 1790729942.327 13:59:02 >>> show mrp ring
Media Redundancy Protocol - Ring Information
MRP Ring 1
 Domain ID:                           ffffffff-ffff-ffff-ffff-ffffffffffff
 Domain Name:                         
 Ring Status:                         Enabled
 Running State:                       Running
 Role:                                Manager
 Network Status:                      Closed
 Port1:                               port1.0.13
  Status:                             Forwarding
 Port2:                               port4.0.26
  Status:                             Blocking
 Vlan ID:
 React on Link Change:                No
 Profile:                             200ms
  Topology Change Interval:           10ms
  Topology Change Count:              3
  Short Test Frame Interval:          10ms
  Default Test Frame Interval:        20ms
  Test Monitoring Interval Count:     3
  Test Monitoring Ext Interval Count: 3
  Non-blocking MRC Supported:         No
  Blocked port state supported:       Yes
=== 1790729944.175 13:59:04 >>> show stack
Virtual Chassis Stacking summary information

ID   Pending ID  MAC address        Priority  Status  Role
1    -           84e3.2787.0ac0     128       Ready   Backup Member
2    -           -                  -         -       Provisioned
3    -           84e3.2787.0740     128       Syncing Backup Member
4    -           84e3.2787.09c0     128       Ready   Active Master

Operational Status                 Normal operation
Stack MAC address                  0000.cd37.0d6f (Virtual MAC)
=== 1790729945.327 13:59:05 >>> show mrp ring
Media Redundancy Protocol - Ring Information
MRP Ring 1
 Domain ID:                           ffffffff-ffff-ffff-ffff-ffffffffffff
 Domain Name:                         
 Ring Status:                         Enabled
 Running State:                       Running
 Role:                                Manager
 Network Status:                      Closed
 Port1:                               port1.0.13
  Status:                             Forwarding
 Port2:                               port4.0.26
  Status:                             Blocking
 Vlan ID:
 React on Link Change:                No
 Profile:                             200ms
  Topology Change Interval:           10ms
  Topology Change Count:              3
  Short Test Frame Interval:          10ms
  Default Test Frame Interval:        20ms
  Test Monitoring Interval Count:     3
  Test Monitoring Ext Interval Count: 3
  Non-blocking MRC Supported:         No
  Blocked port state supported:       Yes
=== 1790729947.375 13:59:07 >>> show stack
Virtual Chassis Stacking summary information

ID   Pending ID  MAC address        Priority  Status  Role
1    -           84e3.2787.0ac0     128       Ready   Backup Member
2    -           -                  -         -       Provisioned
3    -           84e3.2787.0740     128       Syncing Backup Member
4    -           84e3.2787.09c0     128       Ready   Active Master

Operational Status                 Normal operation
Stack MAC address                  0000.cd37.0d6f (Virtual MAC)
=== 1790729948.527 13:59:08 >>> show mrp ring
Media Redundancy Protocol - Ring Information
MRP Ring 1
 Domain ID:                           ffffffff-ffff-ffff-ffff-ffffffffffff
 Domain Name:                         
 Ring Status:                         Enabled
 Running State:                       Running
 Role:                                Manager
 Network Status:                      Closed
 Port1:                               port1.0.13
  Status:                             Forwarding
 Port2:                               port4.0.26
  Status:                             Blocking
 Vlan ID:
 React on Link Change:                No
 Profile:                             200ms
  Topology Change Interval:           10ms
  Topology Change Count:              3
  Short Test Frame Interval:          10ms
  Default Test Frame Interval:        20ms
  Test Monitoring Interval Count:     3
  Test Monitoring Ext Interval Count: 3
  Non-blocking MRC Supported:         No
  Blocked port state supported:       Yes
=== 1790729950.175 13:59:10 >>> show stack
Virtual Chassis Stacking summary information

ID   Pending ID  MAC address        Priority  Status  Role
1    -           84e3.2787.0ac0     128       Ready   Backup Member
2    -           -                  -         -       Provisioned
3    -           84e3.2787.0740     128       Syncing Backup Member
4    -           84e3.2787.09c0     128       Ready   Active Master

Operational Status                 Normal operation
Stack MAC address                  0000.cd37.0d6f (Virtual MAC)
=== 1790729951.327 13:59:11 >>> show mrp ring
Media Redundancy Protocol - Ring Information
MRP Ring 1
 Domain ID:                           ffffffff-ffff-ffff-ffff-ffffffffffff
 Domain Name:                         
 Ring Status:                         Enabled
 Running State:                       Running
 Role:                                Manager
 Network Status:                      Closed
 Port1:                               port1.0.13
  Status:                             Forwarding
 Port2:                               port4.0.26
  Status:                             Blocking
 Vlan ID:
 React on Link Change:                No
 Profile:                             200ms
  Topology Change Interval:           10ms
  Topology Change Count:              3
  Short Test Frame Interval:          10ms
  Default Test Frame Interval:        20ms
  Test Monitoring Interval Count:     3
  Test Monitoring Ext Interval Count: 3
  Non-blocking MRC Supported:         No
  Blocked port state supported:       Yes
=== 1790729953.175 13:59:13 >>> show stack
Virtual Chassis Stacking summary information

ID   Pending ID  MAC address        Priority  Status  Role
1    -           84e3.2787.0ac0     128       Ready   Backup Member
2    -           -                  -         -       Provisioned
3    -           84e3.2787.0740     128       Syncing Backup Member
4    -           84e3.2787.09c0     128       Ready   Active Master

Operational Status                 Normal operation
Stack MAC address                  0000.cd37.0d6f (Virtual MAC)
=== 1790729954.327 13:59:14 >>> show mrp ring
Media Redundancy Protocol - Ring Information
MRP Ring 1
 Domain ID:                           ffffffff-ffff-ffff-ffff-ffffffffffff
 Domain Name:                         
 Ring Status:                         Enabled
 Running State:                       Running
 Role:                                Manager
 Network Status:                      Closed
 Port1:                               port1.0.13
  Status:                             Forwarding
 Port2:                               port4.0.26
  Status:                             Blocking
 Vlan ID:
 React on Link Change:                No
 Profile:                             200ms
  Topology Change Interval:           10ms
  Topology Change Count:              3
  Short Test Frame Interval:          10ms
  Default Test Frame Interval:        20ms
  Test Monitoring Interval Count:     3
  Test Monitoring Ext Interval Count: 3
  Non-blocking MRC Supported:         No
  Blocked port state supported:       Yes
=== 1790729956.175 13:59:16 >>> show stack
Virtual Chassis Stacking summary information

ID   Pending ID  MAC address        Priority  Status  Role
1    -           84e3.2787.0ac0     128       Ready   Backup Member
2    -           -                  -         -       Provisioned
3    -           84e3.2787.0740     128       Syncing Backup Member
4    -           84e3.2787.09c0     128       Ready   Active Master

Operational Status                 Normal operation
Stack MAC address                  0000.cd37.0d6f (Virtual MAC)
=== 1790729957.327 13:59:17 >>> show mrp ring
Media Redundancy Protocol - Ring Information
MRP Ring 1
 Domain ID:                           ffffffff-ffff-ffff-ffff-ffffffffffff
 Domain Name:                         
 Ring Status:                         Enabled
 Running State:                       Running
 Role:                                Manager
 Network Status:                      Closed
 Port1:                               port1.0.13
  Status:                             Forwarding
 Port2:                               port4.0.26
  Status:                             Blocking
 Vlan ID:
 React on Link Change:                No
 Profile:                             200ms
  Topology Change Interval:           10ms
  Topology Change Count:              3
  Short Test Frame Interval:          10ms
  Default Test Frame Interval:        20ms
  Test Monitoring Interval Count:     3
  Test Monitoring Ext Interval Count: 3
  Non-blocking MRC Supported:         No
  Blocked port state supported:       Yes
=== 1790729959.175 13:59:19 >>> show stack
Virtual Chassis Stacking summary information

ID   Pending ID  MAC address        Priority  Status  Role
1    -           84e3.2787.0ac0     128       Ready   Backup Member
2    -           -                  -         -       Provisioned
3    -           84e3.2787.0740     128       Syncing Backup Member
4    -           84e3.2787.09c0     128       Ready   Active Master

Operational Status                 Normal operation
Stack MAC address                  0000.cd37.0d6f (Virtual MAC)
=== 1790729960.327 13:59:20 >>> show mrp ring
Media Redundancy Protocol - Ring Information
MRP Ring 1
 Domain ID:                           ffffffff-ffff-ffff-ffff-ffffffffffff
 Domain Name:                         
 Ring Status:                         Enabled
 Running State:                       Running
 Role:                                Manager
 Network Status:                      Closed
 Port1:                               port1.0.13
  Status:                             Forwarding
 Port2:                               port4.0.26
  Status:                             Blocking
 Vlan ID:
 React on Link Change:                No
 Profile:                             200ms
  Topology Change Interval:           10ms
  Topology Change Count:              3
  Short Test Frame Interval:          10ms
  Default Test Frame Interval:        20ms
  Test Monitoring Interval Count:     3
  Test Monitoring Ext Interval Count: 3
  Non-blocking MRC Supported:         No
  Blocked port state supported:       Yes
=== 1790729962.175 13:59:22 >>> show stack
Virtual Chassis Stacking summary information

ID   Pending ID  MAC address        Priority  Status  Role
1    -           84e3.2787.0ac0     128       Ready   Backup Member
2    -           -                  -         -       Provisioned
3    -           84e3.2787.0740     128       Syncing Backup Member
4    -           84e3.2787.09c0     128       Ready   Active Master

Operational Status                 Normal operation
Stack MAC address                  0000.cd37.0d6f (Virtual MAC)
=== 1790729963.327 13:59:23 >>> show mrp ring
Media Redundancy Protocol - Ring Information
MRP Ring 1
 Domain ID:                           ffffffff-ffff-ffff-ffff-ffffffffffff
 Domain Name:                         
 Ring Status:                         Enabled
 Running State:                       Running
 Role:                                Manager
 Network Status:                      Closed
 Port1:                               port1.0.13
  Status:                             Forwarding
 Port2:                               port4.0.26
  Status:                             Blocking
 Vlan ID:
 React on Link Change:                No
 Profile:                             200ms
  Topology Change Interval:           10ms
  Topology Change Count:              3
  Short Test Frame Interval:          10ms
  Default Test Frame Interval:        20ms
  Test Monitoring Interval Count:     3
  Test Monitoring Ext Interval Count: 3
  Non-blocking MRC Supported:         No
  Blocked port state supported:       Yes
=== 1790729965.176 13:59:25 >>> show stack
Virtual Chassis Stacking summary information

ID   Pending ID  MAC address        Priority  Status  Role
1    -           84e3.2787.0ac0     128       Ready   Backup Member
2    -           -                  -         -       Provisioned
3    -           84e3.2787.0740     128       Syncing Backup Member
4    -           84e3.2787.09c0     128       Ready   Active Master

Operational Status                 Normal operation
Stack MAC address                  0000.cd37.0d6f (Virtual MAC)
=== 1790729966.327 13:59:26 >>> show mrp ring
Media Redundancy Protocol - Ring Information
MRP Ring 1
 Domain ID:                           ffffffff-ffff-ffff-ffff-ffffffffffff
 Domain Name:                         
 Ring Status:                         Enabled
 Running State:                       Running
 Role:                                Manager
 Network Status:                      Closed
 Port1:                               port1.0.13
  Status:                             Forwarding
 Port2:                               port4.0.26
  Status:                             Blocking
 Vlan ID:
 React on Link Change:                No
 Profile:                             200ms
  Topology Change Interval:           10ms
  Topology Change Count:              3
  Short Test Frame Interval:          10ms
  Default Test Frame Interval:        20ms
  Test Monitoring Interval Count:     3
  Test Monitoring Ext Interval Count: 3
  Non-blocking MRC Supported:         No
  Blocked port state supported:       Yes
=== 1790729968.176 13:59:28 >>> show stack
Virtual Chassis Stacking summary information

ID   Pending ID  MAC address        Priority  Status  Role
1    -           84e3.2787.0ac0     128       Ready   Backup Member
2    -           -                  -         -       Provisioned
3    -           84e3.2787.0740     128       Syncing Backup Member
4    -           84e3.2787.09c0     128       Ready   Active Master

Operational Status                 Normal operation
Stack MAC address                  0000.cd37.0d6f (Virtual MAC)
=== 1790729969.327 13:59:29 >>> show mrp ring
Media Redundancy Protocol - Ring Information
MRP Ring 1
 Domain ID:                           ffffffff-ffff-ffff-ffff-ffffffffffff
 Domain Name:                         
 Ring Status:                         Enabled
 Running State:                       Running
 Role:                                Manager
 Network Status:                      Closed
 Port1:                               port1.0.13
  Status:                             Forwarding
 Port2:                               port4.0.26
  Status:                             Blocking
 Vlan ID:
 React on Link Change:                No
 Profile:                             200ms
  Topology Change Interval:           10ms
  Topology Change Count:              3
  Short Test Frame Interval:          10ms
  Default Test Frame Interval:        20ms
  Test Monitoring Interval Count:     3
  Test Monitoring Ext Interval Count: 3
  Non-blocking MRC Supported:         No
  Blocked port state supported:       Yes
=== 1790729971.176 13:59:31 >>> show stack
Virtual Chassis Stacking summary information

ID   Pending ID  MAC address        Priority  Status  Role
1    -           84e3.2787.0ac0     128       Ready   Backup Member
2    -           -                  -         -       Provisioned
3    -           84e3.2787.0740     128       Ready   Backup Member
4    -           84e3.2787.09c0     128       Ready   Active Master

Operational Status                 Normal operation
Stack MAC address                  0000.cd37.0d6f (Virtual MAC)
=== 1790729972.328 13:59:32 >>> show mrp ring
Media Redundancy Protocol - Ring Information
MRP Ring 1
 Domain ID:                           ffffffff-ffff-ffff-ffff-ffffffffffff
 Domain Name:                         
 Ring Status:                         Enabled
 Running State:                       Running
 Role:                                Manager
 Network Status:                      Closed
 Port1:                               port1.0.13
  Status:                             Forwarding
 Port2:                               port4.0.26
  Status:                             Blocking
 Vlan ID:
 React on Link Change:                No
 Profile:                             200ms
  Topology Change Interval:           10ms
  Topology Change Count:              3
  Short Test Frame Interval:          10ms
  Default Test Frame Interval:        20ms
  Test Monitoring Interval Count:     3
  Test Monitoring Ext Interval Count: 3
  Non-blocking MRC Supported:         No
  Blocked port state supported:       Yes
=== 1790729974.176 13:59:34 >>> show stack
Virtual Chassis Stacking summary information

ID   Pending ID  MAC address        Priority  Status  Role
1    -           84e3.2787.0ac0     128       Ready   Backup Member
2    -           -                  -         -       Provisioned
3    -           84e3.2787.0740     128       Ready   Backup Member
4    -           84e3.2787.09c0     128       Ready   Active Master

Operational Status                 Normal operation
Stack MAC address                  0000.cd37.0d6f (Virtual MAC)
=== 1790729975.328 13:59:35 >>> show mrp ring
Media Redundancy Protocol - Ring Information
MRP Ring 1
 Domain ID:                           ffffffff-ffff-ffff-ffff-ffffffffffff
 Domain Name:                         
 Ring Status:                         Enabled
 Running State:                       Running
 Role:                                Manager
 Network Status:                      Closed
 Port1:                               port1.0.13
  Status:                             Forwarding
 Port2:                               port4.0.26
  Status:                             Blocking
 Vlan ID:
 React on Link Change:                No
 Profile:                             200ms
  Topology Change Interval:           10ms
  Topology Change Count:              3
  Short Test Frame Interval:          10ms
  Default Test Frame Interval:        20ms
  Test Monitoring Interval Count:     3
  Test Monitoring Ext Interval Count: 3
  Non-blocking MRC Supported:         No
  Blocked port state supported:       Yes
=== 1790729977.176 13:59:37 >>> show stack
Virtual Chassis Stacking summary information

ID   Pending ID  MAC address        Priority  Status  Role
1    -           84e3.2787.0ac0     128       Ready   Backup Member
2    -           -                  -         -       Provisioned
3    -           84e3.2787.0740     128       Ready   Backup Member
4    -           84e3.2787.09c0     128       Ready   Active Master

Operational Status                 Normal operation
Stack MAC address                  0000.cd37.0d6f (Virtual MAC)
=== 1790729978.328 13:59:38 >>> show mrp ring
Media Redundancy Protocol - Ring Information
MRP Ring 1
 Domain ID:                           ffffffff-ffff-ffff-ffff-ffffffffffff
 Domain Name:                         
 Ring Status:                         Enabled
 Running State:                       Running
 Role:                                Manager
 Network Status:                      Closed
 Port1:                               port1.0.13
  Status:                             Forwarding
 Port2:                               port4.0.26
  Status:                             Blocking
 Vlan ID:
 React on Link Change:                No
 Profile:                             200ms
  Topology Change Interval:           10ms
  Topology Change Count:              3
  Short Test Frame Interval:          10ms
  Default Test Frame Interval:        20ms
  Test Monitoring Interval Count:     3
  Test Monitoring Ext Interval Count: 3
  Non-blocking MRC Supported:         No
  Blocked port state supported:       Yes
=== 1790729980.176 13:59:40 >>> show stack
Virtual Chassis Stacking summary information

ID   Pending ID  MAC address        Priority  Status  Role
1    -           84e3.2787.0ac0     128       Ready   Backup Member
2    -           -                  -         -       Provisioned
3    -           84e3.2787.0740     128       Ready   Backup Member
4    -           84e3.2787.09c0     128       Ready   Active Master

Operational Status                 Normal operation
Stack MAC address                  0000.cd37.0d6f (Virtual MAC)
=== 1790729981.328 13:59:41 >>> show mrp ring
Media Redundancy Protocol - Ring Information
MRP Ring 1
 Domain ID:                           ffffffff-ffff-ffff-ffff-ffffffffffff
 Domain Name:                         
 Ring Status:                         Enabled
 Running State:                       Running
 Role:                                Manager
 Network Status:                      Closed
 Port1:                               port1.0.13
  Status:                             Forwarding
 Port2:                               port4.0.26
  Status:                             Blocking
 Vlan ID:
 React on Link Change:                No
 Profile:                             200ms
  Topology Change Interval:           10ms
  Topology Change Count:              3
  Short Test Frame Interval:          10ms
  Default Test Frame Interval:        20ms
  Test Monitoring Interval Count:     3
  Test Monitoring Ext Interval Count: 3
  Non-blocking MRC Supported:         No
  Blocked port state supported:       Yes
=== 1790729983.176 13:59:43 >>> show stack
Virtual Chassis Stacking summary information

ID   Pending ID  MAC address        Priority  Status  Role
1    -           84e3.2787.0ac0     128       Ready   Backup Member
2    -           -                  -         -       Provisioned
3    -           84e3.2787.0740     128       Ready   Backup Member
4    -           84e3.2787.09c0     128       Ready   Active Master

Operational Status                 Normal operation
Stack MAC address                  0000.cd37.0d6f (Virtual MAC)
=== 1790729984.328 13:59:44 >>> show mrp ring
Media Redundancy Protocol - Ring Information
MRP Ring 1
 Domain ID:                           ffffffff-ffff-ffff-ffff-ffffffffffff
 Domain Name:                         
 Ring Status:                         Enabled
 Running State:                       Running
 Role:                                Manager
 Network Status:                      Closed
 Port1:                               port1.0.13
  Status:                             Forwarding
 Port2:                               port4.0.26
  Status:                             Blocking
 Vlan ID:
 React on Link Change:                No
 Profile:                             200ms
  Topology Change Interval:           10ms
  Topology Change Count:              3
  Short Test Frame Interval:          10ms
  Default Test Frame Interval:        20ms
  Test Monitoring Interval Count:     3
  Test Monitoring Ext Interval Count: 3
  Non-blocking MRC Supported:         No
  Blocked port state supported:       Yes
=== 1790729986.176 13:59:46 >>> show stack
Virtual Chassis Stacking summary information

ID   Pending ID  MAC address        Priority  Status  Role
1    -           84e3.2787.0ac0     128       Ready   Backup Member
2    -           -                  -         -       Provisioned
3    -           84e3.2787.0740     128       Ready   Backup Member
4    -           84e3.2787.09c0     128       Ready   Active Master

Operational Status                 Normal operation
Stack MAC address                  0000.cd37.0d6f (Virtual MAC)
=== 1790729987.328 13:59:47 >>> show mrp ring
Media Redundancy Protocol - Ring Information
MRP Ring 1
 Domain ID:                           ffffffff-ffff-ffff-ffff-ffffffffffff
 Domain Name:                         
 Ring Status:                         Enabled
 Running State:                       Running
 Role:                                Manager
 Network Status:                      Closed
 Port1:                               port1.0.13
  Status:                             Forwarding
 Port2:                               port4.0.26
  Status:                             Blocking
 Vlan ID:
 React on Link Change:                No
 Profile:                             200ms
  Topology Change Interval:           10ms
  Topology Change Count:              3
  Short Test Frame Interval:          10ms
  Default Test Frame Interval:        20ms
  Test Monitoring Interval Count:     3
  Test Monitoring Ext Interval Count: 3
  Non-blocking MRC Supported:         No
  Blocked port state supported:       Yes
=== 1790729989.176 13:59:49 >>> show stack
Virtual Chassis Stacking summary information

ID   Pending ID  MAC address        Priority  Status  Role
1    -           84e3.2787.0ac0     128       Ready   Backup Member
2    -           -                  -         -       Provisioned
3    -           84e3.2787.0740     128       Ready   Backup Member
4    -           84e3.2787.09c0     128       Ready   Active Master

Operational Status                 Normal operation
Stack MAC address                  0000.cd37.0d6f (Virtual MAC)
=== 1790729990.328 13:59:50 >>> show mrp ring
Media Redundancy Protocol - Ring Information
MRP Ring 1
 Domain ID:                           ffffffff-ffff-ffff-ffff-ffffffffffff
 Domain Name:                         
 Ring Status:                         Enabled
 Running State:                       Running
 Role:                                Manager
 Network Status:                      Closed
 Port1:                               port1.0.13
  Status:                             Forwarding
 Port2:                               port4.0.26
  Status:                             Blocking
 Vlan ID:
 React on Link Change:                No
 Profile:                             200ms
  Topology Change Interval:           10ms
  Topology Change Count:              3
  Short Test Frame Interval:          10ms
  Default Test Frame Interval:        20ms
  Test Monitoring Interval Count:     3
  Test Monitoring Ext Interval Count: 3
  Non-blocking MRC Supported:         No
  Blocked port state supported:       Yes
