2026-09-02 14:50:13  === start port=/dev/u4 label=u4-264A23052 until=2026-09-03 06:00:00 driver_md5=af8505812378a4001df3d324574301c9 ===
2026-09-02 14:50:16  [CONNECTED] monitor=True, length 0
2026-09-02 14:50:18  captured logfilter -> u4-264A23052.logfilter.txt
2026-09-02 14:50:26  captured baseline -> u4-264A23052.baseline.txt
2026-09-02 14:50:35  [SEVERITY] 2026 Aug 31 21:19:51 user.err awplus IMISH[373]: Command [show bgp l2vpn evpn] failed
2026-09-02 14:50:35  [SEVERITY] 2026 Aug 31 21:19:51 user.err awplus IMISH[373]: Command [show bgp l2vpn evpn route detail] failed
2026-09-02 14:50:35  [SEVERITY] 2026 Aug 31 21:19:51 user.err awplus IMISH[373]: Command [show bgp l2vpn evpn vni] failed
2026-09-02 14:50:35  [SEVERITY] 2026 Aug 31 21:19:51 user.err awplus IMISH[373]: Command [show bgp l2vpn evpn summary] failed
2026-09-02 14:50:35  [SEVERITY] 2026 Aug 31 21:19:51 user.err awplus IMISH[373]: Command [show bgp frr-config] failed
2026-09-02 14:50:35  [SEVERITY] 2026 Aug 31 21:20:02 user.err awplus IMISH[373]: Command [show platform table tunnel] failed
2026-09-02 14:50:35  [SEVERITY] 2026 Aug 31 21:20:02 user.err awplus IMISH[373]: Command [show platform table tunnelterm] failed
2026-09-02 14:50:35  [SEVERITY] 2026 Aug 31 21:20:08 user.err awplus IMISH[373]: Command [show platform swtable kernel mdb] failed
2026-09-02 14:50:35  [SEVERITY] 2026 Aug 31 21:20:33 user.err awplus IMISH[373]: Command [show wireless ap capability] failed
2026-09-02 14:50:35  [SEVERITY] 2026 Aug 31 21:20:33 user.err awplus IMISH[373]: Command [show wireless config] failed
2026-09-02 14:50:35  [SEVERITY] 2026 Aug 31 21:20:33 user.err awplus IMISH[373]: Command [show wireless apteryx info] failed
2026-09-02 14:50:35  [SEVERITY] 2026 Aug 31 21:20:33 user.err awplus IMISH[373]: Command [show wireless thermals] failed
2026-09-02 14:50:35  [SEVERITY] 2026 Aug 31 21:20:33 user.err awplus IMISH[373]: Command [show hostapd info] failed
2026-09-02 14:50:35  [SEVERITY] 2026 Aug 31 21:20:33 user.err awplus IMISH[373]: Command [show wireless driver stats] failed
2026-09-02 14:50:35  [SEVERITY] 2026 Aug 31 21:20:33 user.err awplus IMISH[373]: Command [show cwm info] failed
2026-09-02 14:50:35  [SEVERITY] 2026 Aug 31 21:20:33 user.err awplus IMISH[373]: Command [show atf info] failed
2026-09-02 14:50:35  [SEVERITY] 2026 Aug 31 21:20:33 user.err awplus IMISH[373]: Command [show wireless iwlist] failed
2026-09-02 14:50:35  [SEVERITY] 2026 Aug 31 21:20:33 user.err awplus IMISH[373]: Command [show wireless wlanconfig] failed
2026-09-02 14:50:35  [SEVERITY] 2026 Aug 31 21:20:33 user.err awplus IMISH[373]: Command [show wireless iwpriv] failed
2026-09-02 14:50:35  [SEVERITY] 2026 Aug 31 21:20:33 user.err awplus IMISH[373]: Command [show wireless ofdma mumimo stats] failed
2026-09-02 14:50:35  [SEVERITY] 2026 Aug 31 21:20:33 user.err awplus IMISH[373]: Command [show wireless ath stats] failed
2026-09-02 14:50:35  [SEVERITY] 2026 Aug 31 21:20:33 user.err awplus IMISH[373]: Command [show wireless sync-scan] failed
2026-09-02 14:50:35  [SEVERITY] 2026 Aug 31 21:20:33 user.err awplus IMISH[373]: Command [show wireless wifi-monitor config] failed
2026-09-02 14:50:35  [SEVERITY] 2026 Aug 31 21:20:33 user.err awplus IMISH[373]: Command [show wireless ecm status] failed
2026-09-02 14:50:35  [SEVERITY] 2026 Aug 31 21:20:33 user.err awplus IMISH[373]: Command [show wireless captive-portal walled-garden all status] failed
2026-09-02 14:50:35  [SEVERITY] 2026 Aug 31 21:20:33 user.err awplus IMISH[373]: Command [show wireless captive-portal client status] failed
2026-09-02 14:50:35  [SEVERITY] 2026 Aug 31 21:20:33 user.err awplus IMISH[373]: Command [show wireless captive-portal client cache] failed
2026-09-02 14:50:35  [SEVERITY] 2026 Aug 31 21:21:44 user.err awplus IMISH[18829]: Command [show reboot history | head 4] failed
2026-09-02 14:50:35  [SEVERITY] 2026 Aug 31 21:35:36 user.crit awplus IMISH[18829]: Console connection timed out.
2026-09-02 14:50:35  [SEVERITY] 2026 Aug 31 22:01:35 user.err awplus IMISH[7493]: Command [terminal length 0] failed
2026-09-02 14:50:35  [SEVERITY] 2026 Aug 31 22:01:38 user.err awplus IMISH[7493]: Command [terminal no monitor] failed
2026-09-02 14:50:35  [SEVERITY] 2026 Aug 31 22:01:42 user.err awplus IMISH[7493]: Command [show stack] failed
2026-09-02 14:50:35  [SEVERITY] 2026 Aug 31 22:01:47 user.err awplus IMISH[7493]: Command [show stack detail | include Stack port|Operational] failed
2026-09-02 14:50:35  [SEVERITY] 2026 Aug 31 22:01:52 user.err awplus IMISH[7493]: Command [show system] failed
2026-09-02 14:50:35  [SEVERITY] 2026 Aug 31 22:02:30 user.err awplus IMISH[7493]: Command [terminal length 0] failed
2026-09-02 14:50:35  [SEVERITY] 2026 Aug 31 22:02:33 user.err awplus IMISH[7493]: Command [terminal no monitor] failed
2026-09-02 14:50:35  [SEVERITY] 2026 Aug 31 22:04:41 user.crit awplus IMISH[3912]: Console connection timed out.
2026-09-02 14:50:35  [TRIGGER] 2026 Aug 31 22:10:32 kern.warning awplus kernel: boardinfo: loading out-of-tree module taints kernel.
2026-09-02 14:50:35  [TRIGGER] 2026 Aug 31 22:10:32 kern.warning awplus kernel: FAT-fs (sda1): Volume was not properly unmounted. Some data may be corrupt. Please run fsck.
2026-09-02 14:50:35  [SEVERITY] 2026 Aug 31 22:10:58 user.crit awplus-1 VCS[695]: Member 2 (84e3.2787.09c0) has joined the stack
2026-09-02 14:50:35  [SEVERITY] 2026 Aug 31 22:10:58 user.crit awplus-1 VCS[695]: Member 2 (84e3.2787.09c0) has become the Active Master
2026-09-02 14:50:35  [SEVERITY] 2026 Aug 31 22:10:58 user.crit awplus-1 VCS[695]: Stack Virtual MAC is 0000.cd37.0d6f
2026-09-02 14:50:35  [SEVERITY] 2026 Aug 31 22:10:58 local6.alert awplus-1 VCS[695]: stack member has booted from non-default location, SW version auto synchronization cannot be supported.
2026-09-02 14:50:35  [SEVERITY] 2026 Aug 31 22:10:56 local6.warning awplus licensing[720]: Stack member 1, the source of entitlements for 'URL Filtering (Kaspersky)', has rejoined the stack
2026-09-02 14:50:35  [SEVERITY] 2026 Aug 31 22:10:56 local6.warning awplus licensing[720]: Stack member 1, the source of entitlements for 'Application Control (Procera)', has rejoined the stack
2026-09-02 14:50:35  [SEVERITY] 2026 Aug 31 22:10:56 local6.warning awplus licensing[720]: Stack member 1, the source of entitlements for 'Web Control (Digital Arts)', has rejoined the stack
2026-09-02 14:50:35  [SEVERITY] 2026 Aug 31 22:10:56 local6.warning awplus licensing[720]: Stack member 1, the source of entitlements for 'IP Reputation (Proofpoint)', has rejoined the stack
2026-09-02 14:50:35  [SEVERITY] 2026 Aug 31 22:10:56 local6.warning awplus licensing[720]: Stack member 1, the source of entitlements for 'IP Reputation (LAC)', has rejoined the stack
2026-09-02 14:50:35  [SEVERITY] 2026 Aug 31 22:10:56 local6.warning awplus licensing[720]: Stack member 1, the source of entitlements for 'Malware Protection (Kaspersky)', has rejoined the stack
2026-09-02 14:50:35  [SEVERITY] 2026 Aug 31 22:10:56 local6.warning awplus licensing[720]: Stack member 1, the source of entitlements for 'Anti-virus (Kaspersky)', has rejoined the stack
2026-09-02 14:50:35  [SEVERITY] 2026 Aug 31 22:10:56 local6.warning awplus licensing[720]: Stack member 1, the source of entitlements for 'Anti-spam (Kaspersky)', has rejoined the stack
2026-09-02 14:50:35  [SEVERITY] 2026 Aug 31 22:10:56 local6.warning awplus licensing[720]: Stack member 1, the source of entitlements for 'AMF Controller', has rejoined the stack
2026-09-02 14:50:35  [SEVERITY] 2026 Aug 31 22:10:56 local6.warning awplus licensing[720]: Stack member 1, the source of entitlements for 'AMF Master', has rejoined the stack
2026-09-02 14:50:35  [SEVERITY] 2026 Aug 31 22:10:56 local6.warning awplus licensing[720]: Stack member 1, the source of entitlements for 'AMF Guest', has rejoined the stack
2026-09-02 14:50:35  [SEVERITY] 2026 Aug 31 22:10:56 local6.warning awplus licensing[720]: Stack member 1, the source of entitlements for 'OpenFlow', has rejoined the stack
2026-09-02 14:50:35  [SEVERITY] 2026 Aug 31 22:10:56 local6.warning awplus licensing[720]: Stack member 1, the source of entitlements for 'SES', has rejoined the stack
2026-09-02 14:50:35  [SEVERITY] 2026 Aug 31 22:10:56 local6.warning awplus licensing[720]: Stack member 1, the source of entitlements for 'AMF Application Proxy', has rejoined the stack
2026-09-02 14:50:35  [SEVERITY] 2026 Aug 31 22:10:56 local6.warning awplus licensing[720]: Stack member 1, the source of entitlements for 'AWC', has rejoined the stack
2026-09-02 14:50:35  [SEVERITY] 2026 Aug 31 22:10:56 local6.warning awplus licensing[720]: Stack member 1, the source of entitlements for 'AWC Channel Blanket', has rejoined the stack
2026-09-02 14:50:35  [SEVERITY] 2026 Aug 31 22:10:56 local6.warning awplus licensing[720]: Stack member 1, the source of entitlements for 'AWC Smart Connect', has rejoined the stack
2026-09-02 14:50:35  [SEVERITY] 2026 Aug 31 22:10:56 local6.warning awplus licensing[720]: Stack member 1, the source of entitlements for 'UTM Offload', has rejoined the stack
2026-09-02 14:50:35  [SEVERITY] 2026 Aug 31 22:10:56 local6.warning awplus licensing[720]: Stack member 1, the source of entitlements for 'MACsec', has rejoined the stack
2026-09-02 14:50:35  [SEVERITY] 2026 Aug 31 22:10:56 local6.warning awplus licensing[720]: Stack member 1, the source of entitlements for 'Firewall', has rejoined the stack
2026-09-02 14:50:35  [SEVERITY] 2026 Aug 31 22:10:56 local6.warning awplus licensing[720]: Stack member 1, the source of entitlements for 'VPN', has rejoined the stack
2026-09-02 14:50:35  [SEVERITY] 2026 Aug 31 22:10:56 local6.warning awplus licensing[720]: Stack member 1, the source of entitlements for 'Base AW+', has rejoined the stack
2026-09-02 14:50:35  [SEVERITY] 2026 Aug 31 22:10:56 local6.warning awplus licensing[720]: Stack member 1, the source of entitlements for 'OpenText', has rejoined the stack
2026-09-02 14:50:35  [SEVERITY] 2026 Aug 31 22:10:56 local6.warning awplus licensing[720]: Stack member 1, the source of entitlements for 'Proofpoint ETpro', has rejoined the stack
2026-09-02 14:50:35  [SEVERITY] 2026 Aug 31 22:10:56 local6.warning awplus licensing[720]: Stack member 1, the source of entitlements for 'AMFPLUS Controller', has rejoined the stack
2026-09-02 14:50:35  [SEVERITY] 2026 Aug 31 22:10:56 local6.warning awplus licensing[720]: Stack member 1, the source of entitlements for 'AMFPLUS Master', has rejoined the stack
2026-09-02 14:50:35  [SEVERITY] 2026 Aug 31 22:10:56 local6.warning awplus licensing[720]: Stack member 1, the source of entitlements for 'Bandwidth Limit', has rejoined the stack
2026-09-02 14:50:35  [SEVERITY] 2026 Aug 31 22:10:56 local6.warning awplus licensing[720]: Stack member 1, the source of entitlements for 'AMF Intermediate Node', has rejoined the stack
2026-09-02 14:50:35  [SEVERITY] 2026 Aug 31 22:11:04 daemon.warning awplus-1 chronyd[1372]: System clock wrong by -4.073954 seconds
2026-09-02 14:50:35  [SEVERITY] 2026 Aug 31 22:11:00 daemon.warning awplus-1 chronyd[1372]: System clock was stepped by -4.073954 seconds
2026-09-02 14:50:35  [SEVERITY] 2026 Aug 31 22:12:11 user.err awplus-1 IMISH[3391]: Command [sh reboot log] failed
2026-09-02 14:50:35  [SEVERITY] 2026 Aug 31 22:12:14 user.err awplus-1 IMISH[3391]: Command [sh log reboot] failed
2026-09-02 14:50:35  [SEVERITY] 2026 Aug 31 22:19:38 daemon.warning awplus-1 chronyd[2630]: Backward time jump detected!
2026-09-02 14:50:35  [SEVERITY] 2026 Sep 01 10:34:04 local6.crit awplus Pluggable[433]: port1.0.1 - 10Gb SFP+ in 1Gb SFP port not supported. Please remove.
2026-09-02 14:50:35  [SEVERITY] 2026 Sep 01 10:34:04 local6.crit awplus Pluggable[433]: Pluggable AT-SP10T inserted into port1.0.1
2026-09-02 14:50:35  [SEVERITY] 2026 Sep 01 10:34:04 local6.crit awplus Pluggable[433]: Pluggable 1-2127931-2 inserted into port1.0.27
2026-09-02 14:50:35  [SEVERITY] 2026 Sep 01 10:34:04 local6.crit awplus Pluggable[433]: Pluggable 1-2127931-2 inserted into port1.0.28
2026-09-02 14:50:35  [SEVERITY] 2026 Sep 01 10:34:04 local6.crit awplus plugcheck: port1.0.1 doesn't support this module type.
2026-09-02 14:50:35  [TRIGGER] 2026 Sep 01 10:34:06 kern.warning awplus kernel: boardinfo: loading out-of-tree module taints kernel.
2026-09-02 14:50:35  [TRIGGER] 2026 Sep 01 10:34:06 kern.warning awplus kernel: FAT-fs (sda1): Volume was not properly unmounted. Some data may be corrupt. Please run fsck.
2026-09-02 14:50:35  [SEVERITY] 2026 Sep 01 10:34:54 user.crit awplus-1 VCS[752]: Member 2 (84e3.2787.09c0) has joined the stack
2026-09-02 14:50:35  [SEVERITY] 2026 Sep 01 10:34:55 user.crit awplus-1 VCS[752]: Member 2 (84e3.2787.09c0) has become the Active Master
2026-09-02 14:50:35  [SEVERITY] 2026 Sep 01 10:34:55 user.crit awplus-1 VCS[752]: Stack Virtual MAC is 0000.cd37.0d6f
2026-09-02 14:50:35  [SEVERITY] 2026 Sep 01 10:34:55 local6.alert awplus-1 VCS[752]: stack member has booted from non-default location, SW version auto synchronization cannot be supported.
2026-09-02 14:50:35  [SEVERITY] 2026 Sep 01 10:35:03 daemon.warning awplus-1 chronyd[1672]: System clock was stepped by -0.928803 seconds
2026-09-02 14:50:35  [SEVERITY] 2026 Sep 01 11:51:49 daemon.warning awplus-1 chronyd[25792]: System clock was stepped by -0.181190 seconds
2026-09-02 14:50:35  [TRIGGER] 2026 Sep 02 05:35:52 kern.warning awplus kernel: boardinfo: loading out-of-tree module taints kernel.
2026-09-02 14:50:35  [TRIGGER] 2026 Sep 02 05:35:52 kern.warning awplus kernel: FAT-fs (sda1): Volume was not properly unmounted. Some data may be corrupt. Please run fsck.
2026-09-02 14:50:35  [SEVERITY] 2026 Sep 02 05:36:20 user.crit awplus-1 VCS[671]: Member 2 (84e3.2787.09c0) has joined the stack
2026-09-02 14:50:35  [SEVERITY] 2026 Sep 02 05:36:20 user.crit awplus-1 VCS[671]: Member 2 (84e3.2787.09c0) has become the Active Master
2026-09-02 14:50:35  [SEVERITY] 2026 Sep 02 05:36:20 user.crit awplus-1 VCS[671]: Stack Virtual MAC is 0000.cd37.0d6f
2026-09-02 14:50:35  [SEVERITY] 2026 Sep 02 05:36:20 local6.alert awplus-1 VCS[671]: stack member has booted from non-default location, SW version auto synchronization cannot be supported.
2026-09-02 14:50:35  [SEVERITY] 2026 Sep 02 05:36:22 local6.warning awplus licensing[745]: Stack member 1, the source of entitlements for 'URL Filtering (Kaspersky)', has rejoined the stack
2026-09-02 14:50:35  [SEVERITY] 2026 Sep 02 05:36:22 local6.warning awplus licensing[745]: Stack member 1, the source of entitlements for 'Application Control (Procera)', has rejoined the stack
2026-09-02 14:50:35  [SEVERITY] 2026 Sep 02 05:36:22 local6.warning awplus licensing[745]: Stack member 1, the source of entitlements for 'Web Control (Digital Arts)', has rejoined the stack
2026-09-02 14:50:35  [SEVERITY] 2026 Sep 02 05:36:22 local6.warning awplus licensing[745]: Stack member 1, the source of entitlements for 'IP Reputation (Proofpoint)', has rejoined the stack
2026-09-02 14:50:35  [SEVERITY] 2026 Sep 02 05:36:22 local6.warning awplus licensing[745]: Stack member 1, the source of entitlements for 'IP Reputation (LAC)', has rejoined the stack
2026-09-02 14:50:35  [SEVERITY] 2026 Sep 02 05:36:22 local6.warning awplus licensing[745]: Stack member 1, the source of entitlements for 'Malware Protection (Kaspersky)', has rejoined the stack
2026-09-02 14:50:35  [SEVERITY] 2026 Sep 02 05:36:22 local6.warning awplus licensing[745]: Stack member 1, the source of entitlements for 'Anti-virus (Kaspersky)', has rejoined the stack
2026-09-02 14:50:35  [SEVERITY] 2026 Sep 02 05:36:22 local6.warning awplus licensing[745]: Stack member 1, the source of entitlements for 'Anti-spam (Kaspersky)', has rejoined the stack
2026-09-02 14:50:35  [SEVERITY] 2026 Sep 02 05:36:22 local6.warning awplus licensing[745]: Stack member 1, the source of entitlements for 'AMF Controller', has rejoined the stack
2026-09-02 14:50:35  [SEVERITY] 2026 Sep 02 05:36:22 local6.warning awplus licensing[745]: Stack member 1, the source of entitlements for 'AMF Master', has rejoined the stack
2026-09-02 14:50:35  [SEVERITY] 2026 Sep 02 05:36:22 local6.warning awplus licensing[745]: Stack member 1, the source of entitlements for 'AMF Guest', has rejoined the stack
2026-09-02 14:50:35  [SEVERITY] 2026 Sep 02 05:36:22 local6.warning awplus licensing[745]: Stack member 1, the source of entitlements for 'OpenFlow', has rejoined the stack
2026-09-02 14:50:35  [SEVERITY] 2026 Sep 02 05:36:22 local6.warning awplus licensing[745]: Stack member 1, the source of entitlements for 'SES', has rejoined the stack
2026-09-02 14:50:35  [SEVERITY] 2026 Sep 02 05:36:22 local6.warning awplus licensing[745]: Stack member 1, the source of entitlements for 'AMF Application Proxy', has rejoined the stack
2026-09-02 14:50:35  [SEVERITY] 2026 Sep 02 05:36:22 local6.warning awplus licensing[745]: Stack member 1, the source of entitlements for 'AWC', has rejoined the stack
2026-09-02 14:50:35  [SEVERITY] 2026 Sep 02 05:36:22 local6.warning awplus licensing[745]: Stack member 1, the source of entitlements for 'AWC Channel Blanket', has rejoined the stack
2026-09-02 14:50:35  [SEVERITY] 2026 Sep 02 05:36:22 local6.warning awplus licensing[745]: Stack member 1, the source of entitlements for 'AWC Smart Connect', has rejoined the stack
2026-09-02 14:50:35  [SEVERITY] 2026 Sep 02 05:36:22 local6.warning awplus licensing[745]: Stack member 1, the source of entitlements for 'UTM Offload', has rejoined the stack
2026-09-02 14:50:35  [SEVERITY] 2026 Sep 02 05:36:22 local6.warning awplus licensing[745]: Stack member 1, the source of entitlements for 'MACsec', has rejoined the stack
2026-09-02 14:50:35  [SEVERITY] 2026 Sep 02 05:36:22 local6.warning awplus licensing[745]: Stack member 1, the source of entitlements for 'Firewall', has rejoined the stack
2026-09-02 14:50:35  [SEVERITY] 2026 Sep 02 05:36:22 local6.warning awplus licensing[745]: Stack member 1, the source of entitlements for 'VPN', has rejoined the stack
2026-09-02 14:50:35  [SEVERITY] 2026 Sep 02 05:36:22 local6.warning awplus licensing[745]: Stack member 1, the source of entitlements for 'Base AW+', has rejoined the stack
2026-09-02 14:50:35  [SEVERITY] 2026 Sep 02 05:36:22 local6.warning awplus licensing[745]: Stack member 1, the source of entitlements for 'OpenText', has rejoined the stack
2026-09-02 14:50:35  [SEVERITY] 2026 Sep 02 05:36:22 local6.warning awplus licensing[745]: Stack member 1, the source of entitlements for 'Proofpoint ETpro', has rejoined the stack
2026-09-02 14:50:35  [SEVERITY] 2026 Sep 02 05:36:22 local6.warning awplus licensing[745]: Stack member 1, the source of entitlements for 'AMFPLUS Controller', has rejoined the stack
2026-09-02 14:50:35  [SEVERITY] 2026 Sep 02 05:36:22 local6.warning awplus licensing[745]: Stack member 1, the source of entitlements for 'AMFPLUS Master', has rejoined the stack
2026-09-02 14:50:35  [SEVERITY] 2026 Sep 02 05:36:22 local6.warning awplus licensing[745]: Stack member 1, the source of entitlements for 'Bandwidth Limit', has rejoined the stack
2026-09-02 14:50:35  [SEVERITY] 2026 Sep 02 05:36:22 local6.warning awplus licensing[745]: Stack member 1, the source of entitlements for 'AMF Intermediate Node', has rejoined the stack
2026-09-02 14:50:35  [SEVERITY] 2026 Sep 02 05:36:26 daemon.warning awplus-1 chronyd[1422]: System clock was stepped by 0.536700 seconds
2026-09-02 14:50:35  [TRIGGER] 2026 Sep 02 10:42:53 kern.warning awplus kernel: boardinfo: loading out-of-tree module taints kernel.
2026-09-02 14:50:35  [TRIGGER] 2026 Sep 02 10:42:53 kern.warning awplus kernel: FAT-fs (sda1): Volume was not properly unmounted. Some data may be corrupt. Please run fsck.
2026-09-02 14:50:35  [SEVERITY] 2026 Sep 02 10:43:21 user.crit awplus-1 VCS[683]: Member 2 (84e3.2787.09c0) has joined the stack
2026-09-02 14:50:35  [SEVERITY] 2026 Sep 02 10:43:21 user.crit awplus-1 VCS[683]: Member 2 (84e3.2787.09c0) has become the Active Master
2026-09-02 14:50:35  [SEVERITY] 2026 Sep 02 10:43:21 user.crit awplus-1 VCS[683]: Stack Virtual MAC is 0000.cd37.0d6f
2026-09-02 14:50:35  [SEVERITY] 2026 Sep 02 10:43:21 local6.alert awplus-1 VCS[683]: stack member has booted from non-default location, SW version auto synchronization cannot be supported.
2026-09-02 14:50:35  [SEVERITY] 2026 Sep 02 10:43:23 user.alert awplus-1 VCS[683]: Software incompatibility detected for Member 1
2026-09-02 14:50:35  [SEVERITY] 2026 Sep 02 10:43:23 user.alert awplus-1 VCS[683]: SW version auto synchronization failed, Member 1 will boot as a standalone system.
2026-09-02 14:50:35  [SEVERITY] 2026 Sep 02 10:43:23 user.crit awplus-1 VCS[683]: Member 1 (84e3.2787.0740) has become the Disabled Master
2026-09-02 14:50:35  [SEVERITY] 2026 Sep 02 10:43:23 local6.warning awplus-1 VCS[683]: Virtual MAC has now been disabled
2026-09-02 14:50:35  [SEVERITY] 2026 Sep 02 10:43:23 user.crit awplus-1 VCS[683]: Stack MAC address is now 84e3.2787.0740
2026-09-02 14:50:35  [SEVERITY] 2026 Sep 02 10:43:23 user.warning awplus-1 VCS[683]: New master was not fully-synchronized - the network may be disrupted while configuration loads
2026-09-02 14:50:35  [SEVERITY] 2026 Sep 02 10:43:23 user.crit awplus-1 VCS[683]: Member 2 (84e3.2787.09c0) has left the stack
2026-09-02 14:50:35  [SEVERITY] 2026 Sep 02 10:43:23 user.err awplus-1 VCS[683]: CB: not found (tcp://192.168.255.2:9544:/vcs/proxy/2/*)
2026-09-02 14:50:35  [SEVERITY] 2026 Sep 02 10:43:23 user.err awplus-1 VCS[683]: Could not remove Apteryx proxy support for stack member 2
2026-09-02 14:50:35  [SEVERITY] 2026 Sep 02 10:43:23 user.err awplus-1 VCS[683]: CB: not found (tcp://192.168.255.2:9544:/logical-network-elements/logical-network-element/vcs-2/*)
2026-09-02 14:50:35  [SEVERITY] 2026 Sep 02 10:43:23 user.err awplus-1 VCS[683]: Could not add Apteryx mount point proxy support for stack member 2
2026-09-02 14:50:35  [SEVERITY] 2026 Sep 02 10:43:32 local6.warning awplus EXFX[681]: Resetting dynamic forwarding information
2026-09-02 14:50:35  [SEVERITY] 2026 Sep 02 10:44:04 user.warning awplus LACP[781]: re-connecting process
2026-09-02 14:50:35  [SEVERITY] 2026 Sep 02 11:17:56 user.crit awplus IMISH[21998]: Console connection timed out.
2026-09-02 14:50:35  [SEVERITY] 2026 Sep 02 11:38:09 local6.crit awplus Pluggable[443]: port1.0.1 - 10Gb SFP+ in 1Gb SFP port not supported. Please remove.
2026-09-02 14:50:35  [SEVERITY] 2026 Sep 02 11:38:09 local6.crit awplus Pluggable[443]: Pluggable AT-SP10T inserted into port1.0.1
2026-09-02 14:50:35  [SEVERITY] 2026 Sep 02 11:38:09 local6.crit awplus Pluggable[443]: Pluggable 1-2127931-2 inserted into port1.0.27
2026-09-02 14:50:35  [SEVERITY] 2026 Sep 02 11:38:09 local6.crit awplus Pluggable[443]: Pluggable 1-2127931-2 inserted into port1.0.28
2026-09-02 14:50:35  [SEVERITY] 2026 Sep 02 11:38:09 local6.crit awplus plugcheck: port1.0.1 doesn't support this module type.
2026-09-02 14:50:35  [TRIGGER] 2026 Sep 02 11:38:11 kern.warning awplus kernel: boardinfo: loading out-of-tree module taints kernel.
2026-09-02 14:50:35  [TRIGGER] 2026 Sep 02 11:38:11 kern.warning awplus kernel: FAT-fs (sda1): Volume was not properly unmounted. Some data may be corrupt. Please run fsck.
2026-09-02 14:50:35  [SEVERITY] 2026 Sep 02 11:39:03 user.alert awplus-1 VCS[781]: No neighboring members found, unit may be in a standalone configuration
2026-09-02 14:50:35  [SEVERITY] 2026 Sep 02 11:39:03 user.alert awplus-1 VCS[781]: Startup speed can be improved by adding 'no stack 1 enable' to configuration
2026-09-02 14:50:35  [SEVERITY] 2026 Sep 02 11:39:03 user.crit awplus-1 VCS[781]: Member 1 (84e3.2787.0740) has become the Active Master
2026-09-02 14:50:35  [SEVERITY] 2026 Sep 02 11:39:03 user.crit awplus-1 VCS[781]: Stack Virtual MAC is 0000.cd37.0d6f
2026-09-02 14:50:35  [SEVERITY] 2026 Sep 02 11:39:15 user.crit awplus VCS[781]: Member 2 (84e3.2787.09c0) has joined the stack
2026-09-02 14:50:35  [SEVERITY] 2026 Sep 02 11:39:40 user.err awplus apteryxd: No response from provider for path "/gui/next-filename"
2026-09-02 14:50:35  [SEVERITY] 2026 Sep 02 11:39:54 user.crit awplus IMI[719]: All users returned to config mode while switch synchronization is in progress.
2026-09-02 14:50:35  [SEVERITY] 2026 Sep 02 11:39:58 user.crit awplus NSM[729]: Insertion event on unit 2.0 has been completed
2026-09-02 14:50:35  [SEVERITY] 2026 Sep 02 11:40:15 user.crit awplus IMI[719]: Configuration update completed for port2.0.1-port2.0.28
2026-09-02 14:50:35  [SEVERITY] 2026 Sep 02 11:46:32 daemon.warning awplus chronyd[3280]: System clock wrong by 1.565065 seconds
2026-09-02 14:50:35  [SEVERITY] 2026 Sep 02 11:46:33 daemon.warning awplus chronyd[3280]: System clock was stepped by 1.565065 seconds
2026-09-02 14:50:35  [SEVERITY] 2026 Sep 02 12:00:05 user.crit awplus IMISH[4971]: Virtual Terminal connection #0 has timed out.
2026-09-02 14:50:35  [SEVERITY] 2026 Sep 02 12:23:52 user.crit awplus IMISH[3587]: Virtual Terminal connection #0 has timed out.
2026-09-02 14:50:35  [SEVERITY] 2026 Sep 02 12:36:12 user.crit awplus IMISH[13548]: Console connection timed out.
2026-09-02 14:50:35  [SEVERITY] 2026 Sep 02 13:22:40 user.err awplus apteryxd: No response from provider for path "/gui/next-filename"
2026-09-02 14:50:35  [SEVERITY] 2026 Sep 02 13:22:40 user.err awplus apteryxd[336]: Last message 'No response from pro' repeated 1 times, suppressed by syslog-ng on awplus
2026-09-02 14:50:35  [SEVERITY] 2026 Sep 02 13:23:50 user.err awplus apteryxd: No response from provider for path "/gui/next-filename"
2026-09-02 14:50:35  [SEVERITY] 2026 Sep 02 13:25:14 local6.err awplus VCS[29767]: CMSG(519).tport.host.req.tcp[192.168.255.2:9600]: Receive took 66 seconds
2026-09-02 14:50:35  [SEVERITY] 2026 Sep 02 13:25:14 local6.err awplus VCS[29948]: CMSG(519).tport.host.req.tcp[192.168.255.2:9600]: Receive took 52 seconds
2026-09-02 14:50:35  [SEVERITY] 2026 Sep 02 13:28:14 user.err awplus IMISH[13307]: Command [dir | include rel|cfg|gui|Free|boot|software] failed
2026-09-02 14:50:35  [SEVERITY] 2026 Sep 02 13:28:15 user.err awplus IMISH[13307]: Command [dir awplus-2/flash: | include rel|cfg|gui|Free|boot|software] failed
2026-09-02 14:50:35  [SEVERITY] 2026 Sep 02 13:32:24 user.err awplus IMISH[13307]: Command [\] failed
2026-09-02 14:50:35  [SEVERITY] 2026 Sep 02 13:34:16 local6.crit awplus plugcheck: port1.0.1 doesn't support this module type.
2026-09-02 14:50:35  [TRIGGER] 2026 Sep 02 13:34:18 kern.warning awplus kernel: boardinfo: loading out-of-tree module taints kernel.
2026-09-02 14:50:35  [TRIGGER] 2026 Sep 02 13:34:18 kern.warning awplus kernel: FAT-fs (sda1): Volume was not properly unmounted. Some data may be corrupt. Please run fsck.
2026-09-02 14:50:35  [SEVERITY] 2026 Sep 02 13:34:25 user.crit awplus platformd[455]: Function to update fault LED is not defined
2026-09-02 14:50:35  [SEVERITY] 2026 Sep 02 13:34:47 user.crit awplus platformd[337]: Last message 'Function to update f' repeated 1 times, suppressed by syslog-ng on awplus-1
2026-09-02 14:50:35  [SEVERITY] 2026 Sep 02 13:34:47 user.crit awplus-1 platformd[455]: Function to update fault LED is not defined
2026-09-02 14:50:35  [SEVERITY] 2026 Sep 02 13:35:11 user.crit awplus-1 platformd[337]: Last message 'Function to update f' repeated 2 times, suppressed by syslog-ng on awplus-1
2026-09-02 14:50:35  [SEVERITY] 2026 Sep 02 13:35:11 user.alert awplus-1 VCS[731]: No neighboring members found, unit may be in a standalone configuration
2026-09-02 14:50:35  [SEVERITY] 2026 Sep 02 13:35:11 user.alert awplus-1 VCS[731]: Startup speed can be improved by adding 'no stack 1 enable' to configuration
2026-09-02 14:50:35  [SEVERITY] 2026 Sep 02 13:35:11 user.crit awplus-1 VCS[731]: Member 1 (84e3.2787.0740) has become the Active Master
2026-09-02 14:50:35  [SEVERITY] 2026 Sep 02 13:35:12 user.crit awplus-1 VCS[731]: Stack Virtual MAC is 0000.cd37.0d6f
2026-09-02 14:50:35  [SEVERITY] 2026 Sep 02 13:35:12 user.crit awplus-1 platformd[455]: Function to update fault LED is not defined
2026-09-02 14:50:35  [SEVERITY] 2026 Sep 02 13:35:17 user.crit awplus-1 platformd[337]: Last message 'Function to update f' repeated 1 times, suppressed by syslog-ng on awplus
2026-09-02 14:50:35  [SEVERITY] 2026 Sep 02 13:35:17 user.crit awplus platformd[455]: Function to update fault LED is not defined
2026-09-02 14:50:35  [SEVERITY] 2026 Sep 02 13:35:54 user.crit awplus platformd[337]: Last message 'Function to update f' repeated 4 times, suppressed by syslog-ng on awplus
2026-09-02 14:50:35  [SEVERITY] 2026 Sep 02 13:35:54 user.crit awplus VCS[731]: Member 2 (84e3.2787.09c0) has joined the stack
2026-09-02 14:50:35  [SEVERITY] 2026 Sep 02 13:35:57 user.crit awplus platformd[455]: Function to update fault LED is not defined
2026-09-02 14:50:35  [SEVERITY] 2026 Sep 02 13:36:06 user.crit awplus IMI[667]: All users returned to config mode while switch synchronization is in progress.
2026-09-02 14:50:35  [SEVERITY] 2026 Sep 02 13:36:07 user.crit awplus platformd[455]: Function to update fault LED is not defined
2026-09-02 14:50:35  [SEVERITY] 2026 Sep 02 13:36:09 user.crit awplus NSM[684]: Insertion event on unit 2.0 has been completed
2026-09-02 14:50:35  [SEVERITY] 2026 Sep 02 13:36:17 user.crit awplus platformd[455]: Function to update fault LED is not defined
2026-09-02 14:50:35  [SEVERITY] 2026 Sep 02 13:36:41 user.crit awplus platformd[337]: Last message 'Function to update f' repeated 2 times, suppressed by syslog-ng on awplus
2026-09-02 14:50:35  [SEVERITY] 2026 Sep 02 13:36:41 user.crit awplus IMI[667]: Configuration update completed for port2.0.1-port2.0.28
2026-09-02 14:50:35  [SEVERITY] 2026 Sep 02 13:36:47 user.crit awplus platformd[455]: Function to update fault LED is not defined
2026-09-02 14:50:35  [SEVERITY] 2026 Sep 02 13:37:13 user.crit awplus platformd[337]: Last message 'Function to update f' repeated 2 times, suppressed by syslog-ng on awplus
2026-09-02 14:50:35  [SEVERITY] 2026 Sep 02 13:37:13 daemon.warning awplus chronyd[3030]: System clock was stepped by 0.812561 seconds
2026-09-02 14:50:35  [SEVERITY] 2026 Sep 02 13:37:18 user.crit awplus platformd[455]: Function to update fault LED is not defined
2026-09-02 14:50:35  [SEVERITY] 2026 Sep 02 13:38:27 user.crit awplus platformd[337]: Last message 'Function to update f' repeated 6 times, suppressed by syslog-ng on awplus
2026-09-02 14:50:35  [SEVERITY] 2026 Sep 02 13:38:28 user.crit awplus platformd[455]: Function to update fault LED is not defined
2026-09-02 14:50:35  [SEVERITY] 2026 Sep 02 13:39:37 user.crit awplus platformd[337]: Last message 'Function to update f' repeated 6 times, suppressed by syslog-ng on awplus
2026-09-02 14:50:35  [SEVERITY] 2026 Sep 02 13:39:38 user.crit awplus platformd[455]: Function to update fault LED is not defined
2026-09-02 14:50:35  [SEVERITY] 2026 Sep 02 13:40:47 user.crit awplus platformd[337]: Last message 'Function to update f' repeated 6 times, suppressed by syslog-ng on awplus
2026-09-02 14:50:35  [SEVERITY] 2026 Sep 02 13:40:48 user.crit awplus platformd[455]: Function to update fault LED is not defined
2026-09-02 14:50:35  [SEVERITY] 2026 Sep 02 13:41:57 user.crit awplus platformd[337]: Last message 'Function to update f' repeated 6 times, suppressed by syslog-ng on awplus
2026-09-02 14:50:35  [SEVERITY] 2026 Sep 02 13:41:58 user.crit awplus platformd[455]: Function to update fault LED is not defined
2026-09-02 14:50:35  [SEVERITY] 2026 Sep 02 13:43:07 user.crit awplus platformd[337]: Last message 'Function to update f' repeated 6 times, suppressed by syslog-ng on awplus
2026-09-02 14:50:35  [SEVERITY] 2026 Sep 02 13:43:08 user.crit awplus platformd[455]: Function to update fault LED is not defined
2026-09-02 14:50:35  [SEVERITY] 2026 Sep 02 13:44:17 user.crit awplus platformd[337]: Last message 'Function to update f' repeated 6 times, suppressed by syslog-ng on awplus
2026-09-02 14:50:35  [SEVERITY] 2026 Sep 02 13:44:18 user.crit awplus platformd[455]: Function to update fault LED is not defined
2026-09-02 14:50:35  [SEVERITY] 2026 Sep 02 13:45:28 user.crit awplus platformd[337]: Last message 'Function to update f' repeated 6 times, suppressed by syslog-ng on awplus
2026-09-02 14:50:35  [SEVERITY] 2026 Sep 02 13:45:28 user.crit awplus platformd[455]: Function to update fault LED is not defined
2026-09-02 14:50:35  [SEVERITY] 2026 Sep 02 13:46:38 user.crit awplus platformd[337]: Last message 'Function to update f' repeated 6 times, suppressed by syslog-ng on awplus
2026-09-02 14:50:35  [SEVERITY] 2026 Sep 02 13:46:38 user.crit awplus platformd[455]: Function to update fault LED is not defined
2026-09-02 14:50:35  [SEVERITY] 2026 Sep 02 13:47:48 user.crit awplus platformd[337]: Last message 'Function to update f' repeated 6 times, suppressed by syslog-ng on awplus
2026-09-02 14:50:35  [SEVERITY] 2026 Sep 02 13:47:48 user.crit awplus platformd[455]: Function to update fault LED is not defined
2026-09-02 14:50:35  [SEVERITY] 2026 Sep 02 13:48:58 user.crit awplus platformd[337]: Last message 'Function to update f' repeated 6 times, suppressed by syslog-ng on awplus
2026-09-02 14:50:35  [SEVERITY] 2026 Sep 02 13:48:58 user.crit awplus platformd[455]: Function to update fault LED is not defined
2026-09-02 14:50:35  [SEVERITY] 2026 Sep 02 13:50:08 user.crit awplus platformd[337]: Last message 'Function to update f' repeated 6 times, suppressed by syslog-ng on awplus
2026-09-02 14:50:35  [SEVERITY] 2026 Sep 02 13:50:09 user.crit awplus platformd[455]: Function to update fault LED is not defined
2026-09-02 14:50:35  [SEVERITY] 2026 Sep 02 13:51:18 user.crit awplus platformd[337]: Last message 'Function to update f' repeated 6 times, suppressed by syslog-ng on awplus
2026-09-02 14:50:35  [SEVERITY] 2026 Sep 02 13:51:19 user.crit awplus platformd[455]: Function to update fault LED is not defined
2026-09-02 14:50:35  [SEVERITY] 2026 Sep 02 13:52:28 user.crit awplus platformd[337]: Last message 'Function to update f' repeated 6 times, suppressed by syslog-ng on awplus
2026-09-02 14:50:35  [SEVERITY] 2026 Sep 02 13:52:29 user.crit awplus platformd[455]: Function to update fault LED is not defined
2026-09-02 14:50:35  [SEVERITY] 2026 Sep 02 13:53:38 user.crit awplus platformd[337]: Last message 'Function to update f' repeated 6 times, suppressed by syslog-ng on awplus
2026-09-02 14:50:35  [SEVERITY] 2026 Sep 02 13:53:39 user.crit awplus platformd[455]: Function to update fault LED is not defined
2026-09-02 14:50:35  [SEVERITY] 2026 Sep 02 13:54:48 user.crit awplus platformd[337]: Last message 'Function to update f' repeated 6 times, suppressed by syslog-ng on awplus
2026-09-02 14:50:35  [SEVERITY] 2026 Sep 02 13:54:49 user.crit awplus platformd[455]: Function to update fault LED is not defined
2026-09-02 14:50:35  [SEVERITY] 2026 Sep 02 13:55:58 user.crit awplus platformd[337]: Last message 'Function to update f' repeated 6 times, suppressed by syslog-ng on awplus
2026-09-02 14:50:35  [SEVERITY] 2026 Sep 02 13:55:59 user.crit awplus platformd[455]: Function to update fault LED is not defined
2026-09-02 14:50:35  [SEVERITY] 2026 Sep 02 13:57:08 user.crit awplus platformd[337]: Last message 'Function to update f' repeated 6 times, suppressed by syslog-ng on awplus
2026-09-02 14:50:35  [SEVERITY] 2026 Sep 02 13:57:09 user.crit awplus platformd[455]: Function to update fault LED is not defined
2026-09-02 14:50:35  [SEVERITY] 2026 Sep 02 13:58:18 user.crit awplus platformd[337]: Last message 'Function to update f' repeated 6 times, suppressed by syslog-ng on awplus
2026-09-02 14:50:35  [SEVERITY] 2026 Sep 02 13:58:19 user.crit awplus platformd[455]: Function to update fault LED is not defined
2026-09-02 14:50:35  [SEVERITY] 2026 Sep 02 13:59:28 user.crit awplus platformd[337]: Last message 'Function to update f' repeated 6 times, suppressed by syslog-ng on awplus
2026-09-02 14:50:35  [SEVERITY] 2026 Sep 02 13:59:29 user.crit awplus platformd[455]: Function to update fault LED is not defined
2026-09-02 14:50:35  [SEVERITY] 2026 Sep 02 14:00:38 user.crit awplus platformd[337]: Last message 'Function to update f' repeated 6 times, suppressed by syslog-ng on awplus
2026-09-02 14:50:35  [SEVERITY] 2026 Sep 02 14:00:39 user.crit awplus platformd[455]: Function to update fault LED is not defined
2026-09-02 14:50:35  [SEVERITY] 2026 Sep 02 14:07:35 local6.crit awplus Pluggable[455]: port1.0.1 - 10Gb SFP+ in 1Gb SFP port not supported. Please remove.
2026-09-02 14:50:35  [SEVERITY] 2026 Sep 02 14:07:35 local6.crit awplus Pluggable[455]: Pluggable AT-SP10T inserted into port1.0.1
2026-09-02 14:50:35  [SEVERITY] 2026 Sep 02 14:07:35 local6.crit awplus Pluggable[455]: Pluggable 1-2127931-2 inserted into port1.0.27
2026-09-02 14:50:35  [SEVERITY] 2026 Sep 02 14:07:35 local6.crit awplus Pluggable[455]: Pluggable 1-2127931-2 inserted into port1.0.28
2026-09-02 14:50:35  [SEVERITY] 2026 Sep 02 14:07:36 local6.crit awplus plugcheck: port1.0.1 doesn't support this module type.
2026-09-02 14:50:35  [TRIGGER] 2026 Sep 02 14:07:37 kern.warning awplus kernel: boardinfo: loading out-of-tree module taints kernel.
2026-09-02 14:50:35  [TRIGGER] 2026 Sep 02 14:07:37 kern.warning awplus kernel: FAT-fs (sda1): Volume was not properly unmounted. Some data may be corrupt. Please run fsck.
2026-09-02 14:50:35  [SEVERITY] 2026 Sep 02 14:08:23 user.crit awplus-1 VCS[747]: Member 2 (84e3.2787.09c0) has joined the stack
2026-09-02 14:50:35  [SEVERITY] 2026 Sep 02 14:08:24 user.crit awplus-1 VCS[747]: Member 2 (84e3.2787.09c0) has become the Active Master
2026-09-02 14:50:35  [SEVERITY] 2026 Sep 02 14:08:24 user.crit awplus-1 VCS[747]: Stack Virtual MAC is 0000.cd37.0d6f
2026-09-02 14:50:35  [SEVERITY] 2026 Sep 02 14:08:24 local6.alert awplus-1 VCS[747]: stack member has booted from non-default location, SW version auto synchronization cannot be supported.
2026-09-02 14:50:35  [SEVERITY] 2026 Sep 02 14:11:38 daemon.warning awplus-1 chronyd[3545]: System clock was stepped by 0.871772 seconds
2026-09-02 14:50:35  [SEVERITY] 2026 Sep 02 14:12:43 daemon.warning awplus-1 chronyd[3545]: System clock was stepped by 0.249278 seconds
2026-09-02 14:50:35  [SEVERITY] 2026 Sep 02 14:14:54 daemon.warning awplus-1 chronyd[3545]: System clock was stepped by 0.344448 seconds
2026-09-02 14:50:35  [SEVERITY] 2026 Sep 02 14:15:59 daemon.warning awplus-1 chronyd[3545]: System clock was stepped by -0.266733 seconds
2026-09-02 14:50:35  [SEVERITY] 2026 Sep 02 14:17:03 daemon.warning awplus-1 chronyd[3545]: System clock was stepped by -0.169176 seconds
2026-09-02 14:50:35  [SEVERITY] 2026 Sep 02 05:36:20 user.crit awplus VCS[816]: Member 1 (84e3.2787.0740) has joined the stack
2026-09-02 14:50:35  [SEVERITY] 2026 Sep 02 05:36:21 user.err awplus cmsg_psd: Bulk sync to remote 1ffa8c0 failed
2026-09-02 14:50:35  [SEVERITY] 2026 Sep 02 05:36:30 user.crit awplus IMI[733]: All users returned to config mode while switch synchronization is in progress.
2026-09-02 14:50:35  [SEVERITY] 2026 Sep 02 05:36:34 user.crit awplus NSM[760]: Insertion event on unit 1.0 has been completed
2026-09-02 14:50:35  [SEVERITY] 2026 Sep 02 05:37:04 user.crit awplus IMI[733]: Configuration update completed for port1.0.1-port1.0.28
2026-09-02 14:50:35  [SEVERITY] 2026 Sep 02 09:20:22 user.err awplus IMISH[26488]: Command [dir stack-member 1] failed
2026-09-02 14:50:35  [SEVERITY] 2026 Sep 02 09:30:24 user.crit awplus IMISH[26488]: Console connection timed out.
2026-09-02 14:50:35  [SEVERITY] 2026 Sep 02 10:14:52 user.err awplus IMISH[8933]: Command [eb] failed
2026-09-02 14:50:35  [SEVERITY] 2026 Sep 02 10:14:57 user.err awplus IMISH[8933]: Command [eco mode] failed
2026-09-02 14:50:35  [SEVERITY] 2026 Sep 02 10:25:06 user.crit awplus IMISH[8933]: Console connection timed out.
2026-09-02 14:50:35  [TRIGGER] 2026 Sep 02 10:40:53 kern.alert awplus kernel: tipc: No contact from member-1 for 2000ms (3/6 probes timed out)
2026-09-02 14:50:35  [TRIGGER] 2026 Sep 02 10:40:53 kern.alert awplus kernel: tipc: No contact from member-1 for 2500ms (4/6 probes timed out)
2026-09-02 14:50:35  [TRIGGER] 2026 Sep 02 10:40:55 kern.warning awplus kernel: tipc: Member-1 not responding - resetting link from member-2 to peer
2026-09-02 14:50:35  [SEVERITY] 2026 Sep 02 10:40:57 user.err awplus VCS[816]: stack member 1 has become unreachable via Layer-2 traffic
2026-09-02 14:50:35  [SEVERITY] 2026 Sep 02 10:40:57 user.crit awplus VCS[816]: High-availability failover has occurred for stack member 1
2026-09-02 14:50:35  [SEVERITY] 2026 Sep 02 10:40:57 local6.warning awplus licensing[745]: Stack member 1, the source of entitlements for 'URL Filtering (Kaspersky)', has left the stack
2026-09-02 14:50:35  [SEVERITY] 2026 Sep 02 10:40:57 user.crit awplus VCS[816]: Member 1 (84e3.2787.0740) has left the stack
2026-09-02 14:50:35  [SEVERITY] 2026 Sep 02 10:40:57 local6.warning awplus licensing[745]: Stack member 1, the source of entitlements for 'Application Control (Procera)', has left the stack
2026-09-02 14:50:35  [SEVERITY] 2026 Sep 02 10:40:57 local6.warning awplus licensing[745]: Stack member 1, the source of entitlements for 'Web Control (Digital Arts)', has left the stack
2026-09-02 14:50:35  [SEVERITY] 2026 Sep 02 10:40:57 local6.warning awplus licensing[745]: Stack member 1, the source of entitlements for 'IP Reputation (Proofpoint)', has left the stack
2026-09-02 14:50:35  [SEVERITY] 2026 Sep 02 10:40:57 local6.warning awplus licensing[745]: Stack member 1, the source of entitlements for 'IP Reputation (LAC)', has left the stack
2026-09-02 14:50:35  [SEVERITY] 2026 Sep 02 10:40:57 local6.warning awplus licensing[745]: Stack member 1, the source of entitlements for 'Malware Protection (Kaspersky)', has left the stack
2026-09-02 14:50:35  [SEVERITY] 2026 Sep 02 10:40:57 local6.warning awplus licensing[745]: Stack member 1, the source of entitlements for 'Anti-virus (Kaspersky)', has left the stack
2026-09-02 14:50:35  [SEVERITY] 2026 Sep 02 10:40:57 local6.warning awplus licensing[745]: Stack member 1, the source of entitlements for 'Anti-spam (Kaspersky)', has left the stack
2026-09-02 14:50:35  [SEVERITY] 2026 Sep 02 10:40:57 local6.warning awplus licensing[745]: Stack member 1, the source of entitlements for 'AMF Controller', has left the stack
2026-09-02 14:50:35  [SEVERITY] 2026 Sep 02 10:40:57 local6.warning awplus licensing[745]: Stack member 1, the source of entitlements for 'AMF Master', has left the stack
2026-09-02 14:50:35  [SEVERITY] 2026 Sep 02 10:40:57 local6.warning awplus licensing[745]: Stack member 1, the source of entitlements for 'AMF Guest', has left the stack
2026-09-02 14:50:35  [SEVERITY] 2026 Sep 02 10:40:57 local6.warning awplus licensing[745]: Stack member 1, the source of entitlements for 'OpenFlow', has left the stack
2026-09-02 14:50:35  [SEVERITY] 2026 Sep 02 10:40:57 local6.warning awplus licensing[745]: Stack member 1, the source of entitlements for 'SES', has left the stack
2026-09-02 14:50:35  [SEVERITY] 2026 Sep 02 10:40:57 local6.warning awplus licensing[745]: Stack member 1, the source of entitlements for 'AMF Application Proxy', has left the stack
2026-09-02 14:50:35  [SEVERITY] 2026 Sep 02 10:40:57 local6.warning awplus licensing[745]: Stack member 1, the source of entitlements for 'AWC', has left the stack
2026-09-02 14:50:35  [SEVERITY] 2026 Sep 02 10:40:57 local6.warning awplus licensing[745]: Stack member 1, the source of entitlements for 'AWC Channel Blanket', has left the stack
2026-09-02 14:50:35  [SEVERITY] 2026 Sep 02 10:40:57 local6.warning awplus licensing[745]: Stack member 1, the source of entitlements for 'AWC Smart Connect', has left the stack
2026-09-02 14:50:35  [SEVERITY] 2026 Sep 02 10:40:57 local6.warning awplus licensing[745]: Stack member 1, the source of entitlements for 'UTM Offload', has left the stack
2026-09-02 14:50:35  [SEVERITY] 2026 Sep 02 10:40:57 local6.warning awplus licensing[745]: Stack member 1, the source of entitlements for 'MACsec', has left the stack
2026-09-02 14:50:35  [SEVERITY] 2026 Sep 02 10:40:57 local6.warning awplus licensing[745]: Stack member 1, the source of entitlements for 'Firewall', has left the stack
2026-09-02 14:50:35  [SEVERITY] 2026 Sep 02 10:40:57 local6.warning awplus licensing[745]: Stack member 1, the source of entitlements for 'VPN', has left the stack
2026-09-02 14:50:35  [SEVERITY] 2026 Sep 02 10:40:57 local6.warning awplus licensing[745]: Stack member 1, the source of entitlements for 'Base AW+', has left the stack
2026-09-02 14:50:35  [SEVERITY] 2026 Sep 02 10:40:57 local6.warning awplus licensing[745]: Stack member 1, the source of entitlements for 'OpenText', has left the stack
2026-09-02 14:50:35  [SEVERITY] 2026 Sep 02 10:40:57 local6.warning awplus licensing[745]: Stack member 1, the source of entitlements for 'Proofpoint ETpro', has left the stack
2026-09-02 14:50:35  [SEVERITY] 2026 Sep 02 10:40:57 local6.warning awplus licensing[745]: Stack member 1, the source of entitlements for 'AMFPLUS Controller', has left the stack
2026-09-02 14:50:35  [SEVERITY] 2026 Sep 02 10:40:57 local6.warning awplus licensing[745]: Stack member 1, the source of entitlements for 'AMFPLUS Master', has left the stack
2026-09-02 14:50:35  [SEVERITY] 2026 Sep 02 10:40:57 local6.warning awplus licensing[745]: Stack member 1, the source of entitlements for 'Bandwidth Limit', has left the stack
2026-09-02 14:50:35  [SEVERITY] 2026 Sep 02 10:40:57 local6.warning awplus licensing[745]: Stack member 1, the source of entitlements for 'AMF Intermediate Node', has left the stack
2026-09-02 14:50:35  [SEVERITY] 2026 Sep 02 10:40:57 local6.err awplus VCS[30349]: CMSG(220).tport.host.req.tcp[192.168.255.1:9600]: Failed to connect to remote host. Error:Software caused connection abort
2026-09-02 14:50:35  [SEVERITY] 2026 Sep 02 10:41:02 user.crit awplus NSM[760]: Removal event on unit 1.0 has been completed
2026-09-02 14:50:35  [SEVERITY] 2026 Sep 02 10:43:21 user.crit awplus VCS[816]: Member 1 (84e3.2787.0740) has joined the stack
2026-09-02 14:50:35  [SEVERITY] 2026 Sep 02 10:43:23 user.alert awplus VCS[816]: Software incompatibility detected for Member 1
2026-09-02 14:50:35  [SEVERITY] 2026 Sep 02 10:43:23 user.alert awplus VCS[816]: SW version auto synchronization failed, Member 1 will boot as a standalone system.
2026-09-02 14:50:35  [SEVERITY] 2026 Sep 02 10:43:23 local6.warning awplus licensing[745]: Stack member 1, the source of entitlements for 'URL Filtering (Kaspersky)', has left the stack
2026-09-02 14:50:35  [SEVERITY] 2026 Sep 02 10:43:23 user.crit awplus VCS[816]: Member 1 (84e3.2787.0740) has left the stack
2026-09-02 14:50:35  [SEVERITY] 2026 Sep 02 10:43:23 local6.warning awplus licensing[745]: Stack member 1, the source of entitlements for 'Application Control (Procera)', has left the stack
2026-09-02 14:50:35  [SEVERITY] 2026 Sep 02 10:43:23 local6.warning awplus licensing[745]: Stack member 1, the source of entitlements for 'Web Control (Digital Arts)', has left the stack
2026-09-02 14:50:35  [SEVERITY] 2026 Sep 02 10:43:23 local6.warning awplus licensing[745]: Stack member 1, the source of entitlements for 'IP Reputation (Proofpoint)', has left the stack
2026-09-02 14:50:35  [SEVERITY] 2026 Sep 02 10:43:23 local6.warning awplus licensing[745]: Stack member 1, the source of entitlements for 'IP Reputation (LAC)', has left the stack
2026-09-02 14:50:35  [SEVERITY] 2026 Sep 02 10:43:23 local6.warning awplus licensing[745]: Stack member 1, the source of entitlements for 'Malware Protection (Kaspersky)', has left the stack
2026-09-02 14:50:35  [SEVERITY] 2026 Sep 02 10:43:23 local6.warning awplus licensing[745]: Stack member 1, the source of entitlements for 'Anti-virus (Kaspersky)', has left the stack
2026-09-02 14:50:35  [SEVERITY] 2026 Sep 02 10:43:23 local6.warning awplus licensing[745]: Stack member 1, the source of entitlements for 'Anti-spam (Kaspersky)', has left the stack
2026-09-02 14:50:35  [SEVERITY] 2026 Sep 02 10:43:23 local6.warning awplus licensing[745]: Stack member 1, the source of entitlements for 'AMF Controller', has left the stack
2026-09-02 14:50:35  [SEVERITY] 2026 Sep 02 10:43:23 local6.warning awplus licensing[745]: Stack member 1, the source of entitlements for 'AMF Master', has left the stack
2026-09-02 14:50:35  [SEVERITY] 2026 Sep 02 10:43:23 local6.warning awplus licensing[745]: Stack member 1, the source of entitlements for 'AMF Guest', has left the stack
2026-09-02 14:50:35  [SEVERITY] 2026 Sep 02 10:43:23 local6.warning awplus licensing[745]: Stack member 1, the source of entitlements for 'OpenFlow', has left the stack
2026-09-02 14:50:35  [SEVERITY] 2026 Sep 02 10:43:23 user.err awplus VCS[816]: CB: not found (tcp://192.168.255.1:9544:/vcs/proxy/1/*)
2026-09-02 14:50:35  [SEVERITY] 2026 Sep 02 10:43:23 user.err awplus VCS[816]: Could not remove Apteryx proxy support for stack member 1
2026-09-02 14:50:35  [SEVERITY] 2026 Sep 02 10:43:23 local6.warning awplus licensing[745]: Stack member 1, the source of entitlements for 'SES', has left the stack
2026-09-02 14:50:35  [SEVERITY] 2026 Sep 02 10:43:23 user.err awplus VCS[816]: CB: not found (tcp://192.168.255.1:9544:/logical-network-elements/logical-network-element/vcs-1/*)
2026-09-02 14:50:35  [SEVERITY] 2026 Sep 02 10:43:23 user.err awplus VCS[816]: Could not add Apteryx mount point proxy support for stack member 1
2026-09-02 14:50:35  [SEVERITY] 2026 Sep 02 10:43:23 local6.warning awplus licensing[745]: Stack member 1, the source of entitlements for 'AMF Application Proxy', has left the stack
2026-09-02 14:50:35  [SEVERITY] 2026 Sep 02 10:43:23 local6.warning awplus licensing[745]: Stack member 1, the source of entitlements for 'AWC', has left the stack
2026-09-02 14:50:35  [SEVERITY] 2026 Sep 02 10:43:23 local6.warning awplus licensing[745]: Stack member 1, the source of entitlements for 'AWC Channel Blanket', has left the stack
2026-09-02 14:50:35  [SEVERITY] 2026 Sep 02 10:43:23 local6.warning awplus licensing[745]: Stack member 1, the source of entitlements for 'AWC Smart Connect', has left the stack
2026-09-02 14:50:35  [SEVERITY] 2026 Sep 02 10:43:23 local6.warning awplus licensing[745]: Stack member 1, the source of entitlements for 'UTM Offload', has left the stack
2026-09-02 14:50:35  [SEVERITY] 2026 Sep 02 10:43:23 local6.warning awplus licensing[745]: Stack member 1, the source of entitlements for 'MACsec', has left the stack
2026-09-02 14:50:35  [SEVERITY] 2026 Sep 02 10:43:23 local6.warning awplus licensing[745]: Stack member 1, the source of entitlements for 'Firewall', has left the stack
2026-09-02 14:50:35  [SEVERITY] 2026 Sep 02 10:43:23 local6.warning awplus licensing[745]: Stack member 1, the source of entitlements for 'VPN', has left the stack
2026-09-02 14:50:35  [SEVERITY] 2026 Sep 02 10:43:23 local6.warning awplus licensing[745]: Stack member 1, the source of entitlements for 'Base AW+', has left the stack
2026-09-02 14:50:35  [SEVERITY] 2026 Sep 02 10:43:23 local6.warning awplus licensing[745]: Stack member 1, the source of entitlements for 'OpenText', has left the stack
2026-09-02 14:50:35  [SEVERITY] 2026 Sep 02 10:43:23 local6.warning awplus licensing[745]: Stack member 1, the source of entitlements for 'Proofpoint ETpro', has left the stack
2026-09-02 14:50:35  [SEVERITY] 2026 Sep 02 10:43:24 local6.warning awplus licensing[745]: Stack member 1, the source of entitlements for 'AMFPLUS Controller', has left the stack
2026-09-02 14:50:35  [SEVERITY] 2026 Sep 02 10:43:24 local6.warning awplus licensing[745]: Stack member 1, the source of entitlements for 'AMFPLUS Master', has left the stack
2026-09-02 14:50:35  [SEVERITY] 2026 Sep 02 10:43:24 local6.warning awplus licensing[745]: Stack member 1, the source of entitlements for 'Bandwidth Limit', has left the stack
2026-09-02 14:50:35  [SEVERITY] 2026 Sep 02 10:43:24 local6.warning awplus licensing[745]: Stack member 1, the source of entitlements for 'AMF Intermediate Node', has left the stack
2026-09-02 14:50:35  [SEVERITY] 2026 Sep 02 11:16:56 user.crit awplus IMISH[15790]: Console connection timed out.
2026-09-02 14:50:35  [SEVERITY] 2026 Sep 02 11:34:08 user.crit awplus IMISH[30707]: Console connection timed out.
2026-09-02 14:50:35  [SEVERITY] 2026 Sep 02 11:38:43 local6.crit awplus Pluggable[468]: port2.0.1 - 10Gb SFP+ in 1Gb SFP port not supported. Please remove.
2026-09-02 14:50:35  [SEVERITY] 2026 Sep 02 11:38:43 local6.crit awplus Pluggable[468]: Pluggable AT-SP10TM inserted into port2.0.1
2026-09-02 14:50:35  [SEVERITY] 2026 Sep 02 11:38:43 local6.crit awplus Pluggable[468]: port2.0.5 - 10Gb SFP+ in 1Gb SFP port not supported. Please remove.
2026-09-02 14:50:35  [SEVERITY] 2026 Sep 02 11:38:43 local6.crit awplus Pluggable[468]: Pluggable AT-SP10SR inserted into port2.0.5
2026-09-02 14:50:35  [SEVERITY] 2026 Sep 02 11:38:43 local6.crit awplus Pluggable[468]: Pluggable SFP LOOPBACK V2 inserted into port2.0.6
2026-09-02 14:50:35  [SEVERITY] 2026 Sep 02 11:38:43 local6.crit awplus Pluggable[468]: Pluggable AT-SPSX inserted into port2.0.7
2026-09-02 14:50:35  [SEVERITY] 2026 Sep 02 11:38:43 local6.crit awplus Pluggable[468]: Pluggable SFP LOOPBACK V2 inserted into port2.0.8
2026-09-02 14:50:35  [SEVERITY] 2026 Sep 02 11:38:43 local6.crit awplus Pluggable[468]: Pluggable AT-SPTXc inserted into port2.0.9
2026-09-02 14:50:35  [SEVERITY] 2026 Sep 02 11:38:43 local6.crit awplus Pluggable[468]: port2.0.11 - 10Gb SFP+ in 1Gb SFP port not supported. Please remove.
2026-09-02 14:50:35  [SEVERITY] 2026 Sep 02 11:38:43 local6.crit awplus Pluggable[468]: Pluggable AT-SP10SR inserted into port2.0.11
2026-09-02 14:50:35  [SEVERITY] 2026 Sep 02 11:38:43 local6.crit awplus Pluggable[468]: port2.0.13 - 10Gb SFP+ in 1Gb SFP port not supported. Please remove.
2026-09-02 14:50:35  [SEVERITY] 2026 Sep 02 11:38:43 local6.crit awplus Pluggable[468]: Pluggable AT-SP10SR inserted into port2.0.13
2026-09-02 14:50:35  [SEVERITY] 2026 Sep 02 11:38:43 local6.crit awplus Pluggable[468]: Pluggable SFP LOOPBACK V2 inserted into port2.0.14
2026-09-02 14:50:35  [SEVERITY] 2026 Sep 02 11:38:43 local6.crit awplus Pluggable[468]: Pluggable AT-SPSX inserted into port2.0.15
2026-09-02 14:50:35  [SEVERITY] 2026 Sep 02 11:38:43 local6.crit awplus Pluggable[468]: Pluggable SFP LOOPBACK V2 inserted into port2.0.16
2026-09-02 14:50:35  [SEVERITY] 2026 Sep 02 11:38:43 local6.crit awplus Pluggable[468]: port2.0.17 - 10Gb SFP+ in 1Gb SFP port not supported. Please remove.
2026-09-02 14:50:35  [SEVERITY] 2026 Sep 02 11:38:43 local6.crit awplus Pluggable[468]: Pluggable AT-SP10SR inserted into port2.0.17
2026-09-02 14:50:35  [SEVERITY] 2026 Sep 02 11:38:44 local6.crit awplus Pluggable[468]: Pluggable AT-SPSX inserted into port2.0.21
2026-09-02 14:50:35  [SEVERITY] 2026 Sep 02 11:38:44 local6.crit awplus Pluggable[468]: Pluggable AT-SPSX inserted into port2.0.23
2026-09-02 14:50:35  [SEVERITY] 2026 Sep 02 11:38:44 local6.crit awplus Pluggable[468]: Pluggable 1-2127931-2 inserted into port2.0.27
2026-09-02 14:50:35  [SEVERITY] 2026 Sep 02 11:38:44 local6.crit awplus Pluggable[468]: Pluggable 1-2127931-2 inserted into port2.0.28
2026-09-02 14:50:35  [SEVERITY] 2026 Sep 02 11:38:45 local6.crit awplus plugcheck: port2.0.11 doesn't support this module type.
2026-09-02 14:50:35  [SEVERITY] 2026 Sep 02 11:38:45 local6.crit awplus plugcheck: port2.0.1 doesn't support this module type.
2026-09-02 14:50:35  [SEVERITY] 2026 Sep 02 11:38:45 local6.crit awplus plugcheck: port2.0.13 doesn't support this module type.
2026-09-02 14:50:35  [SEVERITY] 2026 Sep 02 11:38:45 local6.crit awplus plugcheck: port2.0.5 doesn't support this module type.
2026-09-02 14:50:35  [SEVERITY] 2026 Sep 02 11:38:45 local6.crit awplus plugcheck: port2.0.17 doesn't support this module type.
2026-09-02 14:50:35  [TRIGGER] 2026 Sep 02 11:38:46 kern.warning awplus kernel: boardinfo: loading out-of-tree module taints kernel.
2026-09-02 14:50:35  [TRIGGER] 2026 Sep 02 11:38:46 kern.warning awplus kernel: sd 0:0:0:0: [sda] No Caching mode page found
2026-09-02 14:50:35  [TRIGGER] 2026 Sep 02 11:38:46 kern.warning awplus kernel: sd 0:0:0:0: [sda] Assuming drive cache: write through
2026-09-02 14:50:35  [TRIGGER] 2026 Sep 02 11:38:46 kern.warning awplus kernel: FAT-fs (sda1): Volume was not properly unmounted. Some data may be corrupt. Please run fsck.
2026-09-02 14:50:35  [SEVERITY] 2026 Sep 02 11:39:15 user.crit awplus-2 VCS[866]: Member 1 (84e3.2787.0740) has joined the stack
2026-09-02 14:50:35  [SEVERITY] 2026 Sep 02 11:39:15 user.crit awplus-2 VCS[866]: Member 1 (84e3.2787.0740) has become the Active Master
2026-09-02 14:50:35  [SEVERITY] 2026 Sep 02 11:39:15 user.crit awplus-2 VCS[866]: Stack Virtual MAC is 0000.cd37.0d6f
2026-09-02 14:50:35  [SEVERITY] 2026 Sep 02 11:39:15 local6.alert awplus-2 VCS[866]: stack member has booted from non-default location, SW version auto synchronization cannot be supported.
2026-09-02 14:50:35  [SEVERITY] 2026 Sep 02 11:39:21 daemon.warning awplus-2 chronyd[1548]: System clock was stepped by -0.617957 seconds
2026-09-02 14:50:35  [SEVERITY] 2026 Sep 02 11:46:49 daemon.warning awplus-2 chronyd[3107]: System clock was stepped by 0.859413 seconds
2026-09-02 14:50:35  [SEVERITY] 2026 Sep 02 11:47:54 daemon.warning awplus-2 chronyd[3107]: System clock was stepped by 0.634204 seconds
2026-09-02 14:50:35  [SEVERITY] 2026 Sep 02 11:48:59 daemon.warning awplus-2 chronyd[3107]: System clock was stepped by 0.171720 seconds
2026-09-02 14:50:35  [SEVERITY] 2026 Sep 02 11:50:04 daemon.warning awplus-2 chronyd[3107]: System clock was stepped by 0.240459 seconds
2026-09-02 14:50:35  [SEVERITY] 2026 Sep 02 11:51:08 daemon.warning awplus-2 chronyd[3107]: System clock was stepped by -0.217666 seconds
2026-09-02 14:50:35  [SEVERITY] 2026 Sep 02 11:52:13 daemon.warning awplus-2 chronyd[3107]: System clock was stepped by -0.122978 seconds
2026-09-02 14:50:35  [SEVERITY] 2026 Sep 02 13:35:25 local6.crit awplus plugcheck: port2.0.11 doesn't support this module type.
2026-09-02 14:50:35  [SEVERITY] 2026 Sep 02 13:35:25 local6.crit awplus plugcheck: port2.0.1 doesn't support this module type.
2026-09-02 14:50:35  [SEVERITY] 2026 Sep 02 13:35:25 local6.crit awplus plugcheck: port2.0.13 doesn't support this module type.
2026-09-02 14:50:35  [SEVERITY] 2026 Sep 02 13:35:25 local6.crit awplus plugcheck: port2.0.5 doesn't support this module type.
2026-09-02 14:50:35  [SEVERITY] 2026 Sep 02 13:35:25 local6.crit awplus plugcheck: port2.0.17 doesn't support this module type.
2026-09-02 14:50:35  [TRIGGER] 2026 Sep 02 13:35:26 kern.warning awplus kernel: boardinfo: loading out-of-tree module taints kernel.
2026-09-02 14:50:35  [TRIGGER] 2026 Sep 02 13:35:26 kern.warning awplus kernel: sd 0:0:0:0: [sda] No Caching mode page found
2026-09-02 14:50:35  [TRIGGER] 2026 Sep 02 13:35:26 kern.warning awplus kernel: sd 0:0:0:0: [sda] Assuming drive cache: write through
2026-09-02 14:50:35  [TRIGGER] 2026 Sep 02 13:35:26 kern.warning awplus kernel: FAT-fs (sda1): Volume was not properly unmounted. Some data may be corrupt. Please run fsck.
2026-09-02 14:50:35  [SEVERITY] 2026 Sep 02 13:35:33 user.crit awplus platformd[433]: Function to update fault LED is not defined
2026-09-02 14:50:35  [SEVERITY] 2026 Sep 02 13:35:54 user.crit awplus platformd[333]: Last message 'Function to update f' repeated 1 times, suppressed by syslog-ng on awplus-2
2026-09-02 14:50:35  [SEVERITY] 2026 Sep 02 13:35:54 user.crit awplus-2 VCS[802]: Member 1 (84e3.2787.0740) has joined the stack
2026-09-02 14:50:35  [SEVERITY] 2026 Sep 02 13:35:54 user.crit awplus-2 VCS[802]: Member 1 (84e3.2787.0740) has become the Active Master
2026-09-02 14:50:35  [SEVERITY] 2026 Sep 02 13:35:54 user.crit awplus-2 VCS[802]: Stack Virtual MAC is 0000.cd37.0d6f
2026-09-02 14:50:35  [SEVERITY] 2026 Sep 02 13:35:54 local6.alert awplus-2 VCS[802]: stack member has booted from non-default location, SW version auto synchronization cannot be supported.
2026-09-02 14:50:35  [SEVERITY] 2026 Sep 02 13:35:55 user.crit awplus-2 platformd[433]: Function to update fault LED is not defined
2026-09-02 14:50:35  [SEVERITY] 2026 Sep 02 13:36:01 user.crit awplus-2 platformd[333]: Last message 'Function to update f' repeated 2 times, suppressed by syslog-ng on awplus-2
2026-09-02 14:50:35  [SEVERITY] 2026 Sep 02 13:36:00 daemon.warning awplus-2 chronyd[1405]: System clock was stepped by -0.180019 seconds
2026-09-02 14:50:35  [SEVERITY] 2026 Sep 02 13:36:05 user.crit awplus-2 platformd[433]: Function to update fault LED is not defined
2026-09-02 14:50:35  [SEVERITY] 2026 Sep 02 13:37:15 user.crit awplus-2 platformd[333]: Last message 'Function to update f' repeated 6 times, suppressed by syslog-ng on awplus-2
2026-09-02 14:50:35  [SEVERITY] 2026 Sep 02 13:37:15 user.crit awplus-2 platformd[433]: Function to update fault LED is not defined
2026-09-02 14:50:35  [SEVERITY] 2026 Sep 02 13:37:44 user.crit awplus-2 platformd[333]: Last message 'Function to update f' repeated 2 times, suppressed by syslog-ng on awplus-2
2026-09-02 14:50:35  [SEVERITY] 2026 Sep 02 13:37:44 daemon.warning awplus-2 chronyd[2481]: System clock was stepped by 0.792969 seconds
2026-09-02 14:50:35  [SEVERITY] 2026 Sep 02 13:37:46 user.crit awplus-2 platformd[433]: Function to update fault LED is not defined
2026-09-02 14:50:35  [SEVERITY] 2026 Sep 02 13:38:55 user.crit awplus-2 platformd[333]: Last message 'Function to update f' repeated 6 times, suppressed by syslog-ng on awplus-2
2026-09-02 14:50:35  [SEVERITY] 2026 Sep 02 13:38:56 user.crit awplus-2 platformd[433]: Function to update fault LED is not defined
2026-09-02 14:50:35  [SEVERITY] 2026 Sep 02 13:40:05 user.crit awplus-2 platformd[333]: Last message 'Function to update f' repeated 6 times, suppressed by syslog-ng on awplus-2
2026-09-02 14:50:35  [SEVERITY] 2026 Sep 02 13:40:06 user.crit awplus-2 platformd[433]: Function to update fault LED is not defined
2026-09-02 14:50:35  [SEVERITY] 2026 Sep 02 13:41:15 user.crit awplus-2 platformd[333]: Last message 'Function to update f' repeated 6 times, suppressed by syslog-ng on awplus-2
2026-09-02 14:50:35  [SEVERITY] 2026 Sep 02 13:41:16 user.crit awplus-2 platformd[433]: Function to update fault LED is not defined
2026-09-02 14:50:35  [SEVERITY] 2026 Sep 02 13:42:25 user.crit awplus-2 platformd[333]: Last message 'Function to update f' repeated 6 times, suppressed by syslog-ng on awplus-2
2026-09-02 14:50:35  [SEVERITY] 2026 Sep 02 13:42:26 user.crit awplus-2 platformd[433]: Function to update fault LED is not defined
2026-09-02 14:50:35  [SEVERITY] 2026 Sep 02 13:43:35 user.crit awplus-2 platformd[333]: Last message 'Function to update f' repeated 6 times, suppressed by syslog-ng on awplus-2
2026-09-02 14:50:35  [SEVERITY] 2026 Sep 02 13:43:36 user.crit awplus-2 platformd[433]: Function to update fault LED is not defined
2026-09-02 14:50:35  [SEVERITY] 2026 Sep 02 13:44:45 user.crit awplus-2 platformd[333]: Last message 'Function to update f' repeated 6 times, suppressed by syslog-ng on awplus-2
2026-09-02 14:50:35  [SEVERITY] 2026 Sep 02 13:44:46 user.crit awplus-2 platformd[433]: Function to update fault LED is not defined
2026-09-02 14:50:35  [SEVERITY] 2026 Sep 02 13:45:56 user.crit awplus-2 platformd[333]: Last message 'Function to update f' repeated 6 times, suppressed by syslog-ng on awplus-2
2026-09-02 14:50:35  [SEVERITY] 2026 Sep 02 13:45:56 user.crit awplus-2 platformd[433]: Function to update fault LED is not defined
2026-09-02 14:50:35  [SEVERITY] 2026 Sep 02 13:47:06 user.crit awplus-2 platformd[333]: Last message 'Function to update f' repeated 6 times, suppressed by syslog-ng on awplus-2
2026-09-02 14:50:35  [SEVERITY] 2026 Sep 02 13:47:06 user.crit awplus-2 platformd[433]: Function to update fault LED is not defined
2026-09-02 14:50:35  [SEVERITY] 2026 Sep 02 13:48:16 user.crit awplus-2 platformd[333]: Last message 'Function to update f' repeated 6 times, suppressed by syslog-ng on awplus-2
2026-09-02 14:50:35  [SEVERITY] 2026 Sep 02 13:48:16 user.crit awplus-2 platformd[433]: Function to update fault LED is not defined
2026-09-02 14:50:35  [SEVERITY] 2026 Sep 02 13:49:26 user.crit awplus-2 platformd[333]: Last message 'Function to update f' repeated 6 times, suppressed by syslog-ng on awplus-2
2026-09-02 14:50:35  [SEVERITY] 2026 Sep 02 13:49:26 user.crit awplus-2 platformd[433]: Function to update fault LED is not defined
2026-09-02 14:50:35  [SEVERITY] 2026 Sep 02 13:50:36 user.crit awplus-2 platformd[333]: Last message 'Function to update f' repeated 6 times, suppressed by syslog-ng on awplus-2
2026-09-02 14:50:35  [SEVERITY] 2026 Sep 02 13:50:36 user.crit awplus-2 platformd[433]: Function to update fault LED is not defined
2026-09-02 14:50:35  [SEVERITY] 2026 Sep 02 13:51:46 user.crit awplus-2 platformd[333]: Last message 'Function to update f' repeated 6 times, suppressed by syslog-ng on awplus-2
2026-09-02 14:50:35  [SEVERITY] 2026 Sep 02 13:51:46 user.crit awplus-2 platformd[433]: Function to update fault LED is not defined
2026-09-02 14:50:35  [SEVERITY] 2026 Sep 02 13:52:47 user.crit awplus-2 platformd[333]: Last message 'Function to update f' repeated 5 times, suppressed by syslog-ng on awplus-2
2026-09-02 14:50:35  [SEVERITY] 2026 Sep 02 13:52:47 user.crit awplus-2 platformd[433]: Function to update fault LED is not defined
2026-09-02 14:50:35  [SEVERITY] 2026 Sep 02 13:53:56 user.crit awplus-2 platformd[333]: Last message 'Function to update f' repeated 6 times, suppressed by syslog-ng on awplus-2
2026-09-02 14:50:35  [SEVERITY] 2026 Sep 02 13:53:57 user.crit awplus-2 platformd[433]: Function to update fault LED is not defined
2026-09-02 14:50:35  [SEVERITY] 2026 Sep 02 13:55:06 user.crit awplus-2 platformd[333]: Last message 'Function to update f' repeated 6 times, suppressed by syslog-ng on awplus-2
2026-09-02 14:50:35  [SEVERITY] 2026 Sep 02 13:55:07 user.crit awplus-2 platformd[433]: Function to update fault LED is not defined
2026-09-02 14:50:35  [SEVERITY] 2026 Sep 02 13:56:16 user.crit awplus-2 platformd[333]: Last message 'Function to update f' repeated 6 times, suppressed by syslog-ng on awplus-2
2026-09-02 14:50:35  [SEVERITY] 2026 Sep 02 13:56:17 user.crit awplus-2 platformd[433]: Function to update fault LED is not defined
2026-09-02 14:50:35  [SEVERITY] 2026 Sep 02 13:57:26 user.crit awplus-2 platformd[333]: Last message 'Function to update f' repeated 6 times, suppressed by syslog-ng on awplus-2
2026-09-02 14:50:35  [SEVERITY] 2026 Sep 02 13:57:27 user.crit awplus-2 platformd[433]: Function to update fault LED is not defined
2026-09-02 14:50:35  [SEVERITY] 2026 Sep 02 13:58:36 user.crit awplus-2 platformd[333]: Last message 'Function to update f' repeated 6 times, suppressed by syslog-ng on awplus-2
2026-09-02 14:50:35  [SEVERITY] 2026 Sep 02 13:58:37 user.crit awplus-2 platformd[433]: Function to update fault LED is not defined
2026-09-02 14:50:35  [SEVERITY] 2026 Sep 02 13:59:46 user.crit awplus-2 platformd[333]: Last message 'Function to update f' repeated 6 times, suppressed by syslog-ng on awplus-2
2026-09-02 14:50:35  [SEVERITY] 2026 Sep 02 13:59:47 user.crit awplus-2 platformd[433]: Function to update fault LED is not defined
2026-09-02 14:50:35  [SEVERITY] 2026 Sep 02 14:07:49 local6.crit awplus Pluggable[453]: Pluggable AT-SPTXc inserted into port2.0.9
2026-09-02 14:50:35  [SEVERITY] 2026 Sep 02 14:07:49 local6.crit awplus Pluggable[453]: port2.0.11 - 10Gb SFP+ in 1Gb SFP port not supported. Please remove.
2026-09-02 14:50:35  [SEVERITY] 2026 Sep 02 14:07:49 local6.crit awplus Pluggable[453]: Pluggable AT-SP10SR inserted into port2.0.11
2026-09-02 14:50:35  [SEVERITY] 2026 Sep 02 14:07:49 local6.crit awplus Pluggable[453]: port2.0.13 - 10Gb SFP+ in 1Gb SFP port not supported. Please remove.
2026-09-02 14:50:35  [SEVERITY] 2026 Sep 02 14:07:49 local6.crit awplus Pluggable[453]: Pluggable AT-SP10SR inserted into port2.0.13
2026-09-02 14:50:35  [SEVERITY] 2026 Sep 02 14:07:49 local6.crit awplus Pluggable[453]: Pluggable SFP LOOPBACK V2 inserted into port2.0.14
2026-09-02 14:50:35  [SEVERITY] 2026 Sep 02 14:07:49 local6.crit awplus Pluggable[453]: Pluggable AT-SPSX inserted into port2.0.15
2026-09-02 14:50:35  [SEVERITY] 2026 Sep 02 14:07:49 local6.crit awplus Pluggable[453]: Pluggable SFP LOOPBACK V2 inserted into port2.0.16
2026-09-02 14:50:35  [SEVERITY] 2026 Sep 02 14:07:49 local6.crit awplus Pluggable[453]: port2.0.17 - 10Gb SFP+ in 1Gb SFP port not supported. Please remove.
2026-09-02 14:50:35  [SEVERITY] 2026 Sep 02 14:07:49 local6.crit awplus Pluggable[453]: Pluggable AT-SP10SR inserted into port2.0.17
2026-09-02 14:50:35  [SEVERITY] 2026 Sep 02 14:07:49 local6.crit awplus Pluggable[453]: Pluggable AT-SPSX inserted into port2.0.21
2026-09-02 14:50:35  [SEVERITY] 2026 Sep 02 14:07:49 local6.crit awplus Pluggable[453]: Pluggable AT-SPSX inserted into port2.0.23
2026-09-02 14:50:35  [SEVERITY] 2026 Sep 02 14:07:49 local6.crit awplus Pluggable[453]: Pluggable 1-2127931-2 inserted into port2.0.27
2026-09-02 14:50:35  [SEVERITY] 2026 Sep 02 14:07:49 local6.crit awplus Pluggable[453]: Pluggable 1-2127931-2 inserted into port2.0.28
2026-09-02 14:50:35  [SEVERITY] 2026 Sep 02 14:07:50 local6.crit awplus plugcheck: port2.0.11 doesn't support this module type.
2026-09-02 14:50:35  [SEVERITY] 2026 Sep 02 14:07:50 local6.crit awplus plugcheck: port2.0.1 doesn't support this module type.
2026-09-02 14:50:35  [SEVERITY] 2026 Sep 02 14:07:50 local6.crit awplus plugcheck: port2.0.13 doesn't support this module type.
2026-09-02 14:50:35  [SEVERITY] 2026 Sep 02 14:07:50 local6.crit awplus plugcheck: port2.0.5 doesn't support this module type.
2026-09-02 14:50:35  [SEVERITY] 2026 Sep 02 14:07:50 local6.crit awplus plugcheck: port2.0.17 doesn't support this module type.
2026-09-02 14:50:35  [TRIGGER] 2026 Sep 02 14:07:51 kern.warning awplus kernel: boardinfo: loading out-of-tree module taints kernel.
2026-09-02 14:50:35  [TRIGGER] 2026 Sep 02 14:07:51 kern.warning awplus kernel: sd 0:0:0:0: [sda] No Caching mode page found
2026-09-02 14:50:35  [TRIGGER] 2026 Sep 02 14:07:51 kern.warning awplus kernel: sd 0:0:0:0: [sda] Assuming drive cache: write through
2026-09-02 14:50:35  [TRIGGER] 2026 Sep 02 14:07:51 kern.warning awplus kernel: FAT-fs (sda1): Volume was not properly unmounted. Some data may be corrupt. Please run fsck.
2026-09-02 14:50:35  [SEVERITY] 2026 Sep 02 14:08:23 user.crit awplus-2 VCS[821]: Member 1 (84e3.2787.0740) has joined the stack
2026-09-02 14:50:35  [SEVERITY] 2026 Sep 02 14:08:24 user.crit awplus VCS[821]: Member 2 (84e3.2787.09c0) has become the Active Master
2026-09-02 14:50:35  [SEVERITY] 2026 Sep 02 14:08:24 user.crit awplus VCS[821]: Stack Virtual MAC is 0000.cd37.0d6f
2026-09-02 14:50:35  [SEVERITY] 2026 Sep 02 14:11:37 daemon.warning awplus chronyd[3407]: System clock wrong by 1.085236 seconds
2026-09-02 14:50:35  [SEVERITY] 2026 Sep 02 14:11:38 daemon.warning awplus chronyd[3407]: System clock was stepped by 1.085236 seconds
2026-09-02 14:50:35  [SEVERITY] 2026 Sep 02 14:39:30 syslog.warning awplus syslog-ng[326]: Requesting the cancellation of control command thread; control_command='QUERY GET kv filter.*'
2026-09-02 14:50:35  [SEVERITY] 2026 Sep 02 14:39:30 syslog.warning awplus syslog-ng[326]: Requesting the cancellation of control command thread; control_command='QUERY GET kv source.s_src.processed'
2026-09-02 14:50:35  [SEVERITY] 2026 Sep 02 14:43:15 user.err awplus IMISH[28425]: Command [show log | tail] failed
2026-09-02 14:50:35  [SEVERITY] 2026 Sep 02 14:43:16 user.err awplus IMISH[28425]: Command [show log permanent | tail] failed
2026-09-02 14:50:35  permanent-log poll: 475 new line(s)
2026-09-02 14:50:35  [SEED_LOG] 475 pre-existing line(s)
2026-09-02 14:50:36  [HEARTBEAT] counts={"lines": 0, "severity": 475, "trigger": 29, "reboot_markers": 0, "relogin": 0, "relogin_failed": 0, "log_polls": 1, "log_poll_failed": 0} quiet_for=0s remaining=909min
2026-09-02 14:55:36  [HEARTBEAT] counts={"lines": 27, "severity": 475, "trigger": 29, "reboot_markers": 0, "relogin": 0, "relogin_failed": 0, "log_polls": 2, "log_poll_failed": 0} quiet_for=171s remaining=904min
2026-09-02 15:00:36  [HEARTBEAT] counts={"lines": 32, "severity": 475, "trigger": 29, "reboot_markers": 0, "relogin": 0, "relogin_failed": 0, "log_polls": 3, "log_poll_failed": 0} quiet_for=1s remaining=899min
2026-09-02 15:05:36  [HEARTBEAT] counts={"lines": 36, "severity": 475, "trigger": 29, "reboot_markers": 0, "relogin": 0, "relogin_failed": 0, "log_polls": 4, "log_poll_failed": 0} quiet_for=16s remaining=894min
2026-09-02 15:10:45  [HEARTBEAT] counts={"lines": 40, "severity": 475, "trigger": 29, "reboot_markers": 0, "relogin": 0, "relogin_failed": 0, "log_polls": 6, "log_poll_failed": 0} quiet_for=40s remaining=889min
2026-09-02 15:15:45  [HEARTBEAT] counts={"lines": 44, "severity": 475, "trigger": 29, "reboot_markers": 0, "relogin": 0, "relogin_failed": 0, "log_polls": 7, "log_poll_failed": 0} quiet_for=55s remaining=884min
2026-09-02 15:20:45  [HEARTBEAT] counts={"lines": 48, "severity": 475, "trigger": 29, "reboot_markers": 0, "relogin": 0, "relogin_failed": 0, "log_polls": 8, "log_poll_failed": 0} quiet_for=70s remaining=879min
2026-09-02 15:25:45  [HEARTBEAT] counts={"lines": 52, "severity": 475, "trigger": 29, "reboot_markers": 0, "relogin": 0, "relogin_failed": 0, "log_polls": 9, "log_poll_failed": 0} quiet_for=85s remaining=874min
2026-09-02 15:30:46  [HEARTBEAT] counts={"lines": 56, "severity": 475, "trigger": 29, "reboot_markers": 0, "relogin": 0, "relogin_failed": 0, "log_polls": 11, "log_poll_failed": 0} quiet_for=100s remaining=869min
2026-09-02 15:35:46  [HEARTBEAT] counts={"lines": 60, "severity": 475, "trigger": 29, "reboot_markers": 0, "relogin": 0, "relogin_failed": 0, "log_polls": 12, "log_poll_failed": 0} quiet_for=115s remaining=864min
2026-09-02 15:40:46  [HEARTBEAT] counts={"lines": 64, "severity": 475, "trigger": 29, "reboot_markers": 0, "relogin": 0, "relogin_failed": 0, "log_polls": 13, "log_poll_failed": 0} quiet_for=130s remaining=859min
2026-09-02 15:45:46  [HEARTBEAT] counts={"lines": 68, "severity": 475, "trigger": 29, "reboot_markers": 0, "relogin": 0, "relogin_failed": 0, "log_polls": 14, "log_poll_failed": 0} quiet_for=136s remaining=854min
2026-09-02 15:50:47  [HEARTBEAT] counts={"lines": 72, "severity": 475, "trigger": 29, "reboot_markers": 0, "relogin": 0, "relogin_failed": 0, "log_polls": 16, "log_poll_failed": 0} quiet_for=132s remaining=849min
2026-09-02 15:55:47  [HEARTBEAT] counts={"lines": 76, "severity": 475, "trigger": 29, "reboot_markers": 0, "relogin": 0, "relogin_failed": 0, "log_polls": 17, "log_poll_failed": 0} quiet_for=127s remaining=844min
2026-09-02 16:00:47  [HEARTBEAT] counts={"lines": 77, "severity": 475, "trigger": 29, "reboot_markers": 0, "relogin": 0, "relogin_failed": 0, "log_polls": 18, "log_poll_failed": 0} quiet_for=190s remaining=839min
2026-09-02 16:05:47  [HEARTBEAT] counts={"lines": 81, "severity": 475, "trigger": 29, "reboot_markers": 0, "relogin": 0, "relogin_failed": 0, "log_polls": 19, "log_poll_failed": 0} quiet_for=118s remaining=834min
2026-09-02 16:10:47  [HEARTBEAT] counts={"lines": 85, "severity": 475, "trigger": 29, "reboot_markers": 0, "relogin": 0, "relogin_failed": 0, "log_polls": 21, "log_poll_failed": 0} quiet_for=113s remaining=829min
2026-09-02 16:15:48  [HEARTBEAT] counts={"lines": 89, "severity": 475, "trigger": 29, "reboot_markers": 0, "relogin": 0, "relogin_failed": 0, "log_polls": 22, "log_poll_failed": 0} quiet_for=108s remaining=824min
2026-09-02 16:20:48  [HEARTBEAT] counts={"lines": 93, "severity": 475, "trigger": 29, "reboot_markers": 0, "relogin": 0, "relogin_failed": 0, "log_polls": 23, "log_poll_failed": 0} quiet_for=103s remaining=819min
2026-09-02 16:25:48  [HEARTBEAT] counts={"lines": 97, "severity": 475, "trigger": 29, "reboot_markers": 0, "relogin": 0, "relogin_failed": 0, "log_polls": 24, "log_poll_failed": 0} quiet_for=98s remaining=814min
2026-09-02 16:30:48  [HEARTBEAT] counts={"lines": 101, "severity": 475, "trigger": 29, "reboot_markers": 0, "relogin": 0, "relogin_failed": 0, "log_polls": 26, "log_poll_failed": 0} quiet_for=94s remaining=809min
2026-09-02 16:35:48  [HEARTBEAT] counts={"lines": 106, "severity": 475, "trigger": 29, "reboot_markers": 0, "relogin": 0, "relogin_failed": 0, "log_polls": 27, "log_poll_failed": 0} quiet_for=11s remaining=804min
2026-09-02 16:40:48  [HEARTBEAT] counts={"lines": 110, "severity": 475, "trigger": 29, "reboot_markers": 0, "relogin": 0, "relogin_failed": 0, "log_polls": 28, "log_poll_failed": 0} quiet_for=26s remaining=799min
2026-09-02 16:45:49  [HEARTBEAT] counts={"lines": 114, "severity": 475, "trigger": 29, "reboot_markers": 0, "relogin": 0, "relogin_failed": 0, "log_polls": 29, "log_poll_failed": 0} quiet_for=41s remaining=794min
2026-09-02 16:50:49  [HEARTBEAT] counts={"lines": 118, "severity": 475, "trigger": 29, "reboot_markers": 0, "relogin": 0, "relogin_failed": 0, "log_polls": 31, "log_poll_failed": 0} quiet_for=56s remaining=789min
2026-09-02 16:55:49  [HEARTBEAT] counts={"lines": 122, "severity": 475, "trigger": 29, "reboot_markers": 0, "relogin": 0, "relogin_failed": 0, "log_polls": 32, "log_poll_failed": 0} quiet_for=71s remaining=784min
2026-09-02 17:00:49  [HEARTBEAT] counts={"lines": 126, "severity": 475, "trigger": 29, "reboot_markers": 0, "relogin": 0, "relogin_failed": 0, "log_polls": 33, "log_poll_failed": 0} quiet_for=70s remaining=779min
2026-09-02 17:05:50  [HEARTBEAT] counts={"lines": 130, "severity": 475, "trigger": 29, "reboot_markers": 0, "relogin": 0, "relogin_failed": 0, "log_polls": 34, "log_poll_failed": 0} quiet_for=65s remaining=774min
2026-09-02 17:10:50  [HEARTBEAT] counts={"lines": 134, "severity": 475, "trigger": 29, "reboot_markers": 0, "relogin": 0, "relogin_failed": 0, "log_polls": 36, "log_poll_failed": 0} quiet_for=61s remaining=769min
2026-09-02 17:15:50  [HEARTBEAT] counts={"lines": 138, "severity": 475, "trigger": 29, "reboot_markers": 0, "relogin": 0, "relogin_failed": 0, "log_polls": 37, "log_poll_failed": 0} quiet_for=56s remaining=764min
2026-09-02 17:20:50  [HEARTBEAT] counts={"lines": 142, "severity": 475, "trigger": 29, "reboot_markers": 0, "relogin": 0, "relogin_failed": 0, "log_polls": 38, "log_poll_failed": 0} quiet_for=51s remaining=759min
2026-09-02 17:25:50  [HEARTBEAT] counts={"lines": 146, "severity": 475, "trigger": 29, "reboot_markers": 0, "relogin": 0, "relogin_failed": 0, "log_polls": 39, "log_poll_failed": 0} quiet_for=46s remaining=754min
2026-09-02 17:30:51  [HEARTBEAT] counts={"lines": 150, "severity": 475, "trigger": 29, "reboot_markers": 0, "relogin": 0, "relogin_failed": 0, "log_polls": 41, "log_poll_failed": 0} quiet_for=41s remaining=749min
2026-09-02 17:35:51  [HEARTBEAT] counts={"lines": 154, "severity": 475, "trigger": 29, "reboot_markers": 0, "relogin": 0, "relogin_failed": 0, "log_polls": 42, "log_poll_failed": 0} quiet_for=36s remaining=744min
2026-09-02 17:40:51  [HEARTBEAT] counts={"lines": 158, "severity": 475, "trigger": 29, "reboot_markers": 0, "relogin": 0, "relogin_failed": 0, "log_polls": 43, "log_poll_failed": 0} quiet_for=32s remaining=739min
2026-09-02 17:45:51  [HEARTBEAT] counts={"lines": 162, "severity": 475, "trigger": 29, "reboot_markers": 0, "relogin": 0, "relogin_failed": 0, "log_polls": 44, "log_poll_failed": 0} quiet_for=27s remaining=734min
2026-09-02 17:50:51  [HEARTBEAT] counts={"lines": 166, "severity": 475, "trigger": 29, "reboot_markers": 0, "relogin": 0, "relogin_failed": 0, "log_polls": 46, "log_poll_failed": 0} quiet_for=25s remaining=729min
2026-09-02 17:55:51  [HEARTBEAT] counts={"lines": 170, "severity": 475, "trigger": 29, "reboot_markers": 0, "relogin": 0, "relogin_failed": 0, "log_polls": 47, "log_poll_failed": 0} quiet_for=21s remaining=724min
2026-09-02 18:00:52  [HEARTBEAT] counts={"lines": 174, "severity": 475, "trigger": 29, "reboot_markers": 0, "relogin": 0, "relogin_failed": 0, "log_polls": 48, "log_poll_failed": 0} quiet_for=17s remaining=719min
2026-09-02 18:05:52  [HEARTBEAT] counts={"lines": 178, "severity": 475, "trigger": 29, "reboot_markers": 0, "relogin": 0, "relogin_failed": 0, "log_polls": 49, "log_poll_failed": 0} quiet_for=12s remaining=714min
2026-09-02 18:10:52  [HEARTBEAT] counts={"lines": 180, "severity": 475, "trigger": 29, "reboot_markers": 0, "relogin": 0, "relogin_failed": 0, "log_polls": 51, "log_poll_failed": 0} quiet_for=12s remaining=709min
2026-09-02 18:15:52  [HEARTBEAT] counts={"lines": 184, "severity": 475, "trigger": 29, "reboot_markers": 0, "relogin": 0, "relogin_failed": 0, "log_polls": 52, "log_poll_failed": 0} quiet_for=3s remaining=704min
2026-09-02 18:20:53  [HEARTBEAT] counts={"lines": 185, "severity": 475, "trigger": 29, "reboot_markers": 0, "relogin": 0, "relogin_failed": 0, "log_polls": 53, "log_poll_failed": 0} quiet_for=42s remaining=699min
2026-09-02 18:25:53  [HEARTBEAT] counts={"lines": 189, "severity": 475, "trigger": 29, "reboot_markers": 0, "relogin": 0, "relogin_failed": 0, "log_polls": 54, "log_poll_failed": 0} quiet_for=57s remaining=694min
2026-09-02 18:30:53  [HEARTBEAT] counts={"lines": 193, "severity": 475, "trigger": 29, "reboot_markers": 0, "relogin": 0, "relogin_failed": 0, "log_polls": 56, "log_poll_failed": 0} quiet_for=72s remaining=689min
2026-09-02 18:35:53  [HEARTBEAT] counts={"lines": 197, "severity": 475, "trigger": 29, "reboot_markers": 0, "relogin": 0, "relogin_failed": 0, "log_polls": 57, "log_poll_failed": 0} quiet_for=87s remaining=684min
2026-09-02 18:40:53  [HEARTBEAT] counts={"lines": 201, "severity": 475, "trigger": 29, "reboot_markers": 0, "relogin": 0, "relogin_failed": 0, "log_polls": 58, "log_poll_failed": 0} quiet_for=102s remaining=679min
2026-09-02 18:45:53  [HEARTBEAT] counts={"lines": 205, "severity": 475, "trigger": 29, "reboot_markers": 0, "relogin": 0, "relogin_failed": 0, "log_polls": 59, "log_poll_failed": 0} quiet_for=117s remaining=674min
2026-09-02 18:50:54  [HEARTBEAT] counts={"lines": 209, "severity": 475, "trigger": 29, "reboot_markers": 0, "relogin": 0, "relogin_failed": 0, "log_polls": 61, "log_poll_failed": 0} quiet_for=132s remaining=669min
2026-09-02 18:55:54  [HEARTBEAT] counts={"lines": 213, "severity": 475, "trigger": 29, "reboot_markers": 0, "relogin": 0, "relogin_failed": 0, "log_polls": 62, "log_poll_failed": 0} quiet_for=148s remaining=664min
2026-09-02 19:00:54  [HEARTBEAT] counts={"lines": 217, "severity": 475, "trigger": 29, "reboot_markers": 0, "relogin": 0, "relogin_failed": 0, "log_polls": 63, "log_poll_failed": 0} quiet_for=163s remaining=659min
2026-09-02 19:05:54  [HEARTBEAT] counts={"lines": 221, "severity": 475, "trigger": 29, "reboot_markers": 0, "relogin": 0, "relogin_failed": 0, "log_polls": 64, "log_poll_failed": 0} quiet_for=178s remaining=654min
2026-09-02 19:10:55  [HEARTBEAT] counts={"lines": 225, "severity": 475, "trigger": 29, "reboot_markers": 0, "relogin": 0, "relogin_failed": 0, "log_polls": 66, "log_poll_failed": 0} quiet_for=193s remaining=649min
2026-09-02 19:15:55  [HEARTBEAT] counts={"lines": 229, "severity": 475, "trigger": 29, "reboot_markers": 0, "relogin": 0, "relogin_failed": 0, "log_polls": 67, "log_poll_failed": 0} quiet_for=208s remaining=644min
2026-09-02 19:20:55  [HEARTBEAT] counts={"lines": 233, "severity": 475, "trigger": 29, "reboot_markers": 0, "relogin": 0, "relogin_failed": 0, "log_polls": 68, "log_poll_failed": 0} quiet_for=223s remaining=639min
2026-09-02 19:25:55  [HEARTBEAT] counts={"lines": 237, "severity": 475, "trigger": 29, "reboot_markers": 0, "relogin": 0, "relogin_failed": 0, "log_polls": 69, "log_poll_failed": 0} quiet_for=238s remaining=634min
2026-09-02 19:30:55  [HEARTBEAT] counts={"lines": 238, "severity": 475, "trigger": 29, "reboot_markers": 0, "relogin": 0, "relogin_failed": 0, "log_polls": 71, "log_poll_failed": 0} quiet_for=253s remaining=629min
2026-09-02 19:35:55  [HEARTBEAT] counts={"lines": 242, "severity": 475, "trigger": 29, "reboot_markers": 0, "relogin": 0, "relogin_failed": 0, "log_polls": 72, "log_poll_failed": 0} quiet_for=236s remaining=624min
2026-09-02 19:40:55  [HEARTBEAT] counts={"lines": 246, "severity": 475, "trigger": 29, "reboot_markers": 0, "relogin": 0, "relogin_failed": 0, "log_polls": 73, "log_poll_failed": 0} quiet_for=231s remaining=619min
2026-09-02 19:45:56  [HEARTBEAT] counts={"lines": 251, "severity": 475, "trigger": 29, "reboot_markers": 0, "relogin": 0, "relogin_failed": 0, "log_polls": 74, "log_poll_failed": 0} quiet_for=13s remaining=614min
2026-09-02 19:50:56  [HEARTBEAT] counts={"lines": 255, "severity": 475, "trigger": 29, "reboot_markers": 0, "relogin": 0, "relogin_failed": 0, "log_polls": 76, "log_poll_failed": 0} quiet_for=28s remaining=609min
2026-09-02 19:55:56  [HEARTBEAT] counts={"lines": 259, "severity": 475, "trigger": 29, "reboot_markers": 0, "relogin": 0, "relogin_failed": 0, "log_polls": 77, "log_poll_failed": 0} quiet_for=43s remaining=604min
2026-09-02 20:00:56  [HEARTBEAT] counts={"lines": 263, "severity": 475, "trigger": 29, "reboot_markers": 0, "relogin": 0, "relogin_failed": 0, "log_polls": 78, "log_poll_failed": 0} quiet_for=58s remaining=599min
2026-09-02 20:05:57  [HEARTBEAT] counts={"lines": 267, "severity": 475, "trigger": 29, "reboot_markers": 0, "relogin": 0, "relogin_failed": 0, "log_polls": 79, "log_poll_failed": 0} quiet_for=73s remaining=594min
2026-09-02 20:10:57  [HEARTBEAT] counts={"lines": 271, "severity": 475, "trigger": 29, "reboot_markers": 0, "relogin": 0, "relogin_failed": 0, "log_polls": 81, "log_poll_failed": 0} quiet_for=88s remaining=589min
2026-09-02 20:15:57  [HEARTBEAT] counts={"lines": 275, "severity": 475, "trigger": 29, "reboot_markers": 0, "relogin": 0, "relogin_failed": 0, "log_polls": 82, "log_poll_failed": 0} quiet_for=103s remaining=584min
2026-09-02 20:20:57  [HEARTBEAT] counts={"lines": 279, "severity": 475, "trigger": 29, "reboot_markers": 0, "relogin": 0, "relogin_failed": 0, "log_polls": 83, "log_poll_failed": 0} quiet_for=118s remaining=579min
2026-09-02 20:25:57  [HEARTBEAT] counts={"lines": 283, "severity": 475, "trigger": 29, "reboot_markers": 0, "relogin": 0, "relogin_failed": 0, "log_polls": 84, "log_poll_failed": 0} quiet_for=133s remaining=574min
2026-09-02 20:30:58  [HEARTBEAT] counts={"lines": 287, "severity": 475, "trigger": 29, "reboot_markers": 0, "relogin": 0, "relogin_failed": 0, "log_polls": 86, "log_poll_failed": 0} quiet_for=149s remaining=569min
2026-09-02 20:35:58  [HEARTBEAT] counts={"lines": 291, "severity": 475, "trigger": 29, "reboot_markers": 0, "relogin": 0, "relogin_failed": 0, "log_polls": 87, "log_poll_failed": 0} quiet_for=163s remaining=564min
2026-09-02 20:40:58  [HEARTBEAT] counts={"lines": 295, "severity": 475, "trigger": 29, "reboot_markers": 0, "relogin": 0, "relogin_failed": 0, "log_polls": 88, "log_poll_failed": 0} quiet_for=178s remaining=559min
2026-09-02 20:45:58  [HEARTBEAT] counts={"lines": 299, "severity": 475, "trigger": 29, "reboot_markers": 0, "relogin": 0, "relogin_failed": 0, "log_polls": 89, "log_poll_failed": 0} quiet_for=173s remaining=554min
2026-09-02 20:50:59  [HEARTBEAT] counts={"lines": 303, "severity": 475, "trigger": 29, "reboot_markers": 0, "relogin": 0, "relogin_failed": 0, "log_polls": 91, "log_poll_failed": 0} quiet_for=169s remaining=549min
2026-09-02 20:55:59  [HEARTBEAT] counts={"lines": 307, "severity": 475, "trigger": 29, "reboot_markers": 0, "relogin": 0, "relogin_failed": 0, "log_polls": 92, "log_poll_failed": 0} quiet_for=164s remaining=544min
2026-09-02 21:00:59  [HEARTBEAT] counts={"lines": 311, "severity": 475, "trigger": 29, "reboot_markers": 0, "relogin": 0, "relogin_failed": 0, "log_polls": 93, "log_poll_failed": 0} quiet_for=159s remaining=539min
2026-09-02 21:05:59  [HEARTBEAT] counts={"lines": 316, "severity": 475, "trigger": 29, "reboot_markers": 0, "relogin": 0, "relogin_failed": 0, "log_polls": 94, "log_poll_failed": 0} quiet_for=154s remaining=534min
2026-09-02 21:10:59  [HEARTBEAT] counts={"lines": 320, "severity": 475, "trigger": 29, "reboot_markers": 0, "relogin": 0, "relogin_failed": 0, "log_polls": 96, "log_poll_failed": 0} quiet_for=153s remaining=529min
2026-09-02 21:16:00  [HEARTBEAT] counts={"lines": 324, "severity": 475, "trigger": 29, "reboot_markers": 0, "relogin": 0, "relogin_failed": 0, "log_polls": 97, "log_poll_failed": 0} quiet_for=149s remaining=524min
2026-09-02 21:21:00  [HEARTBEAT] counts={"lines": 329, "severity": 475, "trigger": 29, "reboot_markers": 0, "relogin": 0, "relogin_failed": 0, "log_polls": 98, "log_poll_failed": 0} quiet_for=14s remaining=519min
2026-09-02 21:26:00  [HEARTBEAT] counts={"lines": 333, "severity": 475, "trigger": 29, "reboot_markers": 0, "relogin": 0, "relogin_failed": 0, "log_polls": 99, "log_poll_failed": 0} quiet_for=29s remaining=514min
2026-09-02 21:31:01  [HEARTBEAT] counts={"lines": 337, "severity": 475, "trigger": 29, "reboot_markers": 0, "relogin": 0, "relogin_failed": 0, "log_polls": 101, "log_poll_failed": 0} quiet_for=45s remaining=509min
2026-09-02 21:36:01  [HEARTBEAT] counts={"lines": 341, "severity": 475, "trigger": 29, "reboot_markers": 0, "relogin": 0, "relogin_failed": 0, "log_polls": 102, "log_poll_failed": 0} quiet_for=60s remaining=504min
2026-09-02 21:41:01  [HEARTBEAT] counts={"lines": 527, "severity": 475, "trigger": 29, "reboot_markers": 0, "relogin": 0, "relogin_failed": 0, "log_polls": 103, "log_poll_failed": 0} quiet_for=65s remaining=499min
2026-09-02 21:43:01  [SEVERITY] 2026 Sep 02 21:41:00 local6.crit awplus Pluggable[440]: port1.0.1 - 10Gb SFP+ in 1Gb SFP port not supported. Please remove.
2026-09-02 21:43:01  [SEVERITY] 2026 Sep 02 21:41:00 local6.crit awplus Pluggable[440]: Pluggable AT-SP10T inserted into port1.0.1
2026-09-02 21:43:01  [SEVERITY] 2026 Sep 02 21:41:00 local6.crit awplus Pluggable[440]: Pluggable 1-2127931-2 inserted into port1.0.27
2026-09-02 21:43:01  [SEVERITY] 2026 Sep 02 21:41:00 local6.crit awplus Pluggable[440]: Pluggable 1-2127931-2 inserted into port1.0.28
2026-09-02 21:43:01  [SEVERITY] 2026 Sep 02 21:41:01 local6.crit awplus plugcheck: port1.0.1 doesn't support this module type.
2026-09-02 21:43:01  [TRIGGER] 2026 Sep 02 21:41:02 kern.warning awplus kernel: boardinfo: loading out-of-tree module taints kernel.
2026-09-02 21:43:01  [TRIGGER] 2026 Sep 02 21:41:02 kern.warning awplus kernel: FAT-fs (sda1): Volume was not properly unmounted. Some data may be corrupt. Please run fsck.
2026-09-02 21:43:01  [SEVERITY] 2026 Sep 02 21:41:31 user.crit awplus-1 VCS[754]: Member 2 (84e3.2787.09c0) has joined the stack
2026-09-02 21:43:01  [SEVERITY] 2026 Sep 02 21:41:32 user.crit awplus-1 VCS[754]: Member 2 (84e3.2787.09c0) has become the Active Master
2026-09-02 21:43:01  [SEVERITY] 2026 Sep 02 21:41:32 user.crit awplus-1 VCS[754]: Stack Virtual MAC is 0000.cd37.0d6f
2026-09-02 21:43:01  [SEVERITY] 2026 Sep 02 21:41:32 local6.alert awplus-1 VCS[754]: stack member has booted from non-default location, SW version auto synchronization cannot be supported.
2026-09-02 21:43:01  [SEVERITY] 2026 Sep 02 21:41:34 local6.warning awplus licensing[756]: Stack member 1, the source of entitlements for 'URL Filtering (Kaspersky)', has rejoined the stack
2026-09-02 21:43:01  [SEVERITY] 2026 Sep 02 21:41:34 local6.warning awplus licensing[756]: Stack member 1, the source of entitlements for 'Application Control (Procera)', has rejoined the stack
2026-09-02 21:43:01  [SEVERITY] 2026 Sep 02 21:41:34 local6.warning awplus licensing[756]: Stack member 1, the source of entitlements for 'Web Control (Digital Arts)', has rejoined the stack
2026-09-02 21:43:01  [SEVERITY] 2026 Sep 02 21:41:34 local6.warning awplus licensing[756]: Stack member 1, the source of entitlements for 'IP Reputation (Proofpoint)', has rejoined the stack
2026-09-02 21:43:01  [SEVERITY] 2026 Sep 02 21:41:34 local6.warning awplus licensing[756]: Stack member 1, the source of entitlements for 'IP Reputation (LAC)', has rejoined the stack
2026-09-02 21:43:01  [SEVERITY] 2026 Sep 02 21:41:34 local6.warning awplus licensing[756]: Stack member 1, the source of entitlements for 'Malware Protection (Kaspersky)', has rejoined the stack
2026-09-02 21:43:01  [SEVERITY] 2026 Sep 02 21:41:34 local6.warning awplus licensing[756]: Stack member 1, the source of entitlements for 'Anti-virus (Kaspersky)', has rejoined the stack
2026-09-02 21:43:01  [SEVERITY] 2026 Sep 02 21:41:34 local6.warning awplus licensing[756]: Stack member 1, the source of entitlements for 'Anti-spam (Kaspersky)', has rejoined the stack
2026-09-02 21:43:01  [SEVERITY] 2026 Sep 02 21:41:34 local6.warning awplus licensing[756]: Stack member 1, the source of entitlements for 'AMF Controller', has rejoined the stack
2026-09-02 21:43:01  [SEVERITY] 2026 Sep 02 21:41:34 local6.warning awplus licensing[756]: Stack member 1, the source of entitlements for 'AMF Master', has rejoined the stack
2026-09-02 21:43:01  [SEVERITY] 2026 Sep 02 21:41:34 local6.warning awplus licensing[756]: Stack member 1, the source of entitlements for 'AMF Guest', has rejoined the stack
2026-09-02 21:43:01  [SEVERITY] 2026 Sep 02 21:41:34 local6.warning awplus licensing[756]: Stack member 1, the source of entitlements for 'OpenFlow', has rejoined the stack
2026-09-02 21:43:01  [SEVERITY] 2026 Sep 02 21:41:34 local6.warning awplus licensing[756]: Stack member 1, the source of entitlements for 'SES', has rejoined the stack
2026-09-02 21:43:01  [SEVERITY] 2026 Sep 02 21:41:34 local6.warning awplus licensing[756]: Stack member 1, the source of entitlements for 'AMF Application Proxy', has rejoined the stack
2026-09-02 21:43:01  [SEVERITY] 2026 Sep 02 21:41:34 local6.warning awplus licensing[756]: Stack member 1, the source of entitlements for 'AWC', has rejoined the stack
2026-09-02 21:43:01  [SEVERITY] 2026 Sep 02 21:41:34 local6.warning awplus licensing[756]: Stack member 1, the source of entitlements for 'AWC Channel Blanket', has rejoined the stack
2026-09-02 21:43:01  [SEVERITY] 2026 Sep 02 21:41:34 local6.warning awplus licensing[756]: Stack member 1, the source of entitlements for 'AWC Smart Connect', has rejoined the stack
2026-09-02 21:43:01  [SEVERITY] 2026 Sep 02 21:41:34 local6.warning awplus licensing[756]: Stack member 1, the source of entitlements for 'UTM Offload', has rejoined the stack
2026-09-02 21:43:01  [SEVERITY] 2026 Sep 02 21:41:34 local6.warning awplus licensing[756]: Stack member 1, the source of entitlements for 'MACsec', has rejoined the stack
2026-09-02 21:43:01  [SEVERITY] 2026 Sep 02 21:41:34 local6.warning awplus licensing[756]: Stack member 1, the source of entitlements for 'Firewall', has rejoined the stack
2026-09-02 21:43:01  [SEVERITY] 2026 Sep 02 21:41:34 local6.warning awplus licensing[756]: Stack member 1, the source of entitlements for 'VPN', has rejoined the stack
2026-09-02 21:43:01  [SEVERITY] 2026 Sep 02 21:41:34 local6.warning awplus licensing[756]: Stack member 1, the source of entitlements for 'Base AW+', has rejoined the stack
2026-09-02 21:43:01  [SEVERITY] 2026 Sep 02 21:41:34 local6.warning awplus licensing[756]: Stack member 1, the source of entitlements for 'OpenText', has rejoined the stack
2026-09-02 21:43:01  [SEVERITY] 2026 Sep 02 21:41:34 local6.warning awplus licensing[756]: Stack member 1, the source of entitlements for 'Proofpoint ETpro', has rejoined the stack
2026-09-02 21:43:01  [SEVERITY] 2026 Sep 02 21:41:34 local6.warning awplus licensing[756]: Stack member 1, the source of entitlements for 'AMFPLUS Controller', has rejoined the stack
2026-09-02 21:43:01  [SEVERITY] 2026 Sep 02 21:41:34 local6.warning awplus licensing[756]: Stack member 1, the source of entitlements for 'AMFPLUS Master', has rejoined the stack
2026-09-02 21:43:01  [SEVERITY] 2026 Sep 02 21:41:34 local6.warning awplus licensing[756]: Stack member 1, the source of entitlements for 'Bandwidth Limit', has rejoined the stack
2026-09-02 21:43:01  [SEVERITY] 2026 Sep 02 21:41:34 local6.warning awplus licensing[756]: Stack member 1, the source of entitlements for 'AMF Intermediate Node', has rejoined the stack
2026-09-02 21:43:01  [SEVERITY] 2026 Sep 02 21:41:38 daemon.warning awplus-1 chronyd[1408]: System clock was stepped by 0.308285 seconds
2026-09-02 21:43:01  [TRIGGER] 2026 Sep 02 21:39:06 kern.alert awplus kernel: tipc: No contact from member-1 for 2000ms (3/6 probes timed out)
2026-09-02 21:43:01  [TRIGGER] 2026 Sep 02 21:39:07 kern.alert awplus kernel: tipc: No contact from member-1 for 2500ms (4/6 probes timed out)
2026-09-02 21:43:01  [TRIGGER] 2026 Sep 02 21:39:08 kern.warning awplus kernel: tipc: Member-1 not responding - resetting link from member-2 to peer
2026-09-02 21:43:01  [SEVERITY] 2026 Sep 02 21:39:10 user.err awplus VCS[821]: stack member 1 has become unreachable via Layer-2 traffic
2026-09-02 21:43:01  [SEVERITY] 2026 Sep 02 21:39:10 user.crit awplus VCS[821]: High-availability failover has occurred for stack member 1
2026-09-02 21:43:01  [SEVERITY] 2026 Sep 02 21:39:10 user.crit awplus VCS[821]: Member 1 (84e3.2787.0740) has left the stack
2026-09-02 21:43:01  [SEVERITY] 2026 Sep 02 21:39:10 local6.warning awplus licensing[756]: Stack member 1, the source of entitlements for 'URL Filtering (Kaspersky)', has left the stack
2026-09-02 21:43:01  [SEVERITY] 2026 Sep 02 21:39:10 local6.warning awplus licensing[756]: Stack member 1, the source of entitlements for 'Application Control (Procera)', has left the stack
2026-09-02 21:43:01  [SEVERITY] 2026 Sep 02 21:39:10 local6.warning awplus licensing[756]: Stack member 1, the source of entitlements for 'Web Control (Digital Arts)', has left the stack
2026-09-02 21:43:01  [SEVERITY] 2026 Sep 02 21:39:10 local6.warning awplus licensing[756]: Stack member 1, the source of entitlements for 'IP Reputation (Proofpoint)', has left the stack
2026-09-02 21:43:01  [SEVERITY] 2026 Sep 02 21:39:10 local6.warning awplus licensing[756]: Stack member 1, the source of entitlements for 'IP Reputation (LAC)', has left the stack
2026-09-02 21:43:01  [SEVERITY] 2026 Sep 02 21:39:10 local6.warning awplus licensing[756]: Stack member 1, the source of entitlements for 'Malware Protection (Kaspersky)', has left the stack
2026-09-02 21:43:01  [SEVERITY] 2026 Sep 02 21:39:10 local6.warning awplus licensing[756]: Stack member 1, the source of entitlements for 'Anti-virus (Kaspersky)', has left the stack
2026-09-02 21:43:01  [SEVERITY] 2026 Sep 02 21:39:10 local6.warning awplus licensing[756]: Stack member 1, the source of entitlements for 'Anti-spam (Kaspersky)', has left the stack
2026-09-02 21:43:01  [SEVERITY] 2026 Sep 02 21:39:10 local6.warning awplus licensing[756]: Stack member 1, the source of entitlements for 'AMF Controller', has left the stack
2026-09-02 21:43:01  [SEVERITY] 2026 Sep 02 21:39:10 local6.warning awplus licensing[756]: Stack member 1, the source of entitlements for 'AMF Master', has left the stack
2026-09-02 21:43:01  [SEVERITY] 2026 Sep 02 21:39:10 local6.warning awplus licensing[756]: Stack member 1, the source of entitlements for 'AMF Guest', has left the stack
2026-09-02 21:43:01  [SEVERITY] 2026 Sep 02 21:39:10 local6.warning awplus licensing[756]: Stack member 1, the source of entitlements for 'OpenFlow', has left the stack
2026-09-02 21:43:01  [SEVERITY] 2026 Sep 02 21:39:10 local6.warning awplus licensing[756]: Stack member 1, the source of entitlements for 'SES', has left the stack
2026-09-02 21:43:01  [SEVERITY] 2026 Sep 02 21:39:10 local6.warning awplus licensing[756]: Stack member 1, the source of entitlements for 'AMF Application Proxy', has left the stack
2026-09-02 21:43:01  [SEVERITY] 2026 Sep 02 21:39:10 local6.warning awplus licensing[756]: Stack member 1, the source of entitlements for 'AWC', has left the stack
2026-09-02 21:43:01  [SEVERITY] 2026 Sep 02 21:39:10 local6.warning awplus licensing[756]: Stack member 1, the source of entitlements for 'AWC Channel Blanket', has left the stack
2026-09-02 21:43:01  [SEVERITY] 2026 Sep 02 21:39:10 local6.warning awplus licensing[756]: Stack member 1, the source of entitlements for 'AWC Smart Connect', has left the stack
2026-09-02 21:43:01  [SEVERITY] 2026 Sep 02 21:39:10 local6.warning awplus licensing[756]: Stack member 1, the source of entitlements for 'UTM Offload', has left the stack
2026-09-02 21:43:01  [SEVERITY] 2026 Sep 02 21:39:10 local6.warning awplus licensing[756]: Stack member 1, the source of entitlements for 'MACsec', has left the stack
2026-09-02 21:43:01  [SEVERITY] 2026 Sep 02 21:39:10 syslog.err awplus syslog-ng[326]: I/O error occurred while writing; fd='30', error='Input/output error (5)'
2026-09-02 21:43:01  [SEVERITY] 2026 Sep 02 21:39:10 local6.warning awplus licensing[756]: Stack member 1, the source of entitlements for 'Firewall', has left the stack
2026-09-02 21:43:01  [SEVERITY] 2026 Sep 02 21:39:10 local6.warning awplus licensing[756]: Stack member 1, the source of entitlements for 'VPN', has left the stack
2026-09-02 21:43:01  [SEVERITY] 2026 Sep 02 21:39:10 local6.warning awplus licensing[756]: Stack member 1, the source of entitlements for 'Base AW+', has left the stack
2026-09-02 21:43:01  [SEVERITY] 2026 Sep 02 21:39:10 local6.warning awplus licensing[756]: Stack member 1, the source of entitlements for 'OpenText', has left the stack
2026-09-02 21:43:01  [SEVERITY] 2026 Sep 02 21:39:10 local6.warning awplus licensing[756]: Stack member 1, the source of entitlements for 'Proofpoint ETpro', has left the stack
2026-09-02 21:43:01  [SEVERITY] 2026 Sep 02 21:39:10 local6.warning awplus licensing[756]: Stack member 1, the source of entitlements for 'AMFPLUS Controller', has left the stack
2026-09-02 21:43:01  [SEVERITY] 2026 Sep 02 21:39:10 local6.warning awplus licensing[756]: Stack member 1, the source of entitlements for 'AMFPLUS Master', has left the stack
2026-09-02 21:43:01  [SEVERITY] 2026 Sep 02 21:39:10 local6.warning awplus licensing[756]: Stack member 1, the source of entitlements for 'Bandwidth Limit', has left the stack
2026-09-02 21:43:01  [SEVERITY] 2026 Sep 02 21:39:10 local6.warning awplus licensing[756]: Stack member 1, the source of entitlements for 'AMF Intermediate Node', has left the stack
2026-09-02 21:43:01  [SEVERITY] 2026 Sep 02 21:39:17 user.crit awplus NSM[761]: Removal event on unit 1.0 has been completed
2026-09-02 21:43:01  [SEVERITY] 2026 Sep 02 21:39:30 user.err awplus apteryx-sync: SET_TREE: No response Path()
2026-09-02 21:43:01  [SEVERITY] 2026 Sep 02 21:41:32 user.crit awplus VCS[821]: Member 1 (84e3.2787.0740) has joined the stack
2026-09-02 21:43:01  [SEVERITY] 2026 Sep 02 21:41:42 user.crit awplus IMI[754]: All users returned to config mode while switch synchronization is in progress.
2026-09-02 21:43:01  [SEVERITY] 2026 Sep 02 21:41:46 user.crit awplus NSM[761]: Insertion event on unit 1.0 has been completed
2026-09-02 21:43:01  [SEVERITY] 2026 Sep 02 21:42:10 user.crit awplus IMI[754]: Configuration update completed for port1.0.1-port1.0.28
2026-09-02 21:43:01  permanent-log poll: 81 new line(s)
2026-09-02 21:46:01  [HEARTBEAT] counts={"lines": 1191, "severity": 556, "trigger": 34, "reboot_markers": 0, "relogin": 0, "relogin_failed": 0, "log_polls": 104, "log_poll_failed": 0} quiet_for=111s remaining=494min
2026-09-02 21:51:02  [HEARTBEAT] counts={"lines": 1194, "severity": 556, "trigger": 34, "reboot_markers": 0, "relogin": 0, "relogin_failed": 0, "log_polls": 106, "log_poll_failed": 0} quiet_for=117s remaining=489min
2026-09-02 21:56:02  [HEARTBEAT] counts={"lines": 1197, "severity": 556, "trigger": 34, "reboot_markers": 0, "relogin": 0, "relogin_failed": 0, "log_polls": 107, "log_poll_failed": 0} quiet_for=112s remaining=484min
2026-09-02 22:01:02  [HEARTBEAT] counts={"lines": 1200, "severity": 556, "trigger": 34, "reboot_markers": 0, "relogin": 0, "relogin_failed": 0, "log_polls": 108, "log_poll_failed": 0} quiet_for=107s remaining=479min
2026-09-02 22:06:02  [HEARTBEAT] counts={"lines": 1203, "severity": 556, "trigger": 34, "reboot_markers": 0, "relogin": 0, "relogin_failed": 0, "log_polls": 109, "log_poll_failed": 0} quiet_for=102s remaining=474min
2026-09-02 22:11:03  [HEARTBEAT] counts={"lines": 1206, "severity": 556, "trigger": 34, "reboot_markers": 0, "relogin": 0, "relogin_failed": 0, "log_polls": 111, "log_poll_failed": 0} quiet_for=98s remaining=469min
2026-09-02 22:16:03  [HEARTBEAT] counts={"lines": 1209, "severity": 556, "trigger": 34, "reboot_markers": 0, "relogin": 0, "relogin_failed": 0, "log_polls": 112, "log_poll_failed": 0} quiet_for=97s remaining=464min
2026-09-02 22:21:03  [HEARTBEAT] counts={"lines": 1212, "severity": 556, "trigger": 34, "reboot_markers": 0, "relogin": 0, "relogin_failed": 0, "log_polls": 113, "log_poll_failed": 0} quiet_for=92s remaining=459min
2026-09-02 22:26:03  [HEARTBEAT] counts={"lines": 1215, "severity": 556, "trigger": 34, "reboot_markers": 0, "relogin": 0, "relogin_failed": 0, "log_polls": 114, "log_poll_failed": 0} quiet_for=88s remaining=454min
2026-09-02 22:31:03  [HEARTBEAT] counts={"lines": 1218, "severity": 556, "trigger": 34, "reboot_markers": 0, "relogin": 0, "relogin_failed": 0, "log_polls": 116, "log_poll_failed": 0} quiet_for=84s remaining=449min
2026-09-02 22:36:03  [HEARTBEAT] counts={"lines": 1221, "severity": 556, "trigger": 34, "reboot_markers": 0, "relogin": 0, "relogin_failed": 0, "log_polls": 117, "log_poll_failed": 0} quiet_for=79s remaining=444min
2026-09-02 22:41:04  [HEARTBEAT] counts={"lines": 1224, "severity": 556, "trigger": 34, "reboot_markers": 0, "relogin": 0, "relogin_failed": 0, "log_polls": 118, "log_poll_failed": 0} quiet_for=74s remaining=439min
2026-09-02 22:46:04  [HEARTBEAT] counts={"lines": 1227, "severity": 556, "trigger": 34, "reboot_markers": 0, "relogin": 0, "relogin_failed": 0, "log_polls": 119, "log_poll_failed": 0} quiet_for=69s remaining=434min
2026-09-02 22:51:04  [HEARTBEAT] counts={"lines": 1248, "severity": 556, "trigger": 34, "reboot_markers": 0, "relogin": 0, "relogin_failed": 0, "log_polls": 121, "log_poll_failed": 0} quiet_for=65s remaining=429min
2026-09-02 22:56:04  [HEARTBEAT] counts={"lines": 1252, "severity": 556, "trigger": 34, "reboot_markers": 0, "relogin": 0, "relogin_failed": 0, "log_polls": 122, "log_poll_failed": 0} quiet_for=60s remaining=424min
2026-09-02 23:01:04  [HEARTBEAT] counts={"lines": 1256, "severity": 556, "trigger": 34, "reboot_markers": 0, "relogin": 0, "relogin_failed": 0, "log_polls": 123, "log_poll_failed": 0} quiet_for=55s remaining=419min
2026-09-02 23:06:04  [HEARTBEAT] counts={"lines": 1260, "severity": 556, "trigger": 34, "reboot_markers": 0, "relogin": 0, "relogin_failed": 0, "log_polls": 124, "log_poll_failed": 0} quiet_for=50s remaining=414min
2026-09-02 23:11:05  [HEARTBEAT] counts={"lines": 1264, "severity": 556, "trigger": 34, "reboot_markers": 0, "relogin": 0, "relogin_failed": 0, "log_polls": 126, "log_poll_failed": 0} quiet_for=45s remaining=409min
2026-09-02 23:16:05  [HEARTBEAT] counts={"lines": 1268, "severity": 556, "trigger": 34, "reboot_markers": 0, "relogin": 0, "relogin_failed": 0, "log_polls": 127, "log_poll_failed": 0} quiet_for=40s remaining=404min
2026-09-02 23:21:05  [HEARTBEAT] counts={"lines": 1272, "severity": 556, "trigger": 34, "reboot_markers": 0, "relogin": 0, "relogin_failed": 0, "log_polls": 128, "log_poll_failed": 0} quiet_for=39s remaining=399min
2026-09-02 23:26:05  [HEARTBEAT] counts={"lines": 1276, "severity": 556, "trigger": 34, "reboot_markers": 0, "relogin": 0, "relogin_failed": 0, "log_polls": 129, "log_poll_failed": 0} quiet_for=39s remaining=394min
2026-09-02 23:31:05  [HEARTBEAT] counts={"lines": 1280, "severity": 556, "trigger": 34, "reboot_markers": 0, "relogin": 0, "relogin_failed": 0, "log_polls": 131, "log_poll_failed": 0} quiet_for=35s remaining=389min
2026-09-02 23:36:06  [HEARTBEAT] counts={"lines": 1285, "severity": 556, "trigger": 34, "reboot_markers": 0, "relogin": 0, "relogin_failed": 0, "log_polls": 132, "log_poll_failed": 0} quiet_for=12s remaining=384min
2026-09-02 23:41:06  [HEARTBEAT] counts={"lines": 1289, "severity": 556, "trigger": 34, "reboot_markers": 0, "relogin": 0, "relogin_failed": 0, "log_polls": 133, "log_poll_failed": 0} quiet_for=26s remaining=379min
2026-09-02 23:46:06  [HEARTBEAT] counts={"lines": 1293, "severity": 556, "trigger": 34, "reboot_markers": 0, "relogin": 0, "relogin_failed": 0, "log_polls": 134, "log_poll_failed": 0} quiet_for=22s remaining=374min
2026-09-02 23:51:06  [HEARTBEAT] counts={"lines": 1297, "severity": 556, "trigger": 34, "reboot_markers": 0, "relogin": 0, "relogin_failed": 0, "log_polls": 136, "log_poll_failed": 0} quiet_for=17s remaining=369min
2026-09-02 23:56:06  [HEARTBEAT] counts={"lines": 1301, "severity": 556, "trigger": 34, "reboot_markers": 0, "relogin": 0, "relogin_failed": 0, "log_polls": 137, "log_poll_failed": 0} quiet_for=12s remaining=364min
2026-09-03 00:01:06  [HEARTBEAT] counts={"lines": 1305, "severity": 556, "trigger": 34, "reboot_markers": 0, "relogin": 0, "relogin_failed": 0, "log_polls": 138, "log_poll_failed": 0} quiet_for=7s remaining=359min
2026-09-03 00:06:06  [HEARTBEAT] counts={"lines": 1309, "severity": 556, "trigger": 34, "reboot_markers": 0, "relogin": 0, "relogin_failed": 0, "log_polls": 139, "log_poll_failed": 0} quiet_for=2s remaining=354min
2026-09-03 00:11:07  [HEARTBEAT] counts={"lines": 1310, "severity": 556, "trigger": 34, "reboot_markers": 0, "relogin": 0, "relogin_failed": 0, "log_polls": 141, "log_poll_failed": 0} quiet_for=117s remaining=349min
2026-09-03 00:16:07  [HEARTBEAT] counts={"lines": 1314, "severity": 556, "trigger": 34, "reboot_markers": 0, "relogin": 0, "relogin_failed": 0, "log_polls": 142, "log_poll_failed": 0} quiet_for=132s remaining=344min
2026-09-03 00:21:07  [HEARTBEAT] counts={"lines": 1318, "severity": 556, "trigger": 34, "reboot_markers": 0, "relogin": 0, "relogin_failed": 0, "log_polls": 143, "log_poll_failed": 0} quiet_for=147s remaining=339min
2026-09-03 00:26:07  [HEARTBEAT] counts={"lines": 1322, "severity": 556, "trigger": 34, "reboot_markers": 0, "relogin": 0, "relogin_failed": 0, "log_polls": 144, "log_poll_failed": 0} quiet_for=162s remaining=334min
2026-09-03 00:31:08  [HEARTBEAT] counts={"lines": 1326, "severity": 556, "trigger": 34, "reboot_markers": 0, "relogin": 0, "relogin_failed": 0, "log_polls": 146, "log_poll_failed": 0} quiet_for=178s remaining=329min
2026-09-03 00:36:08  [HEARTBEAT] counts={"lines": 1330, "severity": 556, "trigger": 34, "reboot_markers": 0, "relogin": 0, "relogin_failed": 0, "log_polls": 147, "log_poll_failed": 0} quiet_for=193s remaining=324min
2026-09-03 00:41:08  [HEARTBEAT] counts={"lines": 1334, "severity": 556, "trigger": 34, "reboot_markers": 0, "relogin": 0, "relogin_failed": 0, "log_polls": 148, "log_poll_failed": 0} quiet_for=208s remaining=319min
2026-09-03 00:46:08  [HEARTBEAT] counts={"lines": 1338, "severity": 556, "trigger": 34, "reboot_markers": 0, "relogin": 0, "relogin_failed": 0, "log_polls": 149, "log_poll_failed": 0} quiet_for=223s remaining=314min
2026-09-03 00:51:08  [HEARTBEAT] counts={"lines": 1342, "severity": 556, "trigger": 34, "reboot_markers": 0, "relogin": 0, "relogin_failed": 0, "log_polls": 151, "log_poll_failed": 0} quiet_for=235s remaining=309min
2026-09-03 00:56:08  [HEARTBEAT] counts={"lines": 1346, "severity": 556, "trigger": 34, "reboot_markers": 0, "relogin": 0, "relogin_failed": 0, "log_polls": 152, "log_poll_failed": 0} quiet_for=253s remaining=304min
2026-09-03 01:01:08  [HEARTBEAT] counts={"lines": 1353, "severity": 556, "trigger": 34, "reboot_markers": 0, "relogin": 0, "relogin_failed": 0, "log_polls": 153, "log_poll_failed": 0} quiet_for=259s remaining=299min
2026-09-03 01:06:08  [HEARTBEAT] counts={"lines": 1357, "severity": 556, "trigger": 34, "reboot_markers": 0, "relogin": 0, "relogin_failed": 0, "log_polls": 154, "log_poll_failed": 0} quiet_for=254s remaining=294min
2026-09-03 01:11:09  [HEARTBEAT] counts={"lines": 1359, "severity": 556, "trigger": 34, "reboot_markers": 0, "relogin": 0, "relogin_failed": 0, "log_polls": 156, "log_poll_failed": 0} quiet_for=13s remaining=289min
2026-09-03 01:16:09  [HEARTBEAT] counts={"lines": 1363, "severity": 556, "trigger": 34, "reboot_markers": 0, "relogin": 0, "relogin_failed": 0, "log_polls": 157, "log_poll_failed": 0} quiet_for=28s remaining=284min
2026-09-03 01:21:09  [HEARTBEAT] counts={"lines": 1368, "severity": 556, "trigger": 34, "reboot_markers": 0, "relogin": 0, "relogin_failed": 0, "log_polls": 158, "log_poll_failed": 0} quiet_for=43s remaining=279min
2026-09-03 01:26:09  [HEARTBEAT] counts={"lines": 1372, "severity": 556, "trigger": 34, "reboot_markers": 0, "relogin": 0, "relogin_failed": 0, "log_polls": 159, "log_poll_failed": 0} quiet_for=58s remaining=274min
2026-09-03 01:31:10  [HEARTBEAT] counts={"lines": 1376, "severity": 556, "trigger": 34, "reboot_markers": 0, "relogin": 0, "relogin_failed": 0, "log_polls": 161, "log_poll_failed": 0} quiet_for=73s remaining=269min
2026-09-03 01:36:10  [HEARTBEAT] counts={"lines": 1380, "severity": 556, "trigger": 34, "reboot_markers": 0, "relogin": 0, "relogin_failed": 0, "log_polls": 162, "log_poll_failed": 0} quiet_for=89s remaining=264min
2026-09-03 01:41:10  [HEARTBEAT] counts={"lines": 1384, "severity": 556, "trigger": 34, "reboot_markers": 0, "relogin": 0, "relogin_failed": 0, "log_polls": 163, "log_poll_failed": 0} quiet_for=103s remaining=259min
2026-09-03 01:46:10  [HEARTBEAT] counts={"lines": 1388, "severity": 556, "trigger": 34, "reboot_markers": 0, "relogin": 0, "relogin_failed": 0, "log_polls": 164, "log_poll_failed": 0} quiet_for=118s remaining=254min
2026-09-03 01:51:10  [HEARTBEAT] counts={"lines": 1392, "severity": 556, "trigger": 34, "reboot_markers": 0, "relogin": 0, "relogin_failed": 0, "log_polls": 166, "log_poll_failed": 0} quiet_for=133s remaining=249min
2026-09-03 01:56:10  [HEARTBEAT] counts={"lines": 1396, "severity": 556, "trigger": 34, "reboot_markers": 0, "relogin": 0, "relogin_failed": 0, "log_polls": 167, "log_poll_failed": 0} quiet_for=148s remaining=244min
2026-09-03 02:01:10  [HEARTBEAT] counts={"lines": 1400, "severity": 556, "trigger": 34, "reboot_markers": 0, "relogin": 0, "relogin_failed": 0, "log_polls": 168, "log_poll_failed": 0} quiet_for=163s remaining=239min
2026-09-03 02:06:10  [HEARTBEAT] counts={"lines": 1404, "severity": 556, "trigger": 34, "reboot_markers": 0, "relogin": 0, "relogin_failed": 0, "log_polls": 169, "log_poll_failed": 0} quiet_for=178s remaining=234min
2026-09-03 02:11:11  [HEARTBEAT] counts={"lines": 1408, "severity": 556, "trigger": 34, "reboot_markers": 0, "relogin": 0, "relogin_failed": 0, "log_polls": 171, "log_poll_failed": 0} quiet_for=194s remaining=229min
2026-09-03 02:16:11  [HEARTBEAT] counts={"lines": 1412, "severity": 556, "trigger": 34, "reboot_markers": 0, "relogin": 0, "relogin_failed": 0, "log_polls": 172, "log_poll_failed": 0} quiet_for=192s remaining=224min
2026-09-03 02:21:11  [HEARTBEAT] counts={"lines": 1416, "severity": 556, "trigger": 34, "reboot_markers": 0, "relogin": 0, "relogin_failed": 0, "log_polls": 173, "log_poll_failed": 0} quiet_for=187s remaining=219min
2026-09-03 02:26:11  [HEARTBEAT] counts={"lines": 1417, "severity": 556, "trigger": 34, "reboot_markers": 0, "relogin": 0, "relogin_failed": 0, "log_polls": 174, "log_poll_failed": 0} quiet_for=239s remaining=214min
2026-09-03 02:31:11  [HEARTBEAT] counts={"lines": 1421, "severity": 556, "trigger": 34, "reboot_markers": 0, "relogin": 0, "relogin_failed": 0, "log_polls": 176, "log_poll_failed": 0} quiet_for=177s remaining=209min
2026-09-03 02:36:11  [HEARTBEAT] counts={"lines": 1425, "severity": 556, "trigger": 34, "reboot_markers": 0, "relogin": 0, "relogin_failed": 0, "log_polls": 177, "log_poll_failed": 0} quiet_for=172s remaining=204min
2026-09-03 02:41:11  [HEARTBEAT] counts={"lines": 1429, "severity": 556, "trigger": 34, "reboot_markers": 0, "relogin": 0, "relogin_failed": 0, "log_polls": 178, "log_poll_failed": 0} quiet_for=167s remaining=199min
2026-09-03 02:46:12  [HEARTBEAT] counts={"lines": 1434, "severity": 556, "trigger": 34, "reboot_markers": 0, "relogin": 0, "relogin_failed": 0, "log_polls": 179, "log_poll_failed": 0} quiet_for=14s remaining=194min
2026-09-03 02:51:12  [HEARTBEAT] counts={"lines": 1438, "severity": 556, "trigger": 34, "reboot_markers": 0, "relogin": 0, "relogin_failed": 0, "log_polls": 181, "log_poll_failed": 0} quiet_for=29s remaining=189min
2026-09-03 02:56:12  [HEARTBEAT] counts={"lines": 1442, "severity": 556, "trigger": 34, "reboot_markers": 0, "relogin": 0, "relogin_failed": 0, "log_polls": 182, "log_poll_failed": 0} quiet_for=44s remaining=184min
2026-09-03 03:01:12  [HEARTBEAT] counts={"lines": 1446, "severity": 556, "trigger": 34, "reboot_markers": 0, "relogin": 0, "relogin_failed": 0, "log_polls": 183, "log_poll_failed": 0} quiet_for=59s remaining=179min
2026-09-03 03:06:12  [HEARTBEAT] counts={"lines": 1450, "severity": 556, "trigger": 34, "reboot_markers": 0, "relogin": 0, "relogin_failed": 0, "log_polls": 184, "log_poll_failed": 0} quiet_for=74s remaining=174min
2026-09-03 03:11:13  [HEARTBEAT] counts={"lines": 1454, "severity": 556, "trigger": 34, "reboot_markers": 0, "relogin": 0, "relogin_failed": 0, "log_polls": 186, "log_poll_failed": 0} quiet_for=89s remaining=169min
2026-09-03 03:16:13  [HEARTBEAT] counts={"lines": 1458, "severity": 556, "trigger": 34, "reboot_markers": 0, "relogin": 0, "relogin_failed": 0, "log_polls": 187, "log_poll_failed": 0} quiet_for=104s remaining=164min
2026-09-03 03:21:13  [HEARTBEAT] counts={"lines": 1462, "severity": 556, "trigger": 34, "reboot_markers": 0, "relogin": 0, "relogin_failed": 0, "log_polls": 188, "log_poll_failed": 0} quiet_for=119s remaining=159min
2026-09-03 03:26:13  [HEARTBEAT] counts={"lines": 1466, "severity": 556, "trigger": 34, "reboot_markers": 0, "relogin": 0, "relogin_failed": 0, "log_polls": 189, "log_poll_failed": 0} quiet_for=128s remaining=154min
2026-09-03 03:31:13  [HEARTBEAT] counts={"lines": 1470, "severity": 556, "trigger": 34, "reboot_markers": 0, "relogin": 0, "relogin_failed": 0, "log_polls": 191, "log_poll_failed": 0} quiet_for=124s remaining=149min
2026-09-03 03:36:13  [HEARTBEAT] counts={"lines": 1474, "severity": 556, "trigger": 34, "reboot_markers": 0, "relogin": 0, "relogin_failed": 0, "log_polls": 192, "log_poll_failed": 0} quiet_for=119s remaining=144min
2026-09-03 03:41:13  [HEARTBEAT] counts={"lines": 1478, "severity": 556, "trigger": 34, "reboot_markers": 0, "relogin": 0, "relogin_failed": 0, "log_polls": 193, "log_poll_failed": 0} quiet_for=114s remaining=139min
2026-09-03 03:46:13  [HEARTBEAT] counts={"lines": 1482, "severity": 556, "trigger": 34, "reboot_markers": 0, "relogin": 0, "relogin_failed": 0, "log_polls": 194, "log_poll_failed": 0} quiet_for=109s remaining=134min
2026-09-03 03:51:14  [HEARTBEAT] counts={"lines": 1486, "severity": 556, "trigger": 34, "reboot_markers": 0, "relogin": 0, "relogin_failed": 0, "log_polls": 196, "log_poll_failed": 0} quiet_for=108s remaining=129min
2026-09-03 03:56:14  [HEARTBEAT] counts={"lines": 1490, "severity": 556, "trigger": 34, "reboot_markers": 0, "relogin": 0, "relogin_failed": 0, "log_polls": 197, "log_poll_failed": 0} quiet_for=103s remaining=124min
2026-09-03 04:01:14  [HEARTBEAT] counts={"lines": 1494, "severity": 556, "trigger": 34, "reboot_markers": 0, "relogin": 0, "relogin_failed": 0, "log_polls": 198, "log_poll_failed": 0} quiet_for=99s remaining=119min
2026-09-03 04:06:14  [HEARTBEAT] counts={"lines": 1498, "severity": 556, "trigger": 34, "reboot_markers": 0, "relogin": 0, "relogin_failed": 0, "log_polls": 199, "log_poll_failed": 0} quiet_for=95s remaining=114min
2026-09-03 04:11:14  [HEARTBEAT] counts={"lines": 1502, "severity": 556, "trigger": 34, "reboot_markers": 0, "relogin": 0, "relogin_failed": 0, "log_polls": 201, "log_poll_failed": 0} quiet_for=90s remaining=109min
2026-09-03 04:16:14  [HEARTBEAT] counts={"lines": 1506, "severity": 556, "trigger": 34, "reboot_markers": 0, "relogin": 0, "relogin_failed": 0, "log_polls": 202, "log_poll_failed": 0} quiet_for=85s remaining=104min
2026-09-03 04:21:15  [HEARTBEAT] counts={"lines": 1511, "severity": 556, "trigger": 34, "reboot_markers": 0, "relogin": 0, "relogin_failed": 0, "log_polls": 203, "log_poll_failed": 0} quiet_for=15s remaining=99min
2026-09-03 04:26:15  [HEARTBEAT] counts={"lines": 1515, "severity": 556, "trigger": 34, "reboot_markers": 0, "relogin": 0, "relogin_failed": 0, "log_polls": 204, "log_poll_failed": 0} quiet_for=30s remaining=94min
2026-09-03 04:31:15  [HEARTBEAT] counts={"lines": 1519, "severity": 556, "trigger": 34, "reboot_markers": 0, "relogin": 0, "relogin_failed": 0, "log_polls": 206, "log_poll_failed": 0} quiet_for=45s remaining=89min
2026-09-03 04:36:15  [HEARTBEAT] counts={"lines": 1520, "severity": 556, "trigger": 34, "reboot_markers": 0, "relogin": 0, "relogin_failed": 0, "log_polls": 207, "log_poll_failed": 0} quiet_for=60s remaining=84min
2026-09-03 04:41:15  [HEARTBEAT] counts={"lines": 1524, "severity": 556, "trigger": 34, "reboot_markers": 0, "relogin": 0, "relogin_failed": 0, "log_polls": 208, "log_poll_failed": 0} quiet_for=60s remaining=79min
2026-09-03 04:46:15  [HEARTBEAT] counts={"lines": 1528, "severity": 556, "trigger": 34, "reboot_markers": 0, "relogin": 0, "relogin_failed": 0, "log_polls": 209, "log_poll_failed": 0} quiet_for=55s remaining=74min
2026-09-03 04:51:15  [HEARTBEAT] counts={"lines": 1532, "severity": 556, "trigger": 34, "reboot_markers": 0, "relogin": 0, "relogin_failed": 0, "log_polls": 211, "log_poll_failed": 0} quiet_for=51s remaining=69min
2026-09-03 04:56:15  [HEARTBEAT] counts={"lines": 1536, "severity": 556, "trigger": 34, "reboot_markers": 0, "relogin": 0, "relogin_failed": 0, "log_polls": 212, "log_poll_failed": 0} quiet_for=49s remaining=64min
2026-09-03 05:01:16  [HEARTBEAT] counts={"lines": 1540, "severity": 556, "trigger": 34, "reboot_markers": 0, "relogin": 0, "relogin_failed": 0, "log_polls": 213, "log_poll_failed": 0} quiet_for=45s remaining=59min
2026-09-03 05:06:16  [HEARTBEAT] counts={"lines": 1544, "severity": 556, "trigger": 34, "reboot_markers": 0, "relogin": 0, "relogin_failed": 0, "log_polls": 214, "log_poll_failed": 0} quiet_for=41s remaining=54min
2026-09-03 05:11:16  [HEARTBEAT] counts={"lines": 1548, "severity": 556, "trigger": 34, "reboot_markers": 0, "relogin": 0, "relogin_failed": 0, "log_polls": 216, "log_poll_failed": 0} quiet_for=36s remaining=49min
2026-09-03 05:16:16  [HEARTBEAT] counts={"lines": 1552, "severity": 556, "trigger": 34, "reboot_markers": 0, "relogin": 0, "relogin_failed": 0, "log_polls": 217, "log_poll_failed": 0} quiet_for=32s remaining=44min
2026-09-03 05:21:16  [HEARTBEAT] counts={"lines": 1556, "severity": 556, "trigger": 34, "reboot_markers": 0, "relogin": 0, "relogin_failed": 0, "log_polls": 218, "log_poll_failed": 0} quiet_for=27s remaining=39min
2026-09-03 05:26:16  [HEARTBEAT] counts={"lines": 1560, "severity": 556, "trigger": 34, "reboot_markers": 0, "relogin": 0, "relogin_failed": 0, "log_polls": 219, "log_poll_failed": 0} quiet_for=22s remaining=34min
2026-09-03 05:31:16  [HEARTBEAT] counts={"lines": 1564, "severity": 556, "trigger": 34, "reboot_markers": 0, "relogin": 0, "relogin_failed": 0, "log_polls": 221, "log_poll_failed": 0} quiet_for=17s remaining=29min
2026-09-03 05:36:17  [HEARTBEAT] counts={"lines": 1568, "severity": 556, "trigger": 34, "reboot_markers": 0, "relogin": 0, "relogin_failed": 0, "log_polls": 222, "log_poll_failed": 0} quiet_for=12s remaining=24min
2026-09-03 05:41:17  [HEARTBEAT] counts={"lines": 1572, "severity": 556, "trigger": 34, "reboot_markers": 0, "relogin": 0, "relogin_failed": 0, "log_polls": 223, "log_poll_failed": 0} quiet_for=7s remaining=19min
2026-09-03 05:46:17  [HEARTBEAT] counts={"lines": 1576, "severity": 556, "trigger": 34, "reboot_markers": 0, "relogin": 0, "relogin_failed": 0, "log_polls": 224, "log_poll_failed": 0} quiet_for=2s remaining=14min
2026-09-03 05:51:17  [HEARTBEAT] counts={"lines": 1577, "severity": 556, "trigger": 34, "reboot_markers": 0, "relogin": 0, "relogin_failed": 0, "log_polls": 226, "log_poll_failed": 0} quiet_for=285s remaining=9min
2026-09-03 05:56:17  [HEARTBEAT] counts={"lines": 1581, "severity": 556, "trigger": 34, "reboot_markers": 0, "relogin": 0, "relogin_failed": 0, "log_polls": 227, "log_poll_failed": 0} quiet_for=15s remaining=4min
2026-09-03 06:00:19  captured final -> u4-264A23052.final.txt
2026-09-03 06:00:19  [WATCH_END] {"lines": 1584, "severity": 556, "trigger": 34, "reboot_markers": 0, "relogin": 0, "relogin_failed": 0, "log_polls": 229, "log_poll_failed": 0}
