1790730140.844 14:02:20 login ok
=== 1790730141.995 14:02:21 >>> show clock
UTC Time:   Wed, 30 Sep 2026 01:03:03 +0000
Timezone: UTC
Timezone Offset: +00:00
Summer time zone: None
=== 1790730143.147 14:02:23 >>> show stack
Virtual Chassis Stacking summary information

ID   Pending ID  MAC address        Priority  Status  Role
1    -           84e3.2787.0ac0     128       Ready   Backup Member
2    -           -                  -         -       Provisioned
3    -           84e3.2787.0740     128       Ready   Backup Member
4    -           84e3.2787.09c0     128       Ready   Active Master

Operational Status                 Normal operation
Stack MAC address                  0000.cd37.0d6f (Virtual MAC)
=== 1790730144.299 14:02:24 >>> show mrp ring
Media Redundancy Protocol - Ring Information
MRP Ring 1
 Domain ID:                           ffffffff-ffff-ffff-ffff-ffffffffffff
 Domain Name:                         
 Ring Status:                         Enabled
 Running State:                       Running
 Role:                                Manager
 Network Status:                      Closed
 Port1:                               port1.0.13
  Status:                             Forwarding
 Port2:                               port4.0.26
  Status:                             Blocking
 Vlan ID:
 React on Link Change:                No
 Profile:                             200ms
  Topology Change Interval:           10ms
  Topology Change Count:              3
  Short Test Frame Interval:          10ms
  Default Test Frame Interval:        20ms
  Test Monitoring Interval Count:     3
  Test Monitoring Ext Interval Count: 3
  Non-blocking MRC Supported:         No
  Blocked port state supported:       Yes
=== 1790730145.451 14:02:25 >>> show clock
UTC Time:   Wed, 30 Sep 2026 01:03:07 +0000
Timezone: UTC
Timezone Offset: +00:00
Summer time zone: None
=== 1790730146.603 14:02:26 >>> show stack
Virtual Chassis Stacking summary information

ID   Pending ID  MAC address        Priority  Status  Role
1    -           84e3.2787.0ac0     128       Ready   Backup Member
2    -           -                  -         -       Provisioned
3    -           84e3.2787.0740     128       Ready   Backup Member
4    -           84e3.2787.09c0     128       Ready   Active Master

Operational Status                 Normal operation
Stack MAC address                  0000.cd37.0d6f (Virtual MAC)
=== 1790730147.755 14:02:27 >>> show mrp ring
Media Redundancy Protocol - Ring Information
MRP Ring 1
 Domain ID:                           ffffffff-ffff-ffff-ffff-ffffffffffff
 Domain Name:                         
 Ring Status:                         Enabled
 Running State:                       Running
 Role:                                Manager
 Network Status:                      Closed
 Port1:                               port1.0.13
  Status:                             Forwarding
 Port2:                               port4.0.26
  Status:                             Blocking
 Vlan ID:
 React on Link Change:                No
 Profile:                             200ms
  Topology Change Interval:           10ms
  Topology Change Count:              3
  Short Test Frame Interval:          10ms
  Default Test Frame Interval:        20ms
  Test Monitoring Interval Count:     3
  Test Monitoring Ext Interval Count: 3
  Non-blocking MRC Supported:         No
  Blocked port state supported:       Yes
=== 1790730148.907 14:02:28 >>> show clock
UTC Time:   Wed, 30 Sep 2026 01:03:10 +0000
Timezone: UTC
Timezone Offset: +00:00
Summer time zone: None
=== 1790730150.058 14:02:30 >>> show stack
Virtual Chassis Stacking summary information

ID   Pending ID  MAC address        Priority  Status  Role
1    -           84e3.2787.0ac0     128       Ready   Backup Member
2    -           -                  -         -       Provisioned
3    -           84e3.2787.0740     128       Ready   Backup Member
4    -           84e3.2787.09c0     128       Ready   Active Master

Operational Status                 Normal operation
Stack MAC address                  0000.cd37.0d6f (Virtual MAC)
=== 1790730151.210 14:02:31 >>> show mrp ring
Media Redundancy Protocol - Ring Information
MRP Ring 1
 Domain ID:                           ffffffff-ffff-ffff-ffff-ffffffffffff
 Domain Name:                         
 Ring Status:                         Enabled
 Running State:                       Running
 Role:                                Manager
 Network Status:                      Closed
 Port1:                               port1.0.13
  Status:                             Forwarding
 Port2:                               port4.0.26
  Status:                             Blocking
 Vlan ID:
 React on Link Change:                No
 Profile:                             200ms
  Topology Change Interval:           10ms
  Topology Change Count:              3
  Short Test Frame Interval:          10ms
  Default Test Frame Interval:        20ms
  Test Monitoring Interval Count:     3
  Test Monitoring Ext Interval Count: 3
  Non-blocking MRC Supported:         No
  Blocked port state supported:       Yes
=== 1790730152.362 14:02:32 >>> show clock
UTC Time:   Wed, 30 Sep 2026 01:03:13 +0000
Timezone: UTC
Timezone Offset: +00:00
Summer time zone: None
=== 1790730153.514 14:02:33 >>> show stack
Virtual Chassis Stacking summary information

ID   Pending ID  MAC address        Priority  Status  Role
1    -           84e3.2787.0ac0     128       Ready   Backup Member
2    -           -                  -         -       Provisioned
3    -           84e3.2787.0740     128       Ready   Backup Member
4    -           84e3.2787.09c0     128       Ready   Active Master

Operational Status                 Normal operation
Stack MAC address                  0000.cd37.0d6f (Virtual MAC)
=== 1790730154.666 14:02:34 >>> show mrp ring
Media Redundancy Protocol - Ring Information
MRP Ring 1
 Domain ID:                           ffffffff-ffff-ffff-ffff-ffffffffffff
 Domain Name:                         
 Ring Status:                         Enabled
 Running State:                       Running
 Role:                                Manager
 Network Status:                      Closed
 Port1:                               port1.0.13
  Status:                             Forwarding
 Port2:                               port4.0.26
  Status:                             Blocking
 Vlan ID:
 React on Link Change:                No
 Profile:                             200ms
  Topology Change Interval:           10ms
  Topology Change Count:              3
  Short Test Frame Interval:          10ms
  Default Test Frame Interval:        20ms
  Test Monitoring Interval Count:     3
  Test Monitoring Ext Interval Count: 3
  Non-blocking MRC Supported:         No
  Blocked port state supported:       Yes
=== 1790730155.818 14:02:35 >>> show clock
UTC Time:   Wed, 30 Sep 2026 01:03:17 +0000
Timezone: UTC
Timezone Offset: +00:00
Summer time zone: None
=== 1790730156.969 14:02:36 >>> show stack
Virtual Chassis Stacking summary information

ID   Pending ID  MAC address        Priority  Status  Role
1    -           84e3.2787.0ac0     128       Ready   Backup Member
2    -           -                  -         -       Provisioned
3    -           84e3.2787.0740     128       Ready   Backup Member
4    -           84e3.2787.09c0     128       Ready   Active Master

Operational Status                 Normal operation
Stack MAC address                  0000.cd37.0d6f (Virtual MAC)
=== 1790730158.121 14:02:38 >>> show mrp ring
Media Redundancy Protocol - Ring Information
MRP Ring 1
 Domain ID:                           ffffffff-ffff-ffff-ffff-ffffffffffff
 Domain Name:                         
 Ring Status:                         Enabled
 Running State:                       Running
 Role:                                Manager
 Network Status:                      Closed
 Port1:                               port1.0.13
  Status:                             Forwarding
 Port2:                               port4.0.26
  Status:                             Blocking
 Vlan ID:
 React on Link Change:                No
 Profile:                             200ms
  Topology Change Interval:           10ms
  Topology Change Count:              3
  Short Test Frame Interval:          10ms
  Default Test Frame Interval:        20ms
  Test Monitoring Interval Count:     3
  Test Monitoring Ext Interval Count: 3
  Non-blocking MRC Supported:         No
  Blocked port state supported:       Yes
=== 1790730159.273 14:02:39 >>> show clock
UTC Time:   Wed, 30 Sep 2026 01:03:20 +0000
Timezone: UTC
Timezone Offset: +00:00
Summer time zone: None
=== 1790730160.425 14:02:40 >>> show stack
Virtual Chassis Stacking summary information

ID   Pending ID  MAC address        Priority  Status  Role
1    -           84e3.2787.0ac0     128       Ready   Backup Member
2    -           -                  -         -       Provisioned
3    -           84e3.2787.0740     128       Ready   Backup Member
4    -           84e3.2787.09c0     128       Ready   Active Master

Operational Status                 Normal operation
Stack MAC address                  0000.cd37.0d6f (Virtual MAC)
=== 1790730161.577 14:02:41 >>> show mrp ring
Media Redundancy Protocol - Ring Information
MRP Ring 1
 Domain ID:                           ffffffff-ffff-ffff-ffff-ffffffffffff
 Domain Name:                         
 Ring Status:                         Enabled
 Running State:                       Running
 Role:                                Manager
 Network Status:                      Closed
 Port1:                               port1.0.13
  Status:                             Forwarding
 Port2:                               port4.0.26
  Status:                             Blocking
 Vlan ID:
 React on Link Change:                No
 Profile:                             200ms
  Topology Change Interval:           10ms
  Topology Change Count:              3
  Short Test Frame Interval:          10ms
  Default Test Frame Interval:        20ms
  Test Monitoring Interval Count:     3
  Test Monitoring Ext Interval Count: 3
  Non-blocking MRC Supported:         No
  Blocked port state supported:       Yes
=== 1790730162.729 14:02:42 >>> show clock
UTC Time:   Wed, 30 Sep 2026 01:03:24 +0000
Timezone: UTC
Timezone Offset: +00:00
Summer time zone: None
=== 1790730163.881 14:02:43 >>> show stack
Virtual Chassis Stacking summary information

ID   Pending ID  MAC address        Priority  Status  Role
1    -           84e3.2787.0ac0     128       Ready   Backup Member
2    -           -                  -         -       Provisioned
3    -           84e3.2787.0740     128       Ready   Backup Member
4    -           84e3.2787.09c0     128       Ready   Active Master

Operational Status                 Normal operation
Stack MAC address                  0000.cd37.0d6f (Virtual MAC)
=== 1790730165.033 14:02:45 >>> show mrp ring
Media Redundancy Protocol - Ring Information
MRP Ring 1
 Domain ID:                           ffffffff-ffff-ffff-ffff-ffffffffffff
 Domain Name:                         
 Ring Status:                         Enabled
 Running State:                       Running
 Role:                                Manager
 Network Status:                      Closed
 Port1:                               port1.0.13
  Status:                             Forwarding
 Port2:                               port4.0.26
  Status:                             Blocking
 Vlan ID:
 React on Link Change:                No
 Profile:                             200ms
  Topology Change Interval:           10ms
  Topology Change Count:              3
  Short Test Frame Interval:          10ms
  Default Test Frame Interval:        20ms
  Test Monitoring Interval Count:     3
  Test Monitoring Ext Interval Count: 3
  Non-blocking MRC Supported:         No
  Blocked port state supported:       Yes
=== 1790730166.185 14:02:46 >>> show clock
UTC Time:   Wed, 30 Sep 2026 01:03:27 +0000
Timezone: UTC
Timezone Offset: +00:00
Summer time zone: None
=== 1790730167.336 14:02:47 >>> show stack
Virtual Chassis Stacking summary information

ID   Pending ID  MAC address        Priority  Status  Role
1    -           84e3.2787.0ac0     128       Ready   Backup Member
2    -           -                  -         -       Provisioned
3    -           84e3.2787.0740     128       Ready   Backup Member
4    -           84e3.2787.09c0     128       Ready   Active Master

Operational Status                 Normal operation
Stack MAC address                  0000.cd37.0d6f (Virtual MAC)
=== 1790730168.488 14:02:48 >>> show mrp ring
Media Redundancy Protocol - Ring Information
MRP Ring 1
 Domain ID:                           ffffffff-ffff-ffff-ffff-ffffffffffff
 Domain Name:                         
 Ring Status:                         Enabled
 Running State:                       Running
 Role:                                Manager
 Network Status:                      Closed
 Port1:                               port1.0.13
  Status:                             Forwarding
 Port2:                               port4.0.26
  Status:                             Blocking
 Vlan ID:
 React on Link Change:                No
 Profile:                             200ms
  Topology Change Interval:           10ms
  Topology Change Count:              3
  Short Test Frame Interval:          10ms
  Default Test Frame Interval:        20ms
  Test Monitoring Interval Count:     3
  Test Monitoring Ext Interval Count: 3
  Non-blocking MRC Supported:         No
  Blocked port state supported:       Yes
=== 1790730169.640 14:02:49 >>> show clock
UTC Time:   Wed, 30 Sep 2026 01:03:31 +0000
Timezone: UTC
Timezone Offset: +00:00
Summer time zone: None
=== 1790730170.792 14:02:50 >>> show stack
Virtual Chassis Stacking summary information

ID   Pending ID  MAC address        Priority  Status  Role
1    -           84e3.2787.0ac0     128       Ready   Backup Member
2    -           -                  -         -       Provisioned
3    -           84e3.2787.0740     128       Ready   Backup Member
4    -           84e3.2787.09c0     128       Ready   Active Master

Operational Status                 Normal operation
Stack MAC address                  0000.cd37.0d6f (Virtual MAC)
=== 1790730171.944 14:02:51 >>> show mrp ring
Media Redundancy Protocol - Ring Information
MRP Ring 1
 Domain ID:                           ffffffff-ffff-ffff-ffff-ffffffffffff
 Domain Name:                         
 Ring Status:                         Enabled
 Running State:                       Running
 Role:                                Manager
 Network Status:                      Closed
 Port1:                               port1.0.13
  Status:                             Forwarding
 Port2:                               port4.0.26
  Status:                             Blocking
 Vlan ID:
 React on Link Change:                No
 Profile:                             200ms
  Topology Change Interval:           10ms
  Topology Change Count:              3
  Short Test Frame Interval:          10ms
  Default Test Frame Interval:        20ms
  Test Monitoring Interval Count:     3
  Test Monitoring Ext Interval Count: 3
  Non-blocking MRC Supported:         No
  Blocked port state supported:       Yes
=== 1790730173.096 14:02:53 >>> show clock
UTC Time:   Wed, 30 Sep 2026 01:03:34 +0000
Timezone: UTC
Timezone Offset: +00:00
Summer time zone: None
=== 1790730174.247 14:02:54 >>> show stack
Virtual Chassis Stacking summary information

ID   Pending ID  MAC address        Priority  Status  Role
1    -           84e3.2787.0ac0     128       Ready   Backup Member
2    -           -                  -         -       Provisioned
3    -           84e3.2787.0740     128       Ready   Backup Member
4    -           84e3.2787.09c0     128       Ready   Active Master

Operational Status                 Normal operation
Stack MAC address                  0000.cd37.0d6f (Virtual MAC)
=== 1790730175.399 14:02:55 >>> show mrp ring
Media Redundancy Protocol - Ring Information
MRP Ring 1
 Domain ID:                           ffffffff-ffff-ffff-ffff-ffffffffffff
 Domain Name:                         
 Ring Status:                         Enabled
 Running State:                       Running
 Role:                                Manager
 Network Status:                      Closed
 Port1:                               port1.0.13
  Status:                             Forwarding
 Port2:                               port4.0.26
  Status:                             Blocking
 Vlan ID:
 React on Link Change:                No
 Profile:                             200ms
  Topology Change Interval:           10ms
  Topology Change Count:              3
  Short Test Frame Interval:          10ms
  Default Test Frame Interval:        20ms
  Test Monitoring Interval Count:     3
  Test Monitoring Ext Interval Count: 3
  Non-blocking MRC Supported:         No
  Blocked port state supported:       Yes
=== 1790730176.551 14:02:56 >>> show clock
UTC Time:   Wed, 30 Sep 2026 01:03:38 +0000
Timezone: UTC
Timezone Offset: +00:00
Summer time zone: None
=== 1790730180.255 14:03:00 >>> show stack
Virtual Chassis Stacking summary information

ID   Pending ID  MAC address        Priority  Status  Role
1    -           84e3.2787.0ac0     128       Ready   Backup Member
2    -           -                  -         -       Provisioned
3    -           84e3.2787.0740     128       Ready   Backup Member
4    -           84e3.2787.09c0     128       Ready   Active Master

Operational Status                 Normal operation
Stack MAC address                  0000.cd37.0d6f (Virtual MAC)
IE520-stk#switch: port 19(port3.0.1) entered disabled state
switch: port 20(port3.0.2) entered disabled state
switch: port 21(port3.0.3) entered disabled state
switch: port 22(port3.0.4) entered disabled state
01:03:40 IE520-stk VCS[660]: Member 3 (84e3.2787.0740) has left the stack                                                                               

switch: port 23(port3.0.5) entered disabled state
switch: port 83(port1.0.27) entered disabled state
switch: port 2(port4.0.28) entered disabled state
switch: port 24(port3.0.6) entered disabled state
switch: port 25(port3.0.7) entered disabled state
switch: port 26(port3.0.8) entered disabled state
switch: port 27(port3.0.9) entered disabled state
switch: port 28(port3.0.10) entered disabled state
switch: port 29(port3.0.11) entered disabled state
switch: port 30(port3.0.12) entered disabled state
switch: port 31(port3.0.13) entered disabled state
switch: port 32(port3.0.14) entered disabled state
switch: port 33(port3.0.15) entered disabled state
switch: port 34(port3.0.16) entered disabled state
switch: port 35(port3.0.17) entered disabled state
switch: port 36(port3.0.18) entered disabled state
switch: port 37(port3.0.19) entered disabled state
switch: port 38(port3.0.20) entered disabled state
switch: port 39(port3.0.21) entered disabled state
switch: port 40(port3.0.22) entered disabled state
switch: port 41(port3.0.23) entered disabled state
switch: port 42(port3.0.24) entered disabled state
switch: port 43(port3.0.25) entered disabled state
switch: port 44(port3.0.26) entered disabled state
switch: port 45(port3.0.27) entered disabled state
switch: port 46(port3.0.28) entered disabled state
=== 1790730181.407 14:03:01 >>> show mrp ring
Media Redundancy Protocol - Ring Information
MRP Ring 1
 Domain ID:                           ffffffff-ffff-ffff-ffff-ffffffffffff
 Domain Name:                         
 Ring Status:                         Enabled
 Running State:                       Running
 Role:                                Manager
 Network Status:                      Closed
 Port1:                               port1.0.13
  Status:                             Forwarding
 Port2:                               port4.0.26
  Status:                             Blocking
 Vlan ID:
 React on Link Change:                No
 Profile:                             200ms
  Topology Change Interval:           10ms
  Topology Change Count:              3
  Short Test Frame Interval:          10ms
  Default Test Frame Interval:        20ms
  Test Monitoring Interval Count:     3
  Test Monitoring Ext Interval Count: 3
  Non-blocking MRC Supported:         No
  Blocked port state supported:       Yes
=== 1790730182.559 14:03:02 >>> show clock
UTC Time:   Wed, 30 Sep 2026 01:03:44 +0000
Timezone: UTC
Timezone Offset: +00:00
Summer time zone: None
=== 1790730183.911 14:03:03 >>> show stack
Virtual Chassis Stacking summary information

ID   Pending ID  MAC address        Priority  Status  Role
1    -           84e3.2787.0ac0     128       Ready   Backup Member
2    -           -                  -         -       Provisioned
3    -           -                  -         -       Provisioned
4    -           84e3.2787.09c0     128       Ready   Active Master

Operational Status                 Not all stack ports are up
Stack MAC address                  0000.cd37.0d6f (Virtual MAC)
IE520-stk#01:03:45 IE520-stk NSM[584]: Removal event on unit 3.0 has been completed
=== 1790730185.063 14:03:05 >>> show mrp ring
Media Redundancy Protocol - Ring Information
MRP Ring 1
 Domain ID:                           ffffffff-ffff-ffff-ffff-ffffffffffff
 Domain Name:                         
 Ring Status:                         Enabled
 Running State:                       Running
 Role:                                Manager
 Network Status:                      Closed
 Port1:                               port1.0.13
  Status:                             Forwarding
 Port2:                               port4.0.26
  Status:                             Blocking
 Vlan ID:
 React on Link Change:                No
 Profile:                             200ms
  Topology Change Interval:           10ms
  Topology Change Count:              3
  Short Test Frame Interval:          10ms
  Default Test Frame Interval:        20ms
  Test Monitoring Interval Count:     3
  Test Monitoring Ext Interval Count: 3
  Non-blocking MRC Supported:         No
  Blocked port state supported:       Yes
=== 1790730186.215 14:03:06 >>> show clock
UTC Time:   Wed, 30 Sep 2026 01:03:47 +0000
Timezone: UTC
Timezone Offset: +00:00
Summer time zone: None
=== 1790730187.366 14:03:07 >>> show stack
Virtual Chassis Stacking summary information

ID   Pending ID  MAC address        Priority  Status  Role
1    -           84e3.2787.0ac0     128       Ready   Backup Member
2    -           -                  -         -       Provisioned
3    -           -                  -         -       Provisioned
4    -           84e3.2787.09c0     128       Ready   Active Master

Operational Status                 Not all stack ports are up
Stack MAC address                  0000.cd37.0d6f (Virtual MAC)
=== 1790730188.518 14:03:08 >>> show mrp ring
Media Redundancy Protocol - Ring Information
MRP Ring 1
 Domain ID:                           ffffffff-ffff-ffff-ffff-ffffffffffff
 Domain Name:                         
 Ring Status:                         Enabled
 Running State:                       Running
 Role:                                Manager
 Network Status:                      Closed
 Port1:                               port1.0.13
  Status:                             Forwarding
 Port2:                               port4.0.26
  Status:                             Blocking
 Vlan ID:
 React on Link Change:                No
 Profile:                             200ms
  Topology Change Interval:           10ms
  Topology Change Count:              3
  Short Test Frame Interval:          10ms
  Default Test Frame Interval:        20ms
  Test Monitoring Interval Count:     3
  Test Monitoring Ext Interval Count: 3
  Non-blocking MRC Supported:         No
  Blocked port state supported:       Yes
=== 1790730189.670 14:03:09 >>> show clock
UTC Time:   Wed, 30 Sep 2026 01:03:51 +0000
Timezone: UTC
Timezone Offset: +00:00
Summer time zone: None
=== 1790730190.822 14:03:10 >>> show stack
Virtual Chassis Stacking summary information

ID   Pending ID  MAC address        Priority  Status  Role
1    -           84e3.2787.0ac0     128       Ready   Backup Member
2    -           -                  -         -       Provisioned
3    -           -                  -         -       Provisioned
4    -           84e3.2787.09c0     128       Ready   Active Master

Operational Status                 Not all stack ports are up
Stack MAC address                  0000.cd37.0d6f (Virtual MAC)
=== 1790730191.974 14:03:11 >>> show mrp ring
Media Redundancy Protocol - Ring Information
MRP Ring 1
 Domain ID:                           ffffffff-ffff-ffff-ffff-ffffffffffff
 Domain Name:                         
 Ring Status:                         Enabled
 Running State:                       Running
 Role:                                Manager
 Network Status:                      Closed
 Port1:                               port1.0.13
  Status:                             Forwarding
 Port2:                               port4.0.26
  Status:                             Blocking
 Vlan ID:
 React on Link Change:                No
 Profile:                             200ms
  Topology Change Interval:           10ms
  Topology Change Count:              3
  Short Test Frame Interval:          10ms
  Default Test Frame Interval:        20ms
  Test Monitoring Interval Count:     3
  Test Monitoring Ext Interval Count: 3
  Non-blocking MRC Supported:         No
  Blocked port state supported:       Yes
=== 1790730193.125 14:03:13 >>> show clock
UTC Time:   Wed, 30 Sep 2026 01:03:54 +0000
Timezone: UTC
Timezone Offset: +00:00
Summer time zone: None
=== 1790730194.278 14:03:14 >>> show stack
Virtual Chassis Stacking summary information

ID   Pending ID  MAC address        Priority  Status  Role
1    -           84e3.2787.0ac0     128       Ready   Backup Member
2    -           -                  -         -       Provisioned
3    -           -                  -         -       Provisioned
4    -           84e3.2787.09c0     128       Ready   Active Master

Operational Status                 Not all stack ports are up
Stack MAC address                  0000.cd37.0d6f (Virtual MAC)
=== 1790730195.429 14:03:15 >>> show mrp ring
Media Redundancy Protocol - Ring Information
MRP Ring 1
 Domain ID:                           ffffffff-ffff-ffff-ffff-ffffffffffff
 Domain Name:                         
 Ring Status:                         Enabled
 Running State:                       Running
 Role:                                Manager
 Network Status:                      Closed
 Port1:                               port1.0.13
  Status:                             Forwarding
 Port2:                               port4.0.26
  Status:                             Blocking
 Vlan ID:
 React on Link Change:                No
 Profile:                             200ms
  Topology Change Interval:           10ms
  Topology Change Count:              3
  Short Test Frame Interval:          10ms
  Default Test Frame Interval:        20ms
  Test Monitoring Interval Count:     3
  Test Monitoring Ext Interval Count: 3
  Non-blocking MRC Supported:         No
  Blocked port state supported:       Yes
=== 1790730196.581 14:03:16 >>> show clock
UTC Time:   Wed, 30 Sep 2026 01:03:58 +0000
Timezone: UTC
Timezone Offset: +00:00
Summer time zone: None
=== 1790730197.733 14:03:17 >>> show stack
Virtual Chassis Stacking summary information

ID   Pending ID  MAC address        Priority  Status  Role
1    -           84e3.2787.0ac0     128       Ready   Backup Member
2    -           -                  -         -       Provisioned
3    -           -                  -         -       Provisioned
4    -           84e3.2787.09c0     128       Ready   Active Master

Operational Status                 Not all stack ports are up
Stack MAC address                  0000.cd37.0d6f (Virtual MAC)
=== 1790730198.885 14:03:18 >>> show mrp ring
Media Redundancy Protocol - Ring Information
MRP Ring 1
 Domain ID:                           ffffffff-ffff-ffff-ffff-ffffffffffff
 Domain Name:                         
 Ring Status:                         Enabled
 Running State:                       Running
 Role:                                Manager
 Network Status:                      Closed
 Port1:                               port1.0.13
  Status:                             Forwarding
 Port2:                               port4.0.26
  Status:                             Blocking
 Vlan ID:
 React on Link Change:                No
 Profile:                             200ms
  Topology Change Interval:           10ms
  Topology Change Count:              3
  Short Test Frame Interval:          10ms
  Default Test Frame Interval:        20ms
  Test Monitoring Interval Count:     3
  Test Monitoring Ext Interval Count: 3
  Non-blocking MRC Supported:         No
  Blocked port state supported:       Yes
=== 1790730200.037 14:03:20 >>> show clock
UTC Time:   Wed, 30 Sep 2026 01:04:01 +0000
Timezone: UTC
Timezone Offset: +00:00
Summer time zone: None
=== 1790730201.188 14:03:21 >>> show stack
Virtual Chassis Stacking summary information

ID   Pending ID  MAC address        Priority  Status  Role
1    -           84e3.2787.0ac0     128       Ready   Backup Member
2    -           -                  -         -       Provisioned
3    -           -                  -         -       Provisioned
4    -           84e3.2787.09c0     128       Ready   Active Master

Operational Status                 Not all stack ports are up
Stack MAC address                  0000.cd37.0d6f (Virtual MAC)
=== 1790730202.340 14:03:22 >>> show mrp ring
Media Redundancy Protocol - Ring Information
MRP Ring 1
 Domain ID:                           ffffffff-ffff-ffff-ffff-ffffffffffff
 Domain Name:                         
 Ring Status:                         Enabled
 Running State:                       Running
 Role:                                Manager
 Network Status:                      Closed
 Port1:                               port1.0.13
  Status:                             Forwarding
 Port2:                               port4.0.26
  Status:                             Blocking
 Vlan ID:
 React on Link Change:                No
 Profile:                             200ms
  Topology Change Interval:           10ms
  Topology Change Count:              3
  Short Test Frame Interval:          10ms
  Default Test Frame Interval:        20ms
  Test Monitoring Interval Count:     3
  Test Monitoring Ext Interval Count: 3
  Non-blocking MRC Supported:         No
  Blocked port state supported:       Yes
=== 1790730203.492 14:03:23 >>> show clock
UTC Time:   Wed, 30 Sep 2026 01:04:05 +0000
Timezone: UTC
Timezone Offset: +00:00
Summer time zone: None
=== 1790730204.644 14:03:24 >>> show stack
Virtual Chassis Stacking summary information

ID   Pending ID  MAC address        Priority  Status  Role
1    -           84e3.2787.0ac0     128       Ready   Backup Member
2    -           -                  -         -       Provisioned
3    -           -                  -         -       Provisioned
4    -           84e3.2787.09c0     128       Ready   Active Master

Operational Status                 Not all stack ports are up
Stack MAC address                  0000.cd37.0d6f (Virtual MAC)
=== 1790730205.796 14:03:25 >>> show mrp ring
Media Redundancy Protocol - Ring Information
MRP Ring 1
 Domain ID:                           ffffffff-ffff-ffff-ffff-ffffffffffff
 Domain Name:                         
 Ring Status:                         Enabled
 Running State:                       Running
 Role:                                Manager
 Network Status:                      Closed
 Port1:                               port1.0.13
  Status:                             Forwarding
 Port2:                               port4.0.26
  Status:                             Blocking
 Vlan ID:
 React on Link Change:                No
 Profile:                             200ms
  Topology Change Interval:           10ms
  Topology Change Count:              3
  Short Test Frame Interval:          10ms
  Default Test Frame Interval:        20ms
  Test Monitoring Interval Count:     3
  Test Monitoring Ext Interval Count: 3
  Non-blocking MRC Supported:         No
  Blocked port state supported:       Yes
=== 1790730206.948 14:03:26 >>> show clock
UTC Time:   Wed, 30 Sep 2026 01:04:08 +0000
Timezone: UTC
Timezone Offset: +00:00
Summer time zone: None
=== 1790730208.099 14:03:28 >>> show stack
Virtual Chassis Stacking summary information

ID   Pending ID  MAC address        Priority  Status  Role
1    -           84e3.2787.0ac0     128       Ready   Backup Member
2    -           -                  -         -       Provisioned
3    -           -                  -         -       Provisioned
4    -           84e3.2787.09c0     128       Ready   Active Master

Operational Status                 Not all stack ports are up
Stack MAC address                  0000.cd37.0d6f (Virtual MAC)
=== 1790730209.251 14:03:29 >>> show mrp ring
Media Redundancy Protocol - Ring Information
MRP Ring 1
 Domain ID:                           ffffffff-ffff-ffff-ffff-ffffffffffff
 Domain Name:                         
 Ring Status:                         Enabled
 Running State:                       Running
 Role:                                Manager
 Network Status:                      Closed
 Port1:                               port1.0.13
  Status:                             Forwarding
 Port2:                               port4.0.26
  Status:                             Blocking
 Vlan ID:
 React on Link Change:                No
 Profile:                             200ms
  Topology Change Interval:           10ms
  Topology Change Count:              3
  Short Test Frame Interval:          10ms
  Default Test Frame Interval:        20ms
  Test Monitoring Interval Count:     3
  Test Monitoring Ext Interval Count: 3
  Non-blocking MRC Supported:         No
  Blocked port state supported:       Yes
=== 1790730210.403 14:03:30 >>> show clock
UTC Time:   Wed, 30 Sep 2026 01:04:11 +0000
Timezone: UTC
Timezone Offset: +00:00
Summer time zone: None
=== 1790730211.555 14:03:31 >>> show stack
Virtual Chassis Stacking summary information

ID   Pending ID  MAC address        Priority  Status  Role
1    -           84e3.2787.0ac0     128       Ready   Backup Member
2    -           -                  -         -       Provisioned
3    -           -                  -         -       Provisioned
4    -           84e3.2787.09c0     128       Ready   Active Master

Operational Status                 Not all stack ports are up
Stack MAC address                  0000.cd37.0d6f (Virtual MAC)
=== 1790730212.707 14:03:32 >>> show mrp ring
Media Redundancy Protocol - Ring Information
MRP Ring 1
 Domain ID:                           ffffffff-ffff-ffff-ffff-ffffffffffff
 Domain Name:                         
 Ring Status:                         Enabled
 Running State:                       Running
 Role:                                Manager
 Network Status:                      Closed
 Port1:                               port1.0.13
  Status:                             Forwarding
 Port2:                               port4.0.26
  Status:                             Blocking
 Vlan ID:
 React on Link Change:                No
 Profile:                             200ms
  Topology Change Interval:           10ms
  Topology Change Count:              3
  Short Test Frame Interval:          10ms
  Default Test Frame Interval:        20ms
  Test Monitoring Interval Count:     3
  Test Monitoring Ext Interval Count: 3
  Non-blocking MRC Supported:         No
  Blocked port state supported:       Yes
=== 1790730213.859 14:03:33 >>> show clock
UTC Time:   Wed, 30 Sep 2026 01:04:15 +0000
Timezone: UTC
Timezone Offset: +00:00
Summer time zone: None
=== 1790730215.010 14:03:35 >>> show stack
Virtual Chassis Stacking summary information

ID   Pending ID  MAC address        Priority  Status  Role
1    -           84e3.2787.0ac0     128       Ready   Backup Member
2    -           -                  -         -       Provisioned
3    -           -                  -         -       Provisioned
4    -           84e3.2787.09c0     128       Ready   Active Master

Operational Status                 Not all stack ports are up
Stack MAC address                  0000.cd37.0d6f (Virtual MAC)
=== 1790730216.162 14:03:36 >>> show mrp ring
Media Redundancy Protocol - Ring Information
MRP Ring 1
 Domain ID:                           ffffffff-ffff-ffff-ffff-ffffffffffff
 Domain Name:                         
 Ring Status:                         Enabled
 Running State:                       Running
 Role:                                Manager
 Network Status:                      Closed
 Port1:                               port1.0.13
  Status:                             Forwarding
 Port2:                               port4.0.26
  Status:                             Blocking
 Vlan ID:
 React on Link Change:                No
 Profile:                             200ms
  Topology Change Interval:           10ms
  Topology Change Count:              3
  Short Test Frame Interval:          10ms
  Default Test Frame Interval:        20ms
  Test Monitoring Interval Count:     3
  Test Monitoring Ext Interval Count: 3
  Non-blocking MRC Supported:         No
  Blocked port state supported:       Yes
=== 1790730217.314 14:03:37 >>> show clock
UTC Time:   Wed, 30 Sep 2026 01:04:18 +0000
Timezone: UTC
Timezone Offset: +00:00
Summer time zone: None
=== 1790730218.466 14:03:38 >>> show stack
Virtual Chassis Stacking summary information

ID   Pending ID  MAC address        Priority  Status  Role
1    -           84e3.2787.0ac0     128       Ready   Backup Member
2    -           -                  -         -       Provisioned
3    -           -                  -         -       Provisioned
4    -           84e3.2787.09c0     128       Ready   Active Master

Operational Status                 Not all stack ports are up
Stack MAC address                  0000.cd37.0d6f (Virtual MAC)
=== 1790730219.618 14:03:39 >>> show mrp ring
Media Redundancy Protocol - Ring Information
MRP Ring 1
 Domain ID:                           ffffffff-ffff-ffff-ffff-ffffffffffff
 Domain Name:                         
 Ring Status:                         Enabled
 Running State:                       Running
 Role:                                Manager
 Network Status:                      Closed
 Port1:                               port1.0.13
  Status:                             Forwarding
 Port2:                               port4.0.26
  Status:                             Blocking
 Vlan ID:
 React on Link Change:                No
 Profile:                             200ms
  Topology Change Interval:           10ms
  Topology Change Count:              3
  Short Test Frame Interval:          10ms
  Default Test Frame Interval:        20ms
  Test Monitoring Interval Count:     3
  Test Monitoring Ext Interval Count: 3
  Non-blocking MRC Supported:         No
  Blocked port state supported:       Yes
=== 1790730220.770 14:03:40 >>> show clock
UTC Time:   Wed, 30 Sep 2026 01:04:22 +0000
Timezone: UTC
Timezone Offset: +00:00
Summer time zone: None
=== 1790730221.921 14:03:41 >>> show stack
Virtual Chassis Stacking summary information

ID   Pending ID  MAC address        Priority  Status  Role
1    -           84e3.2787.0ac0     128       Ready   Backup Member
2    -           -                  -         -       Provisioned
3    -           -                  -         -       Provisioned
4    -           84e3.2787.09c0     128       Ready   Active Master

Operational Status                 Not all stack ports are up
Stack MAC address                  0000.cd37.0d6f (Virtual MAC)
=== 1790730223.073 14:03:43 >>> show mrp ring
Media Redundancy Protocol - Ring Information
MRP Ring 1
 Domain ID:                           ffffffff-ffff-ffff-ffff-ffffffffffff
 Domain Name:                         
 Ring Status:                         Enabled
 Running State:                       Running
 Role:                                Manager
 Network Status:                      Closed
 Port1:                               port1.0.13
  Status:                             Forwarding
 Port2:                               port4.0.26
  Status:                             Blocking
 Vlan ID:
 React on Link Change:                No
 Profile:                             200ms
  Topology Change Interval:           10ms
  Topology Change Count:              3
  Short Test Frame Interval:          10ms
  Default Test Frame Interval:        20ms
  Test Monitoring Interval Count:     3
  Test Monitoring Ext Interval Count: 3
  Non-blocking MRC Supported:         No
  Blocked port state supported:       Yes
=== 1790730224.225 14:03:44 >>> show clock
UTC Time:   Wed, 30 Sep 2026 01:04:25 +0000
Timezone: UTC
Timezone Offset: +00:00
Summer time zone: None
=== 1790730225.377 14:03:45 >>> show stack
Virtual Chassis Stacking summary information

ID   Pending ID  MAC address        Priority  Status  Role
1    -           84e3.2787.0ac0     128       Ready   Backup Member
2    -           -                  -         -       Provisioned
3    -           -                  -         -       Provisioned
4    -           84e3.2787.09c0     128       Ready   Active Master

Operational Status                 Not all stack ports are up
Stack MAC address                  0000.cd37.0d6f (Virtual MAC)
=== 1790730226.529 14:03:46 >>> show mrp ring
Media Redundancy Protocol - Ring Information
MRP Ring 1
 Domain ID:                           ffffffff-ffff-ffff-ffff-ffffffffffff
 Domain Name:                         
 Ring Status:                         Enabled
 Running State:                       Running
 Role:                                Manager
 Network Status:                      Closed
 Port1:                               port1.0.13
  Status:                             Forwarding
 Port2:                               port4.0.26
  Status:                             Blocking
 Vlan ID:
 React on Link Change:                No
 Profile:                             200ms
  Topology Change Interval:           10ms
  Topology Change Count:              3
  Short Test Frame Interval:          10ms
  Default Test Frame Interval:        20ms
  Test Monitoring Interval Count:     3
  Test Monitoring Ext Interval Count: 3
  Non-blocking MRC Supported:         No
  Blocked port state supported:       Yes
=== 1790730227.681 14:03:47 >>> show clock
UTC Time:   Wed, 30 Sep 2026 01:04:29 +0000
Timezone: UTC
Timezone Offset: +00:00
Summer time zone: None
=== 1790730228.833 14:03:48 >>> show stack
Virtual Chassis Stacking summary information

ID   Pending ID  MAC address        Priority  Status  Role
1    -           84e3.2787.0ac0     128       Ready   Backup Member
2    -           -                  -         -       Provisioned
3    -           -                  -         -       Provisioned
4    -           84e3.2787.09c0     128       Ready   Active Master

Operational Status                 Not all stack ports are up
Stack MAC address                  0000.cd37.0d6f (Virtual MAC)
=== 1790730229.985 14:03:49 >>> show mrp ring
Media Redundancy Protocol - Ring Information
MRP Ring 1
 Domain ID:                           ffffffff-ffff-ffff-ffff-ffffffffffff
 Domain Name:                         
 Ring Status:                         Enabled
 Running State:                       Running
 Role:                                Manager
 Network Status:                      Closed
 Port1:                               port1.0.13
  Status:                             Forwarding
 Port2:                               port4.0.26
  Status:                             Blocking
 Vlan ID:
 React on Link Change:                No
 Profile:                             200ms
  Topology Change Interval:           10ms
  Topology Change Count:              3
  Short Test Frame Interval:          10ms
  Default Test Frame Interval:        20ms
  Test Monitoring Interval Count:     3
  Test Monitoring Ext Interval Count: 3
  Non-blocking MRC Supported:         No
  Blocked port state supported:       Yes
=== 1790730231.136 14:03:51 >>> show clock
UTC Time:   Wed, 30 Sep 2026 01:04:32 +0000
Timezone: UTC
Timezone Offset: +00:00
Summer time zone: None
=== 1790730232.288 14:03:52 >>> show stack
Virtual Chassis Stacking summary information

ID   Pending ID  MAC address        Priority  Status  Role
1    -           84e3.2787.0ac0     128       Ready   Backup Member
2    -           -                  -         -       Provisioned
3    -           -                  -         -       Provisioned
4    -           84e3.2787.09c0     128       Ready   Active Master

Operational Status                 Not all stack ports are up
Stack MAC address                  0000.cd37.0d6f (Virtual MAC)
=== 1790730233.440 14:03:53 >>> show mrp ring
Media Redundancy Protocol - Ring Information
MRP Ring 1
 Domain ID:                           ffffffff-ffff-ffff-ffff-ffffffffffff
 Domain Name:                         
 Ring Status:                         Enabled
 Running State:                       Running
 Role:                                Manager
 Network Status:                      Closed
 Port1:                               port1.0.13
  Status:                             Forwarding
 Port2:                               port4.0.26
  Status:                             Blocking
 Vlan ID:
 React on Link Change:                No
 Profile:                             200ms
  Topology Change Interval:           10ms
  Topology Change Count:              3
  Short Test Frame Interval:          10ms
  Default Test Frame Interval:        20ms
  Test Monitoring Interval Count:     3
  Test Monitoring Ext Interval Count: 3
  Non-blocking MRC Supported:         No
  Blocked port state supported:       Yes
=== 1790730234.592 14:03:54 >>> show clock
UTC Time:   Wed, 30 Sep 2026 01:04:36 +0000
Timezone: UTC
Timezone Offset: +00:00
Summer time zone: None
=== 1790730235.743 14:03:55 >>> show stack
Virtual Chassis Stacking summary information

ID   Pending ID  MAC address        Priority  Status  Role
1    -           84e3.2787.0ac0     128       Ready   Backup Member
2    -           -                  -         -       Provisioned
3    -           -                  -         -       Provisioned
4    -           84e3.2787.09c0     128       Ready   Active Master

Operational Status                 Not all stack ports are up
Stack MAC address                  0000.cd37.0d6f (Virtual MAC)
=== 1790730236.895 14:03:56 >>> show mrp ring
Media Redundancy Protocol - Ring Information
MRP Ring 1
 Domain ID:                           ffffffff-ffff-ffff-ffff-ffffffffffff
 Domain Name:                         
 Ring Status:                         Enabled
 Running State:                       Running
 Role:                                Manager
 Network Status:                      Closed
 Port1:                               port1.0.13
  Status:                             Forwarding
 Port2:                               port4.0.26
  Status:                             Blocking
 Vlan ID:
 React on Link Change:                No
 Profile:                             200ms
  Topology Change Interval:           10ms
  Topology Change Count:              3
  Short Test Frame Interval:          10ms
  Default Test Frame Interval:        20ms
  Test Monitoring Interval Count:     3
  Test Monitoring Ext Interval Count: 3
  Non-blocking MRC Supported:         No
  Blocked port state supported:       Yes
=== 1790730238.047 14:03:58 >>> show clock
UTC Time:   Wed, 30 Sep 2026 01:04:39 +0000
Timezone: UTC
Timezone Offset: +00:00
Summer time zone: None
=== 1790730239.199 14:03:59 >>> show stack
Virtual Chassis Stacking summary information

ID   Pending ID  MAC address        Priority  Status  Role
1    -           84e3.2787.0ac0     128       Ready   Backup Member
2    -           -                  -         -       Provisioned
3    -           -                  -         -       Provisioned
4    -           84e3.2787.09c0     128       Ready   Active Master

Operational Status                 Not all stack ports are up
Stack MAC address                  0000.cd37.0d6f (Virtual MAC)
=== 1790730240.351 14:04:00 >>> show mrp ring
Media Redundancy Protocol - Ring Information
MRP Ring 1
 Domain ID:                           ffffffff-ffff-ffff-ffff-ffffffffffff
 Domain Name:                         
 Ring Status:                         Enabled
 Running State:                       Running
 Role:                                Manager
 Network Status:                      Closed
 Port1:                               port1.0.13
  Status:                             Forwarding
 Port2:                               port4.0.26
  Status:                             Blocking
 Vlan ID:
 React on Link Change:                No
 Profile:                             200ms
  Topology Change Interval:           10ms
  Topology Change Count:              3
  Short Test Frame Interval:          10ms
  Default Test Frame Interval:        20ms
  Test Monitoring Interval Count:     3
  Test Monitoring Ext Interval Count: 3
  Non-blocking MRC Supported:         No
  Blocked port state supported:       Yes
=== 1790730241.503 14:04:01 >>> show clock
UTC Time:   Wed, 30 Sep 2026 01:04:43 +0000
Timezone: UTC
Timezone Offset: +00:00
Summer time zone: None
=== 1790730242.655 14:04:02 >>> show stack
Virtual Chassis Stacking summary information

ID   Pending ID  MAC address        Priority  Status  Role
1    -           84e3.2787.0ac0     128       Ready   Backup Member
2    -           -                  -         -       Provisioned
3    -           -                  -         -       Provisioned
4    -           84e3.2787.09c0     128       Ready   Active Master

Operational Status                 Not all stack ports are up
Stack MAC address                  0000.cd37.0d6f (Virtual MAC)
=== 1790730243.806 14:04:03 >>> show mrp ring
Media Redundancy Protocol - Ring Information
MRP Ring 1
 Domain ID:                           ffffffff-ffff-ffff-ffff-ffffffffffff
 Domain Name:                         
 Ring Status:                         Enabled
 Running State:                       Running
 Role:                                Manager
 Network Status:                      Closed
 Port1:                               port1.0.13
  Status:                             Forwarding
 Port2:                               port4.0.26
  Status:                             Blocking
 Vlan ID:
 React on Link Change:                No
 Profile:                             200ms
  Topology Change Interval:           10ms
  Topology Change Count:              3
  Short Test Frame Interval:          10ms
  Default Test Frame Interval:        20ms
  Test Monitoring Interval Count:     3
  Test Monitoring Ext Interval Count: 3
  Non-blocking MRC Supported:         No
  Blocked port state supported:       Yes
=== 1790730244.958 14:04:04 >>> show clock
UTC Time:   Wed, 30 Sep 2026 01:04:46 +0000
Timezone: UTC
Timezone Offset: +00:00
Summer time zone: None
=== 1790730246.110 14:04:06 >>> show stack
Virtual Chassis Stacking summary information

ID   Pending ID  MAC address        Priority  Status  Role
1    -           84e3.2787.0ac0     128       Ready   Backup Member
2    -           -                  -         -       Provisioned
3    -           -                  -         -       Provisioned
4    -           84e3.2787.09c0     128       Ready   Active Master

Operational Status                 Not all stack ports are up
Stack MAC address                  0000.cd37.0d6f (Virtual MAC)
=== 1790730247.262 14:04:07 >>> show mrp ring
Media Redundancy Protocol - Ring Information
MRP Ring 1
 Domain ID:                           ffffffff-ffff-ffff-ffff-ffffffffffff
 Domain Name:                         
 Ring Status:                         Enabled
 Running State:                       Running
 Role:                                Manager
 Network Status:                      Closed
 Port1:                               port1.0.13
  Status:                             Forwarding
 Port2:                               port4.0.26
  Status:                             Blocking
 Vlan ID:
 React on Link Change:                No
 Profile:                             200ms
  Topology Change Interval:           10ms
  Topology Change Count:              3
  Short Test Frame Interval:          10ms
  Default Test Frame Interval:        20ms
  Test Monitoring Interval Count:     3
  Test Monitoring Ext Interval Count: 3
  Non-blocking MRC Supported:         No
  Blocked port state supported:       Yes
=== 1790730248.413 14:04:08 >>> show clock
UTC Time:   Wed, 30 Sep 2026 01:04:49 +0000
Timezone: UTC
Timezone Offset: +00:00
Summer time zone: None
=== 1790730249.565 14:04:09 >>> show stack
Virtual Chassis Stacking summary information

ID   Pending ID  MAC address        Priority  Status  Role
1    -           84e3.2787.0ac0     128       Ready   Backup Member
2    -           -                  -         -       Provisioned
3    -           -                  -         -       Provisioned
4    -           84e3.2787.09c0     128       Ready   Active Master

Operational Status                 Not all stack ports are up
Stack MAC address                  0000.cd37.0d6f (Virtual MAC)
=== 1790730250.717 14:04:10 >>> show mrp ring
Media Redundancy Protocol - Ring Information
MRP Ring 1
 Domain ID:                           ffffffff-ffff-ffff-ffff-ffffffffffff
 Domain Name:                         
 Ring Status:                         Enabled
 Running State:                       Running
 Role:                                Manager
 Network Status:                      Closed
 Port1:                               port1.0.13
  Status:                             Forwarding
 Port2:                               port4.0.26
  Status:                             Blocking
 Vlan ID:
 React on Link Change:                No
 Profile:                             200ms
  Topology Change Interval:           10ms
  Topology Change Count:              3
  Short Test Frame Interval:          10ms
  Default Test Frame Interval:        20ms
  Test Monitoring Interval Count:     3
  Test Monitoring Ext Interval Count: 3
  Non-blocking MRC Supported:         No
  Blocked port state supported:       Yes
=== 1790730251.869 14:04:11 >>> show clock
UTC Time:   Wed, 30 Sep 2026 01:04:53 +0000
Timezone: UTC
Timezone Offset: +00:00
Summer time zone: None
=== 1790730253.021 14:04:13 >>> show stack
Virtual Chassis Stacking summary information

ID   Pending ID  MAC address        Priority  Status  Role
1    -           84e3.2787.0ac0     128       Ready   Backup Member
2    -           -                  -         -       Provisioned
3    -           -                  -         -       Provisioned
4    -           84e3.2787.09c0     128       Ready   Active Master

Operational Status                 Not all stack ports are up
Stack MAC address                  0000.cd37.0d6f (Virtual MAC)
=== 1790730254.172 14:04:14 >>> show mrp ring
Media Redundancy Protocol - Ring Information
MRP Ring 1
 Domain ID:                           ffffffff-ffff-ffff-ffff-ffffffffffff
 Domain Name:                         
 Ring Status:                         Enabled
 Running State:                       Running
 Role:                                Manager
 Network Status:                      Closed
 Port1:                               port1.0.13
  Status:                             Forwarding
 Port2:                               port4.0.26
  Status:                             Blocking
 Vlan ID:
 React on Link Change:                No
 Profile:                             200ms
  Topology Change Interval:           10ms
  Topology Change Count:              3
  Short Test Frame Interval:          10ms
  Default Test Frame Interval:        20ms
  Test Monitoring Interval Count:     3
  Test Monitoring Ext Interval Count: 3
  Non-blocking MRC Supported:         No
  Blocked port state supported:       Yes
=== 1790730255.324 14:04:15 >>> show clock
UTC Time:   Wed, 30 Sep 2026 01:04:56 +0000
Timezone: UTC
Timezone Offset: +00:00
Summer time zone: None
=== 1790730256.476 14:04:16 >>> show stack
Virtual Chassis Stacking summary information

ID   Pending ID  MAC address        Priority  Status  Role
1    -           84e3.2787.0ac0     128       Ready   Backup Member
2    -           -                  -         -       Provisioned
3    -           -                  -         -       Provisioned
4    -           84e3.2787.09c0     128       Ready   Active Master

Operational Status                 Not all stack ports are up
Stack MAC address                  0000.cd37.0d6f (Virtual MAC)
=== 1790730257.628 14:04:17 >>> show mrp ring
Media Redundancy Protocol - Ring Information
MRP Ring 1
 Domain ID:                           ffffffff-ffff-ffff-ffff-ffffffffffff
 Domain Name:                         
 Ring Status:                         Enabled
 Running State:                       Running
 Role:                                Manager
 Network Status:                      Closed
 Port1:                               port1.0.13
  Status:                             Forwarding
 Port2:                               port4.0.26
  Status:                             Blocking
 Vlan ID:
 React on Link Change:                No
 Profile:                             200ms
  Topology Change Interval:           10ms
  Topology Change Count:              3
  Short Test Frame Interval:          10ms
  Default Test Frame Interval:        20ms
  Test Monitoring Interval Count:     3
  Test Monitoring Ext Interval Count: 3
  Non-blocking MRC Supported:         No
  Blocked port state supported:       Yes
=== 1790730258.780 14:04:18 >>> show clock
UTC Time:   Wed, 30 Sep 2026 01:05:00 +0000
Timezone: UTC
Timezone Offset: +00:00
Summer time zone: None
=== 1790730259.932 14:04:19 >>> show stack
Virtual Chassis Stacking summary information

ID   Pending ID  MAC address        Priority  Status  Role
1    -           84e3.2787.0ac0     128       Ready   Backup Member
2    -           -                  -         -       Provisioned
3    -           -                  -         -       Provisioned
4    -           84e3.2787.09c0     128       Ready   Active Master

Operational Status                 Not all stack ports are up
Stack MAC address                  0000.cd37.0d6f (Virtual MAC)
=== 1790730261.083 14:04:21 >>> show mrp ring
Media Redundancy Protocol - Ring Information
MRP Ring 1
 Domain ID:                           ffffffff-ffff-ffff-ffff-ffffffffffff
 Domain Name:                         
 Ring Status:                         Enabled
 Running State:                       Running
 Role:                                Manager
 Network Status:                      Closed
 Port1:                               port1.0.13
  Status:                             Forwarding
 Port2:                               port4.0.26
  Status:                             Blocking
 Vlan ID:
 React on Link Change:                No
 Profile:                             200ms
  Topology Change Interval:           10ms
  Topology Change Count:              3
  Short Test Frame Interval:          10ms
  Default Test Frame Interval:        20ms
  Test Monitoring Interval Count:     3
  Test Monitoring Ext Interval Count: 3
  Non-blocking MRC Supported:         No
  Blocked port state supported:       Yes
=== 1790730262.235 14:04:22 >>> show clock
UTC Time:   Wed, 30 Sep 2026 01:05:03 +0000
Timezone: UTC
Timezone Offset: +00:00
Summer time zone: None
=== 1790730263.387 14:04:23 >>> show stack
Virtual Chassis Stacking summary information

ID   Pending ID  MAC address        Priority  Status  Role
1    -           84e3.2787.0ac0     128       Ready   Backup Member
2    -           -                  -         -       Provisioned
3    -           -                  -         -       Provisioned
4    -           84e3.2787.09c0     128       Ready   Active Master

Operational Status                 Not all stack ports are up
Stack MAC address                  0000.cd37.0d6f (Virtual MAC)
=== 1790730264.539 14:04:24 >>> show mrp ring
Media Redundancy Protocol - Ring Information
MRP Ring 1
 Domain ID:                           ffffffff-ffff-ffff-ffff-ffffffffffff
 Domain Name:                         
 Ring Status:                         Enabled
 Running State:                       Running
 Role:                                Manager
 Network Status:                      Closed
 Port1:                               port1.0.13
  Status:                             Forwarding
 Port2:                               port4.0.26
  Status:                             Blocking
 Vlan ID:
 React on Link Change:                No
 Profile:                             200ms
  Topology Change Interval:           10ms
  Topology Change Count:              3
  Short Test Frame Interval:          10ms
  Default Test Frame Interval:        20ms
  Test Monitoring Interval Count:     3
  Test Monitoring Ext Interval Count: 3
  Non-blocking MRC Supported:         No
  Blocked port state supported:       Yes
=== 1790730265.691 14:04:25 >>> show clock
UTC Time:   Wed, 30 Sep 2026 01:05:07 +0000
Timezone: UTC
Timezone Offset: +00:00
Summer time zone: None
=== 1790730266.842 14:04:26 >>> show stack
Virtual Chassis Stacking summary information

ID   Pending ID  MAC address        Priority  Status  Role
1    -           84e3.2787.0ac0     128       Ready   Backup Member
2    -           -                  -         -       Provisioned
3    -           -                  -         -       Provisioned
4    -           84e3.2787.09c0     128       Ready   Active Master

Operational Status                 Not all stack ports are up
Stack MAC address                  0000.cd37.0d6f (Virtual MAC)
=== 1790730267.994 14:04:27 >>> show mrp ring
Media Redundancy Protocol - Ring Information
MRP Ring 1
 Domain ID:                           ffffffff-ffff-ffff-ffff-ffffffffffff
 Domain Name:                         
 Ring Status:                         Enabled
 Running State:                       Running
 Role:                                Manager
 Network Status:                      Closed
 Port1:                               port1.0.13
  Status:                             Forwarding
 Port2:                               port4.0.26
  Status:                             Blocking
 Vlan ID:
 React on Link Change:                No
 Profile:                             200ms
  Topology Change Interval:           10ms
  Topology Change Count:              3
  Short Test Frame Interval:          10ms
  Default Test Frame Interval:        20ms
  Test Monitoring Interval Count:     3
  Test Monitoring Ext Interval Count: 3
  Non-blocking MRC Supported:         No
  Blocked port state supported:       Yes
=== 1790730269.146 14:04:29 >>> show clock
UTC Time:   Wed, 30 Sep 2026 01:05:10 +0000
Timezone: UTC
Timezone Offset: +00:00
Summer time zone: None
=== 1790730270.298 14:04:30 >>> show stack
Virtual Chassis Stacking summary information

ID   Pending ID  MAC address        Priority  Status  Role
1    -           84e3.2787.0ac0     128       Ready   Backup Member
2    -           -                  -         -       Provisioned
3    -           -                  -         -       Provisioned
4    -           84e3.2787.09c0     128       Ready   Active Master

Operational Status                 Not all stack ports are up
Stack MAC address                  0000.cd37.0d6f (Virtual MAC)
=== 1790730271.450 14:04:31 >>> show mrp ring
Media Redundancy Protocol - Ring Information
MRP Ring 1
 Domain ID:                           ffffffff-ffff-ffff-ffff-ffffffffffff
 Domain Name:                         
 Ring Status:                         Enabled
 Running State:                       Running
 Role:                                Manager
 Network Status:                      Closed
 Port1:                               port1.0.13
  Status:                             Forwarding
 Port2:                               port4.0.26
  Status:                             Blocking
 Vlan ID:
 React on Link Change:                No
 Profile:                             200ms
  Topology Change Interval:           10ms
  Topology Change Count:              3
  Short Test Frame Interval:          10ms
  Default Test Frame Interval:        20ms
  Test Monitoring Interval Count:     3
  Test Monitoring Ext Interval Count: 3
  Non-blocking MRC Supported:         No
  Blocked port state supported:       Yes
=== 1790730272.601 14:04:32 >>> show clock
UTC Time:   Wed, 30 Sep 2026 01:05:14 +0000
Timezone: UTC
Timezone Offset: +00:00
Summer time zone: None
=== 1790730273.753 14:04:33 >>> show stack
Virtual Chassis Stacking summary information

ID   Pending ID  MAC address        Priority  Status  Role
1    -           84e3.2787.0ac0     128       Ready   Backup Member
2    -           -                  -         -       Provisioned
3    -           -                  -         -       Provisioned
4    -           84e3.2787.09c0     128       Ready   Active Master

Operational Status                 Not all stack ports are up
Stack MAC address                  0000.cd37.0d6f (Virtual MAC)
=== 1790730274.905 14:04:34 >>> show mrp ring
Media Redundancy Protocol - Ring Information
MRP Ring 1
 Domain ID:                           ffffffff-ffff-ffff-ffff-ffffffffffff
 Domain Name:                         
 Ring Status:                         Enabled
 Running State:                       Running
 Role:                                Manager
 Network Status:                      Closed
 Port1:                               port1.0.13
  Status:                             Forwarding
 Port2:                               port4.0.26
  Status:                             Blocking
 Vlan ID:
 React on Link Change:                No
 Profile:                             200ms
  Topology Change Interval:           10ms
  Topology Change Count:              3
  Short Test Frame Interval:          10ms
  Default Test Frame Interval:        20ms
  Test Monitoring Interval Count:     3
  Test Monitoring Ext Interval Count: 3
  Non-blocking MRC Supported:         No
  Blocked port state supported:       Yes
=== 1790730276.057 14:04:36 >>> show clock
UTC Time:   Wed, 30 Sep 2026 01:05:17 +0000
Timezone: UTC
Timezone Offset: +00:00
Summer time zone: None
=== 1790730277.209 14:04:37 >>> show stack
Virtual Chassis Stacking summary information

ID   Pending ID  MAC address        Priority  Status  Role
1    -           84e3.2787.0ac0     128       Ready   Backup Member
2    -           -                  -         -       Provisioned
3    -           -                  -         -       Provisioned
4    -           84e3.2787.09c0     128       Ready   Active Master

Operational Status                 Not all stack ports are up
Stack MAC address                  0000.cd37.0d6f (Virtual MAC)
=== 1790730278.361 14:04:38 >>> show mrp ring
Media Redundancy Protocol - Ring Information
MRP Ring 1
 Domain ID:                           ffffffff-ffff-ffff-ffff-ffffffffffff
 Domain Name:                         
 Ring Status:                         Enabled
 Running State:                       Running
 Role:                                Manager
 Network Status:                      Closed
 Port1:                               port1.0.13
  Status:                             Forwarding
 Port2:                               port4.0.26
  Status:                             Blocking
 Vlan ID:
 React on Link Change:                No
 Profile:                             200ms
  Topology Change Interval:           10ms
  Topology Change Count:              3
  Short Test Frame Interval:          10ms
  Default Test Frame Interval:        20ms
  Test Monitoring Interval Count:     3
  Test Monitoring Ext Interval Count: 3
  Non-blocking MRC Supported:         No
  Blocked port state supported:       Yes
=== 1790730279.513 14:04:39 >>> show clock
UTC Time:   Wed, 30 Sep 2026 01:05:21 +0000
Timezone: UTC
Timezone Offset: +00:00
Summer time zone: None
=== 1790730280.664 14:04:40 >>> show stack
Virtual Chassis Stacking summary information

ID   Pending ID  MAC address        Priority  Status  Role
1    -           84e3.2787.0ac0     128       Ready   Backup Member
2    -           -                  -         -       Provisioned
3    -           -                  -         -       Provisioned
4    -           84e3.2787.09c0     128       Ready   Active Master

Operational Status                 Not all stack ports are up
Stack MAC address                  0000.cd37.0d6f (Virtual MAC)
=== 1790730281.816 14:04:41 >>> show mrp ring
Media Redundancy Protocol - Ring Information
MRP Ring 1
 Domain ID:                           ffffffff-ffff-ffff-ffff-ffffffffffff
 Domain Name:                         
 Ring Status:                         Enabled
 Running State:                       Running
 Role:                                Manager
 Network Status:                      Closed
 Port1:                               port1.0.13
  Status:                             Forwarding
 Port2:                               port4.0.26
  Status:                             Blocking
 Vlan ID:
 React on Link Change:                No
 Profile:                             200ms
  Topology Change Interval:           10ms
  Topology Change Count:              3
  Short Test Frame Interval:          10ms
  Default Test Frame Interval:        20ms
  Test Monitoring Interval Count:     3
  Test Monitoring Ext Interval Count: 3
  Non-blocking MRC Supported:         No
  Blocked port state supported:       Yes
=== 1790730282.968 14:04:42 >>> show clock
UTC Time:   Wed, 30 Sep 2026 01:05:24 +0000
Timezone: UTC
Timezone Offset: +00:00
Summer time zone: None
=== 1790730284.120 14:04:44 >>> show stack
Virtual Chassis Stacking summary information

ID   Pending ID  MAC address        Priority  Status  Role
1    -           84e3.2787.0ac0     128       Ready   Backup Member
2    -           -                  -         -       Provisioned
3    -           -                  -         -       Provisioned
4    -           84e3.2787.09c0     128       Ready   Active Master

Operational Status                 Not all stack ports are up
Stack MAC address                  0000.cd37.0d6f (Virtual MAC)
=== 1790730285.272 14:04:45 >>> show mrp ring
Media Redundancy Protocol - Ring Information
MRP Ring 1
 Domain ID:                           ffffffff-ffff-ffff-ffff-ffffffffffff
 Domain Name:                         
 Ring Status:                         Enabled
 Running State:                       Running
 Role:                                Manager
 Network Status:                      Closed
 Port1:                               port1.0.13
  Status:                             Forwarding
 Port2:                               port4.0.26
  Status:                             Blocking
 Vlan ID:
 React on Link Change:                No
 Profile:                             200ms
  Topology Change Interval:           10ms
  Topology Change Count:              3
  Short Test Frame Interval:          10ms
  Default Test Frame Interval:        20ms
  Test Monitoring Interval Count:     3
  Test Monitoring Ext Interval Count: 3
  Non-blocking MRC Supported:         No
  Blocked port state supported:       Yes
=== 1790730286.424 14:04:46 >>> show clock
UTC Time:   Wed, 30 Sep 2026 01:05:27 +0000
Timezone: UTC
Timezone Offset: +00:00
Summer time zone: None
=== 1790730287.575 14:04:47 >>> show stack
Virtual Chassis Stacking summary information

ID   Pending ID  MAC address        Priority  Status  Role
1    -           84e3.2787.0ac0     128       Ready   Backup Member
2    -           -                  -         -       Provisioned
3    -           -                  -         -       Provisioned
4    -           84e3.2787.09c0     128       Ready   Active Master

Operational Status                 Not all stack ports are up
Stack MAC address                  0000.cd37.0d6f (Virtual MAC)
=== 1790730288.727 14:04:48 >>> show mrp ring
Media Redundancy Protocol - Ring Information
MRP Ring 1
 Domain ID:                           ffffffff-ffff-ffff-ffff-ffffffffffff
 Domain Name:                         
 Ring Status:                         Enabled
 Running State:                       Running
 Role:                                Manager
 Network Status:                      Closed
 Port1:                               port1.0.13
  Status:                             Forwarding
 Port2:                               port4.0.26
  Status:                             Blocking
 Vlan ID:
 React on Link Change:                No
 Profile:                             200ms
  Topology Change Interval:           10ms
  Topology Change Count:              3
  Short Test Frame Interval:          10ms
  Default Test Frame Interval:        20ms
  Test Monitoring Interval Count:     3
  Test Monitoring Ext Interval Count: 3
  Non-blocking MRC Supported:         No
  Blocked port state supported:       Yes
=== 1790730289.879 14:04:49 >>> show clock
UTC Time:   Wed, 30 Sep 2026 01:05:31 +0000
Timezone: UTC
Timezone Offset: +00:00
Summer time zone: None
=== 1790730291.031 14:04:51 >>> show stack
Virtual Chassis Stacking summary information

ID   Pending ID  MAC address        Priority  Status  Role
1    -           84e3.2787.0ac0     128       Ready   Backup Member
2    -           -                  -         -       Provisioned
3    -           -                  -         -       Provisioned
4    -           84e3.2787.09c0     128       Ready   Active Master

Operational Status                 Not all stack ports are up
Stack MAC address                  0000.cd37.0d6f (Virtual MAC)
=== 1790730292.183 14:04:52 >>> show mrp ring
Media Redundancy Protocol - Ring Information
MRP Ring 1
 Domain ID:                           ffffffff-ffff-ffff-ffff-ffffffffffff
 Domain Name:                         
 Ring Status:                         Enabled
 Running State:                       Running
 Role:                                Manager
 Network Status:                      Closed
 Port1:                               port1.0.13
  Status:                             Forwarding
 Port2:                               port4.0.26
  Status:                             Blocking
 Vlan ID:
 React on Link Change:                No
 Profile:                             200ms
  Topology Change Interval:           10ms
  Topology Change Count:              3
  Short Test Frame Interval:          10ms
  Default Test Frame Interval:        20ms
  Test Monitoring Interval Count:     3
  Test Monitoring Ext Interval Count: 3
  Non-blocking MRC Supported:         No
  Blocked port state supported:       Yes
=== 1790730293.785 14:04:53 >>> show clock
UTC Time:   Wed, 30 Sep 2026 01:05:34 +0000
Timezone: UTC
Timezone Offset: +00:00
Summer time zone: None

IE520-stk#switch: port 83(port1.0.27) entered blocking state
switch: port 83(port1.0.27) entered forwarding state
switch: port 2(port4.0.28) entered blocking state
switch: port 2(port4.0.28) entered forwarding state
=== 1790730294.937 14:04:54 >>> show stack
01:05:36 IE520-stk VCS[660]: Member 3 (84e3.2787.0740) has joined the stack                                                                               

Virtual Chassis Stacking summary information

ID   Pending ID  MAC address        Priority  Status  Role
1    -           84e3.2787.0ac0     128       Ready   Backup Member
2    -           -                  -         -       Provisioned
3    -           84e3.2787.0740     -         Init    Discovering
4    -           84e3.2787.09c0     128       Ready   Active Master

Operational Status                 Not all stack ports are up
Stack MAC address                  0000.cd37.0d6f (Virtual MAC)
=== 1790730296.088 14:04:56 >>> show mrp ring
Media Redundancy Protocol - Ring Information
MRP Ring 1
 Domain ID:                           ffffffff-ffff-ffff-ffff-ffffffffffff
 Domain Name:                         
 Ring Status:                         Enabled
 Running State:                       Running
 Role:                                Manager
 Network Status:                      Closed
 Port1:                               port1.0.13
  Status:                             Forwarding
 Port2:                               port4.0.26
  Status:                             Blocking
 Vlan ID:
 React on Link Change:                No
 Profile:                             200ms
  Topology Change Interval:           10ms
  Topology Change Count:              3
  Short Test Frame Interval:          10ms
  Default Test Frame Interval:        20ms
  Test Monitoring Interval Count:     3
  Test Monitoring Ext Interval Count: 3
  Non-blocking MRC Supported:         No
  Blocked port state supported:       Yes
=== 1790730299.193 14:04:59 >>> show clock
UTC Time:   Wed, 30 Sep 2026 01:05:40 +0000
Timezone: UTC
Timezone Offset: +00:00
Summer time zone: None
=== 1790730300.345 14:05:00 >>> show stack
Virtual Chassis Stacking summary information

ID   Pending ID  MAC address        Priority  Status  Role
1    -           84e3.2787.0ac0     128       Ready   Backup Member
2    -           -                  -         -       Provisioned
3    -           84e3.2787.0740     128       Init    Backup Member
4    -           84e3.2787.09c0     128       Ready   Active Master

Operational Status                 Normal operation
Stack MAC address                  0000.cd37.0d6f (Virtual MAC)
=== 1790730302.348 14:05:02 >>> show mrp ring
Media Redundancy Protocol - Ring Information
MRP Ring 1
 Domain ID:                           ffffffff-ffff-ffff-ffff-ffffffffffff
 Domain Name:                         
 Ring Status:                         Enabled
 Running State:                       Running
 Role:                                Manager
 Network Status:                      Closed
 Port1:                               port1.0.13
  Status:                             Forwarding
 Port2:                               port4.0.26
  Status:                             Blocking
 Vlan ID:
 React on Link Change:                No
 Profile:                             200ms
  Topology Change Interval:           10ms
  Topology Change Count:              3
  Short Test Frame Interval:          10ms
  Default Test Frame Interval:        20ms
  Test Monitoring Interval Count:     3
  Test Monitoring Ext Interval Count: 3
  Non-blocking MRC Supported:         No
  Blocked port state supported:       Yes

IE520-stk#
01:05:43 IE520-stk IMI[575]: All users returned to config mode while switch syn

chronization is in progress.
=== 1790730304.951 14:05:04 >>> show clock
UTC Time:   Wed, 30 Sep 2026 01:05:45 +0000
Timezone: UTC
Timezone Offset: +00:00
Summer time zone: None

IE520-stk#switch: port 19(port3.0.1) entered blocking state
switch: port 19(port3.0.1) entered disabled state
port3.0.1: entered allmulticast mode
port3.0.1: entered promiscuous mode
switch: port 20(port3.0.2) entered blocking state
switch: port 20(port3.0.2) entered disabled state
port3.0.2: entered allmulticast mode
port3.0.2: entered promiscuous mode
switch: port 21(port3.0.3) entered blocking state
switch: port 21(port3.0.3) entered disabled state
port3.0.3: entered allmulticast mode
port3.0.3: entered promiscuous mode
switch: port 22(port3.0.4) entered blocking state
switch: port 22(port3.0.4) entered disabled state
port3.0.4: entered allmulticast mode
port3.0.4: entered promiscuous mode
switch: port 23(port3.0.5) entered blocking state
switch: port 23(port3.0.5) entered disabled state
port3.0.5: entered allmulticast mode
port3.0.5: entered promiscuous mode
switch: port 24(port3.0.6) entered blocking state
switch: port 24(port3.0.6) entered disabled state
port3.0.6: entered allmulticast mode
port3.0.6: entered promiscuous mode
switch: port 25(port3.0.7) entered blocking state
switch: port 25(port3.0.7) entered disabled state
port3.0.7: entered allmulticast mode
port3.0.7: entered promiscuous mode
switch: port 26(port3.0.8) entered blocking state
switch: port 26(port3.0.8) entered disabled state
port3.0.8: entered allmulticast mode
port3.0.8: entered promiscuous mode
switch: port 27(port3.0.9) entered blocking state
switch: port 27(port3.0.9) entered disabled state
port3.0.9: entered allmulticast mode
port3.0.9: entered promiscuous mode
switch: port 28(port3.0.10) entered blocking state
switch: port 28(port3.0.10) entered disabled state
port3.0.10: entered allmulticast mode
port3.0.10: entered promiscuous mode
switch: port 29(port3.0.11) entered blocking state
switch: port 29(port3.0.11) entered disabled state
port3.0.11: entered allmulticast mode
port3.0.11: entered promiscuous mode
switch: port 30(port3.0.12) entered blocking state
switch: port 30(port3.0.12) entered disabled state
port3.0.12: entered allmulticast mode
port3.0.12: entered promiscuous mode
switch: port 31(port3.0.13) entered blocking state
switch: port 31(port3.0.13) entered disabled state
port3.0.13: entered allmulticast mode
port3.0.13: entered promiscuous mode
switch: port 32(port3.0.14) entered blocking state
switch: port 32(port3.0.14) entered disabled state
port3.0.14: entered allmulticast mode
port3.0.14: entered promiscuous mode
switch: port 33(port3.0.15) entered blocking state
switch: port 33(port3.0.15) entered disabled state
port3.0.15: entered allmulticast mode
port3.0.15: entered promiscuous mode
switch: port 34(port3.0.16) entered blocking state
switch: port 34(port3.0.16) entered disabled state
port3.0.16: entered allmulticast mode
port3.0.16: entered promiscuous mode
switch: port 35(port3.0.17) entered blocking state
switch: port 35(port3.0.17) entered disabled state
port3.0.17: entered allmulticast mode
port3.0.17: entered promiscuous mode
switch: port 36(port3.0.18) entered blocking state
switch: port 36(port3.0.18) entered disabled state
port3.0.18: entered allmulticast mode
port3.0.18: entered promiscuous mode
switch: port 37(port3.0.19) entered blocking state
switch: port 37(port3.0.19) entered disabled state
port3.0.19: entered allmulticast mode
port3.0.19: entered promiscuous mode
switch: port 38(port3.0.20) entered blocking state
switch: port 38(port3.0.20) entered disabled state
port3.0.20: entered allmulticast mode
port3.0.20: entered promiscuous mode
switch: port 39(port3.0.21) entered blocking state
switch: port 39(port3.0.21) entered disabled state
port3.0.21: entered allmulticast mode
port3.0.21: entered promiscuous mode
switch: port 40(port3.0.22) entered blocking state
switch: port 40(port3.0.22) entered disabled state
port3.0.22: entered allmulticast mode
port3.0.22: entered promiscuous mode
switch: port 41(port3.0.23) entered blocking state
switch: port 41(port3.0.23) entered disabled state
port3.0.23: entered allmulticast mode
port3.0.23: entered promiscuous mode
switch: port 42(port3.0.24) entered blocking state
switch: port 42(port3.0.24) entered disabled state
port3.0.24: entered allmulticast mode
port3.0.24: entered promiscuous mode
switch: port 43(port3.0.25) entered blocking state
switch: port 43(port3.0.25) entered disabled state
port3.0.25: entered allmulticast mode
port3.0.25: entered promiscuous mode
switch: port 44(port3.0.26) entered blocking state
switch: port 44(port3.0.26) entered disabled state
port3.0.26: entered allmulticast mode
port3.0.26: entered promiscuous mode
switch: port 45(port3.0.27) entered blocking state
switch: port 45(port3.0.27) entered disabled state
port3.0.27: entered allmulticast mode
port3.0.27: entered promiscuous mode
switch: port 46(port3.0.28) entered blocking state
switch: port 46(port3.0.28) entered disabled state
port3.0.28: entered allmulticast mode
port3.0.28: entered promiscuous mode
=== 1790730306.804 14:05:06 >>> show stack
01:05:48 IE520-stk NSM[584]: Insertion event on unit 3.0 has been completed                                                                               

Virtual Chassis Stacking summary information

ID   Pending ID  MAC address        Priority  Status  Role
1    -           84e3.2787.0ac0     128       Ready   Backup Member
2    -           -                  -         -       Provisioned
3    -           84e3.2787.0740     128       Init    Backup Member
4    -           84e3.2787.09c0     128       Ready   Active Master

Operational Status                 Normal operation
Stack MAC address                  0000.cd37.0d6f (Virtual MAC)
=== 1790730307.956 14:05:07 >>> show mrp ring
Media Redundancy Protocol - Ring Information
MRP Ring 1
 Domain ID:                           ffffffff-ffff-ffff-ffff-ffffffffffff
 Domain Name:                         
 Ring Status:                         Enabled
 Running State:                       Running
 Role:                                Manager
 Network Status:                      Closed
 Port1:                               port1.0.13
  Status:                             Forwarding
 Port2:                               port4.0.26
  Status:                             Blocking
 Vlan ID:
 React on Link Change:                No
 Profile:                             200ms
  Topology Change Interval:           10ms
  Topology Change Count:              3
  Short Test Frame Interval:          10ms
  Default Test Frame Interval:        20ms
  Test Monitoring Interval Count:     3
  Test Monitoring Ext Interval Count: 3
  Non-blocking MRC Supported:         No
  Blocked port state supported:       Yes
=== 1790730309.508 14:05:09 >>> show clock
UTC Time:   Wed, 30 Sep 2026 01:05:51 +0000
Timezone: UTC
Timezone Offset: +00:00
Summer time zone: None
=== 1790730310.660 14:05:10 >>> show stack
Virtual Chassis Stacking summary information

ID   Pending ID  MAC address        Priority  Status  Role
1    -           84e3.2787.0ac0     128       Ready   Backup Member
2    -           -                  -         -       Provisioned
3    -           84e3.2787.0740     128       Init    Backup Member
4    -           84e3.2787.09c0     128       Ready   Active Master

Operational Status                 Normal operation
Stack MAC address                  0000.cd37.0d6f (Virtual MAC)
=== 1790730311.811 14:05:11 >>> show mrp ring
Media Redundancy Protocol - Ring Information
MRP Ring 1
 Domain ID:                           ffffffff-ffff-ffff-ffff-ffffffffffff
 Domain Name:                         
 Ring Status:                         Enabled
 Running State:                       Running
 Role:                                Manager
 Network Status:                      Closed
 Port1:                               port1.0.13
  Status:                             Forwarding
 Port2:                               port4.0.26
  Status:                             Blocking
 Vlan ID:
 React on Link Change:                No
 Profile:                             200ms
  Topology Change Interval:           10ms
  Topology Change Count:              3
  Short Test Frame Interval:          10ms
  Default Test Frame Interval:        20ms
  Test Monitoring Interval Count:     3
  Test Monitoring Ext Interval Count: 3
  Non-blocking MRC Supported:         No
  Blocked port state supported:       Yes
=== 1790730312.963 14:05:12 >>> show clock
UTC Time:   Wed, 30 Sep 2026 01:05:54 +0000
Timezone: UTC
Timezone Offset: +00:00
Summer time zone: None
=== 1790730314.115 14:05:14 >>> show stack
Virtual Chassis Stacking summary information

ID   Pending ID  MAC address        Priority  Status  Role
1    -           84e3.2787.0ac0     128       Ready   Backup Member
2    -           -                  -         -       Provisioned
3    -           84e3.2787.0740     128       Init    Backup Member
4    -           84e3.2787.09c0     128       Ready   Active Master

Operational Status                 Normal operation
Stack MAC address                  0000.cd37.0d6f (Virtual MAC)
=== 1790730315.267 14:05:15 >>> show mrp ring
Media Redundancy Protocol - Ring Information
MRP Ring 1
 Domain ID:                           ffffffff-ffff-ffff-ffff-ffffffffffff
 Domain Name:                         
 Ring Status:                         Enabled
 Running State:                       Running
 Role:                                Manager
 Network Status:                      Closed
 Port1:                               port1.0.13
  Status:                             Forwarding
 Port2:                               port4.0.26
  Status:                             Blocking
 Vlan ID:
 React on Link Change:                No
 Profile:                             200ms
  Topology Change Interval:           10ms
  Topology Change Count:              3
  Short Test Frame Interval:          10ms
  Default Test Frame Interval:        20ms
  Test Monitoring Interval Count:     3
  Test Monitoring Ext Interval Count: 3
  Non-blocking MRC Supported:         No
  Blocked port state supported:       Yes
=== 1790730316.418 14:05:16 >>> show clock
UTC Time:   Wed, 30 Sep 2026 01:05:57 +0000
Timezone: UTC
Timezone Offset: +00:00
Summer time zone: None
=== 1790730317.570 14:05:17 >>> show stack
Virtual Chassis Stacking summary information

ID   Pending ID  MAC address        Priority  Status  Role
1    -           84e3.2787.0ac0     128       Ready   Backup Member
2    -           -                  -         -       Provisioned
3    -           84e3.2787.0740     128       Init    Backup Member
4    -           84e3.2787.09c0     128       Ready   Active Master

Operational Status                 Normal operation
Stack MAC address                  0000.cd37.0d6f (Virtual MAC)
=== 1790730318.722 14:05:18 >>> show mrp ring
Media Redundancy Protocol - Ring Information
MRP Ring 1
 Domain ID:                           ffffffff-ffff-ffff-ffff-ffffffffffff
 Domain Name:                         
 Ring Status:                         Enabled
 Running State:                       Running
 Role:                                Manager
 Network Status:                      Closed
 Port1:                               port1.0.13
  Status:                             Forwarding
 Port2:                               port4.0.26
  Status:                             Blocking
 Vlan ID:
 React on Link Change:                No
 Profile:                             200ms
  Topology Change Interval:           10ms
  Topology Change Count:              3
  Short Test Frame Interval:          10ms
  Default Test Frame Interval:        20ms
  Test Monitoring Interval Count:     3
  Test Monitoring Ext Interval Count: 3
  Non-blocking MRC Supported:         No
  Blocked port state supported:       Yes
=== 1790730319.874 14:05:19 >>> show clock
UTC Time:   Wed, 30 Sep 2026 01:06:01 +0000
Timezone: UTC
Timezone Offset: +00:00
Summer time zone: None
=== 1790730321.026 14:05:21 >>> show stack
Virtual Chassis Stacking summary information

ID   Pending ID  MAC address        Priority  Status  Role
1    -           84e3.2787.0ac0     128       Ready   Backup Member
2    -           -                  -         -       Provisioned
3    -           84e3.2787.0740     128       Init    Backup Member
4    -           84e3.2787.09c0     128       Ready   Active Master

Operational Status                 Normal operation
Stack MAC address                  0000.cd37.0d6f (Virtual MAC)
=== 1790730322.178 14:05:22 >>> show mrp ring
Media Redundancy Protocol - Ring Information
MRP Ring 1
 Domain ID:                           ffffffff-ffff-ffff-ffff-ffffffffffff
 Domain Name:                         
 Ring Status:                         Enabled
 Running State:                       Running
 Role:                                Manager
 Network Status:                      Closed
 Port1:                               port1.0.13
  Status:                             Forwarding
 Port2:                               port4.0.26
  Status:                             Blocking
 Vlan ID:
 React on Link Change:                No
 Profile:                             200ms
  Topology Change Interval:           10ms
  Topology Change Count:              3
  Short Test Frame Interval:          10ms
  Default Test Frame Interval:        20ms
  Test Monitoring Interval Count:     3
  Test Monitoring Ext Interval Count: 3
  Non-blocking MRC Supported:         No
  Blocked port state supported:       Yes
=== 1790730323.329 14:05:23 >>> show clock
UTC Time:   Wed, 30 Sep 2026 01:06:04 +0000
Timezone: UTC
Timezone Offset: +00:00
Summer time zone: None
=== 1790730324.481 14:05:24 >>> show stack
Virtual Chassis Stacking summary information

ID   Pending ID  MAC address        Priority  Status  Role
1    -           84e3.2787.0ac0     128       Ready   Backup Member
2    -           -                  -         -       Provisioned
3    -           84e3.2787.0740     128       Init    Backup Member
4    -           84e3.2787.09c0     128       Ready   Active Master

Operational Status                 Normal operation
Stack MAC address                  0000.cd37.0d6f (Virtual MAC)
=== 1790730325.633 14:05:25 >>> show mrp ring
Media Redundancy Protocol - Ring Information
MRP Ring 1
 Domain ID:                           ffffffff-ffff-ffff-ffff-ffffffffffff
 Domain Name:                         
 Ring Status:                         Enabled
 Running State:                       Running
 Role:                                Manager
 Network Status:                      Closed
 Port1:                               port1.0.13
  Status:                             Forwarding
 Port2:                               port4.0.26
  Status:                             Blocking
 Vlan ID:
 React on Link Change:                No
 Profile:                             200ms
  Topology Change Interval:           10ms
  Topology Change Count:              3
  Short Test Frame Interval:          10ms
  Default Test Frame Interval:        20ms
  Test Monitoring Interval Count:     3
  Test Monitoring Ext Interval Count: 3
  Non-blocking MRC Supported:         No
  Blocked port state supported:       Yes
=== 1790730326.785 14:05:26 >>> show clock
UTC Time:   Wed, 30 Sep 2026 01:06:08 +0000
Timezone: UTC
Timezone Offset: +00:00
Summer time zone: None
=== 1790730327.937 14:05:27 >>> show stack
Virtual Chassis Stacking summary information

ID   Pending ID  MAC address        Priority  Status  Role
1    -           84e3.2787.0ac0     128       Ready   Backup Member
2    -           -                  -         -       Provisioned
3    -           84e3.2787.0740     128       Init    Backup Member
4    -           84e3.2787.09c0     128       Ready   Active Master

Operational Status                 Normal operation
Stack MAC address                  0000.cd37.0d6f (Virtual MAC)
=== 1790730329.089 14:05:29 >>> show mrp ring
Media Redundancy Protocol - Ring Information
MRP Ring 1
 Domain ID:                           ffffffff-ffff-ffff-ffff-ffffffffffff
 Domain Name:                         
 Ring Status:                         Enabled
 Running State:                       Running
 Role:                                Manager
 Network Status:                      Closed
 Port1:                               port1.0.13
  Status:                             Forwarding
 Port2:                               port4.0.26
  Status:                             Blocking
 Vlan ID:
 React on Link Change:                No
 Profile:                             200ms
  Topology Change Interval:           10ms
  Topology Change Count:              3
  Short Test Frame Interval:          10ms
  Default Test Frame Interval:        20ms
  Test Monitoring Interval Count:     3
  Test Monitoring Ext Interval Count: 3
  Non-blocking MRC Supported:         No
  Blocked port state supported:       Yes
=== 1790730330.240 14:05:30 >>> show clock
UTC Time:   Wed, 30 Sep 2026 01:06:11 +0000
Timezone: UTC
Timezone Offset: +00:00
Summer time zone: None
=== 1790730331.392 14:05:31 >>> show stack
Virtual Chassis Stacking summary information

ID   Pending ID  MAC address        Priority  Status  Role
1    -           84e3.2787.0ac0     128       Ready   Backup Member
2    -           -                  -         -       Provisioned
3    -           84e3.2787.0740     128       Init    Backup Member
4    -           84e3.2787.09c0     128       Ready   Active Master

Operational Status                 Normal operation
Stack MAC address                  0000.cd37.0d6f (Virtual MAC)
=== 1790730332.544 14:05:32 >>> show mrp ring
Media Redundancy Protocol - Ring Information
MRP Ring 1
 Domain ID:                           ffffffff-ffff-ffff-ffff-ffffffffffff
 Domain Name:                         
 Ring Status:                         Enabled
 Running State:                       Running
 Role:                                Manager
 Network Status:                      Closed
 Port1:                               port1.0.13
  Status:                             Forwarding
 Port2:                               port4.0.26
  Status:                             Blocking
 Vlan ID:
 React on Link Change:                No
 Profile:                             200ms
  Topology Change Interval:           10ms
  Topology Change Count:              3
  Short Test Frame Interval:          10ms
  Default Test Frame Interval:        20ms
  Test Monitoring Interval Count:     3
  Test Monitoring Ext Interval Count: 3
  Non-blocking MRC Supported:         No
  Blocked port state supported:       Yes
=== 1790730333.696 14:05:33 >>> show clock
UTC Time:   Wed, 30 Sep 2026 01:06:15 +0000
Timezone: UTC
Timezone Offset: +00:00
Summer time zone: None
=== 1790730334.847 14:05:34 >>> show stack
Virtual Chassis Stacking summary information

ID   Pending ID  MAC address        Priority  Status  Role
1    -           84e3.2787.0ac0     128       Ready   Backup Member
2    -           -                  -         -       Provisioned
3    -           84e3.2787.0740     128       Init    Backup Member
4    -           84e3.2787.09c0     128       Ready   Active Master

Operational Status                 Normal operation
Stack MAC address                  0000.cd37.0d6f (Virtual MAC)
=== 1790730335.999 14:05:35 >>> show mrp ring
Media Redundancy Protocol - Ring Information
MRP Ring 1
 Domain ID:                           ffffffff-ffff-ffff-ffff-ffffffffffff
 Domain Name:                         
 Ring Status:                         Enabled
 Running State:                       Running
 Role:                                Manager
 Network Status:                      Closed
 Port1:                               port1.0.13
  Status:                             Forwarding
 Port2:                               port4.0.26
  Status:                             Blocking
 Vlan ID:
 React on Link Change:                No
 Profile:                             200ms
  Topology Change Interval:           10ms
  Topology Change Count:              3
  Short Test Frame Interval:          10ms
  Default Test Frame Interval:        20ms
  Test Monitoring Interval Count:     3
  Test Monitoring Ext Interval Count: 3
  Non-blocking MRC Supported:         No
  Blocked port state supported:       Yes
=== 1790730337.151 14:05:37 >>> show clock
UTC Time:   Wed, 30 Sep 2026 01:06:18 +0000
Timezone: UTC
Timezone Offset: +00:00
Summer time zone: None
=== 1790730338.303 14:05:38 >>> show stack
Virtual Chassis Stacking summary information

ID   Pending ID  MAC address        Priority  Status  Role
1    -           84e3.2787.0ac0     128       Ready   Backup Member
2    -           -                  -         -       Provisioned
3    -           84e3.2787.0740     128       Init    Backup Member
4    -           84e3.2787.09c0     128       Ready   Active Master

Operational Status                 Normal operation
Stack MAC address                  0000.cd37.0d6f (Virtual MAC)
=== 1790730339.455 14:05:39 >>> show mrp ring
Media Redundancy Protocol - Ring Information
MRP Ring 1
 Domain ID:                           ffffffff-ffff-ffff-ffff-ffffffffffff
 Domain Name:                         
 Ring Status:                         Enabled
 Running State:                       Running
 Role:                                Manager
 Network Status:                      Closed
 Port1:                               port1.0.13
  Status:                             Forwarding
 Port2:                               port4.0.26
  Status:                             Blocking
 Vlan ID:
 React on Link Change:                No
 Profile:                             200ms
  Topology Change Interval:           10ms
  Topology Change Count:              3
  Short Test Frame Interval:          10ms
  Default Test Frame Interval:        20ms
  Test Monitoring Interval Count:     3
  Test Monitoring Ext Interval Count: 3
  Non-blocking MRC Supported:         No
  Blocked port state supported:       Yes
=== 1790730340.607 14:05:40 >>> show clock
UTC Time:   Wed, 30 Sep 2026 01:06:22 +0000
Timezone: UTC
Timezone Offset: +00:00
Summer time zone: None
=== 1790730341.758 14:05:41 >>> show stack
Virtual Chassis Stacking summary information

ID   Pending ID  MAC address        Priority  Status  Role
1    -           84e3.2787.0ac0     128       Ready   Backup Member
2    -           -                  -         -       Provisioned
3    -           84e3.2787.0740     128       Init    Backup Member
4    -           84e3.2787.09c0     128       Ready   Active Master

Operational Status                 Normal operation
Stack MAC address                  0000.cd37.0d6f (Virtual MAC)
=== 1790730342.910 14:05:42 >>> show mrp ring
Media Redundancy Protocol - Ring Information
MRP Ring 1
 Domain ID:                           ffffffff-ffff-ffff-ffff-ffffffffffff
 Domain Name:                         
 Ring Status:                         Enabled
 Running State:                       Running
 Role:                                Manager
 Network Status:                      Closed
 Port1:                               port1.0.13
  Status:                             Forwarding
 Port2:                               port4.0.26
  Status:                             Blocking
 Vlan ID:
 React on Link Change:                No
 Profile:                             200ms
  Topology Change Interval:           10ms
  Topology Change Count:              3
  Short Test Frame Interval:          10ms
  Default Test Frame Interval:        20ms
  Test Monitoring Interval Count:     3
  Test Monitoring Ext Interval Count: 3
  Non-blocking MRC Supported:         No
  Blocked port state supported:       Yes
=== 1790730344.062 14:05:44 >>> show clock
UTC Time:   Wed, 30 Sep 2026 01:06:25 +0000
Timezone: UTC
Timezone Offset: +00:00
Summer time zone: None
=== 1790730345.214 14:05:45 >>> show stack
Virtual Chassis Stacking summary information

ID   Pending ID  MAC address        Priority  Status  Role
1    -           84e3.2787.0ac0     128       Ready   Backup Member
2    -           -                  -         -       Provisioned
3    -           84e3.2787.0740     128       Init    Backup Member
4    -           84e3.2787.09c0     128       Ready   Active Master

Operational Status                 Normal operation
Stack MAC address                  0000.cd37.0d6f (Virtual MAC)
=== 1790730346.766 14:05:46 >>> show mrp ring
Media Redundancy Protocol - Ring Information
MRP Ring 1
 Domain ID:                           ffffffff-ffff-ffff-ffff-ffffffffffff
 Domain Name:                         
 Ring Status:                         Enabled
 Running State:                       Running
 Role:                                Manager
 Network Status:                      Closed
 Port1:                               port1.0.13
  Status:                             Forwarding
 Port2:                               port4.0.26
  Status:                             Blocking
 Vlan ID:
 React on Link Change:                No
 Profile:                             200ms
  Topology Change Interval:           10ms
  Topology Change Count:              3
  Short Test Frame Interval:          10ms
  Default Test Frame Interval:        20ms
  Test Monitoring Interval Count:     3
  Test Monitoring Ext Interval Count: 3
  Non-blocking MRC Supported:         No
  Blocked port state supported:       Yes

IE520-stk#01:06:28 IE520-stk IMI[575]: Configuration update completed for port3.0.1-port3

.0.28
=== 1790730347.918 14:05:47 >>> show clock
UTC Time:   Wed, 30 Sep 2026 01:06:29 +0000
Timezone: UTC
Timezone Offset: +00:00
Summer time zone: None
=== 1790730349.070 14:05:49 >>> show stack
Virtual Chassis Stacking summary information

ID   Pending ID  MAC address        Priority  Status  Role
1    -           84e3.2787.0ac0     128       Ready   Backup Member
2    -           -                  -         -       Provisioned
3    -           84e3.2787.0740     128       Syncing Backup Member
4    -           84e3.2787.09c0     128       Ready   Active Master

Operational Status                 Normal operation
Stack MAC address                  0000.cd37.0d6f (Virtual MAC)
=== 1790730350.222 14:05:50 >>> show mrp ring
Media Redundancy Protocol - Ring Information
MRP Ring 1
 Domain ID:                           ffffffff-ffff-ffff-ffff-ffffffffffff
 Domain Name:                         
 Ring Status:                         Enabled
 Running State:                       Running
 Role:                                Manager
 Network Status:                      Closed
 Port1:                               port1.0.13
  Status:                             Forwarding
 Port2:                               port4.0.26
  Status:                             Blocking
 Vlan ID:
 React on Link Change:                No
 Profile:                             200ms
  Topology Change Interval:           10ms
  Topology Change Count:              3
  Short Test Frame Interval:          10ms
  Default Test Frame Interval:        20ms
  Test Monitoring Interval Count:     3
  Test Monitoringswitch: port 20(port3.0.2) entered blocking state
 Ext Interval Coswitch: port 20(port3.0.2) entered forwarding state
unt: 3
  Non-blocking MRC Supported:         No
  Blocked port state supported:       Yes
=== 1790730351.374 14:05:51 >>> show clock
UTC Time:   Wed, 30 Sep 2026 01:06:32 +0000
Timezone: UTC
Timezone Offset: +00:00
Summer time zone: None
=== 1790730352.526 14:05:52 >>> show stack
Virtual Chassis Stacking summary information

ID   Pending ID  MAC address        Priority  Status  Role
1    -           84e3.2787.0ac0     128       Ready   Backup Member
2    -           -                  -         -       Provisioned
3    -           84e3.2787.0740     128       Syncing Backup Member
4    -           84e3.2787.09c0     128       Ready   Active Master

Operational Status                 Normal operation
Stack MAC address                  0000.cd37.0d6f (Virtual MAC)
=== 1790730353.677 14:05:53 >>> show mrp ring
Media Redundancy Protocol - Ring Information
MRP Ring 1
 Domain ID:                           ffffffff-ffff-ffff-ffff-ffffffffffff
 Domain Name:                         
 Ring Status:                         Enabled
 Running State:                       Running
 Role:                                Manager
 Network Status:                      Closed
 Port1:                               port1.0.13
  Status:                             Forwarding
 Port2:                               port4.0.26
  Status:                             Blocking
 Vlan ID:
 React on Link Change:                No
 Profile:                             200ms
  Topology Change Interval:           10ms
  Topology Change Count:              3
  Short Test Frame Interval:          10ms
  Default Test Frame Interval:        20ms
  Test Monitoring Interval Count:     3
  Test Monitoring Ext Interval Count: 3
  Non-blocking MRC Supported:         No
  Blocked port state supported:       Yes
=== 1790730354.829 14:05:54 >>> show clock
UTC Time:   Wed, 30 Sep 2026 01:06:36 +0000
Timezone: UTC
Timezone Offset: +00:00
Summer time zone: None
=== 1790730355.981 14:05:55 >>> show stack
Virtual Chassis Stacking summary information

ID   Pending ID  MAC address        Priority  Status  Role
1    -           84e3.2787.0ac0     128       Ready   Backup Member
2    -           -                  -         -       Provisioned
3    -           84e3.2787.0740     128       Syncing Backup Member
4    -           84e3.2787.09c0     128       Ready   Active Master

Operational Status                 Normal operation
Stack MAC address                  0000.cd37.0d6f (Virtual MAC)
=== 1790730357.133 14:05:57 >>> show mrp ring
Media Redundancy Protocol - Ring Information
MRP Ring 1
 Domain ID:                           ffffffff-ffff-ffff-ffff-ffffffffffff
 Domain Name:                         
 Ring Status:                         Enabled
 Running State:                       Running
 Role:                                Manager
 Network Status:                      Closed
 Port1:                               port1.0.13
  Status:                             Forwarding
 Port2:                               port4.0.26
  Status:                             Blocking
 Vlan ID:
 React on Link Change:                No
 Profile:                             200ms
  Topology Change Interval:           10ms
  Topology Change Count:              3
  Short Test Frame Interval:          10ms
  Default Test Frame Interval:        20ms
  Test Monitoring Interval Count:     3
  Test Monitoring Ext Interval Count: 3
  Non-blocking MRC Supported:         No
  Blocked port state supported:       Yes
=== 1790730358.285 14:05:58 >>> show clock
UTC Time:   Wed, 30 Sep 2026 01:06:39 +0000
Timezone: UTC
Timezone Offset: +00:00
Summer time zone: None
=== 1790730360.388 14:06:00 >>> show stack
Virtual Chassis Stacking summary information

ID   Pending ID  MAC address        Priority  Status  Role
1    -           84e3.2787.0ac0     128       Ready   Backup Member
2    -           -                  -         -       Provisioned
3    -           84e3.2787.0740     128       Syncing Backup Member
4    -           84e3.2787.09c0     128       Ready   Active Master

Operational Status                 Normal operation
Stack MAC address                  0000.cd37.0d6f (Virtual MAC)
IE520-stk#switch: port 31(port3.0.13) entered blocking state
switch: port 31(port3.0.13) entered forwarding state
=== 1790730361.540 14:06:01 >>> show mrp ring
Media Redundancy Protocol - Ring Information
MRP Ring 1
 Domain ID:                           ffffffff-ffff-ffff-ffff-ffffffffffff
 Domain Name:                         
 Ring Status:                         Enabled
 Running State:                       Running
 Role:                                Manager
 Network Status:                      Closed
 Port1:                               port1.0.13
  Status:                             Forwarding
 Port2:                               port4.0.26
  Status:                             Blocking
 Vlan ID:
 React on Link Change:                No
 Profile:                             200ms
  Topology Change Interval:           10ms
  Topology Change Count:              3
  Short Test Frame Interval:          10ms
  Default Test Frame Interval:        20ms
  Test Monitoring Interval Count:     3
  Test Monitoring Ext Interval Count: 3
  Non-blocking MRC Supported:         No
  Blocked port state supported:       Yes
=== 1790730362.692 14:06:02 >>> show clock
UTC Time:   Wed, 30 Sep 2026 01:06:44 +0000
Timezone: UTC
Timezone Offset: +00:00
Summer time zone: None
=== 1790730363.843 14:06:03 >>> show stack
Virtual Chassis Stacking summary information

ID   Pending ID  MAC address        Priority  Status  Role
1    -           84e3.2787.0ac0     128       Ready   Backup Member
2    -           -                  -         -       Provisioned
3    -           84e3.2787.0740     128       Syncing Backup Member
4    -           84e3.2787.09c0     128       Ready   Active Master

Operational Status                 Normal operation
Stack MAC address                  0000.cd37.0d6f (Virtual MAC)
=== 1790730364.995 14:06:04 >>> show mrp ring
Media Redundancy Protocol - Ring Information
MRP Ring 1
 Domain ID:                           ffffffff-ffff-ffff-ffff-ffffffffffff
 Domain Name:                         
 Ring Status:                         Enabled
 Running State:                       Running
 Role:                                Manager
 Network Status:                      Closed
 Port1:                               port1.0.13
  Status:                             Forwarding
 Port2:                               port4.0.26
  Status:                             Blocking
 Vlan ID:
 React on Link Change:                No
 Profile:                             200ms
  Topology Change Interval:           10ms
  Topology Change Count:              3
  Short Test Frame Interval:          10ms
  Default Test Frame Interval:        20ms
  Test Monitoring Interval Count:     3
  Test Monitoring Ext Interval Count: 3
  Non-blocking MRC Supported:         No
  Blocked port state supported:       Yes
=== 1790730366.147 14:06:06 >>> show clock
UTC Time:   Wed, 30 Sep 2026 01:06:47 +0000
Timezone: UTC
Timezone Offset: +00:00
Summer time zone: None
=== 1790730367.299 14:06:07 >>> show stack
Virtual Chassis Stacking summary information

ID   Pending ID  MAC address        Priority  Status  Role
1    -           84e3.2787.0ac0     128       Ready   Backup Member
2    -           -                  -         -       Provisioned
3    -           84e3.2787.0740     128       Syncing Backup Member
4    -           84e3.2787.09c0     128       Ready   Active Master

Operational Status                 Normal operation
Stack MAC address                  0000.cd37.0d6f (Virtual MAC)
=== 1790730368.451 14:06:08 >>> show mrp ring
Media Redundancy Protocol - Ring Information
MRP Ring 1
 Domain ID:                           ffffffff-ffff-ffff-ffff-ffffffffffff
 Domain Name:                         
 Ring Status:                         Enabled
 Running State:                       Running
 Role:                                Manager
 Network Status:                      Closed
 Port1:                               port1.0.13
  Status:                             Forwarding
 Port2:                               port4.0.26
  Status:                             Blocking
 Vlan ID:
 React on Link Change:                No
 Profile:                             200ms
  Topology Change Interval:           10ms
  Topology Change Count:              3
  Short Test Frame Interval:          10ms
  Default Test Frame Interval:        20ms
  Test Monitoring Interval Count:     3
  Test Monitoring Ext Interval Count: 3
  Non-blocking MRC Supported:         No
  Blocked port state supported:       Yes
=== 1790730369.603 14:06:09 >>> show clock
UTC Time:   Wed, 30 Sep 2026 01:06:51 +0000
Timezone: UTC
Timezone Offset: +00:00
Summer time zone: None
=== 1790730370.754 14:06:10 >>> show stack
Virtual Chassis Stacking summary information

ID   Pending ID  MAC address        Priority  Status  Role
1    -           84e3.2787.0ac0     128       Ready   Backup Member
2    -           -                  -         -       Provisioned
3    -           84e3.2787.0740     128       Syncing Backup Member
4    -           84e3.2787.09c0     128       Ready   Active Master

Operational Status                 Normal operation
Stack MAC address                  0000.cd37.0d6f (Virtual MAC)
=== 1790730371.906 14:06:11 >>> show mrp ring
Media Redundancy Protocol - Ring Information
MRP Ring 1
 Domain ID:                           ffffffff-ffff-ffff-ffff-ffffffffffff
 Domain Name:                         
 Ring Status:                         Enabled
 Running State:                       Running
 Role:                                Manager
 Network Status:                      Closed
 Port1:                               port1.0.13
  Status:                             Forwarding
 Port2:                               port4.0.26
  Status:                             Blocking
 Vlan ID:
 React on Link Change:                No
 Profile:                             200ms
  Topology Change Interval:           10ms
  Topology Change Count:              3
  Short Test Frame Interval:          10ms
  Default Test Frame Interval:        20ms
  Test Monitoring Interval Count:     3
  Test Monitoring Ext Interval Count: 3
  Non-blocking MRC Supported:         No
  Blocked port state supported:       Yes
=== 1790730373.058 14:06:13 >>> show clock
UTC Time:   Wed, 30 Sep 2026 01:06:54 +0000
Timezone: UTC
Timezone Offset: +00:00
Summer time zone: None
=== 1790730374.210 14:06:14 >>> show stack
Virtual Chassis Stacking summary information

ID   Pending ID  MAC address        Priority  Status  Role
1    -           84e3.2787.0ac0     128       Ready   Backup Member
2    -           -                  -         -       Provisioned
3    -           84e3.2787.0740     128       Syncing Backup Member
4    -           84e3.2787.09c0     128       Ready   Active Master

Operational Status                 Normal operation
Stack MAC address                  0000.cd37.0d6f (Virtual MAC)
=== 1790730375.362 14:06:15 >>> show mrp ring
Media Redundancy Protocol - Ring Information
MRP Ring 1
 Domain ID:                           ffffffff-ffff-ffff-ffff-ffffffffffff
 Domain Name:                         
 Ring Status:                         Enabled
 Running State:                       Running
 Role:                                Manager
 Network Status:                      Closed
 Port1:                               port1.0.13
  Status:                             Forwarding
 Port2:                               port4.0.26
  Status:                             Blocking
 Vlan ID:
 React on Link Change:                No
 Profile:                             200ms
  Topology Change Interval:           10ms
  Topology Change Count:              3
  Short Test Frame Interval:          10ms
  Default Test Frame Interval:        20ms
  Test Monitoring Interval Count:     3
  Test Monitoring Ext Interval Count: 3
  Non-blocking MRC Supported:         No
  Blocked port state supported:       Yes
=== 1790730376.513 14:06:16 >>> show clock
UTC Time:   Wed, 30 Sep 2026 01:06:58 +0000
Timezone: UTC
Timezone Offset: +00:00
Summer time zone: None
=== 1790730377.665 14:06:17 >>> show stack
Virtual Chassis Stacking summary information

ID   Pending ID  MAC address        Priority  Status  Role
1    -           84e3.2787.0ac0     128       Ready   Backup Member
2    -           -                  -         -       Provisioned
3    -           84e3.2787.0740     128       Syncing Backup Member
4    -           84e3.2787.09c0     128       Ready   Active Master

Operational Status                 Normal operation
Stack MAC address                  0000.cd37.0d6f (Virtual MAC)
=== 1790730378.817 14:06:18 >>> show mrp ring
Media Redundancy Protocol - Ring Information
MRP Ring 1
 Domain ID:                           ffffffff-ffff-ffff-ffff-ffffffffffff
 Domain Name:                         
 Ring Status:                         Enabled
 Running State:                       Running
 Role:                                Manager
 Network Status:                      Closed
 Port1:                               port1.0.13
  Status:                             Forwarding
 Port2:                               port4.0.26
  Status:                             Blocking
 Vlan ID:
 React on Link Change:                No
 Profile:                             200ms
  Topology Change Interval:           10ms
  Topology Change Count:              3
  Short Test Frame Interval:          10ms
  Default Test Frame Interval:        20ms
  Test Monitoring Interval Count:     3
  Test Monitoring Ext Interval Count: 3
  Non-blocking MRC Supported:         No
  Blocked port state supported:       Yes
=== 1790730379.969 14:06:19 >>> show clock
UTC Time:   Wed, 30 Sep 2026 01:07:01 +0000
Timezone: UTC
Timezone Offset: +00:00
Summer time zone: None
=== 1790730381.121 14:06:21 >>> show stack
Virtual Chassis Stacking summary information

ID   Pending ID  MAC address        Priority  Status  Role
1    -           84e3.2787.0ac0     128       Ready   Backup Member
2    -           -                  -         -       Provisioned
3    -           84e3.2787.0740     128       Syncing Backup Member
4    -           84e3.2787.09c0     128       Ready   Active Master

Operational Status                 Normal operation
Stack MAC address                  0000.cd37.0d6f (Virtual MAC)
=== 1790730382.273 14:06:22 >>> show mrp ring
Media Redundancy Protocol - Ring Information
MRP Ring 1
 Domain ID:                           ffffffff-ffff-ffff-ffff-ffffffffffff
 Domain Name:                         
 Ring Status:                         Enabled
 Running State:                       Running
 Role:                                Manager
 Network Status:                      Closed
 Port1:                               port1.0.13
  Status:                             Forwarding
 Port2:                               port4.0.26
  Status:                             Blocking
 Vlan ID:
 React on Link Change:                No
 Profile:                             200ms
  Topology Change Interval:           10ms
  Topology Change Count:              3
  Short Test Frame Interval:          10ms
  Default Test Frame Interval:        20ms
  Test Monitoring Interval Count:     3
  Test Monitoring Ext Interval Count: 3
  Non-blocking MRC Supported:         No
  Blocked port state supported:       Yes
=== 1790730383.425 14:06:23 >>> show clock
UTC Time:   Wed, 30 Sep 2026 01:07:04 +0000
Timezone: UTC
Timezone Offset: +00:00
Summer time zone: None
=== 1790730384.576 14:06:24 >>> show stack
Virtual Chassis Stacking summary information

ID   Pending ID  MAC address        Priority  Status  Role
1    -           84e3.2787.0ac0     128       Ready   Backup Member
2    -           -                  -         -       Provisioned
3    -           84e3.2787.0740     128       Syncing Backup Member
4    -           84e3.2787.09c0     128       Ready   Active Master

Operational Status                 Normal operation
Stack MAC address                  0000.cd37.0d6f (Virtual MAC)
=== 1790730385.728 14:06:25 >>> show mrp ring
Media Redundancy Protocol - Ring Information
MRP Ring 1
 Domain ID:                           ffffffff-ffff-ffff-ffff-ffffffffffff
 Domain Name:                         
 Ring Status:                         Enabled
 Running State:                       Running
 Role:                                Manager
 Network Status:                      Closed
 Port1:                               port1.0.13
  Status:                             Forwarding
 Port2:                               port4.0.26
  Status:                             Blocking
 Vlan ID:
 React on Link Change:                No
 Profile:                             200ms
  Topology Change Interval:           10ms
  Topology Change Count:              3
  Short Test Frame Interval:          10ms
  Default Test Frame Interval:        20ms
  Test Monitoring Interval Count:     3
  Test Monitoring Ext Interval Count: 3
  Non-blocking MRC Supported:         No
  Blocked port state supported:       Yes
=== 1790730386.880 14:06:26 >>> show clock
UTC Time:   Wed, 30 Sep 2026 01:07:08 +0000
Timezone: UTC
Timezone Offset: +00:00
Summer time zone: None
=== 1790730388.032 14:06:28 >>> show stack
Virtual Chassis Stacking summary information

ID   Pending ID  MAC address        Priority  Status  Role
1    -           84e3.2787.0ac0     128       Ready   Backup Member
2    -           -                  -         -       Provisioned
3    -           84e3.2787.0740     128       Syncing Backup Member
4    -           84e3.2787.09c0     128       Ready   Active Master

Operational Status                 Normal operation
Stack MAC address                  0000.cd37.0d6f (Virtual MAC)
=== 1790730389.184 14:06:29 >>> show mrp ring
Media Redundancy Protocol - Ring Information
MRP Ring 1
 Domain ID:                           ffffffff-ffff-ffff-ffff-ffffffffffff
 Domain Name:                         
 Ring Status:                         Enabled
 Running State:                       Running
 Role:                                Manager
 Network Status:                      Closed
 Port1:                               port1.0.13
  Status:                             Forwarding
 Port2:                               port4.0.26
  Status:                             Blocking
 Vlan ID:
 React on Link Change:                No
 Profile:                             200ms
  Topology Change Interval:           10ms
  Topology Change Count:              3
  Short Test Frame Interval:          10ms
  Default Test Frame Interval:        20ms
  Test Monitoring Interval Count:     3
  Test Monitoring Ext Interval Count: 3
  Non-blocking MRC Supported:         No
  Blocked port state supported:       Yes
=== 1790730390.335 14:06:30 >>> show clock
UTC Time:   Wed, 30 Sep 2026 01:07:11 +0000
Timezone: UTC
Timezone Offset: +00:00
Summer time zone: None
=== 1790730391.487 14:06:31 >>> show stack
Virtual Chassis Stacking summary information

ID   Pending ID  MAC address        Priority  Status  Role
1    -           84e3.2787.0ac0     128       Ready   Backup Member
2    -           -                  -         -       Provisioned
3    -           84e3.2787.0740     128       Syncing Backup Member
4    -           84e3.2787.09c0     128       Ready   Active Master

Operational Status                 Normal operation
Stack MAC address                  0000.cd37.0d6f (Virtual MAC)
=== 1790730392.639 14:06:32 >>> show mrp ring
Media Redundancy Protocol - Ring Information
MRP Ring 1
 Domain ID:                           ffffffff-ffff-ffff-ffff-ffffffffffff
 Domain Name:                         
 Ring Status:                         Enabled
 Running State:                       Running
 Role:                                Manager
 Network Status:                      Closed
 Port1:                               port1.0.13
  Status:                             Forwarding
 Port2:                               port4.0.26
  Status:                             Blocking
 Vlan ID:
 React on Link Change:                No
 Profile:                             200ms
  Topology Change Interval:           10ms
  Topology Change Count:              3
  Short Test Frame Interval:          10ms
  Default Test Frame Interval:        20ms
  Test Monitoring Interval Count:     3
  Test Monitoring Ext Interval Count: 3
  Non-blocking MRC Supported:         No
  Blocked port state supported:       Yes
=== 1790730393.791 14:06:33 >>> show clock
UTC Time:   Wed, 30 Sep 2026 01:07:15 +0000
Timezone: UTC
Timezone Offset: +00:00
Summer time zone: None
=== 1790730394.943 14:06:34 >>> show stack
Virtual Chassis Stacking summary information

ID   Pending ID  MAC address        Priority  Status  Role
1    -           84e3.2787.0ac0     128       Ready   Backup Member
2    -           -                  -         -       Provisioned
3    -           84e3.2787.0740     128       Syncing Backup Member
4    -           84e3.2787.09c0     128       Ready   Active Master

Operational Status                 Normal operation
Stack MAC address                  0000.cd37.0d6f (Virtual MAC)
=== 1790730396.095 14:06:36 >>> show mrp ring
Media Redundancy Protocol - Ring Information
MRP Ring 1
 Domain ID:                           ffffffff-ffff-ffff-ffff-ffffffffffff
 Domain Name:                         
 Ring Status:                         Enabled
 Running State:                       Running
 Role:                                Manager
 Network Status:                      Closed
 Port1:                               port1.0.13
  Status:                             Forwarding
 Port2:                               port4.0.26
  Status:                             Blocking
 Vlan ID:
 React on Link Change:                No
 Profile:                             200ms
  Topology Change Interval:           10ms
  Topology Change Count:              3
  Short Test Frame Interval:          10ms
  Default Test Frame Interval:        20ms
  Test Monitoring Interval Count:     3
  Test Monitoring Ext Interval Count: 3
  Non-blocking MRC Supported:         No
  Blocked port state supported:       Yes
=== 1790730397.247 14:06:37 >>> show clock
UTC Time:   Wed, 30 Sep 2026 01:07:18 +0000
Timezone: UTC
Timezone Offset: +00:00
Summer time zone: None
=== 1790730398.398 14:06:38 >>> show stack
Virtual Chassis Stacking summary information

ID   Pending ID  MAC address        Priority  Status  Role
1    -           84e3.2787.0ac0     128       Ready   Backup Member
2    -           -                  -         -       Provisioned
3    -           84e3.2787.0740     128       Syncing Backup Member
4    -           84e3.2787.09c0     128       Ready   Active Master

Operational Status                 Normal operation
Stack MAC address                  0000.cd37.0d6f (Virtual MAC)
=== 1790730399.550 14:06:39 >>> show mrp ring
Media Redundancy Protocol - Ring Information
MRP Ring 1
 Domain ID:                           ffffffff-ffff-ffff-ffff-ffffffffffff
 Domain Name:                         
 Ring Status:                         Enabled
 Running State:                       Running
 Role:                                Manager
 Network Status:                      Closed
 Port1:                               port1.0.13
  Status:                             Forwarding
 Port2:                               port4.0.26
  Status:                             Blocking
 Vlan ID:
 React on Link Change:                No
 Profile:                             200ms
  Topology Change Interval:           10ms
  Topology Change Count:              3
  Short Test Frame Interval:          10ms
  Default Test Frame Interval:        20ms
  Test Monitoring Interval Count:     3
  Test Monitoring Ext Interval Count: 3
  Non-blocking MRC Supported:         No
  Blocked port state supported:       Yes
=== 1790730400.702 14:06:40 >>> show clock
UTC Time:   Wed, 30 Sep 2026 01:07:22 +0000
Timezone: UTC
Timezone Offset: +00:00
Summer time zone: None
=== 1790730401.854 14:06:41 >>> show stack
Virtual Chassis Stacking summary information

ID   Pending ID  MAC address        Priority  Status  Role
1    -           84e3.2787.0ac0     128       Ready   Backup Member
2    -           -                  -         -       Provisioned
3    -           84e3.2787.0740     128       Syncing Backup Member
4    -           84e3.2787.09c0     128       Ready   Active Master

Operational Status                 Normal operation
Stack MAC address                  0000.cd37.0d6f (Virtual MAC)
=== 1790730403.005 14:06:43 >>> show mrp ring
Media Redundancy Protocol - Ring Information
MRP Ring 1
 Domain ID:                           ffffffff-ffff-ffff-ffff-ffffffffffff
 Domain Name:                         
 Ring Status:                         Enabled
 Running State:                       Running
 Role:                                Manager
 Network Status:                      Closed
 Port1:                               port1.0.13
  Status:                             Forwarding
 Port2:                               port4.0.26
  Status:                             Blocking
 Vlan ID:
 React on Link Change:                No
 Profile:                             200ms
  Topology Change Interval:           10ms
  Topology Change Count:              3
  Short Test Frame Interval:          10ms
  Default Test Frame Interval:        20ms
  Test Monitoring Interval Count:     3
  Test Monitoring Ext Interval Count: 3
  Non-blocking MRC Supported:         No
  Blocked port state supported:       Yes
=== 1790730404.157 14:06:44 >>> show clock
UTC Time:   Wed, 30 Sep 2026 01:07:25 +0000
Timezone: UTC
Timezone Offset: +00:00
Summer time zone: None
=== 1790730405.309 14:06:45 >>> show stack
Virtual Chassis Stacking summary information

ID   Pending ID  MAC address        Priority  Status  Role
1    -           84e3.2787.0ac0     128       Ready   Backup Member
2    -           -                  -         -       Provisioned
3    -           84e3.2787.0740     128       Syncing Backup Member
4    -           84e3.2787.09c0     128       Ready   Active Master

Operational Status                 Normal operation
Stack MAC address                  0000.cd37.0d6f (Virtual MAC)
=== 1790730406.461 14:06:46 >>> show mrp ring
Media Redundancy Protocol - Ring Information
MRP Ring 1
 Domain ID:                           ffffffff-ffff-ffff-ffff-ffffffffffff
 Domain Name:                         
 Ring Status:                         Enabled
 Running State:                       Running
 Role:                                Manager
 Network Status:                      Closed
 Port1:                               port1.0.13
  Status:                             Forwarding
 Port2:                               port4.0.26
  Status:                             Blocking
 Vlan ID:
 React on Link Change:                No
 Profile:                             200ms
  Topology Change Interval:           10ms
  Topology Change Count:              3
  Short Test Frame Interval:          10ms
  Default Test Frame Interval:        20ms
  Test Monitoring Interval Count:     3
  Test Monitoring Ext Interval Count: 3
  Non-blocking MRC Supported:         No
  Blocked port state supported:       Yes
=== 1790730407.613 14:06:47 >>> show clock
UTC Time:   Wed, 30 Sep 2026 01:07:29 +0000
Timezone: UTC
Timezone Offset: +00:00
Summer time zone: None
=== 1790730408.765 14:06:48 >>> show stack
Virtual Chassis Stacking summary information

ID   Pending ID  MAC address        Priority  Status  Role
1    -           84e3.2787.0ac0     128       Ready   Backup Member
2    -           -                  -         -       Provisioned
3    -           84e3.2787.0740     128       Syncing Backup Member
4    -           84e3.2787.09c0     128       Ready   Active Master

Operational Status                 Normal operation
Stack MAC address                  0000.cd37.0d6f (Virtual MAC)
=== 1790730409.916 14:06:49 >>> show mrp ring
Media Redundancy Protocol - Ring Information
MRP Ring 1
 Domain ID:                           ffffffff-ffff-ffff-ffff-ffffffffffff
 Domain Name:                         
 Ring Status:                         Enabled
 Running State:                       Running
 Role:                                Manager
 Network Status:                      Closed
 Port1:                               port1.0.13
  Status:                             Forwarding
 Port2:                               port4.0.26
  Status:                             Blocking
 Vlan ID:
 React on Link Change:                No
 Profile:                             200ms
  Topology Change Interval:           10ms
  Topology Change Count:              3
  Short Test Frame Interval:          10ms
  Default Test Frame Interval:        20ms
  Test Monitoring Interval Count:     3
  Test Monitoring Ext Interval Count: 3
  Non-blocking MRC Supported:         No
  Blocked port state supported:       Yes
=== 1790730411.068 14:06:51 >>> show clock
UTC Time:   Wed, 30 Sep 2026 01:07:32 +0000
Timezone: UTC
Timezone Offset: +00:00
Summer time zone: None
=== 1790730412.220 14:06:52 >>> show stack
Virtual Chassis Stacking summary information

ID   Pending ID  MAC address        Priority  Status  Role
1    -           84e3.2787.0ac0     128       Ready   Backup Member
2    -           -                  -         -       Provisioned
3    -           84e3.2787.0740     128       Syncing Backup Member
4    -           84e3.2787.09c0     128       Ready   Active Master

Operational Status                 Normal operation
Stack MAC address                  0000.cd37.0d6f (Virtual MAC)
=== 1790730413.372 14:06:53 >>> show mrp ring
Media Redundancy Protocol - Ring Information
MRP Ring 1
 Domain ID:                           ffffffff-ffff-ffff-ffff-ffffffffffff
 Domain Name:                         
 Ring Status:                         Enabled
 Running State:                       Running
 Role:                                Manager
 Network Status:                      Closed
 Port1:                               port1.0.13
  Status:                             Forwarding
 Port2:                               port4.0.26
  Status:                             Blocking
 Vlan ID:
 React on Link Change:                No
 Profile:                             200ms
  Topology Change Interval:           10ms
  Topology Change Count:              3
  Short Test Frame Interval:          10ms
  Default Test Frame Interval:        20ms
  Test Monitoring Interval Count:     3
  Test Monitoring Ext Interval Count: 3
  Non-blocking MRC Supported:         No
  Blocked port state supported:       Yes
=== 1790730414.524 14:06:54 >>> show clock
UTC Time:   Wed, 30 Sep 2026 01:07:36 +0000
Timezone: UTC
Timezone Offset: +00:00
Summer time zone: None
=== 1790730415.675 14:06:55 >>> show stack
Virtual Chassis Stacking summary information

ID   Pending ID  MAC address        Priority  Status  Role
1    -           84e3.2787.0ac0     128       Ready   Backup Member
2    -           -                  -         -       Provisioned
3    -           84e3.2787.0740     128       Syncing Backup Member
4    -           84e3.2787.09c0     128       Ready   Active Master

Operational Status                 Normal operation
Stack MAC address                  0000.cd37.0d6f (Virtual MAC)
=== 1790730416.827 14:06:56 >>> show mrp ring
Media Redundancy Protocol - Ring Information
MRP Ring 1
 Domain ID:                           ffffffff-ffff-ffff-ffff-ffffffffffff
 Domain Name:                         
 Ring Status:                         Enabled
 Running State:                       Running
 Role:                                Manager
 Network Status:                      Closed
 Port1:                               port1.0.13
  Status:                             Forwarding
 Port2:                               port4.0.26
  Status:                             Blocking
 Vlan ID:
 React on Link Change:                No
 Profile:                             200ms
  Topology Change Interval:           10ms
  Topology Change Count:              3
  Short Test Frame Interval:          10ms
  Default Test Frame Interval:        20ms
  Test Monitoring Interval Count:     3
  Test Monitoring Ext Interval Count: 3
  Non-blocking MRC Supported:         No
  Blocked port state supported:       Yes
=== 1790730417.979 14:06:57 >>> show clock
UTC Time:   Wed, 30 Sep 2026 01:07:39 +0000
Timezone: UTC
Timezone Offset: +00:00
Summer time zone: None
=== 1790730419.131 14:06:59 >>> show stack
Virtual Chassis Stacking summary information

ID   Pending ID  MAC address        Priority  Status  Role
1    -           84e3.2787.0ac0     128       Ready   Backup Member
2    -           -                  -         -       Provisioned
3    -           84e3.2787.0740     128       Syncing Backup Member
4    -           84e3.2787.09c0     128       Ready   Active Master

Operational Status                 Normal operation
Stack MAC address                  0000.cd37.0d6f (Virtual MAC)
=== 1790730420.283 14:07:00 >>> show mrp ring
Media Redundancy Protocol - Ring Information
MRP Ring 1
 Domain ID:                           ffffffff-ffff-ffff-ffff-ffffffffffff
 Domain Name:                         
 Ring Status:                         Enabled
 Running State:                       Running
 Role:                                Manager
 Network Status:                      Closed
 Port1:                               port1.0.13
  Status:                             Forwarding
 Port2:                               port4.0.26
  Status:                             Blocking
 Vlan ID:
 React on Link Change:                No
 Profile:                             200ms
  Topology Change Interval:           10ms
  Topology Change Count:              3
  Short Test Frame Interval:          10ms
  Default Test Frame Interval:        20ms
  Test Monitoring Interval Count:     3
  Test Monitoring Ext Interval Count: 3
  Non-blocking MRC Supported:         No
  Blocked port state supported:       Yes
=== 1790730421.435 14:07:01 >>> show clock
UTC Time:   Wed, 30 Sep 2026 01:07:43 +0000
Timezone: UTC
Timezone Offset: +00:00
Summer time zone: None
=== 1790730422.586 14:07:02 >>> show stack
Virtual Chassis Stacking summary information

ID   Pending ID  MAC address        Priority  Status  Role
1    -           84e3.2787.0ac0     128       Ready   Backup Member
2    -           -                  -         -       Provisioned
3    -           84e3.2787.0740     128       Syncing Backup Member
4    -           84e3.2787.09c0     128       Ready   Active Master

Operational Status                 Normal operation
Stack MAC address                  0000.cd37.0d6f (Virtual MAC)
=== 1790730423.738 14:07:03 >>> show mrp ring
Media Redundancy Protocol - Ring Information
MRP Ring 1
 Domain ID:                           ffffffff-ffff-ffff-ffff-ffffffffffff
 Domain Name:                         
 Ring Status:                         Enabled
 Running State:                       Running
 Role:                                Manager
 Network Status:                      Closed
 Port1:                               port1.0.13
  Status:                             Forwarding
 Port2:                               port4.0.26
  Status:                             Blocking
 Vlan ID:
 React on Link Change:                No
 Profile:                             200ms
  Topology Change Interval:           10ms
  Topology Change Count:              3
  Short Test Frame Interval:          10ms
  Default Test Frame Interval:        20ms
  Test Monitoring Interval Count:     3
  Test Monitoring Ext Interval Count: 3
  Non-blocking MRC Supported:         No
  Blocked port state supported:       Yes
=== 1790730424.890 14:07:04 >>> show clock
UTC Time:   Wed, 30 Sep 2026 01:07:46 +0000
Timezone: UTC
Timezone Offset: +00:00
Summer time zone: None
=== 1790730426.042 14:07:06 >>> show stack
Virtual Chassis Stacking summary information

ID   Pending ID  MAC address        Priority  Status  Role
1    -           84e3.2787.0ac0     128       Ready   Backup Member
2    -           -                  -         -       Provisioned
3    -           84e3.2787.0740     128       Syncing Backup Member
4    -           84e3.2787.09c0     128       Ready   Active Master

Operational Status                 Normal operation
Stack MAC address                  0000.cd37.0d6f (Virtual MAC)
=== 1790730427.193 14:07:07 >>> show mrp ring
Media Redundancy Protocol - Ring Information
MRP Ring 1
 Domain ID:                           ffffffff-ffff-ffff-ffff-ffffffffffff
 Domain Name:                         
 Ring Status:                         Enabled
 Running State:                       Running
 Role:                                Manager
 Network Status:                      Closed
 Port1:                               port1.0.13
  Status:                             Forwarding
 Port2:                               port4.0.26
  Status:                             Blocking
 Vlan ID:
 React on Link Change:                No
 Profile:                             200ms
  Topology Change Interval:           10ms
  Topology Change Count:              3
  Short Test Frame Interval:          10ms
  Default Test Frame Interval:        20ms
  Test Monitoring Interval Count:     3
  Test Monitoring Ext Interval Count: 3
  Non-blocking MRC Supported:         No
  Blocked port state supported:       Yes
=== 1790730428.345 14:07:08 >>> show clock
UTC Time:   Wed, 30 Sep 2026 01:07:49 +0000
Timezone: UTC
Timezone Offset: +00:00
Summer time zone: None
=== 1790730429.497 14:07:09 >>> show stack
Virtual Chassis Stacking summary information

ID   Pending ID  MAC address        Priority  Status  Role
1    -           84e3.2787.0ac0     128       Ready   Backup Member
2    -           -                  -         -       Provisioned
3    -           84e3.2787.0740     128       Syncing Backup Member
4    -           84e3.2787.09c0     128       Ready   Active Master

Operational Status                 Normal operation
Stack MAC address                  0000.cd37.0d6f (Virtual MAC)
=== 1790730430.649 14:07:10 >>> show mrp ring
Media Redundancy Protocol - Ring Information
MRP Ring 1
 Domain ID:                           ffffffff-ffff-ffff-ffff-ffffffffffff
 Domain Name:                         
 Ring Status:                         Enabled
 Running State:                       Running
 Role:                                Manager
 Network Status:                      Closed
 Port1:                               port1.0.13
  Status:                             Forwarding
 Port2:                               port4.0.26
  Status:                             Blocking
 Vlan ID:
 React on Link Change:                No
 Profile:                             200ms
  Topology Change Interval:           10ms
  Topology Change Count:              3
  Short Test Frame Interval:          10ms
  Default Test Frame Interval:        20ms
  Test Monitoring Interval Count:     3
  Test Monitoring Ext Interval Count: 3
  Non-blocking MRC Supported:         No
  Blocked port state supported:       Yes
=== 1790730431.801 14:07:11 >>> show clock
UTC Time:   Wed, 30 Sep 2026 01:07:53 +0000
Timezone: UTC
Timezone Offset: +00:00
Summer time zone: None
=== 1790730432.953 14:07:12 >>> show stack
Virtual Chassis Stacking summary information

ID   Pending ID  MAC address        Priority  Status  Role
1    -           84e3.2787.0ac0     128       Ready   Backup Member
2    -           -                  -         -       Provisioned
3    -           84e3.2787.0740     128       Syncing Backup Member
4    -           84e3.2787.09c0     128       Ready   Active Master

Operational Status                 Normal operation
Stack MAC address                  0000.cd37.0d6f (Virtual MAC)
=== 1790730434.104 14:07:14 >>> show mrp ring
Media Redundancy Protocol - Ring Information
MRP Ring 1
 Domain ID:                           ffffffff-ffff-ffff-ffff-ffffffffffff
 Domain Name:                         
 Ring Status:                         Enabled
 Running State:                       Running
 Role:                                Manager
 Network Status:                      Closed
 Port1:                               port1.0.13
  Status:                             Forwarding
 Port2:                               port4.0.26
  Status:                             Blocking
 Vlan ID:
 React on Link Change:                No
 Profile:                             200ms
  Topology Change Interval:           10ms
  Topology Change Count:              3
  Short Test Frame Interval:          10ms
  Default Test Frame Interval:        20ms
  Test Monitoring Interval Count:     3
  Test Monitoring Ext Interval Count: 3
  Non-blocking MRC Supported:         No
  Blocked port state supported:       Yes
=== 1790730435.256 14:07:15 >>> show clock
UTC Time:   Wed, 30 Sep 2026 01:07:56 +0000
Timezone: UTC
Timezone Offset: +00:00
Summer time zone: None
=== 1790730436.408 14:07:16 >>> show stack
Virtual Chassis Stacking summary information

ID   Pending ID  MAC address        Priority  Status  Role
1    -           84e3.2787.0ac0     128       Ready   Backup Member
2    -           -                  -         -       Provisioned
3    -           84e3.2787.0740     128       Syncing Backup Member
4    -           84e3.2787.09c0     128       Ready   Active Master

Operational Status                 Normal operation
Stack MAC address                  0000.cd37.0d6f (Virtual MAC)
=== 1790730437.560 14:07:17 >>> show mrp ring
Media Redundancy Protocol - Ring Information
MRP Ring 1
 Domain ID:                           ffffffff-ffff-ffff-ffff-ffffffffffff
 Domain Name:                         
 Ring Status:                         Enabled
 Running State:                       Running
 Role:                                Manager
 Network Status:                      Closed
 Port1:                               port1.0.13
  Status:                             Forwarding
 Port2:                               port4.0.26
  Status:                             Blocking
 Vlan ID:
 React on Link Change:                No
 Profile:                             200ms
  Topology Change Interval:           10ms
  Topology Change Count:              3
  Short Test Frame Interval:          10ms
  Default Test Frame Interval:        20ms
  Test Monitoring Interval Count:     3
  Test Monitoring Ext Interval Count: 3
  Non-blocking MRC Supported:         No
  Blocked port state supported:       Yes
=== 1790730438.712 14:07:18 >>> show clock
UTC Time:   Wed, 30 Sep 2026 01:08:00 +0000
Timezone: UTC
Timezone Offset: +00:00
Summer time zone: None
=== 1790730439.864 14:07:19 >>> show stack
Virtual Chassis Stacking summary information

ID   Pending ID  MAC address        Priority  Status  Role
1    -           84e3.2787.0ac0     128       Ready   Backup Member
2    -           -                  -         -       Provisioned
3    -           84e3.2787.0740     128       Syncing Backup Member
4    -           84e3.2787.09c0     128       Ready   Active Master

Operational Status                 Normal operation
Stack MAC address                  0000.cd37.0d6f (Virtual MAC)
=== 1790730441.015 14:07:21 >>> show mrp ring
Media Redundancy Protocol - Ring Information
MRP Ring 1
 Domain ID:                           ffffffff-ffff-ffff-ffff-ffffffffffff
 Domain Name:                         
 Ring Status:                         Enabled
 Running State:                       Running
 Role:                                Manager
 Network Status:                      Closed
 Port1:                               port1.0.13
  Status:                             Forwarding
 Port2:                               port4.0.26
  Status:                             Blocking
 Vlan ID:
 React on Link Change:                No
 Profile:                             200ms
  Topology Change Interval:           10ms
  Topology Change Count:              3
  Short Test Frame Interval:          10ms
  Default Test Frame Interval:        20ms
  Test Monitoring Interval Count:     3
  Test Monitoring Ext Interval Count: 3
  Non-blocking MRC Supported:         No
  Blocked port state supported:       Yes
=== 1790730442.167 14:07:22 >>> show clock
UTC Time:   Wed, 30 Sep 2026 01:08:03 +0000
Timezone: UTC
Timezone Offset: +00:00
Summer time zone: None
=== 1790730443.319 14:07:23 >>> show stack
Virtual Chassis Stacking summary information

ID   Pending ID  MAC address        Priority  Status  Role
1    -           84e3.2787.0ac0     128       Ready   Backup Member
2    -           -                  -         -       Provisioned
3    -           84e3.2787.0740     128       Syncing Backup Member
4    -           84e3.2787.09c0     128       Ready   Active Master

Operational Status                 Normal operation
Stack MAC address                  0000.cd37.0d6f (Virtual MAC)
=== 1790730444.471 14:07:24 >>> show mrp ring
Media Redundancy Protocol - Ring Information
MRP Ring 1
 Domain ID:                           ffffffff-ffff-ffff-ffff-ffffffffffff
 Domain Name:                         
 Ring Status:                         Enabled
 Running State:                       Running
 Role:                                Manager
 Network Status:                      Closed
 Port1:                               port1.0.13
  Status:                             Forwarding
 Port2:                               port4.0.26
  Status:                             Blocking
 Vlan ID:
 React on Link Change:                No
 Profile:                             200ms
  Topology Change Interval:           10ms
  Topology Change Count:              3
  Short Test Frame Interval:          10ms
  Default Test Frame Interval:        20ms
  Test Monitoring Interval Count:     3
  Test Monitoring Ext Interval Count: 3
  Non-blocking MRC Supported:         No
  Blocked port state supported:       Yes
=== 1790730445.623 14:07:25 >>> show clock
UTC Time:   Wed, 30 Sep 2026 01:08:07 +0000
Timezone: UTC
Timezone Offset: +00:00
Summer time zone: None
=== 1790730446.774 14:07:26 >>> show stack
Virtual Chassis Stacking summary information

ID   Pending ID  MAC address        Priority  Status  Role
1    -           84e3.2787.0ac0     128       Ready   Backup Member
2    -           -                  -         -       Provisioned
3    -           84e3.2787.0740     128       Syncing Backup Member
4    -           84e3.2787.09c0     128       Ready   Active Master

Operational Status                 Normal operation
Stack MAC address                  0000.cd37.0d6f (Virtual MAC)
=== 1790730447.926 14:07:27 >>> show mrp ring
Media Redundancy Protocol - Ring Information
MRP Ring 1
 Domain ID:                           ffffffff-ffff-ffff-ffff-ffffffffffff
 Domain Name:                         
 Ring Status:                         Enabled
 Running State:                       Running
 Role:                                Manager
 Network Status:                      Closed
 Port1:                               port1.0.13
  Status:                             Forwarding
 Port2:                               port4.0.26
  Status:                             Blocking
 Vlan ID:
 React on Link Change:                No
 Profile:                             200ms
  Topology Change Interval:           10ms
  Topology Change Count:              3
  Short Test Frame Interval:          10ms
  Default Test Frame Interval:        20ms
  Test Monitoring Interval Count:     3
  Test Monitoring Ext Interval Count: 3
  Non-blocking MRC Supported:         No
  Blocked port state supported:       Yes
=== 1790730449.078 14:07:29 >>> show clock
UTC Time:   Wed, 30 Sep 2026 01:08:10 +0000
Timezone: UTC
Timezone Offset: +00:00
Summer time zone: None
=== 1790730450.230 14:07:30 >>> show stack
Virtual Chassis Stacking summary information

ID   Pending ID  MAC address        Priority  Status  Role
1    -           84e3.2787.0ac0     128       Ready   Backup Member
2    -           -                  -         -       Provisioned
3    -           84e3.2787.0740     128       Syncing Backup Member
4    -           84e3.2787.09c0     128       Ready   Active Master

Operational Status                 Normal operation
Stack MAC address                  0000.cd37.0d6f (Virtual MAC)
=== 1790730451.381 14:07:31 >>> show mrp ring
Media Redundancy Protocol - Ring Information
MRP Ring 1
 Domain ID:                           ffffffff-ffff-ffff-ffff-ffffffffffff
 Domain Name:                         
 Ring Status:                         Enabled
 Running State:                       Running
 Role:                                Manager
 Network Status:                      Closed
 Port1:                               port1.0.13
  Status:                             Forwarding
 Port2:                               port4.0.26
  Status:                             Blocking
 Vlan ID:
 React on Link Change:                No
 Profile:                             200ms
  Topology Change Interval:           10ms
  Topology Change Count:              3
  Short Test Frame Interval:          10ms
  Default Test Frame Interval:        20ms
  Test Monitoring Interval Count:     3
  Test Monitoring Ext Interval Count: 3
  Non-blocking MRC Supported:         No
  Blocked port state supported:       Yes
=== 1790730452.533 14:07:32 >>> show clock
UTC Time:   Wed, 30 Sep 2026 01:08:14 +0000
Timezone: UTC
Timezone Offset: +00:00
Summer time zone: None
=== 1790730453.685 14:07:33 >>> show stack
Virtual Chassis Stacking summary information

ID   Pending ID  MAC address        Priority  Status  Role
1    -           84e3.2787.0ac0     128       Ready   Backup Member
2    -           -                  -         -       Provisioned
3    -           84e3.2787.0740     128       Syncing Backup Member
4    -           84e3.2787.09c0     128       Ready   Active Master

Operational Status                 Normal operation
Stack MAC address                  0000.cd37.0d6f (Virtual MAC)
=== 1790730454.837 14:07:34 >>> show mrp ring
Media Redundancy Protocol - Ring Information
MRP Ring 1
 Domain ID:                           ffffffff-ffff-ffff-ffff-ffffffffffff
 Domain Name:                         
 Ring Status:                         Enabled
 Running State:                       Running
 Role:                                Manager
 Network Status:                      Closed
 Port1:                               port1.0.13
  Status:                             Forwarding
 Port2:                               port4.0.26
  Status:                             Blocking
 Vlan ID:
 React on Link Change:                No
 Profile:                             200ms
  Topology Change Interval:           10ms
  Topology Change Count:              3
  Short Test Frame Interval:          10ms
  Default Test Frame Interval:        20ms
  Test Monitoring Interval Count:     3
  Test Monitoring Ext Interval Count: 3
  Non-blocking MRC Supported:         No
  Blocked port state supported:       Yes
=== 1790730455.988 14:07:35 >>> show clock
UTC Time:   Wed, 30 Sep 2026 01:08:17 +0000
Timezone: UTC
Timezone Offset: +00:00
Summer time zone: None
=== 1790730457.140 14:07:37 >>> show stack
Virtual Chassis Stacking summary information

ID   Pending ID  MAC address        Priority  Status  Role
1    -           84e3.2787.0ac0     128       Ready   Backup Member
2    -           -                  -         -       Provisioned
3    -           84e3.2787.0740     128       Syncing Backup Member
4    -           84e3.2787.09c0     128       Ready   Active Master

Operational Status                 Normal operation
Stack MAC address                  0000.cd37.0d6f (Virtual MAC)
=== 1790730458.292 14:07:38 >>> show mrp ring
Media Redundancy Protocol - Ring Information
MRP Ring 1
 Domain ID:                           ffffffff-ffff-ffff-ffff-ffffffffffff
 Domain Name:                         
 Ring Status:                         Enabled
 Running State:                       Running
 Role:                                Manager
 Network Status:                      Closed
 Port1:                               port1.0.13
  Status:                             Forwarding
 Port2:                               port4.0.26
  Status:                             Blocking
 Vlan ID:
 React on Link Change:                No
 Profile:                             200ms
  Topology Change Interval:           10ms
  Topology Change Count:              3
  Short Test Frame Interval:          10ms
  Default Test Frame Interval:        20ms
  Test Monitoring Interval Count:     3
  Test Monitoring Ext Interval Count: 3
  Non-blocking MRC Supported:         No
  Blocked port state supported:       Yes
=== 1790730459.444 14:07:39 >>> show clock
UTC Time:   Wed, 30 Sep 2026 01:08:21 +0000
Timezone: UTC
Timezone Offset: +00:00
Summer time zone: None
=== 1790730460.596 14:07:40 >>> show stack
Virtual Chassis Stacking summary information

ID   Pending ID  MAC address        Priority  Status  Role
1    -           84e3.2787.0ac0     128       Ready   Backup Member
2    -           -                  -         -       Provisioned
3    -           84e3.2787.0740     128       Syncing Backup Member
4    -           84e3.2787.09c0     128       Ready   Active Master

Operational Status                 Normal operation
Stack MAC address                  0000.cd37.0d6f (Virtual MAC)
=== 1790730461.748 14:07:41 >>> show mrp ring
Media Redundancy Protocol - Ring Information
MRP Ring 1
 Domain ID:                           ffffffff-ffff-ffff-ffff-ffffffffffff
 Domain Name:                         
 Ring Status:                         Enabled
 Running State:                       Running
 Role:                                Manager
 Network Status:                      Closed
 Port1:                               port1.0.13
  Status:                             Forwarding
 Port2:                               port4.0.26
  Status:                             Blocking
 Vlan ID:
 React on Link Change:                No
 Profile:                             200ms
  Topology Change Interval:           10ms
  Topology Change Count:              3
  Short Test Frame Interval:          10ms
  Default Test Frame Interval:        20ms
  Test Monitoring Interval Count:     3
  Test Monitoring Ext Interval Count: 3
  Non-blocking MRC Supported:         No
  Blocked port state supported:       Yes
=== 1790730462.899 14:07:42 >>> show clock
UTC Time:   Wed, 30 Sep 2026 01:08:24 +0000
Timezone: UTC
Timezone Offset: +00:00
Summer time zone: None
=== 1790730464.051 14:07:44 >>> show stack
Virtual Chassis Stacking summary information

ID   Pending ID  MAC address        Priority  Status  Role
1    -           84e3.2787.0ac0     128       Ready   Backup Member
2    -           -                  -         -       Provisioned
3    -           84e3.2787.0740     128       Syncing Backup Member
4    -           84e3.2787.09c0     128       Ready   Active Master

Operational Status                 Normal operation
Stack MAC address                  0000.cd37.0d6f (Virtual MAC)
=== 1790730465.203 14:07:45 >>> show mrp ring
Media Redundancy Protocol - Ring Information
MRP Ring 1
 Domain ID:                           ffffffff-ffff-ffff-ffff-ffffffffffff
 Domain Name:                         
 Ring Status:                         Enabled
 Running State:                       Running
 Role:                                Manager
 Network Status:                      Closed
 Port1:                               port1.0.13
  Status:                             Forwarding
 Port2:                               port4.0.26
  Status:                             Blocking
 Vlan ID:
 React on Link Change:                No
 Profile:                             200ms
  Topology Change Interval:           10ms
  Topology Change Count:              3
  Short Test Frame Interval:          10ms
  Default Test Frame Interval:        20ms
  Test Monitoring Interval Count:     3
  Test Monitoring Ext Interval Count: 3
  Non-blocking MRC Supported:         No
  Blocked port state supported:       Yes
=== 1790730466.355 14:07:46 >>> show clock
UTC Time:   Wed, 30 Sep 2026 01:08:27 +0000
Timezone: UTC
Timezone Offset: +00:00
Summer time zone: None
=== 1790730467.507 14:07:47 >>> show stack
Virtual Chassis Stacking summary information

ID   Pending ID  MAC address        Priority  Status  Role
1    -           84e3.2787.0ac0     128       Ready   Backup Member
2    -           -                  -         -       Provisioned
3    -           84e3.2787.0740     128       Ready   Backup Member
4    -           84e3.2787.09c0     128       Ready   Active Master

Operational Status                 Normal operation
Stack MAC address                  0000.cd37.0d6f (Virtual MAC)
=== 1790730468.658 14:07:48 >>> show mrp ring
Media Redundancy Protocol - Ring Information
MRP Ring 1
 Domain ID:                           ffffffff-ffff-ffff-ffff-ffffffffffff
 Domain Name:                         
 Ring Status:                         Enabled
 Running State:                       Running
 Role:                                Manager
 Network Status:                      Closed
 Port1:                               port1.0.13
  Status:                             Forwarding
 Port2:                               port4.0.26
  Status:                             Blocking
 Vlan ID:
 React on Link Change:                No
 Profile:                             200ms
  Topology Change Interval:           10ms
  Topology Change Count:              3
  Short Test Frame Interval:          10ms
  Default Test Frame Interval:        20ms
  Test Monitoring Interval Count:     3
  Test Monitoring Ext Interval Count: 3
  Non-blocking MRC Supported:         No
  Blocked port state supported:       Yes
=== 1790730469.810 14:07:49 >>> show clock
UTC Time:   Wed, 30 Sep 2026 01:08:31 +0000
Timezone: UTC
Timezone Offset: +00:00
Summer time zone: None
=== 1790730470.962 14:07:50 >>> show stack
Virtual Chassis Stacking summary information

ID   Pending ID  MAC address        Priority  Status  Role
1    -           84e3.2787.0ac0     128       Ready   Backup Member
2    -           -                  -         -       Provisioned
3    -           84e3.2787.0740     128       Ready   Backup Member
4    -           84e3.2787.09c0     128       Ready   Active Master

Operational Status                 Normal operation
Stack MAC address                  0000.cd37.0d6f (Virtual MAC)
=== 1790730472.114 14:07:52 >>> show mrp ring
Media Redundancy Protocol - Ring Information
MRP Ring 1
 Domain ID:                           ffffffff-ffff-ffff-ffff-ffffffffffff
 Domain Name:                         
 Ring Status:                         Enabled
 Running State:                       Running
 Role:                                Manager
 Network Status:                      Closed
 Port1:                               port1.0.13
  Status:                             Forwarding
 Port2:                               port4.0.26
  Status:                             Blocking
 Vlan ID:
 React on Link Change:                No
 Profile:                             200ms
  Topology Change Interval:           10ms
  Topology Change Count:              3
  Short Test Frame Interval:          10ms
  Default Test Frame Interval:        20ms
  Test Monitoring Interval Count:     3
  Test Monitoring Ext Interval Count: 3
  Non-blocking MRC Supported:         No
  Blocked port state supported:       Yes
=== 1790730473.266 14:07:53 >>> show clock
UTC Time:   Wed, 30 Sep 2026 01:08:34 +0000
Timezone: UTC
Timezone Offset: +00:00
Summer time zone: None
=== 1790730474.418 14:07:54 >>> show stack
Virtual Chassis Stacking summary information

ID   Pending ID  MAC address        Priority  Status  Role
1    -           84e3.2787.0ac0     128       Ready   Backup Member
2    -           -                  -         -       Provisioned
3    -           84e3.2787.0740     128       Ready   Backup Member
4    -           84e3.2787.09c0     128       Ready   Active Master

Operational Status                 Normal operation
Stack MAC address                  0000.cd37.0d6f (Virtual MAC)
=== 1790730475.570 14:07:55 >>> show mrp ring
Media Redundancy Protocol - Ring Information
MRP Ring 1
 Domain ID:                           ffffffff-ffff-ffff-ffff-ffffffffffff
 Domain Name:                         
 Ring Status:                         Enabled
 Running State:                       Running
 Role:                                Manager
 Network Status:                      Closed
 Port1:                               port1.0.13
  Status:                             Forwarding
 Port2:                               port4.0.26
  Status:                             Blocking
 Vlan ID:
 React on Link Change:                No
 Profile:                             200ms
  Topology Change Interval:           10ms
  Topology Change Count:              3
  Short Test Frame Interval:          10ms
  Default Test Frame Interval:        20ms
  Test Monitoring Interval Count:     3
  Test Monitoring Ext Interval Count: 3
  Non-blocking MRC Supported:         No
  Blocked port state supported:       Yes
=== 1790730476.721 14:07:56 >>> show clock
UTC Time:   Wed, 30 Sep 2026 01:08:38 +0000
Timezone: UTC
Timezone Offset: +00:00
Summer time zone: None
=== 1790730477.873 14:07:57 >>> show stack
Virtual Chassis Stacking summary information

ID   Pending ID  MAC address        Priority  Status  Role
1    -           84e3.2787.0ac0     128       Ready   Backup Member
2    -           -                  -         -       Provisioned
3    -           84e3.2787.0740     128       Ready   Backup Member
4    -           84e3.2787.09c0     128       Ready   Active Master

Operational Status                 Normal operation
Stack MAC address                  0000.cd37.0d6f (Virtual MAC)
=== 1790730479.025 14:07:59 >>> show mrp ring
Media Redundancy Protocol - Ring Information
MRP Ring 1
 Domain ID:                           ffffffff-ffff-ffff-ffff-ffffffffffff
 Domain Name:                         
 Ring Status:                         Enabled
 Running State:                       Running
 Role:                                Manager
 Network Status:                      Closed
 Port1:                               port1.0.13
  Status:                             Forwarding
 Port2:                               port4.0.26
  Status:                             Blocking
 Vlan ID:
 React on Link Change:                No
 Profile:                             200ms
  Topology Change Interval:           10ms
  Topology Change Count:              3
  Short Test Frame Interval:          10ms
  Default Test Frame Interval:        20ms
  Test Monitoring Interval Count:     3
  Test Monitoring Ext Interval Count: 3
  Non-blocking MRC Supported:         No
  Blocked port state supported:       Yes
=== 1790730480.177 14:08:00 >>> show clock
UTC Time:   Wed, 30 Sep 2026 01:08:41 +0000
Timezone: UTC
Timezone Offset: +00:00
Summer time zone: None
=== 1790730481.329 14:08:01 >>> show stack
Virtual Chassis Stacking summary information

ID   Pending ID  MAC address        Priority  Status  Role
1    -           84e3.2787.0ac0     128       Ready   Backup Member
2    -           -                  -         -       Provisioned
3    -           84e3.2787.0740     128       Ready   Backup Member
4    -           84e3.2787.09c0     128       Ready   Active Master

Operational Status                 Normal operation
Stack MAC address                  0000.cd37.0d6f (Virtual MAC)
=== 1790730482.481 14:08:02 >>> show mrp ring
Media Redundancy Protocol - Ring Information
MRP Ring 1
 Domain ID:                           ffffffff-ffff-ffff-ffff-ffffffffffff
 Domain Name:                         
 Ring Status:                         Enabled
 Running State:                       Running
 Role:                                Manager
 Network Status:                      Closed
 Port1:                               port1.0.13
  Status:                             Forwarding
 Port2:                               port4.0.26
  Status:                             Blocking
 Vlan ID:
 React on Link Change:                No
 Profile:                             200ms
  Topology Change Interval:           10ms
  Topology Change Count:              3
  Short Test Frame Interval:          10ms
  Default Test Frame Interval:        20ms
  Test Monitoring Interval Count:     3
  Test Monitoring Ext Interval Count: 3
  Non-blocking MRC Supported:         No
  Blocked port state supported:       Yes
=== 1790730483.633 14:08:03 >>> show clock
UTC Time:   Wed, 30 Sep 2026 01:08:45 +0000
Timezone: UTC
Timezone Offset: +00:00
Summer time zone: None
=== 1790730484.784 14:08:04 >>> show stack
Virtual Chassis Stacking summary information

ID   Pending ID  MAC address        Priority  Status  Role
1    -           84e3.2787.0ac0     128       Ready   Backup Member
2    -           -                  -         -       Provisioned
3    -           84e3.2787.0740     128       Ready   Backup Member
4    -           84e3.2787.09c0     128       Ready   Active Master

Operational Status                 Normal operation
Stack MAC address                  0000.cd37.0d6f (Virtual MAC)
=== 1790730485.936 14:08:05 >>> show mrp ring
Media Redundancy Protocol - Ring Information
MRP Ring 1
 Domain ID:                           ffffffff-ffff-ffff-ffff-ffffffffffff
 Domain Name:                         
 Ring Status:                         Enabled
 Running State:                       Running
 Role:                                Manager
 Network Status:                      Closed
 Port1:                               port1.0.13
  Status:                             Forwarding
 Port2:                               port4.0.26
  Status:                             Blocking
 Vlan ID:
 React on Link Change:                No
 Profile:                             200ms
  Topology Change Interval:           10ms
  Topology Change Count:              3
  Short Test Frame Interval:          10ms
  Default Test Frame Interval:        20ms
  Test Monitoring Interval Count:     3
  Test Monitoring Ext Interval Count: 3
  Non-blocking MRC Supported:         No
  Blocked port state supported:       Yes
