1790730565.608 14:09:25 login ok
=== 1790730566.760 14:09:26 >>> show clock
UTC Time:   Wed, 30 Sep 2026 01:10:08 +0000
Timezone: UTC
Timezone Offset: +00:00
Summer time zone: None
=== 1790730567.912 14:09:27 >>> show stack
Virtual Chassis Stacking summary information

ID   Pending ID  MAC address        Priority  Status  Role
1    -           84e3.2787.0ac0     128       Ready   Backup Member
2    -           -                  -         -       Provisioned
3    -           84e3.2787.0740     128       Ready   Backup Member
4    -           84e3.2787.09c0     128       Ready   Active Master

Operational Status                 Normal operation
Stack MAC address                  0000.cd37.0d6f (Virtual MAC)
=== 1790730569.064 14:09:29 >>> show mrp ring
Media Redundancy Protocol - Ring Information
MRP Ring 1
 Domain ID:                           ffffffff-ffff-ffff-ffff-ffffffffffff
 Domain Name:                         
 Ring Status:                         Enabled
 Running State:                       Running
 Role:                                Manager
 Network Status:                      Closed
 Port1:                               port1.0.13
  Status:                             Forwarding
 Port2:                               port4.0.26
  Status:                             Blocking
 Vlan ID:
 React on Link Change:                No
 Profile:                             200ms
  Topology Change Interval:           10ms
  Topology Change Count:              3
  Short Test Frame Interval:          10ms
  Default Test Frame Interval:        20ms
  Test Monitoring Interval Count:     3
  Test Monitoring Ext Interval Count: 3
  Non-blocking MRC Supported:         No
  Blocked port state supported:       Yes
=== 1790730570.216 14:09:30 >>> show clock
UTC Time:   Wed, 30 Sep 2026 01:10:11 +0000
Timezone: UTC
Timezone Offset: +00:00
Summer time zone: None
=== 1790730571.368 14:09:31 >>> show stack
Virtual Chassis Stacking summary information

ID   Pending ID  MAC address        Priority  Status  Role
1    -           84e3.2787.0ac0     128       Ready   Backup Member
2    -           -                  -         -       Provisioned
3    -           84e3.2787.0740     128       Ready   Backup Member
4    -           84e3.2787.09c0     128       Ready   Active Master

Operational Status                 Normal operation
Stack MAC address                  0000.cd37.0d6f (Virtual MAC)
=== 1790730572.520 14:09:32 >>> show mrp ring
Media Redundancy Protocol - Ring Information
MRP Ring 1
 Domain ID:                           ffffffff-ffff-ffff-ffff-ffffffffffff
 Domain Name:                         
 Ring Status:                         Enabled
 Running State:                       Running
 Role:                                Manager
 Network Status:                      Closed
 Port1:                               port1.0.13
  Status:                             Forwarding
 Port2:                               port4.0.26
  Status:                             Blocking
 Vlan ID:
 React on Link Change:                No
 Profile:                             200ms
  Topology Change Interval:           10ms
  Topology Change Count:              3
  Short Test Frame Interval:          10ms
  Default Test Frame Interval:        20ms
  Test Monitoring Interval Count:     3
  Test Monitoring Ext Interval Count: 3
  Non-blocking MRC Supported:         No
  Blocked port state supported:       Yes
=== 1790730573.672 14:09:33 >>> show clock
UTC Time:   Wed, 30 Sep 2026 01:10:15 +0000
Timezone: UTC
Timezone Offset: +00:00
Summer time zone: None
=== 1790730574.823 14:09:34 >>> show stack
Virtual Chassis Stacking summary information

ID   Pending ID  MAC address        Priority  Status  Role
1    -           84e3.2787.0ac0     128       Ready   Backup Member
2    -           -                  -         -       Provisioned
3    -           84e3.2787.0740     128       Ready   Backup Member
4    -           84e3.2787.09c0     128       Ready   Active Master

Operational Status                 Normal operation
Stack MAC address                  0000.cd37.0d6f (Virtual MAC)
=== 1790730575.975 14:09:35 >>> show mrp ring
Media Redundancy Protocol - Ring Information
MRP Ring 1
 Domain ID:                           ffffffff-ffff-ffff-ffff-ffffffffffff
 Domain Name:                         
 Ring Status:                         Enabled
 Running State:                       Running
 Role:                                Manager
 Network Status:                      Closed
 Port1:                               port1.0.13
  Status:                             Forwarding
 Port2:                               port4.0.26
  Status:                             Blocking
 Vlan ID:
 React on Link Change:                No
 Profile:                             200ms
  Topology Change Interval:           10ms
  Topology Change Count:              3
  Short Test Frame Interval:          10ms
  Default Test Frame Interval:        20ms
  Test Monitoring Interval Count:     3
  Test Monitoring Ext Interval Count: 3
  Non-blocking MRC Supported:         No
  Blocked port state supported:       Yes
=== 1790730577.127 14:09:37 >>> show clock
UTC Time:   Wed, 30 Sep 2026 01:10:18 +0000
Timezone: UTC
Timezone Offset: +00:00
Summer time zone: None
=== 1790730578.279 14:09:38 >>> show stack
Virtual Chassis Stacking summary information

ID   Pending ID  MAC address        Priority  Status  Role
1    -           84e3.2787.0ac0     128       Ready   Backup Member
2    -           -                  -         -       Provisioned
3    -           84e3.2787.0740     128       Ready   Backup Member
4    -           84e3.2787.09c0     128       Ready   Active Master

Operational Status                 Normal operation
Stack MAC address                  0000.cd37.0d6f (Virtual MAC)
=== 1790730579.431 14:09:39 >>> show mrp ring
Media Redundancy Protocol - Ring Information
MRP Ring 1
 Domain ID:                           ffffffff-ffff-ffff-ffff-ffffffffffff
 Domain Name:                         
 Ring Status:                         Enabled
 Running State:                       Running
 Role:                                Manager
 Network Status:                      Closed
 Port1:                               port1.0.13
  Status:                             Forwarding
 Port2:                               port4.0.26
  Status:                             Blocking
 Vlan ID:
 React on Link Change:                No
 Profile:                             200ms
  Topology Change Interval:           10ms
  Topology Change Count:              3
  Short Test Frame Interval:          10ms
  Default Test Frame Interval:        20ms
  Test Monitoring Interval Count:     3
  Test Monitoring Ext Interval Count: 3
  Non-blocking MRC Supported:         No
  Blocked port state supported:       Yes
=== 1790730580.583 14:09:40 >>> show clock
UTC Time:   Wed, 30 Sep 2026 01:10:22 +0000
Timezone: UTC
Timezone Offset: +00:00
Summer time zone: None
=== 1790730581.734 14:09:41 >>> show stack
Virtual Chassis Stacking summary information

ID   Pending ID  MAC address        Priority  Status  Role
1    -           84e3.2787.0ac0     128       Ready   Backup Member
2    -           -                  -         -       Provisioned
3    -           84e3.2787.0740     128       Ready   Backup Member
4    -           84e3.2787.09c0     128       Ready   Active Master

Operational Status                 Normal operation
Stack MAC address                  0000.cd37.0d6f (Virtual MAC)
=== 1790730582.886 14:09:42 >>> show mrp ring
Media Redundancy Protocol - Ring Information
MRP Ring 1
 Domain ID:                           ffffffff-ffff-ffff-ffff-ffffffffffff
 Domain Name:                         
 Ring Status:                         Enabled
 Running State:                       Running
 Role:                                Manager
 Network Status:                      Closed
 Port1:                               port1.0.13
  Status:                             Forwarding
 Port2:                               port4.0.26
  Status:                             Blocking
 Vlan ID:
 React on Link Change:                No
 Profile:                             200ms
  Topology Change Interval:           10ms
  Topology Change Count:              3
  Short Test Frame Interval:          10ms
  Default Test Frame Interval:        20ms
  Test Monitoring Interval Count:     3
  Test Monitoring Ext Interval Count: 3
  Non-blocking MRC Supported:         No
  Blocked port state supported:       Yes
=== 1790730584.038 14:09:44 >>> show clock
UTC Time:   Wed, 30 Sep 2026 01:10:25 +0000
Timezone: UTC
Timezone Offset: +00:00
Summer time zone: None
=== 1790730585.190 14:09:45 >>> show stack
Virtual Chassis Stacking summary information

ID   Pending ID  MAC address        Priority  Status  Role
1    -           84e3.2787.0ac0     128       Ready   Backup Member
2    -           -                  -         -       Provisioned
3    -           84e3.2787.0740     128       Ready   Backup Member
4    -           84e3.2787.09c0     128       Ready   Active Master

Operational Status                 Normal operation
Stack MAC address                  0000.cd37.0d6f (Virtual MAC)
=== 1790730586.342 14:09:46 >>> show mrp ring
Media Redundancy Protocol - Ring Information
MRP Ring 1
 Domain ID:                           ffffffff-ffff-ffff-ffff-ffffffffffff
 Domain Name:                         
 Ring Status:                         Enabled
 Running State:                       Running
 Role:                                Manager
 Network Status:                      Closed
 Port1:                               port1.0.13
  Status:                             Forwarding
 Port2:                               port4.0.26
  Status:                             Blocking
 Vlan ID:
 React on Link Change:                No
 Profile:                             200ms
  Topology Change Interval:           10ms
  Topology Change Count:              3
  Short Test Frame Interval:          10ms
  Default Test Frame Interval:        20ms
  Test Monitoring Interval Count:     3
  Test Monitoring Ext Interval Count: 3
  Non-blocking MRC Supported:         No
  Blocked port state supported:       Yes
=== 1790730587.494 14:09:47 >>> show clock
UTC Time:   Wed, 30 Sep 2026 01:10:29 +0000
Timezone: UTC
Timezone Offset: +00:00
Summer time zone: None
=== 1790730588.645 14:09:48 >>> show stack
Virtual Chassis Stacking summary information

ID   Pending ID  MAC address        Priority  Status  Role
1    -           84e3.2787.0ac0     128       Ready   Backup Member
2    -           -                  -         -       Provisioned
3    -           84e3.2787.0740     128       Ready   Backup Member
4    -           84e3.2787.09c0     128       Ready   Active Master

Operational Status                 Normal operation
Stack MAC address                  0000.cd37.0d6f (Virtual MAC)
=== 1790730589.797 14:09:49 >>> show mrp ring
Media Redundancy Protocol - Ring Information
MRP Ring 1
 Domain ID:                           ffffffff-ffff-ffff-ffff-ffffffffffff
 Domain Name:                         
 Ring Status:                         Enabled
 Running State:                       Running
 Role:                                Manager
 Network Status:                      Closed
 Port1:                               port1.0.13
  Status:                             Forwarding
 Port2:                               port4.0.26
  Status:                             Blocking
 Vlan ID:
 React on Link Change:                No
 Profile:                             200ms
  Topology Change Interval:           10ms
  Topology Change Count:              3
  Short Test Frame Interval:          10ms
  Default Test Frame Interval:        20ms
  Test Monitoring Interval Count:     3
  Test Monitoring Ext Interval Count: 3
  Non-blocking MRC Supported:         No
  Blocked port state supported:       Yes
=== 1790730590.949 14:09:50 >>> show clock
UTC Time:   Wed, 30 Sep 2026 01:10:32 +0000
Timezone: UTC
Timezone Offset: +00:00
Summer time zone: None
=== 1790730592.101 14:09:52 >>> show stack
Virtual Chassis Stacking summary information

ID   Pending ID  MAC address        Priority  Status  Role
1    -           84e3.2787.0ac0     128       Ready   Backup Member
2    -           -                  -         -       Provisioned
3    -           84e3.2787.0740     128       Ready   Backup Member
4    -           84e3.2787.09c0     128       Ready   Active Master

Operational Status                 Normal operation
Stack MAC address                  0000.cd37.0d6f (Virtual MAC)
=== 1790730593.253 14:09:53 >>> show mrp ring
Media Redundancy Protocol - Ring Information
MRP Ring 1
 Domain ID:                           ffffffff-ffff-ffff-ffff-ffffffffffff
 Domain Name:                         
 Ring Status:                         Enabled
 Running State:                       Running
 Role:                                Manager
 Network Status:                      Closed
 Port1:                               port1.0.13
  Status:                             Forwarding
 Port2:                               port4.0.26
  Status:                             Blocking
 Vlan ID:
 React on Link Change:                No
 Profile:                             200ms
  Topology Change Interval:           10ms
  Topology Change Count:              3
  Short Test Frame Interval:          10ms
  Default Test Frame Interval:        20ms
  Test Monitoring Interval Count:     3
  Test Monitoring Ext Interval Count: 3
  Non-blocking MRC Supported:         No
  Blocked port state supported:       Yes
=== 1790730594.404 14:09:54 >>> show clock
UTC Time:   Wed, 30 Sep 2026 01:10:36 +0000
Timezone: UTC
Timezone Offset: +00:00
Summer time zone: None
=== 1790730595.556 14:09:55 >>> show stack
Virtual Chassis Stacking summary information

ID   Pending ID  MAC address        Priority  Status  Role
1    -           84e3.2787.0ac0     128       Ready   Backup Member
2    -           -                  -         -       Provisioned
3    -           84e3.2787.0740     128       Ready   Backup Member
4    -           84e3.2787.09c0     128       Ready   Active Master

Operational Status                 Normal operation
Stack MAC address                  0000.cd37.0d6f (Virtual MAC)
=== 1790730599.561 14:09:59 >>> show mrp ring
Media Redundancy Protocol - Ring Information
MRP Ring 1
 Domain ID:                           ffffffff-ffff-ffff-ffff-ffffffffffff
 Domain Name:                         
 Ring Status:                         Enabled
 Running State:                       Running
 Role:                                Manager
 Network Status:                      Closed
 Port1:                               port1.0.13
  Status:                             Forwarding
 Port2:                               port4.0.26
  Status:                             Blocking
 Vlan ID:
 React on Link Change:                No
 Profile:                             200ms
  Topology Change Interval:           10ms
  Topology Change Count:              3
  Short Test Frame Interval:          10ms
  Default Test Frame Interval:        20ms
  Test Monitoring Interval Count:     3
  Test Monitoring Ext Interval Count: 3
  Non-blocking MRC Supported:         No
  Blocked port state supported:       Yes

IE520-stk#switch: port 59(port4.0.1) entered disabled state
switch: port 60(port4.0.2) entered disabled state
switch: port 61(port4.0.3) entered disabled state
Read from remote host node-4: Software caused connection abort
switch: port 62(port4.0.4) entered disabled state
switch: port 63(port4.0.5) entered disabled state
switch: port 64(port4.0.6) entered disabled state
switch: port 65(port4.0.7) entered disabled state
switch: port 66(port4.0.8) entered disabled state
switch: port 1(port3.0.27) entered disabled state
switch: port 67(port4.0.9) entered disabled state
switch: port 68(port4.0.10) entered disabled state
switch: port 69(port4.0.11) entered disabled state
switch: port 70(port4.0.12) entered disabled state
switch: port 71(port4.0.13) entered disabled state
switch: port 72(port4.0.14) entered disabled state
switch: port 73(port4.0.15) entered disabled state
switch: port 74(port4.0.16) entered disabled state
switch: port 75(port4.0.17) entered disabled state
switch: port 76(port4.0.18) entered disabled state
switch: port 77(port4.0.19) entered disabled state
[m
switch: port 78(port4.0.20) entered disabled state
01:10:38 IE520-stk-3 VCS[688]: Member 3 (84e3.2787.0740) has become the Active Master
switch: port 79(port4.0.21) entered disabled state
switch: port 80(port4.0.22) entered disabled state
switch: port 81(port4.0.23) entered disabled state
01:10:38 IE520-stk-3 VCS[688]: Stack Virtual MAC is 0000.cd37.0d6f
01:10:38 IE520-stk-3 VCS[688]: Member 4 (84e3.2787.09c0) has left the stack
switch: port 82(port4.0.24) entered disabled state
switch: port 83(port4.0.25) entered disabled state
switch: port 84(port4.0.26) entered disabled state
switch: port 57(port4.0.27) entered disabled state
switch: port 58(port4.0.28) entered disabled state


IE520-stk login:
1790730599.561 14:09:59 SESSION LOST
1790730622.793 14:10:22 login ok
=== 1790730623.945 14:10:23 >>> show clock
UTC Time:   Wed, 30 Sep 2026 01:11:05 +0000
Timezone: UTC
Timezone Offset: +00:00
Summer time zone: None
=== 1790730625.097 14:10:25 >>> show stack
Virtual Chassis Stacking summary information

ID   Pending ID  MAC address        Priority  Status  Role
1    -           84e3.2787.0ac0     128       Ready   Backup Member
2    -           -                  -         -       Provisioned
3    -           84e3.2787.0740     128       Ready   Active Master
4    -           -                  -         -       Provisioned

Operational Status                 Not all stack ports are up
Stack MAC address                  0000.cd37.0d6f (Virtual MAC)
=== 1790730626.248 14:10:26 >>> show mrp ring
Media Redundancy Protocol - Ring Information
MRP Ring 1
 Domain ID:                           ffffffff-ffff-ffff-ffff-ffffffffffff
 Domain Name:                         
 Ring Status:                         Enabled
 Running State:                       Running
 Role:                                Manager
 Network Status:                      Open
 Port1:                               port1.0.13
  Status:                             Forwarding
 Port2:                               port4.0.26
  Status:                             Blocking
 Vlan ID:
 React on Link Change:                No
 Profile:                             200ms
  Topology Change Interval:           10ms
  Topology Change Count:              3
  Short Test Frame Interval:          10ms
  Default Test Frame Interval:        20ms
  Test Monitoring Interval Count:     3
  Test Monitoring Ext Interval Count: 3
  Non-blocking MRC Supported:         No
  Blocked port state supported:       Yes
=== 1790730627.400 14:10:27 >>> show clock
UTC Time:   Wed, 30 Sep 2026 01:11:08 +0000
Timezone: UTC
Timezone Offset: +00:00
Summer time zone: None
=== 1790730628.552 14:10:28 >>> show stack
Virtual Chassis Stacking summary information

ID   Pending ID  MAC address        Priority  Status  Role
1    -           84e3.2787.0ac0     128       Ready   Backup Member
2    -           -                  -         -       Provisioned
3    -           84e3.2787.0740     128       Ready   Active Master
4    -           -                  -         -       Provisioned

Operational Status                 Not all stack ports are up
Stack MAC address                  0000.cd37.0d6f (Virtual MAC)
=== 1790730629.704 14:10:29 >>> show mrp ring
Media Redundancy Protocol - Ring Information
MRP Ring 1
 Domain ID:                           ffffffff-ffff-ffff-ffff-ffffffffffff
 Domain Name:                         
 Ring Status:                         Enabled
 Running State:                       Running
 Role:                                Manager
 Network Status:                      Open
 Port1:                               port1.0.13
  Status:                             Forwarding
 Port2:                               port4.0.26
  Status:                             Blocking
 Vlan ID:
 React on Link Change:                No
 Profile:                             200ms
  Topology Change Interval:           10ms
  Topology Change Count:              3
  Short Test Frame Interval:          10ms
  Default Test Frame Interval:        20ms
  Test Monitoring Interval Count:     3
  Test Monitoring Ext Interval Count: 3
  Non-blocking MRC Supported:         No
  Blocked port state supported:       Yes
=== 1790730630.856 14:10:30 >>> show clock
UTC Time:   Wed, 30 Sep 2026 01:11:12 +0000
Timezone: UTC
Timezone Offset: +00:00
Summer time zone: None
=== 1790730632.007 14:10:32 >>> show stack
Virtual Chassis Stacking summary information

ID   Pending ID  MAC address        Priority  Status  Role
1    -           84e3.2787.0ac0     128       Ready   Backup Member
2    -           -                  -         -       Provisioned
3    -           84e3.2787.0740     128       Ready   Active Master
4    -           -                  -         -       Provisioned

Operational Status                 Not all stack ports are up
Stack MAC address                  0000.cd37.0d6f (Virtual MAC)
=== 1790730633.159 14:10:33 >>> show mrp ring
Media Redundancy Protocol - Ring Information
MRP Ring 1
 Domain ID:                           ffffffff-ffff-ffff-ffff-ffffffffffff
 Domain Name:                         
 Ring Status:                         Enabled
 Running State:                       Running
 Role:                                Manager
 Network Status:                      Open
 Port1:                               port1.0.13
  Status:                             Forwarding
 Port2:                               port4.0.26
  Status:                             Blocking
 Vlan ID:
 React on Link Change:                No
 Profile:                             200ms
  Topology Change Interval:           10ms
  Topology Change Count:              3
  Short Test Frame Interval:          10ms
  Default Test Frame Interval:        20ms
  Test Monitoring Interval Count:     3
  Test Monitoring Ext Interval Count: 3
  Non-blocking MRC Supported:         No
  Blocked port state supported:       Yes
=== 1790730634.311 14:10:34 >>> show clock
UTC Time:   Wed, 30 Sep 2026 01:11:15 +0000
Timezone: UTC
Timezone Offset: +00:00
Summer time zone: None
=== 1790730635.463 14:10:35 >>> show stack
Virtual Chassis Stacking summary information

ID   Pending ID  MAC address        Priority  Status  Role
1    -           84e3.2787.0ac0     128       Ready   Backup Member
2    -           -                  -         -       Provisioned
3    -           84e3.2787.0740     128       Ready   Active Master
4    -           -                  -         -       Provisioned

Operational Status                 Not all stack ports are up
Stack MAC address                  0000.cd37.0d6f (Virtual MAC)
=== 1790730636.615 14:10:36 >>> show mrp ring
Media Redundancy Protocol - Ring Information
MRP Ring 1
 Domain ID:                           ffffffff-ffff-ffff-ffff-ffffffffffff
 Domain Name:                         
 Ring Status:                         Enabled
 Running State:                       Running
 Role:                                Manager
 Network Status:                      Open
 Port1:                               port1.0.13
  Status:                             Forwarding
 Port2:                               port4.0.26
  Status:                             Blocking
 Vlan ID:
 React on Link Change:                No
 Profile:                             200ms
  Topology Change Interval:           10ms
  Topology Change Count:              3
  Short Test Frame Interval:          10ms
  Default Test Frame Interval:        20ms
  Test Monitoring Interval Count:     3
  Test Monitoring Ext Interval Count: 3
  Non-blocking MRC Supported:         No
  Blocked port state supported:       Yes
=== 1790730637.766 14:10:37 >>> show clock
UTC Time:   Wed, 30 Sep 2026 01:11:19 +0000
Timezone: UTC
Timezone Offset: +00:00
Summer time zone: None
=== 1790730638.918 14:10:38 >>> show stack
Virtual Chassis Stacking summary information

ID   Pending ID  MAC address        Priority  Status  Role
1    -           84e3.2787.0ac0     128       Ready   Backup Member
2    -           -                  -         -       Provisioned
3    -           84e3.2787.0740     128       Ready   Active Master
4    -           -                  -         -       Provisioned

Operational Status                 Not all stack ports are up
Stack MAC address                  0000.cd37.0d6f (Virtual MAC)
=== 1790730640.070 14:10:40 >>> show mrp ring
Media Redundancy Protocol - Ring Information
MRP Ring 1
 Domain ID:                           ffffffff-ffff-ffff-ffff-ffffffffffff
 Domain Name:                         
 Ring Status:                         Enabled
 Running State:                       Running
 Role:                                Manager
 Network Status:                      Open
 Port1:                               port1.0.13
  Status:                             Forwarding
 Port2:                               port4.0.26
  Status:                             Blocking
 Vlan ID:
 React on Link Change:                No
 Profile:                             200ms
  Topology Change Interval:           10ms
  Topology Change Count:              3
  Short Test Frame Interval:          10ms
  Default Test Frame Interval:        20ms
  Test Monitoring Interval Count:     3
  Test Monitoring Ext Interval Count: 3
  Non-blocking MRC Supported:         No
  Blocked port state supported:       Yes
=== 1790730641.222 14:10:41 >>> show clock
UTC Time:   Wed, 30 Sep 2026 01:11:22 +0000
Timezone: UTC
Timezone Offset: +00:00
Summer time zone: None
=== 1790730642.374 14:10:42 >>> show stack
Virtual Chassis Stacking summary information

ID   Pending ID  MAC address        Priority  Status  Role
1    -           84e3.2787.0ac0     128       Ready   Backup Member
2    -           -                  -         -       Provisioned
3    -           84e3.2787.0740     128       Ready   Active Master
4    -           -                  -         -       Provisioned

Operational Status                 Not all stack ports are up
Stack MAC address                  0000.cd37.0d6f (Virtual MAC)
=== 1790730643.526 14:10:43 >>> show mrp ring
Media Redundancy Protocol - Ring Information
MRP Ring 1
 Domain ID:                           ffffffff-ffff-ffff-ffff-ffffffffffff
 Domain Name:                         
 Ring Status:                         Enabled
 Running State:                       Running
 Role:                                Manager
 Network Status:                      Open
 Port1:                               port1.0.13
  Status:                             Forwarding
 Port2:                               port4.0.26
  Status:                             Blocking
 Vlan ID:
 React on Link Change:                No
 Profile:                             200ms
  Topology Change Interval:           10ms
  Topology Change Count:              3
  Short Test Frame Interval:          10ms
  Default Test Frame Interval:        20ms
  Test Monitoring Interval Count:     3
  Test Monitoring Ext Interval Count: 3
  Non-blocking MRC Supported:         No
  Blocked port state supported:       Yes
=== 1790730644.678 14:10:44 >>> show clock
UTC Time:   Wed, 30 Sep 2026 01:11:26 +0000
Timezone: UTC
Timezone Offset: +00:00
Summer time zone: None
=== 1790730645.829 14:10:45 >>> show stack
Virtual Chassis Stacking summary information

ID   Pending ID  MAC address        Priority  Status  Role
1    -           84e3.2787.0ac0     128       Ready   Backup Member
2    -           -                  -         -       Provisioned
3    -           84e3.2787.0740     128       Ready   Active Master
4    -           -                  -         -       Provisioned

Operational Status                 Not all stack ports are up
Stack MAC address                  0000.cd37.0d6f (Virtual MAC)
=== 1790730646.981 14:10:46 >>> show mrp ring
Media Redundancy Protocol - Ring Information
MRP Ring 1
 Domain ID:                           ffffffff-ffff-ffff-ffff-ffffffffffff
 Domain Name:                         
 Ring Status:                         Enabled
 Running State:                       Running
 Role:                                Manager
 Network Status:                      Open
 Port1:                               port1.0.13
  Status:                             Forwarding
 Port2:                               port4.0.26
  Status:                             Blocking
 Vlan ID:
 React on Link Change:                No
 Profile:                             200ms
  Topology Change Interval:           10ms
  Topology Change Count:              3
  Short Test Frame Interval:          10ms
  Default Test Frame Interval:        20ms
  Test Monitoring Interval Count:     3
  Test Monitoring Ext Interval Count: 3
  Non-blocking MRC Supported:         No
  Blocked port state supported:       Yes
=== 1790730648.133 14:10:48 >>> show clock
UTC Time:   Wed, 30 Sep 2026 01:11:29 +0000
Timezone: UTC
Timezone Offset: +00:00
Summer time zone: None
=== 1790730649.285 14:10:49 >>> show stack
Virtual Chassis Stacking summary information

ID   Pending ID  MAC address        Priority  Status  Role
1    -           84e3.2787.0ac0     128       Ready   Backup Member
2    -           -                  -         -       Provisioned
3    -           84e3.2787.0740     128       Ready   Active Master
4    -           -                  -         -       Provisioned

Operational Status                 Not all stack ports are up
Stack MAC address                  0000.cd37.0d6f (Virtual MAC)
=== 1790730650.437 14:10:50 >>> show mrp ring
Media Redundancy Protocol - Ring Information
MRP Ring 1
 Domain ID:                           ffffffff-ffff-ffff-ffff-ffffffffffff
 Domain Name:                         
 Ring Status:                         Enabled
 Running State:                       Running
 Role:                                Manager
 Network Status:                      Open
 Port1:                               port1.0.13
  Status:                             Forwarding
 Port2:                               port4.0.26
  Status:                             Blocking
 Vlan ID:
 React on Link Change:                No
 Profile:                             200ms
  Topology Change Interval:           10ms
  Topology Change Count:              3
  Short Test Frame Interval:          10ms
  Default Test Frame Interval:        20ms
  Test Monitoring Interval Count:     3
  Test Monitoring Ext Interval Count: 3
  Non-blocking MRC Supported:         No
  Blocked port state supported:       Yes
=== 1790730651.588 14:10:51 >>> show clock
UTC Time:   Wed, 30 Sep 2026 01:11:33 +0000
Timezone: UTC
Timezone Offset: +00:00
Summer time zone: None
=== 1790730652.740 14:10:52 >>> show stack
Virtual Chassis Stacking summary information

ID   Pending ID  MAC address        Priority  Status  Role
1    -           84e3.2787.0ac0     128       Ready   Backup Member
2    -           -                  -         -       Provisioned
3    -           84e3.2787.0740     128       Ready   Active Master
4    -           -                  -         -       Provisioned

Operational Status                 Not all stack ports are up
Stack MAC address                  0000.cd37.0d6f (Virtual MAC)
=== 1790730653.892 14:10:53 >>> show mrp ring
Media Redundancy Protocol - Ring Information
MRP Ring 1
 Domain ID:                           ffffffff-ffff-ffff-ffff-ffffffffffff
 Domain Name:                         
 Ring Status:                         Enabled
 Running State:                       Running
 Role:                                Manager
 Network Status:                      Open
 Port1:                               port1.0.13
  Status:                             Forwarding
 Port2:                               port4.0.26
  Status:                             Blocking
 Vlan ID:
 React on Link Change:                No
 Profile:                             200ms
  Topology Change Interval:           10ms
  Topology Change Count:              3
  Short Test Frame Interval:          10ms
  Default Test Frame Interval:        20ms
  Test Monitoring Interval Count:     3
  Test Monitoring Ext Interval Count: 3
  Non-blocking MRC Supported:         No
  Blocked port state supported:       Yes
=== 1790730655.044 14:10:55 >>> show clock
UTC Time:   Wed, 30 Sep 2026 01:11:36 +0000
Timezone: UTC
Timezone Offset: +00:00
Summer time zone: None
=== 1790730656.196 14:10:56 >>> show stack
Virtual Chassis Stacking summary information

ID   Pending ID  MAC address        Priority  Status  Role
1    -           84e3.2787.0ac0     128       Ready   Backup Member
2    -           -                  -         -       Provisioned
3    -           84e3.2787.0740     128       Ready   Active Master
4    -           -                  -         -       Provisioned

Operational Status                 Not all stack ports are up
Stack MAC address                  0000.cd37.0d6f (Virtual MAC)
=== 1790730657.348 14:10:57 >>> show mrp ring
Media Redundancy Protocol - Ring Information
MRP Ring 1
 Domain ID:                           ffffffff-ffff-ffff-ffff-ffffffffffff
 Domain Name:                         
 Ring Status:                         Enabled
 Running State:                       Running
 Role:                                Manager
 Network Status:                      Open
 Port1:                               port1.0.13
  Status:                             Forwarding
 Port2:                               port4.0.26
  Status:                             Blocking
 Vlan ID:
 React on Link Change:                No
 Profile:                             200ms
  Topology Change Interval:           10ms
  Topology Change Count:              3
  Short Test Frame Interval:          10ms
  Default Test Frame Interval:        20ms
  Test Monitoring Interval Count:     3
  Test Monitoring Ext Interval Count: 3
  Non-blocking MRC Supported:         No
  Blocked port state supported:       Yes
=== 1790730658.500 14:10:58 >>> show clock
UTC Time:   Wed, 30 Sep 2026 01:11:40 +0000
Timezone: UTC
Timezone Offset: +00:00
Summer time zone: None
=== 1790730659.651 14:10:59 >>> show stack
Virtual Chassis Stacking summary information

ID   Pending ID  MAC address        Priority  Status  Role
1    -           84e3.2787.0ac0     128       Ready   Backup Member
2    -           -                  -         -       Provisioned
3    -           84e3.2787.0740     128       Ready   Active Master
4    -           -                  -         -       Provisioned

Operational Status                 Not all stack ports are up
Stack MAC address                  0000.cd37.0d6f (Virtual MAC)
=== 1790730660.803 14:11:00 >>> show mrp ring
Media Redundancy Protocol - Ring Information
MRP Ring 1
 Domain ID:                           ffffffff-ffff-ffff-ffff-ffffffffffff
 Domain Name:                         
 Ring Status:                         Enabled
 Running State:                       Running
 Role:                                Manager
 Network Status:                      Open
 Port1:                               port1.0.13
  Status:                             Forwarding
 Port2:                               port4.0.26
  Status:                             Blocking
 Vlan ID:
 React on Link Change:                No
 Profile:                             200ms
  Topology Change Interval:           10ms
  Topology Change Count:              3
  Short Test Frame Interval:          10ms
  Default Test Frame Interval:        20ms
  Test Monitoring Interval Count:     3
  Test Monitoring Ext Interval Count: 3
  Non-blocking MRC Supported:         No
  Blocked port state supported:       Yes
=== 1790730661.955 14:11:01 >>> show clock
UTC Time:   Wed, 30 Sep 2026 01:11:43 +0000
Timezone: UTC
Timezone Offset: +00:00
Summer time zone: None
=== 1790730663.107 14:11:03 >>> show stack
Virtual Chassis Stacking summary information

ID   Pending ID  MAC address        Priority  Status  Role
1    -           84e3.2787.0ac0     128       Ready   Backup Member
2    -           -                  -         -       Provisioned
3    -           84e3.2787.0740     128       Ready   Active Master
4    -           -                  -         -       Provisioned

Operational Status                 Not all stack ports are up
Stack MAC address                  0000.cd37.0d6f (Virtual MAC)
=== 1790730664.259 14:11:04 >>> show mrp ring
Media Redundancy Protocol - Ring Information
MRP Ring 1
 Domain ID:                           ffffffff-ffff-ffff-ffff-ffffffffffff
 Domain Name:                         
 Ring Status:                         Enabled
 Running State:                       Running
 Role:                                Manager
 Network Status:                      Open
 Port1:                               port1.0.13
  Status:                             Forwarding
 Port2:                               port4.0.26
  Status:                             Blocking
 Vlan ID:
 React on Link Change:                No
 Profile:                             200ms
  Topology Change Interval:           10ms
  Topology Change Count:              3
  Short Test Frame Interval:          10ms
  Default Test Frame Interval:        20ms
  Test Monitoring Interval Count:     3
  Test Monitoring Ext Interval Count: 3
  Non-blocking MRC Supported:         No
  Blocked port state supported:       Yes
=== 1790730665.410 14:11:05 >>> show clock
UTC Time:   Wed, 30 Sep 2026 01:11:46 +0000
Timezone: UTC
Timezone Offset: +00:00
Summer time zone: None
=== 1790730666.562 14:11:06 >>> show stack
Virtual Chassis Stacking summary information

ID   Pending ID  MAC address        Priority  Status  Role
1    -           84e3.2787.0ac0     128       Ready   Backup Member
2    -           -                  -         -       Provisioned
3    -           84e3.2787.0740     128       Ready   Active Master
4    -           -                  -         -       Provisioned

Operational Status                 Not all stack ports are up
Stack MAC address                  0000.cd37.0d6f (Virtual MAC)
=== 1790730667.714 14:11:07 >>> show mrp ring
Media Redundancy Protocol - Ring Information
MRP Ring 1
 Domain ID:                           ffffffff-ffff-ffff-ffff-ffffffffffff
 Domain Name:                         
 Ring Status:                         Enabled
 Running State:                       Running
 Role:                                Manager
 Network Status:                      Open
 Port1:                               port1.0.13
  Status:                             Forwarding
 Port2:                               port4.0.26
  Status:                             Blocking
 Vlan ID:
 React on Link Change:                No
 Profile:                             200ms
  Topology Change Interval:           10ms
  Topology Change Count:              3
  Short Test Frame Interval:          10ms
  Default Test Frame Interval:        20ms
  Test Monitoring Interval Count:     3
  Test Monitoring Ext Interval Count: 3
  Non-blocking MRC Supported:         No
  Blocked port state supported:       Yes
=== 1790730668.866 14:11:08 >>> show clock
UTC Time:   Wed, 30 Sep 2026 01:11:50 +0000
Timezone: UTC
Timezone Offset: +00:00
Summer time zone: None
=== 1790730670.018 14:11:10 >>> show stack
Virtual Chassis Stacking summary information

ID   Pending ID  MAC address        Priority  Status  Role
1    -           84e3.2787.0ac0     128       Ready   Backup Member
2    -           -                  -         -       Provisioned
3    -           84e3.2787.0740     128       Ready   Active Master
4    -           -                  -         -       Provisioned

Operational Status                 Not all stack ports are up
Stack MAC address                  0000.cd37.0d6f (Virtual MAC)
=== 1790730671.170 14:11:11 >>> show mrp ring
Media Redundancy Protocol - Ring Information
MRP Ring 1
 Domain ID:                           ffffffff-ffff-ffff-ffff-ffffffffffff
 Domain Name:                         
 Ring Status:                         Enabled
 Running State:                       Running
 Role:                                Manager
 Network Status:                      Open
 Port1:                               port1.0.13
  Status:                             Forwarding
 Port2:                               port4.0.26
  Status:                             Blocking
 Vlan ID:
 React on Link Change:                No
 Profile:                             200ms
  Topology Change Interval:           10ms
  Topology Change Count:              3
  Short Test Frame Interval:          10ms
  Default Test Frame Interval:        20ms
  Test Monitoring Interval Count:     3
  Test Monitoring Ext Interval Count: 3
  Non-blocking MRC Supported:         No
  Blocked port state supported:       Yes
=== 1790730672.321 14:11:12 >>> show clock
UTC Time:   Wed, 30 Sep 2026 01:11:53 +0000
Timezone: UTC
Timezone Offset: +00:00
Summer time zone: None
=== 1790730673.473 14:11:13 >>> show stack
Virtual Chassis Stacking summary information

ID   Pending ID  MAC address        Priority  Status  Role
1    -           84e3.2787.0ac0     128       Ready   Backup Member
2    -           -                  -         -       Provisioned
3    -           84e3.2787.0740     128       Ready   Active Master
4    -           -                  -         -       Provisioned

Operational Status                 Not all stack ports are up
Stack MAC address                  0000.cd37.0d6f (Virtual MAC)
=== 1790730674.625 14:11:14 >>> show mrp ring
Media Redundancy Protocol - Ring Information
MRP Ring 1
 Domain ID:                           ffffffff-ffff-ffff-ffff-ffffffffffff
 Domain Name:                         
 Ring Status:                         Enabled
 Running State:                       Running
 Role:                                Manager
 Network Status:                      Open
 Port1:                               port1.0.13
  Status:                             Forwarding
 Port2:                               port4.0.26
  Status:                             Blocking
 Vlan ID:
 React on Link Change:                No
 Profile:                             200ms
  Topology Change Interval:           10ms
  Topology Change Count:              3
  Short Test Frame Interval:          10ms
  Default Test Frame Interval:        20ms
  Test Monitoring Interval Count:     3
  Test Monitoring Ext Interval Count: 3
  Non-blocking MRC Supported:         No
  Blocked port state supported:       Yes
=== 1790730675.777 14:11:15 >>> show clock
UTC Time:   Wed, 30 Sep 2026 01:11:57 +0000
Timezone: UTC
Timezone Offset: +00:00
Summer time zone: None
=== 1790730676.929 14:11:16 >>> show stack
Virtual Chassis Stacking summary information

ID   Pending ID  MAC address        Priority  Status  Role
1    -           84e3.2787.0ac0     128       Ready   Backup Member
2    -           -                  -         -       Provisioned
3    -           84e3.2787.0740     128       Ready   Active Master
4    -           -                  -         -       Provisioned

Operational Status                 Not all stack ports are up
Stack MAC address                  0000.cd37.0d6f (Virtual MAC)
=== 1790730678.081 14:11:18 >>> show mrp ring
Media Redundancy Protocol - Ring Information
MRP Ring 1
 Domain ID:                           ffffffff-ffff-ffff-ffff-ffffffffffff
 Domain Name:                         
 Ring Status:                         Enabled
 Running State:                       Running
 Role:                                Manager
 Network Status:                      Open
 Port1:                               port1.0.13
  Status:                             Forwarding
 Port2:                               port4.0.26
  Status:                             Blocking
 Vlan ID:
 React on Link Change:                No
 Profile:                             200ms
  Topology Change Interval:           10ms
  Topology Change Count:              3
  Short Test Frame Interval:          10ms
  Default Test Frame Interval:        20ms
  Test Monitoring Interval Count:     3
  Test Monitoring Ext Interval Count: 3
  Non-blocking MRC Supported:         No
  Blocked port state supported:       Yes
=== 1790730679.232 14:11:19 >>> show clock
UTC Time:   Wed, 30 Sep 2026 01:12:00 +0000
Timezone: UTC
Timezone Offset: +00:00
Summer time zone: None
=== 1790730680.384 14:11:20 >>> show stack
Virtual Chassis Stacking summary information

ID   Pending ID  MAC address        Priority  Status  Role
1    -           84e3.2787.0ac0     128       Ready   Backup Member
2    -           -                  -         -       Provisioned
3    -           84e3.2787.0740     128       Ready   Active Master
4    -           -                  -         -       Provisioned

Operational Status                 Not all stack ports are up
Stack MAC address                  0000.cd37.0d6f (Virtual MAC)
=== 1790730681.536 14:11:21 >>> show mrp ring
Media Redundancy Protocol - Ring Information
MRP Ring 1
 Domain ID:                           ffffffff-ffff-ffff-ffff-ffffffffffff
 Domain Name:                         
 Ring Status:                         Enabled
 Running State:                       Running
 Role:                                Manager
 Network Status:                      Open
 Port1:                               port1.0.13
  Status:                             Forwarding
 Port2:                               port4.0.26
  Status:                             Blocking
 Vlan ID:
 React on Link Change:                No
 Profile:                             200ms
  Topology Change Interval:           10ms
  Topology Change Count:              3
  Short Test Frame Interval:          10ms
  Default Test Frame Interval:        20ms
  Test Monitoring Interval Count:     3
  Test Monitoring Ext Interval Count: 3
  Non-blocking MRC Supported:         No
  Blocked port state supported:       Yes
=== 1790730682.688 14:11:22 >>> show clock
UTC Time:   Wed, 30 Sep 2026 01:12:04 +0000
Timezone: UTC
Timezone Offset: +00:00
Summer time zone: None
=== 1790730683.840 14:11:23 >>> show stack
Virtual Chassis Stacking summary information

ID   Pending ID  MAC address        Priority  Status  Role
1    -           84e3.2787.0ac0     128       Ready   Backup Member
2    -           -                  -         -       Provisioned
3    -           84e3.2787.0740     128       Ready   Active Master
4    -           -                  -         -       Provisioned

Operational Status                 Not all stack ports are up
Stack MAC address                  0000.cd37.0d6f (Virtual MAC)
=== 1790730684.992 14:11:24 >>> show mrp ring
Media Redundancy Protocol - Ring Information
MRP Ring 1
 Domain ID:                           ffffffff-ffff-ffff-ffff-ffffffffffff
 Domain Name:                         
 Ring Status:                         Enabled
 Running State:                       Running
 Role:                                Manager
 Network Status:                      Open
 Port1:                               port1.0.13
  Status:                             Forwarding
 Port2:                               port4.0.26
  Status:                             Blocking
 Vlan ID:
 React on Link Change:                No
 Profile:                             200ms
  Topology Change Interval:           10ms
  Topology Change Count:              3
  Short Test Frame Interval:          10ms
  Default Test Frame Interval:        20ms
  Test Monitoring Interval Count:     3
  Test Monitoring Ext Interval Count: 3
  Non-blocking MRC Supported:         No
  Blocked port state supported:       Yes
=== 1790730686.144 14:11:26 >>> show clock
UTC Time:   Wed, 30 Sep 2026 01:12:07 +0000
Timezone: UTC
Timezone Offset: +00:00
Summer time zone: None
=== 1790730687.296 14:11:27 >>> show stack
Virtual Chassis Stacking summary information

ID   Pending ID  MAC address        Priority  Status  Role
1    -           84e3.2787.0ac0     128       Ready   Backup Member
2    -           -                  -         -       Provisioned
3    -           84e3.2787.0740     128       Ready   Active Master
4    -           -                  -         -       Provisioned

Operational Status                 Not all stack ports are up
Stack MAC address                  0000.cd37.0d6f (Virtual MAC)
=== 1790730688.447 14:11:28 >>> show mrp ring
Media Redundancy Protocol - Ring Information
MRP Ring 1
 Domain ID:                           ffffffff-ffff-ffff-ffff-ffffffffffff
 Domain Name:                         
 Ring Status:                         Enabled
 Running State:                       Running
 Role:                                Manager
 Network Status:                      Open
 Port1:                               port1.0.13
  Status:                             Forwarding
 Port2:                               port4.0.26
  Status:                             Blocking
 Vlan ID:
 React on Link Change:                No
 Profile:                             200ms
  Topology Change Interval:           10ms
  Topology Change Count:              3
  Short Test Frame Interval:          10ms
  Default Test Frame Interval:        20ms
  Test Monitoring Interval Count:     3
  Test Monitoring Ext Interval Count: 3
  Non-blocking MRC Supported:         No
  Blocked port state supported:       Yes
=== 1790730689.599 14:11:29 >>> show clock
UTC Time:   Wed, 30 Sep 2026 01:12:11 +0000
Timezone: UTC
Timezone Offset: +00:00
Summer time zone: None
=== 1790730690.751 14:11:30 >>> show stack
Virtual Chassis Stacking summary information

ID   Pending ID  MAC address        Priority  Status  Role
1    -           84e3.2787.0ac0     128       Ready   Backup Member
2    -           -                  -         -       Provisioned
3    -           84e3.2787.0740     128       Ready   Active Master
4    -           -                  -         -       Provisioned

Operational Status                 Not all stack ports are up
Stack MAC address                  0000.cd37.0d6f (Virtual MAC)
=== 1790730691.903 14:11:31 >>> show mrp ring
Media Redundancy Protocol - Ring Information
MRP Ring 1
 Domain ID:                           ffffffff-ffff-ffff-ffff-ffffffffffff
 Domain Name:                         
 Ring Status:                         Enabled
 Running State:                       Running
 Role:                                Manager
 Network Status:                      Open
 Port1:                               port1.0.13
  Status:                             Forwarding
 Port2:                               port4.0.26
  Status:                             Blocking
 Vlan ID:
 React on Link Change:                No
 Profile:                             200ms
  Topology Change Interval:           10ms
  Topology Change Count:              3
  Short Test Frame Interval:          10ms
  Default Test Frame Interval:        20ms
  Test Monitoring Interval Count:     3
  Test Monitoring Ext Interval Count: 3
  Non-blocking MRC Supported:         No
  Blocked port state supported:       Yes
=== 1790730693.055 14:11:33 >>> show clock
UTC Time:   Wed, 30 Sep 2026 01:12:14 +0000
Timezone: UTC
Timezone Offset: +00:00
Summer time zone: None
=== 1790730694.207 14:11:34 >>> show stack
Virtual Chassis Stacking summary information

ID   Pending ID  MAC address        Priority  Status  Role
1    -           84e3.2787.0ac0     128       Ready   Backup Member
2    -           -                  -         -       Provisioned
3    -           84e3.2787.0740     128       Ready   Active Master
4    -           -                  -         -       Provisioned

Operational Status                 Not all stack ports are up
Stack MAC address                  0000.cd37.0d6f (Virtual MAC)
=== 1790730695.358 14:11:35 >>> show mrp ring
Media Redundancy Protocol - Ring Information
MRP Ring 1
 Domain ID:                           ffffffff-ffff-ffff-ffff-ffffffffffff
 Domain Name:                         
 Ring Status:                         Enabled
 Running State:                       Running
 Role:                                Manager
 Network Status:                      Open
 Port1:                               port1.0.13
  Status:                             Forwarding
 Port2:                               port4.0.26
  Status:                             Blocking
 Vlan ID:
 React on Link Change:                No
 Profile:                             200ms
  Topology Change Interval:           10ms
  Topology Change Count:              3
  Short Test Frame Interval:          10ms
  Default Test Frame Interval:        20ms
  Test Monitoring Interval Count:     3
  Test Monitoring Ext Interval Count: 3
  Non-blocking MRC Supported:         No
  Blocked port state supported:       Yes
=== 1790730696.510 14:11:36 >>> show clock
UTC Time:   Wed, 30 Sep 2026 01:12:18 +0000
Timezone: UTC
Timezone Offset: +00:00
Summer time zone: None
=== 1790730697.662 14:11:37 >>> show stack
Virtual Chassis Stacking summary information

ID   Pending ID  MAC address        Priority  Status  Role
1    -           84e3.2787.0ac0     128       Ready   Backup Member
2    -           -                  -         -       Provisioned
3    -           84e3.2787.0740     128       Ready   Active Master
4    -           -                  -         -       Provisioned

Operational Status                 Not all stack ports are up
Stack MAC address                  0000.cd37.0d6f (Virtual MAC)
=== 1790730698.814 14:11:38 >>> show mrp ring
Media Redundancy Protocol - Ring Information
MRP Ring 1
 Domain ID:                           ffffffff-ffff-ffff-ffff-ffffffffffff
 Domain Name:                         
 Ring Status:                         Enabled
 Running State:                       Running
 Role:                                Manager
 Network Status:                      Open
 Port1:                               port1.0.13
  Status:                             Forwarding
 Port2:                               port4.0.26
  Status:                             Blocking
 Vlan ID:
 React on Link Change:                No
 Profile:                             200ms
  Topology Change Interval:           10ms
  Topology Change Count:              3
  Short Test Frame Interval:          10ms
  Default Test Frame Interval:        20ms
  Test Monitoring Interval Count:     3
  Test Monitoring Ext Interval Count: 3
  Non-blocking MRC Supported:         No
  Blocked port state supported:       Yes
=== 1790730699.966 14:11:39 >>> show clock
UTC Time:   Wed, 30 Sep 2026 01:12:21 +0000
Timezone: UTC
Timezone Offset: +00:00
Summer time zone: None
=== 1790730701.118 14:11:41 >>> show stack
Virtual Chassis Stacking summary information

ID   Pending ID  MAC address        Priority  Status  Role
1    -           84e3.2787.0ac0     128       Ready   Backup Member
2    -           -                  -         -       Provisioned
3    -           84e3.2787.0740     128       Ready   Active Master
4    -           -                  -         -       Provisioned

Operational Status                 Not all stack ports are up
Stack MAC address                  0000.cd37.0d6f (Virtual MAC)
=== 1790730702.269 14:11:42 >>> show mrp ring
Media Redundancy Protocol - Ring Information
MRP Ring 1
 Domain ID:                           ffffffff-ffff-ffff-ffff-ffffffffffff
 Domain Name:                         
 Ring Status:                         Enabled
 Running State:                       Running
 Role:                                Manager
 Network Status:                      Open
 Port1:                               port1.0.13
  Status:                             Forwarding
 Port2:                               port4.0.26
  Status:                             Blocking
 Vlan ID:
 React on Link Change:                No
 Profile:                             200ms
  Topology Change Interval:           10ms
  Topology Change Count:              3
  Short Test Frame Interval:          10ms
  Default Test Frame Interval:        20ms
  Test Monitoring Interval Count:     3
  Test Monitoring Ext Interval Count: 3
  Non-blocking MRC Supported:         No
  Blocked port state supported:       Yes
=== 1790730703.421 14:11:43 >>> show clock
UTC Time:   Wed, 30 Sep 2026 01:12:25 +0000
Timezone: UTC
Timezone Offset: +00:00
Summer time zone: None
=== 1790730704.573 14:11:44 >>> show stack
Virtual Chassis Stacking summary information

ID   Pending ID  MAC address        Priority  Status  Role
1    -           84e3.2787.0ac0     128       Ready   Backup Member
2    -           -                  -         -       Provisioned
3    -           84e3.2787.0740     128       Ready   Active Master
4    -           -                  -         -       Provisioned

Operational Status                 Not all stack ports are up
Stack MAC address                  0000.cd37.0d6f (Virtual MAC)
=== 1790730705.725 14:11:45 >>> show mrp ring
Media Redundancy Protocol - Ring Information
MRP Ring 1
 Domain ID:                           ffffffff-ffff-ffff-ffff-ffffffffffff
 Domain Name:                         
 Ring Status:                         Enabled
 Running State:                       Running
 Role:                                Manager
 Network Status:                      Open
 Port1:                               port1.0.13
  Status:                             Forwarding
 Port2:                               port4.0.26
  Status:                             Blocking
 Vlan ID:
 React on Link Change:                No
 Profile:                             200ms
  Topology Change Interval:           10ms
  Topology Change Count:              3
  Short Test Frame Interval:          10ms
  Default Test Frame Interval:        20ms
  Test Monitoring Interval Count:     3
  Test Monitoring Ext Interval Count: 3
  Non-blocking MRC Supported:         No
  Blocked port state supported:       Yes
=== 1790730706.877 14:11:46 >>> show clock
UTC Time:   Wed, 30 Sep 2026 01:12:28 +0000
Timezone: UTC
Timezone Offset: +00:00
Summer time zone: None
=== 1790730708.028 14:11:48 >>> show stack
Virtual Chassis Stacking summary information

ID   Pending ID  MAC address        Priority  Status  Role
1    -           84e3.2787.0ac0     128       Ready   Backup Member
2    -           -                  -         -       Provisioned
3    -           84e3.2787.0740     128       Ready   Active Master
4    -           -                  -         -       Provisioned

Operational Status                 Not all stack ports are up
Stack MAC address                  0000.cd37.0d6f (Virtual MAC)
=== 1790730709.180 14:11:49 >>> show mrp ring
Media Redundancy Protocol - Ring Information
MRP Ring 1
 Domain ID:                           ffffffff-ffff-ffff-ffff-ffffffffffff
 Domain Name:                         
 Ring Status:                         Enabled
 Running State:                       Running
 Role:                                Manager
 Network Status:                      Open
 Port1:                               port1.0.13
  Status:                             Forwarding
 Port2:                               port4.0.26
  Status:                             Blocking
 Vlan ID:
 React on Link Change:                No
 Profile:                             200ms
  Topology Change Interval:           10ms
  Topology Change Count:              3
  Short Test Frame Interval:          10ms
  Default Test Frame Interval:        20ms
  Test Monitoring Interval Count:     3
  Test Monitoring Ext Interval Count: 3
  Non-blocking MRC Supported:         No
  Blocked port state supported:       Yes
=== 1790730710.332 14:11:50 >>> show clock
UTC Time:   Wed, 30 Sep 2026 01:12:31 +0000
Timezone: UTC
Timezone Offset: +00:00
Summer time zone: None
=== 1790730711.484 14:11:51 >>> show stack
Virtual Chassis Stacking summary information

ID   Pending ID  MAC address        Priority  Status  Role
1    -           84e3.2787.0ac0     128       Ready   Backup Member
2    -           -                  -         -       Provisioned
3    -           84e3.2787.0740     128       Ready   Active Master
4    -           -                  -         -       Provisioned

Operational Status                 Not all stack ports are up
Stack MAC address                  0000.cd37.0d6f (Virtual MAC)
=== 1790730712.636 14:11:52 >>> show mrp ring
Media Redundancy Protocol - Ring Information
MRP Ring 1
 Domain ID:                           ffffffff-ffff-ffff-ffff-ffffffffffff
 Domain Name:                         
 Ring Status:                         Enabled
 Running State:                       Running
 Role:                                Manager
 Network Status:                      Open
 Port1:                               port1.0.13
  Status:                             Forwarding
 Port2:                        switch: port 30(port1.0.28) entered blocking state
       port4.0.2switch: port 30(port1.0.28) entered forwarding state
6
  Status:                             Blocking
 Vlan ID:
 React on Link Change:                No
 Profile:                             200ms
  Topology Change Interval:           10ms
  Topology Change Count:              3
  Short Test Frame Interval:          10ms
  Default Test Frame Interval:        20ms
  Test Monitoring Interval Count:     3
  Test Monitoring Ext Interval Count: 3
  Non-blocking MRC Supported:         No
  Blocked port state supported:       Yes

IE520-stk#switch: port 1(port3.0.27) entered blocking state
switch: port 1(port3.0.27) entered forwarding state
=== 1790730713.787 14:11:53 >>> show clock
UTC Time:   Wed, 30 Sep 2026 01:12:35 +0000
Timezone: UTC
Timezone Offset: +00:00
Summer time zone: None

IE520-stk#01:12:35 IE520-stk VCS[688]: Member 4 (84e3.2787.09c0) has joined the stack
=== 1790730714.939 14:11:54 >>> show stack
Virtual Chassis Stacking summary information

ID   Pending ID  MAC address        Priority  Status  Role
1    -           84e3.2787.0ac0     128       Ready   Backup Member
2    -           -                  -         -       Provisioned
3    -           84e3.2787.0740     128       Ready   Active Master
4    -           84e3.2787.09c0     -         Init    Discovering

Operational Status                 Not all stack ports are up
Stack MAC address                  0000.cd37.0d6f (Virtual MAC)
=== 1790730716.091 14:11:56 >>> show mrp ring
Media Redundancy Protocol - Ring Information
MRP Ring 1
 Domain ID:                           ffffffff-ffff-ffff-ffff-ffffffffffff
 Domain Name:                         
 Ring Status:                         Enabled
 Running State:                       Running
 Role:                                Manager
 Network Status:                      Open
 Port1:                               port1.0.13
  Status:                             Forwarding
 Port2:                               port4.0.26
  Status:                             Blocking
 Vlan ID:
 React on Link Change:                No
 Profile:                             200ms
  Topology Change Interval:           10ms
  Topology Change Count:              3
  Short Test Frame Interval:          10ms
  Default Test Frame Interval:        20ms
  Test Monitoring Interval Count:     3
  Test Monitoring Ext Interval Count: 3
  Non-blocking MRC Supported:         No
  Blocked port state supported:       Yes
=== 1790730718.695 14:11:58 >>> show clock
UTC Time:   Wed, 30 Sep 2026 01:12:40 +0000
Timezone: UTC
Timezone Offset: +00:00
Summer time zone: None
=== 1790730719.846 14:11:59 >>> show stack
Virtual Chassis Stacking summary information

ID   Pending ID  MAC address        Priority  Status  Role
1    -           84e3.2787.0ac0     128       Ready   Backup Member
2    -           -                  -         -       Provisioned
3    -           84e3.2787.0740     128       Ready   Active Master
4    -           84e3.2787.09c0     128       Init    Backup Member

Operational Status                 Normal operation
Stack MAC address                  0000.cd37.0d6f (Virtual MAC)
=== 1790730720.998 14:12:00 >>> show mrp ring
Media Redundancy Protocol - Ring Information
MRP Ring 1
 Domain ID:                           ffffffff-ffff-ffff-ffff-ffffffffffff
 Domain Name:                         
 Ring Status:                         Enabled
 Running State:                       Running
 Role:                                Manager
 Network Status:                      Open
 Port1:                               port1.0.13
  Status:                             Forwarding
 Port2:                               port4.0.26
  Status:                             Blocking
 Vlan ID:
 React on Link Change:                No
 Profile:                             200ms
  Topology Change Interval:           10ms
  Topology Change Count:              3
  Short Test Frame Interval:          10ms
  Default Test Frame Interval:        20ms
  Test Monitoring Interval Count:     3
  Test Monitoring Ext Interval Count: 3
  Non-blocking MRC Supported:         No
  Blocked port state supported:       Yes
=== 1790730722.150 14:12:02 >>> show clock
UTC Time:   Wed, 30 Sep 2026 01:12:43 +0000
Timezone: UTC
Timezone Offset: +00:00
Summer time zone: None
=== 1790730726.757 14:12:06 >>> show stack
switch: port 57(port4.0.1) entered blocking state
switch: port 57(port4.0.1) entered disabled state
port4.0.1: entered allmulticast mode
port4.0.1: entered promiscuous mode
switch: port 58(port4.0.2) entered blocking state
switch: port 58(port4.0.2) entered disabled state
port4.0.2: entered allmulticast mode
port4.0.2: entered promiscuous mode
switch: port 59(port4.0.3) entered blocking state
switch: port 59(port4.0.3) entered disabled state
port4.0.3: entered allmulticast mode
port4.0.3: entered promiscuous mode
switch: port 60(port4.0.4) entered blocking state
switch: port 60(port4.0.4) entered disabled state
port4.0.4: entered allmulticast mode
port4.0.4: entered promiscuous mode
switch: port 61(port4.0.5) entered blocking state
switch: port 61(port4.0.5) entered disabled state
port4.0.5: entered allmulticast mode
port4.0.5: entered promiscuous mode
switch: port 62(port4.0.6) entered blocking state
switch: port 62(port4.0.6) entered disabled state
port4.0.6: entered allmulticast mode
port4.0.6: entered promiscuous mode
switch: port 63(port4.0.7) entered blocking state
switch: port 63(port4.0.7) entered disabled state
port4.0.7: entered allmulticast mode
port4.0.7: entered promiscuous mode
switch: port 64(port4.0.8) entered blocking state
switch: port 64(port4.0.8) entered disabled state
port4.0.8: entered allmulticast mode
port4.0.8: entered promiscuous mode
switch: port 65(port4.0.9) entered blocking state
switch: port 65(port4.0.9) entered disabled state
port4.0.9: entered allmulticast mode
port4.0.9: entered promiscuous mode
switch: port 66(port4.0.10) entered blocking state
switch: port 66(port4.0.10) entered disabled state
port4.0.10: entered allmulticast mode
port4.0.10: entered promiscuous mode
switch: port 67(port4.0.11) entered blocking state
switch: port 67(port4.0.11) entered disabled state
port4.0.11: entered allmulticast mode
port4.0.11: entered promiscuous mode
switch: port 68(port4.0.12) entered blocking state
switch: port 68(port4.0.12) entered disabled state
port4.0.12: entered allmulticast mode
port4.0.12: entered promiscuous mode
switch: port 69(port4.0.13) entered blocking state
switch: port 69(port4.0.13) entered disabled state
port4.0.13: entered allmulticast mode
port4.0.13: entered promiscuous mode
switch: port 70(port4.0.14) entered blocking state
switch: port 70(port4.0.14) entered disabled state
port4.0.14: entered allmulticast mode
port4.0.14: entered promiscuous mode
switch: port 71(port4.0.15) entered blocking state
switch: port 71(port4.0.15) entered disabled state
port4.0.15: entered allmulticast mode
port4.0.15: entered promiscuous mode
switch: port 72(port4.0.16) entered blocking state
switch: port 72(port4.0.16) entered disabled state
port4.0.16: entered allmulticast mode
port4.0.16: entered promiscuous mode
switch: port 73(port4.0.17) entered blocking state
switch: port 73(port4.0.17) entered disabled state
port4.0.17: entered allmulticast mode
port4.0.17: entered promiscuous mode
switch: port 74(port4.0.18) entered blocking state
switch: port 74(port4.0.18) entered disabled state
port4.0.18: entered allmulticast mode
port4.0.18: entered promiscuous mode
switch: port 75(port4.0.19) entered blocking state
switch: port 75(port4.0.19) entered disabled state
port4.0.19: entered allmulticast mode
port4.0.19: entered promiscuous mode
switch: port 76(port4.0.20) entered blocking state
switch: port 76(port4.0.20) entered disabled state
port4.0.20: entered allmulticast mode
port4.0.20: entered promiscuous mode
switch: port 77(port4.0.21) entered blocking state
switch: port 77(port4.0.21) entered disabled state
port4.0.21: entered allmulticast mode
port4.0.21: entered promiscuous mode
switch: port 78(port4.0.22) entered blocking state
switch: port 78(port4.0.22) entered disabled state
port4.0.22: entered allmulticast mode
port4.0.22: entered promiscuous mode
switch: port 79(port4.0.23) entered blocking state
switch: port 79(port4.0.23) entered disabled state
port4.0.23: entered allmulticast mode
port4.0.23: entered promiscuous mode
switch: port 80(port4.0.24) entered blocking state
switch: port 80(port4.0.24) entered disabled state
port4.0.24: entered allmulticast mode
port4.0.24: entered promiscuous mode
switch: port 81(port4.0.25) entered blocking state
switch: port 81(port4.0.25) entered disabled state
port4.0.25: entered allmulticast mode
port4.0.25: entered promiscuous mode
switch: port 82(port4.0.26) entered blocking state
switch: port 82(port4.0.26) entered disabled state
port4.0.26: entered allmulticast mode
port4.0.26: entered promiscuous mode
switch: port 83(port4.0.27) entered blocking state
switch: port 83(port4.0.27) entered disabled state
port4.0.27: entered allmulticast mode
port4.0.27: entered promiscuous mode
switch: port 84(port4.0.28) entered blocking state
switch: port 84(port4.0.28) entered disabled state
port4.0.28: entered allmulticast mode
port4.0.28: entered promiscuous mode
01:12:48 IE520-stk IMI[631]: All users returned to config mode while switch syn

chronization is in progress.                                                                               

Virtual Chassis Stacking summary information

ID   Pending ID  MAC address        Priority  Status  Role
1    -           84e3.2787.0ac0     128       Ready   Backup Member
2    -           -                  -         -       Provisioned
3    -           84e3.2787.0740     128       Ready   Active Master
4    -           84e3.2787.09c0     128       Init    Backup Member

Operational Status                 Normal operation
Stack MAC address                  0000.cd37.0d6f (Virtual MAC)
=== 1790730727.908 14:12:07 >>> show mrp ring
Media Redundancy Protocol - Ring Information
MRP Ring 1
 Domain ID:                           ffffffff-ffff-ffff-ffff-ffffffffffff
 Domain Name:                         
 Ring Status:                         Enabled
 Running State:                       Running
 Role:                                Manager
 Network Status:                      Open
 Port1:                               port1.0.13
  Status:                             Forwarding
 Port2:                               port4.0.26
  Status:                             Blocking
 Vlan ID:
 React on Link Change:                No
 Profile:                             200ms
  Topology Change Interval:           10ms
  Topology Change Count:              3
  Short Test Frame Interval:          10ms
  Default Test Frame Interval:        20ms
  Test Monitoring Interval Count:     3
  Test Monitoring Ext Interval Count: 3
  Non-blocking MRC Supported:         No
  Blocked port state supported:       Yes
=== 1790730729.761 14:12:09 >>> show clock
UTC Time:   Wed, 30 Sep 2026 01:12:50 +0000
Timezone: UTC
Timezone Offset: +00:00
Summer time zone: None

IE520-stk#01:12:51 IE520-stk NSM[641]: Insertion event on unit 4.0 has been completed
=== 1790730730.913 14:12:10 >>> show stack
Virtual Chassis Stacking summary information

ID   Pending ID  MAC address        Priority  Status  Role
1    -           84e3.2787.0ac0     128       Ready   Backup Member
2    -           -                  -         -       Provisioned
3    -           84e3.2787.0740     128       Ready   Active Master
4    -           84e3.2787.09c0     128       Init    Backup Member

Operational Status                 Normal operation
Stack MAC address                  0000.cd37.0d6f (Virtual MAC)
=== 1790730732.265 14:12:12 >>> show mrp ring
Media Redundancy Protocol - Ring Information
MRP Ring 1
 Domain ID:                           ffffffff-ffff-ffff-ffff-ffffffffffff
 Domain Name:                         
 Ring Status:                         Enabled
 Running State:                       Running
 Role:                                Manager
 Network Status:                      Open
 Port1:                               port1.0.13
  Status:                             Forwarding
 Port2:                               port4.0.26
  Status:                             Blocking
 Vlan ID:
 React on Link Change:                No
 Profile:                             200ms
  Topology Change Interval:           10ms
  Topology Change Count:              3
  Short Test Frame Interval:          10ms
  Default Test Frame Interval:        20ms
  Test Monitoring Interval Count:     3
  Test Monitoring Ext Interval Count: 3
  Non-blocking MRC Supported:         No
  Blocked port state supported:       Yes

IE520-stk#switch: port 65(port4.0.9) entered disabled state
=== 1790730733.417 14:12:13 >>> show clock
UTC Time:   Wed, 30 Sep 2026 01:12:54 +0000
Timezone: UTC
Timezone Offset: +00:00
Summer time zone: None
=== 1790730734.569 14:12:14 >>> show stack
Virtual Chassis Stacking summary information

ID   Pending ID  MAC address        Priority  Status  Role
1    -           84e3.2787.0ac0     128       Ready   Backup Member
2    -           -                  -         -       Provisioned
3    -           84e3.2787.0740     128       Ready   Active Master
4    -           84e3.2787.09c0     128       Init    Backup Member

Operational Status                 Normal operation
Stack MAC address                  0000.cd37.0d6f (Virtual MAC)
=== 1790730735.720 14:12:15 >>> show mrp ring
Media Redundancy Protocol - Ring Information
MRP Ring 1
 Domain ID:                           ffffffff-ffff-ffff-ffff-ffffffffffff
 Domain Name:                         
 Ring Status:                         Enabled
 Running State:                       Running
 Role:                                Manager
 Network Status:                      Open
 Port1:                               port1.0.13
  Status:                             Forwarding
 Port2:                               port4.0.26
  Status:                             Blocking
 Vlan ID:
 React on Link Change:                No
 Profile:                             200ms
  Topology Change Interval:           10ms
  Topology Change Count:              3
  Short Test Frame Interval:          10ms
  Default Test Frame Interval:        20ms
  Test Monitoring Interval Count:     3
  Test Monitoring Ext Interval Count: 3
  Non-blocking MRC Supported:         No
  Blocked port state supported:       Yes
=== 1790730736.872 14:12:16 >>> show clock
UTC Time:   Wed, 30 Sep 2026 01:12:58 +0000
Timezone: UTC
Timezone Offset: +00:00
Summer time zone: None
=== 1790730738.024 14:12:18 >>> show stack
Virtual Chassis Stacking summary information

ID   Pending ID  MAC address        Priority  Status  Role
1    -           84e3.2787.0ac0     128       Ready   Backup Member
2    -           -                  -         -       Provisioned
3    -           84e3.2787.0740     128       Ready   Active Master
4    -           84e3.2787.09c0     128       Init    Backup Member

Operational Status                 Normal operation
Stack MAC address                  0000.cd37.0d6f (Virtual MAC)
=== 1790730739.176 14:12:19 >>> show mrp ring
Media Redundancy Protocol - Ring Information
MRP Ring 1
 Domain ID:                           ffffffff-ffff-ffff-ffff-ffffffffffff
 Domain Name:                         
 Ring Status:                         Enabled
 Running State:                       Running
 Role:                                Manager
 Network Status:                      Open
 Port1:                               port1.0.13
  Status:                             Forwarding
 Port2:                               port4.0.26
  Status:                             Blocking
 Vlan ID:
 React on Link Change:                No
 Profile:                             200ms
  Topology Change Interval:           10ms
  Topology Change Count:              3
  Short Test Frame Interval:          10ms
  Default Test Frame Interval:        20ms
  Test Monitoring Interval Count:     3
  Test Monitoring Ext Interval Count: 3
  Non-blocking MRC Supported:         No
  Blocked port state supported:       Yes
=== 1790730740.328 14:12:20 >>> show clock
UTC Time:   Wed, 30 Sep 2026 01:13:01 +0000
Timezone: UTC
Timezone Offset: +00:00
Summer time zone: None
=== 1790730741.480 14:12:21 >>> show stack
Virtual Chassis Stacking summary information

ID   Pending ID  MAC address        Priority  Status  Role
1    -           84e3.2787.0ac0     128       Ready   Backup Member
2    -           -                  -         -       Provisioned
3    -           84e3.2787.0740     128       Ready   Active Master
4    -           84e3.2787.09c0     128       Init    Backup Member

Operational Status                 Normal operation
Stack MAC address                  0000.cd37.0d6f (Virtual MAC)
=== 1790730742.632 14:12:22 >>> show mrp ring
Media Redundancy Protocol - Ring Information
MRP Ring 1
 Domain ID:                           ffffffff-ffff-ffff-ffff-ffffffffffff
 Domain Name:                         
 Ring Status:                         Enabled
 Running State:                       Running
 Role:                                Manager
 Network Status:                      Open
 Port1:                               port1.0.13
  Status:                             Forwarding
 Port2:                               port4.0.26
  Status:                             Blocking
 Vlan ID:
 React on Link Change:                No
 Profile:                             200ms
  Topology Change Interval:           10ms
  Topology Change Count:              3
  Short Test Frame Interval:          10ms
  Default Test Frame Interval:        20ms
  Test Monitoring Interval Count:     3
  Test Monitoring Ext Interval Count: 3
  Non-blocking MRC Supported:         No
  Blocked port state supported:       Yes
=== 1790730743.784 14:12:23 >>> show clock
UTC Time:   Wed, 30 Sep 2026 01:13:05 +0000
Timezone: UTC
Timezone Offset: +00:00
Summer time zone: None
=== 1790730744.935 14:12:24 >>> show stack
Virtual Chassis Stacking summary information

ID   Pending ID  MAC address        Priority  Status  Role
1    -           84e3.2787.0ac0     128       Ready   Backup Member
2    -           -                  -         -       Provisioned
3    -           84e3.2787.0740     128       Ready   Active Master
4    -           84e3.2787.09c0     128       Init    Backup Member

Operational Status                 Normal operation
Stack MAC address                  0000.cd37.0d6f (Virtual MAC)
=== 1790730746.087 14:12:26 >>> show mrp ring
Media Redundancy Protocol - Ring Information
MRP Ring 1
 Domain ID:                           ffffffff-ffff-ffff-ffff-ffffffffffff
 Domain Name:                         
 Ring Status:                         Enabled
 Running State:                       Running
 Role:                                Manager
 Network Status:                      Open
 Port1:                               port1.0.13
  Status:                             Forwarding
 Port2:                               port4.0.26
  Status:                             Blocking
 Vlan ID:
 React on Link Change:                No
 Profile:                             200ms
  Topology Change Interval:           10ms
  Topology Change Count:              3
  Short Test Frame Interval:          10ms
  Default Test Frame Interval:        20ms
  Test Monitoring Interval Count:     3
  Test Monitoring Ext Interval Count: 3
  Non-blocking MRC Supported:         No
  Blocked port state supported:       Yes
=== 1790730747.239 14:12:27 >>> show clock
UTC Time:   Wed, 30 Sep 2026 01:13:08 +0000
Timezone: UTC
Timezone Offset: +00:00
Summer time zone: None
=== 1790730748.391 14:12:28 >>> show stack
Virtual Chassis Stacking summary information

ID   Pending ID  MAC address        Priority  Status  Role
1    -           84e3.2787.0ac0     128       Ready   Backup Member
2    -           -                  -         -       Provisioned
3    -           84e3.2787.0740     128       Ready   Active Master
4    -           84e3.2787.09c0     128       Init    Backup Member

Operational Status                 Normal operation
Stack MAC address                  0000.cd37.0d6f (Virtual MAC)
=== 1790730749.542 14:12:29 >>> show mrp ring
Media Redundancy Protocol - Ring Information
MRP Ring 1
 Domain ID:                           ffffffff-ffff-ffff-ffff-ffffffffffff
 Domain Name:                         
 Ring Status:                         Enabled
 Running State:                       Running
 Role:                                Manager
 Network Status:                      Open
 Port1:                               port1.0.13
  Status:                             Forwarding
 Port2:                               port4.0.26
  Status:                             Blocking
 Vlan ID:
 React on Link Change:                No
 Profile:                             200ms
  Topology Change Interval:           10ms
  Topology Change Count:              3
  Short Test Frame Interval:          10ms
  Default Test Frame Interval:        20ms
  Test Monitoring Interval Count:     3
  Test Monitoring Ext Interval Count: 3
  Non-blocking MRC Supported:         No
  Blocked port state supported:       Yes
=== 1790730750.695 14:12:30 >>> show clock
UTC Time:   Wed, 30 Sep 2026 01:13:12 +0000
Timezone: UTC
Timezone Offset: +00:00
Summer time zone: None
=== 1790730751.847 14:12:31 >>> show stack
Virtual Chassis Stacking summary information

ID   Pending ID  MAC address        Priority  Status  Role
1    -           84e3.2787.0ac0     128       Ready   Backup Member
2    -           -                  -         -       Provisioned
3    -           84e3.2787.0740     128       Ready   Active Master
4    -           84e3.2787.09c0     128       Init    Backup Member

Operational Status                 Normal operation
Stack MAC address                  0000.cd37.0d6f (Virtual MAC)
=== 1790730752.998 14:12:32 >>> show mrp ring
Media Redundancy Protocol - Ring Information
MRP Ring 1
 Domain ID:                           ffffffff-ffff-ffff-ffff-ffffffffffff
 Domain Name:                         
 Ring Status:                         Enabled
 Running State:                       Running
 Role:                                Manager
 Network Status:                      Open
 Port1:                               port1.0.13
  Status:                             Forwarding
 Port2:                               port4.0.26
  Status:                             Blocking
 Vlan ID:
 React on Link Change:                No
 Profile:                             200ms
  Topology Change Interval:           10ms
  Topology Change Count:              3
  Short Test Frame Interval:          10ms
  Default Test Frame Interval:        20ms
  Test Monitoring Interval Count:     3
  Test Monitoring Ext Interval Count: 3
  Non-blocking MRC Supported:         No
  Blocked port state supported:       Yes
=== 1790730754.150 14:12:34 >>> show clock
UTC Time:   Wed, 30 Sep 2026 01:13:15 +0000
Timezone: UTC
Timezone Offset: +00:00
Summer time zone: None
=== 1790730755.302 14:12:35 >>> show stack
Virtual Chassis Stacking summary information

ID   Pending ID  MAC address        Priority  Status  Role
1    -           84e3.2787.0ac0     128       Ready   Backup Member
2    -           -                  -         -       Provisioned
3    -           84e3.2787.0740     128       Ready   Active Master
4    -           84e3.2787.09c0     128       Init    Backup Member

Operational Status                 Normal operation
Stack MAC address                  0000.cd37.0d6f (Virtual MAC)
=== 1790730756.454 14:12:36 >>> show mrp ring
Media Redundancy Protocol - Ring Information
MRP Ring 1
 Domain ID:                           ffffffff-ffff-ffff-ffff-ffffffffffff
 Domain Name:                         
 Ring Status:                         Enabled
 Running State:                       Running
 Role:                                Manager
 Network Status:                      Open
 Port1:                               port1.0.13
  Status:                             Forwarding
 Port2:                               port4.0.26
  Status:                             Blocking
 Vlan ID:
 React on Link Change:                No
 Profile:                             200ms
  Topology Change Interval:           10ms
  Topology Change Count:              3
  Short Test Frame Interval:          10ms
  Default Test Frame Interval:        20ms
  Test Monitoring Interval Count:     3
  Test Monitoring Ext Interval Count: 3
  Non-blocking MRC Supported:         No
  Blocked port state supported:       Yes
=== 1790730757.606 14:12:37 >>> show clock
UTC Time:   Wed, 30 Sep 2026 01:13:19 +0000
Timezone: UTC
Timezone Offset: +00:00
Summer time zone: None
=== 1790730758.758 14:12:38 >>> show stack
Virtual Chassis Stacking summary information

ID   Pending ID  MAC address        Priority  Status  Role
1    -           84e3.2787.0ac0     128       Ready   Backup Member
2    -           -                  -         -       Provisioned
3    -           84e3.2787.0740     128       Ready   Active Master
4    -           84e3.2787.09c0     128       Init    Backup Member

Operational Status                 Normal operation
Stack MAC address                  0000.cd37.0d6f (Virtual MAC)
=== 1790730759.910 14:12:39 >>> show mrp ring
Media Redundancy Protocol - Ring Information
MRP Ring 1
 Domain ID:                           ffffffff-ffff-ffff-ffff-ffffffffffff
 Domain Name:                         
 Ring Status:                         Enabled
 Running State:                       Running
 Role:                                Manager
 Network Status:                      Open
 Port1:                               port1.0.13
  Status:                             Forwarding
 Port2:                               port4.0.26
  Status:                             Blocking
 Vlan ID:
 React on Link Change:                No
 Profile:                             200ms
  Topology Change Interval:           10ms
  Topology Change Count:              3
  Short Test Frame Interval:          10ms
  Default Test Frame Interval:        20ms
  Test Monitoring Interval Count:     3
  Test Monitoring Ext Interval Count: 3
  Non-blocking MRC Supported:         No
  Blocked port state supported:       Yes
=== 1790730761.061 14:12:41 >>> show clock
UTC Time:   Wed, 30 Sep 2026 01:13:22 +0000
Timezone: UTC
Timezone Offset: +00:00
Summer time zone: None
=== 1790730762.213 14:12:42 >>> show stack
Virtual Chassis Stacking summary information

ID   Pending ID  MAC address        Priority  Status  Role
1    -           84e3.2787.0ac0     128       Ready   Backup Member
2    -           -                  -         -       Provisioned
3    -           84e3.2787.0740     128       Ready   Active Master
4    -           84e3.2787.09c0     128       Init    Backup Member

Operational Status                 Normal operation
Stack MAC address                  0000.cd37.0d6f (Virtual MAC)
=== 1790730763.365 14:12:43 >>> show mrp ring
Media Redundancy Protocol - Ring Information
MRP Ring 1
 Domain ID:                           ffffffff-ffff-ffff-ffff-ffffffffffff
 Domain Name:                         
 Ring Status:                         Enabled
 Running State:                       Running
 Role:                                Manager
 Network Status:                      Open
 Port1:                               port1.0.13
  Status:                             Forwarding
 Port2:                               port4.0.26
  Status:                             Blocking
 Vlan ID:
 React on Link Change:                No
 Profile:                             200ms
  Topology Change Interval:           10ms
  Topology Change Count:              3
  Short Test Frame Interval:          10ms
  Default Test Frame Interval:        20ms
  Test Monitoring Interval Count:     3
  Test Monitoring Ext Interval Count: 3
  Non-blocking MRC Supported:         No
  Blocked port state supported:       Yes
=== 1790730764.517 14:12:44 >>> show clock
UTC Time:   Wed, 30 Sep 2026 01:13:26 +0000
Timezone: UTC
Timezone Offset: +00:00
Summer time zone: None
=== 1790730765.669 14:12:45 >>> show stack
Virtual Chassis Stacking summary information

ID   Pending ID  MAC address        Priority  Status  Role
1    -           84e3.2787.0ac0     128       Ready   Backup Member
2    -           -                  -         -       Provisioned
3    -           84e3.2787.0740     128       Ready   Active Master
4    -           84e3.2787.09c0     128       Init    Backup Member

Operational Status                 Normal operation
Stack MAC address                  0000.cd37.0d6f (Virtual MAC)
=== 1790730766.820 14:12:46 >>> show mrp ring
Media Redundancy Protocol - Ring Information
MRP Ring 1
 Domain ID:                           ffffffff-ffff-ffff-ffff-ffffffffffff
 Domain Name:                         
 Ring Status:                         Enabled
 Running State:                       Running
 Role:                                Manager
 Network Status:                      Open
 Port1:                               port1.0.13
  Status:                             Forwarding
 Port2:                               port4.0.26
  Status:                             Blocking
 Vlan ID:
 React on Link Change:                No
 Profile:                             200ms
  Topology Change Interval:           10ms
  Topology Change Count:              3
  Short Test Frame Interval:          10ms
  Default Test Frame Interval:        20ms
  Test Monitoring Interval Count:     3
  Test Monitoring Ext Interval Count: 3
  Non-blocking MRC Supported:         No
  Blocked port state supported:       Yes
=== 1790730767.972 14:12:47 >>> show clock
UTC Time:   Wed, 30 Sep 2026 01:13:29 +0000
Timezone: UTC
Timezone Offset: +00:00
Summer time zone: None
=== 1790730769.124 14:12:49 >>> show stack
Virtual Chassis Stacking summary information

ID   Pending ID  MAC address        Priority  Status  Role
1    -           84e3.2787.0ac0     128       Ready   Backup Member
2    -           -                  -         -       Provisioned
3    -           84e3.2787.0740     128       Ready   Active Master
4    -           84e3.2787.09c0     128       Init    Backup Member

Operational Status                 Normal operation
Stack MAC address                  0000.cd37.0d6f (Virtual MAC)
=== 1790730770.276 14:12:50 >>> show mrp ring
Media Redundancy Protocol - Ring Information
MRP Ring 1
 Domain ID:                           ffffffff-ffff-ffff-ffff-ffffffffffff
 Domain Name:                         
 Ring Status:                         Enabled
 Running State:                       Running
 Role:                                Manager
 Network Status:                      Open
 Port1:                               port1.0.13
  Status:                             Forwarding
 Port2:                               port4.0.26
  Status:                             Blocking
 Vlan ID:
 React on Link Change:                No
 Profile:                             200ms
  Topology Change Interval:           10ms
  Topology Change Count:              3
  Short Test Frame Interval:          10ms
  Default Test Frame Interval:        20ms
  Test Monitoring Interval Count:     3
  Test Monitoring Ext Interval Count: 3
  Non-blocking MRC Supported:         No
  Blocked port state supported:       Yes
=== 1790730772.329 14:12:52 >>> show clock
UTC Time:   Wed, 30 Sep 2026 01:13:33 +0000
Timezone: UTC
Timezone Offset: +00:00
Summer time zone: None

IE520-stk#01:13:33 IE520-stk IMI[631]: Configuration update completed for port4.0.1-port4

.0.28                                                                               

switch: port 82(port4.0.26) entered blocking state
switch: port 82(port4.0.26) entered forwarding state
=== 1790730773.481 14:12:53 >>> show stack
Virtual Chassis Stacking summary information

ID   Pending ID  MAC address        Priority  Status  Role
1    -           84e3.2787.0ac0     128       Ready   Backup Member
2    -           -                  -         -       Provisioned
3    -           84e3.2787.0740     128       Ready   Active Master
4    -           84e3.2787.09c0     128       Syncing Backup Member

Operational Status                 Normal operation
Stack MAC address                  0000.cd37.0d6f (Virtual MAC)
=== 1790730775.333 14:12:55 >>> show mrp ring
Media Redundancy Protocol - Ring Information
MRP Ring 1
 Domain ID:                           ffffffff-ffff-ffff-ffff-ffffffffffff
 Domain Name:                         
 Ring Status:                         Enabled
 Running State:                       Running
 Role:                                Manager
 Network Status:                      Closed
 Port1:                               port1.0.13
  Status:                             Forwarding
 Port2:                               port4.0.26
  Status:                             Blocking
 Vlan ID:
 React on Link Change:                No
 Profile:                             200ms
  Topology Change Interval:           10ms
  Topology Change Count:              3
  Short Test Frame Interval:          10ms
  Default Test Frame Interval:        20ms
  Test Monitoring Interval Count:     3
  Test Monitoring Ext Interval Count: 3
  Non-blocking MRC Supported:         No
  Blocked port state supported:       Yes

IE520-stk#switch: port 58(port4.0.2) entered blocking state
switch: port 58(port4.0.2) entered forwarding state
=== 1790730776.485 14:12:56 >>> show clock
UTC Time:   Wed, 30 Sep 2026 01:13:38 +0000
Timezone: UTC
Timezone Offset: +00:00
Summer time zone: None
=== 1790730777.637 14:12:57 >>> show stack
Virtual Chassis Stacking summary information

ID   Pending ID  MAC address        Priority  Status  Role
1    -           84e3.2787.0ac0     128       Ready   Backup Member
2    -           -                  -         -       Provisioned
3    -           84e3.2787.0740     128       Ready   Active Master
4    -           84e3.2787.09c0     128       Syncing Backup Member

Operational Status                 Normal operation
Stack MAC address                  0000.cd37.0d6f (Virtual MAC)
=== 1790730778.789 14:12:58 >>> show mrp ring
Media Redundancy Protocol - Ring Information
MRP Ring 1
 Domain ID:                           ffffffff-ffff-ffff-ffff-ffffffffffff
 Domain Name:                         
 Ring Status:                         Enabled
 Running State:                       Running
 Role:                                Manager
 Network Status:                      Closed
 Port1:                               port1.0.13
  Status:                             Forwarding
 Port2:                               port4.0.26
  Status:                             Blocking
 Vlan ID:
 React on Link Change:                No
 Profile:                             200ms
  Topology Change Interval:           10ms
  Topology Change Count:              3
  Short Test Frame Interval:          10ms
  Default Test Frame Interval:        20ms
  Test Monitoring Interval Count:     3
  Test Monitoring Ext Interval Count: 3
  Non-blocking MRC Supported:         No
  Blocked port state supported:       Yes
=== 1790730779.941 14:12:59 >>> show clock
UTC Time:   Wed, 30 Sep 2026 01:13:41 +0000
Timezone: UTC
Timezone Offset: +00:00
Summer time zone: None
=== 1790730781.093 14:13:01 >>> show stack
Virtual Chassis Stacking summary information

ID   Pending ID  MAC address        Priority  Status  Role
1    -           84e3.2787.0ac0     128       Ready   Backup Member
2    -           -                  -         -       Provisioned
3    -           84e3.2787.0740     128       Ready   Active Master
4    -           84e3.2787.09c0     128       Syncing Backup Member

Operational Status                 Normal operation
Stack MAC address                  0000.cd37.0d6f (Virtual MAC)
=== 1790730782.245 14:13:02 >>> show mrp ring
Media Redundancy Protocol - Ring Information
MRP Ring 1
 Domain ID:                           ffffffff-ffff-ffff-ffff-ffffffffffff
 Domain Name:                         
 Ring Status:                         Enabled
 Running State:                       Running
 Role:                                Manager
 Network Status:                      Closed
 Port1:                               port1.0.13
  Status:                             Forwarding
 Port2:                               port4.0.26
  Status:                             Blocking
 Vlan ID:
 React on Link Change:                No
 Profile:                             200ms
  Topology Change Interval:           10ms
  Topology Change Count:              3
  Short Test Frame Interval:          10ms
  Default Test Frame Interval:        20ms
  Test Monitoring Interval Count:     3
  Test Monitoring Ext Interval Count: 3
  Non-blocking MRC Supported:         No
  Blocked port state supported:       Yes
=== 1790730783.396 14:13:03 >>> show clock
UTC Time:   Wed, 30 Sep 2026 01:13:44 +0000
Timezone: UTC
Timezone Offset: +00:00
Summer time zone: None
=== 1790730784.548 14:13:04 >>> show stack
Virtual Chassis Stacking summary information

ID   Pending ID  MAC address        Priority  Status  Role
1    -           84e3.2787.0ac0     128       Ready   Backup Member
2    -           -                  -         -       Provisioned
3    -           84e3.2787.0740     128       Ready   Active Master
4    -           84e3.2787.09c0     128       Syncing Backup Member

Operational Status                 Normal operation
Stack MAC address                  0000.cd37.0d6f (Virtual MAC)
=== 1790730785.700 14:13:05 >>> show mrp ring
Media Redundancy Protocol - Ring Information
MRP Ring 1
 Domain ID:                           ffffffff-ffff-ffff-ffff-ffffffffffff
 Domain Name:                         
 Ring Status:                         Enabled
 Running State:                       Running
 Role:                                Manager
 Network Status:                      Closed
 Port1:                               port1.0.13
  Status:                             Forwarding
 Port2:                               port4.0.26
  Status:                             Blocking
 Vlan ID:
 React on Link Change:                No
 Profile:                             200ms
  Topology Change Interval:           10ms
  Topology Change Count:              3
  Short Test Frame Interval:          10ms
  Default Test Frame Interval:        20ms
  Test Monitoring Interval Count:     3
  Test Monitoring Ext Interval Count: 3
  Non-blocking MRC Supported:         No
  Blocked port state supported:       Yes
=== 1790730786.852 14:13:06 >>> show clock
UTC Time:   Wed, 30 Sep 2026 01:13:48 +0000
Timezone: UTC
Timezone Offset: +00:00
Summer time zone: None
=== 1790730788.004 14:13:08 >>> show stack
Virtual Chassis Stacking summary information

ID   Pending ID  MAC address        Priority  Status  Role
1    -           84e3.2787.0ac0     128       Ready   Backup Member
2    -           -                  -         -       Provisioned
3    -           84e3.2787.0740     128       Ready   Active Master
4    -           84e3.2787.09c0     128       Syncing Backup Member

Operational Status                 Normal operation
Stack MAC address                  0000.cd37.0d6f (Virtual MAC)
=== 1790730789.156 14:13:09 >>> show mrp ring
Media Redundancy Protocol - Ring Information
MRP Ring 1
 Domain ID:                           ffffffff-ffff-ffff-ffff-ffffffffffff
 Domain Name:                         
 Ring Status:                         Enabled
 Running State:                       Running
 Role:                                Manager
 Network Status:                      Closed
 Port1:                               port1.0.13
  Status:                             Forwarding
 Port2:                               port4.0.26
  Status:                             Blocking
 Vlan ID:
 React on Link Change:                No
 Profile:                             200ms
  Topology Change Interval:           10ms
  Topology Change Count:              3
  Short Test Frame Interval:          10ms
  Default Test Frame Interval:        20ms
  Test Monitoring Interval Count:     3
  Test Monitoring Ext Interval Count: 3
  Non-blocking MRC Supported:         No
  Blocked port state supported:       Yes
=== 1790730790.308 14:13:10 >>> show clock
UTC Time:   Wed, 30 Sep 2026 01:13:51 +0000
Timezone: UTC
Timezone Offset: +00:00
Summer time zone: None
=== 1790730791.459 14:13:11 >>> show stack
Virtual Chassis Stacking summary information

ID   Pending ID  MAC address        Priority  Status  Role
1    -           84e3.2787.0ac0     128       Ready   Backup Member
2    -           -                  -         -       Provisioned
3    -           84e3.2787.0740     128       Ready   Active Master
4    -           84e3.2787.09c0     128       Syncing Backup Member

Operational Status                 Normal operation
Stack MAC address                  0000.cd37.0d6f (Virtual MAC)
=== 1790730792.611 14:13:12 >>> show mrp ring
Media Redundancy Protocol - Ring Information
MRP Ring 1
 Domain ID:                           ffffffff-ffff-ffff-ffff-ffffffffffff
 Domain Name:                         
 Ring Status:                         Enabled
 Running State:                       Running
 Role:                                Manager
 Network Status:                      Closed
 Port1:                               port1.0.13
  Status:                             Forwarding
 Port2:                               port4.0.26
  Status:                             Blocking
 Vlan ID:
 React on Link Change:                No
 Profile:                             200ms
  Topology Change Interval:           10ms
  Topology Change Count:              3
  Short Test Frame Interval:          10ms
  Default Test Frame Interval:        20ms
  Test Monitoring Interval Count:     3
  Test Monitoring Ext Interval Count: 3
  Non-blocking MRC Supported:         No
  Blocked port state supported:       Yes
=== 1790730793.763 14:13:13 >>> show clock
UTC Time:   Wed, 30 Sep 2026 01:13:55 +0000
Timezone: UTC
Timezone Offset: +00:00
Summer time zone: None
=== 1790730794.915 14:13:14 >>> show stack
Virtual Chassis Stacking summary information

ID   Pending ID  MAC address        Priority  Status  Role
1    -           84e3.2787.0ac0     128       Ready   Backup Member
2    -           -                  -         -       Provisioned
3    -           84e3.2787.0740     128       Ready   Active Master
4    -           84e3.2787.09c0     128       Syncing Backup Member

Operational Status                 Normal operation
Stack MAC address                  0000.cd37.0d6f (Virtual MAC)
=== 1790730796.066 14:13:16 >>> show mrp ring
Media Redundancy Protocol - Ring Information
MRP Ring 1
 Domain ID:                           ffffffff-ffff-ffff-ffff-ffffffffffff
 Domain Name:                         
 Ring Status:                         Enabled
 Running State:                       Running
 Role:                                Manager
 Network Status:                      Closed
 Port1:                               port1.0.13
  Status:                             Forwarding
 Port2:                               port4.0.26
  Status:                             Blocking
 Vlan ID:
 React on Link Change:                No
 Profile:                             200ms
  Topology Change Interval:           10ms
  Topology Change Count:              3
  Short Test Frame Interval:          10ms
  Default Test Frame Interval:        20ms
  Test Monitoring Interval Count:     3
  Test Monitoring Ext Interval Count: 3
  Non-blocking MRC Supported:         No
  Blocked port state supported:       Yes
=== 1790730797.218 14:13:17 >>> show clock
UTC Time:   Wed, 30 Sep 2026 01:13:58 +0000
Timezone: UTC
Timezone Offset: +00:00
Summer time zone: None
=== 1790730798.370 14:13:18 >>> show stack
Virtual Chassis Stacking summary information

ID   Pending ID  MAC address        Priority  Status  Role
1    -           84e3.2787.0ac0     128       Ready   Backup Member
2    -           -                  -         -       Provisioned
3    -           84e3.2787.0740     128       Ready   Active Master
4    -           84e3.2787.09c0     128       Syncing Backup Member

Operational Status                 Normal operation
Stack MAC address                  0000.cd37.0d6f (Virtual MAC)
=== 1790730799.522 14:13:19 >>> show mrp ring
Media Redundancy Protocol - Ring Information
MRP Ring 1
 Domain ID:                           ffffffff-ffff-ffff-ffff-ffffffffffff
 Domain Name:                         
 Ring Status:                         Enabled
 Running State:                       Running
 Role:                                Manager
 Network Status:                      Closed
 Port1:                               port1.0.13
  Status:                             Forwarding
 Port2:                               port4.0.26
  Status:                             Blocking
 Vlan ID:
 React on Link Change:                No
 Profile:                             200ms
  Topology Change Interval:           10ms
  Topology Change Count:              3
  Short Test Frame Interval:          10ms
  Default Test Frame Interval:        20ms
  Test Monitoring Interval Count:     3
  Test Monitoring Ext Interval Count: 3
  Non-blocking MRC Supported:         No
  Blocked port state supported:       Yes
=== 1790730800.674 14:13:20 >>> show clock
UTC Time:   Wed, 30 Sep 2026 01:14:02 +0000
Timezone: UTC
Timezone Offset: +00:00
Summer time zone: None
=== 1790730801.826 14:13:21 >>> show stack
Virtual Chassis Stacking summary information

ID   Pending ID  MAC address        Priority  Status  Role
1    -           84e3.2787.0ac0     128       Ready   Backup Member
2    -           -                  -         -       Provisioned
3    -           84e3.2787.0740     128       Ready   Active Master
4    -           84e3.2787.09c0     128       Syncing Backup Member

Operational Status                 Normal operation
Stack MAC address                  0000.cd37.0d6f (Virtual MAC)
=== 1790730802.977 14:13:22 >>> show mrp ring
Media Redundancy Protocol - Ring Information
MRP Ring 1
 Domain ID:                           ffffffff-ffff-ffff-ffff-ffffffffffff
 Domain Name:                         
 Ring Status:                         Enabled
 Running State:                       Running
 Role:                                Manager
 Network Status:                      Closed
 Port1:                               port1.0.13
  Status:                             Forwarding
 Port2:                               port4.0.26
  Status:                             Blocking
 Vlan ID:
 React on Link Change:                No
 Profile:                             200ms
  Topology Change Interval:           10ms
  Topology Change Count:              3
  Short Test Frame Interval:          10ms
  Default Test Frame Interval:        20ms
  Test Monitoring Interval Count:     3
  Test Monitoring Ext Interval Count: 3
  Non-blocking MRC Supported:         No
  Blocked port state supported:       Yes
=== 1790730804.129 14:13:24 >>> show clock
UTC Time:   Wed, 30 Sep 2026 01:14:05 +0000
Timezone: UTC
Timezone Offset: +00:00
Summer time zone: None
=== 1790730805.281 14:13:25 >>> show stack
Virtual Chassis Stacking summary information

ID   Pending ID  MAC address        Priority  Status  Role
1    -           84e3.2787.0ac0     128       Ready   Backup Member
2    -           -                  -         -       Provisioned
3    -           84e3.2787.0740     128       Ready   Active Master
4    -           84e3.2787.09c0     128       Syncing Backup Member

Operational Status                 Normal operation
Stack MAC address                  0000.cd37.0d6f (Virtual MAC)
=== 1790730806.433 14:13:26 >>> show mrp ring
Media Redundancy Protocol - Ring Information
MRP Ring 1
 Domain ID:                           ffffffff-ffff-ffff-ffff-ffffffffffff
 Domain Name:                         
 Ring Status:                         Enabled
 Running State:                       Running
 Role:                                Manager
 Network Status:                      Closed
 Port1:                               port1.0.13
  Status:                             Forwarding
 Port2:                               port4.0.26
  Status:                             Blocking
 Vlan ID:
 React on Link Change:                No
 Profile:                             200ms
  Topology Change Interval:           10ms
  Topology Change Count:              3
  Short Test Frame Interval:          10ms
  Default Test Frame Interval:        20ms
  Test Monitoring Interval Count:     3
  Test Monitoring Ext Interval Count: 3
  Non-blocking MRC Supported:         No
  Blocked port state supported:       Yes
=== 1790730807.585 14:13:27 >>> show clock
UTC Time:   Wed, 30 Sep 2026 01:14:09 +0000
Timezone: UTC
Timezone Offset: +00:00
Summer time zone: None
=== 1790730808.737 14:13:28 >>> show stack
Virtual Chassis Stacking summary information

ID   Pending ID  MAC address        Priority  Status  Role
1    -           84e3.2787.0ac0     128       Ready   Backup Member
2    -           -                  -         -       Provisioned
3    -           84e3.2787.0740     128       Ready   Active Master
4    -           84e3.2787.09c0     128       Syncing Backup Member

Operational Status                 Normal operation
Stack MAC address                  0000.cd37.0d6f (Virtual MAC)
=== 1790730809.889 14:13:29 >>> show mrp ring
Media Redundancy Protocol - Ring Information
MRP Ring 1
 Domain ID:                           ffffffff-ffff-ffff-ffff-ffffffffffff
 Domain Name:                         
 Ring Status:                         Enabled
 Running State:                       Running
 Role:                                Manager
 Network Status:                      Closed
 Port1:                               port1.0.13
  Status:                             Forwarding
 Port2:                               port4.0.26
  Status:                             Blocking
 Vlan ID:
 React on Link Change:                No
 Profile:                             200ms
  Topology Change Interval:           10ms
  Topology Change Count:              3
  Short Test Frame Interval:          10ms
  Default Test Frame Interval:        20ms
  Test Monitoring Interval Count:     3
  Test Monitoring Ext Interval Count: 3
  Non-blocking MRC Supported:         No
  Blocked port state supported:       Yes
=== 1790730811.040 14:13:31 >>> show clock
UTC Time:   Wed, 30 Sep 2026 01:14:12 +0000
Timezone: UTC
Timezone Offset: +00:00
Summer time zone: None
=== 1790730812.192 14:13:32 >>> show stack
Virtual Chassis Stacking summary information

ID   Pending ID  MAC address        Priority  Status  Role
1    -           84e3.2787.0ac0     128       Ready   Backup Member
2    -           -                  -         -       Provisioned
3    -           84e3.2787.0740     128       Ready   Active Master
4    -           84e3.2787.09c0     128       Syncing Backup Member

Operational Status                 Normal operation
Stack MAC address                  0000.cd37.0d6f (Virtual MAC)
=== 1790730813.344 14:13:33 >>> show mrp ring
Media Redundancy Protocol - Ring Information
MRP Ring 1
 Domain ID:                           ffffffff-ffff-ffff-ffff-ffffffffffff
 Domain Name:                         
 Ring Status:                         Enabled
 Running State:                       Running
 Role:                                Manager
 Network Status:                      Closed
 Port1:                               port1.0.13
  Status:                             Forwarding
 Port2:                               port4.0.26
  Status:                             Blocking
 Vlan ID:
 React on Link Change:                No
 Profile:                             200ms
  Topology Change Interval:           10ms
  Topology Change Count:              3
  Short Test Frame Interval:          10ms
  Default Test Frame Interval:        20ms
  Test Monitoring Interval Count:     3
  Test Monitoring Ext Interval Count: 3
  Non-blocking MRC Supported:         No
  Blocked port state supported:       Yes
=== 1790730814.496 14:13:34 >>> show clock
UTC Time:   Wed, 30 Sep 2026 01:14:16 +0000
Timezone: UTC
Timezone Offset: +00:00
Summer time zone: None
=== 1790730815.648 14:13:35 >>> show stack
Virtual Chassis Stacking summary information

ID   Pending ID  MAC address        Priority  Status  Role
1    -           84e3.2787.0ac0     128       Ready   Backup Member
2    -           -                  -         -       Provisioned
3    -           84e3.2787.0740     128       Ready   Active Master
4    -           84e3.2787.09c0     128       Syncing Backup Member

Operational Status                 Normal operation
Stack MAC address                  0000.cd37.0d6f (Virtual MAC)
=== 1790730816.800 14:13:36 >>> show mrp ring
Media Redundancy Protocol - Ring Information
MRP Ring 1
 Domain ID:                           ffffffff-ffff-ffff-ffff-ffffffffffff
 Domain Name:                         
 Ring Status:                         Enabled
 Running State:                       Running
 Role:                                Manager
 Network Status:                      Closed
 Port1:                               port1.0.13
  Status:                             Forwarding
 Port2:                               port4.0.26
  Status:                             Blocking
 Vlan ID:
 React on Link Change:                No
 Profile:                             200ms
  Topology Change Interval:           10ms
  Topology Change Count:              3
  Short Test Frame Interval:          10ms
  Default Test Frame Interval:        20ms
  Test Monitoring Interval Count:     3
  Test Monitoring Ext Interval Count: 3
  Non-blocking MRC Supported:         No
  Blocked port state supported:       Yes
=== 1790730817.952 14:13:37 >>> show clock
UTC Time:   Wed, 30 Sep 2026 01:14:19 +0000
Timezone: UTC
Timezone Offset: +00:00
Summer time zone: None
=== 1790730819.103 14:13:39 >>> show stack
Virtual Chassis Stacking summary information

ID   Pending ID  MAC address        Priority  Status  Role
1    -           84e3.2787.0ac0     128       Ready   Backup Member
2    -           -                  -         -       Provisioned
3    -           84e3.2787.0740     128       Ready   Active Master
4    -           84e3.2787.09c0     128       Syncing Backup Member

Operational Status                 Normal operation
Stack MAC address                  0000.cd37.0d6f (Virtual MAC)
=== 1790730820.255 14:13:40 >>> show mrp ring
Media Redundancy Protocol - Ring Information
MRP Ring 1
 Domain ID:                           ffffffff-ffff-ffff-ffff-ffffffffffff
 Domain Name:                         
 Ring Status:                         Enabled
 Running State:                       Running
 Role:                                Manager
 Network Status:                      Closed
 Port1:                               port1.0.13
  Status:                             Forwarding
 Port2:                               port4.0.26
  Status:                             Blocking
 Vlan ID:
 React on Link Change:                No
 Profile:                             200ms
  Topology Change Interval:           10ms
  Topology Change Count:              3
  Short Test Frame Interval:          10ms
  Default Test Frame Interval:        20ms
  Test Monitoring Interval Count:     3
  Test Monitoring Ext Interval Count: 3
  Non-blocking MRC Supported:         No
  Blocked port state supported:       Yes
=== 1790730821.407 14:13:41 >>> show clock
UTC Time:   Wed, 30 Sep 2026 01:14:22 +0000
Timezone: UTC
Timezone Offset: +00:00
Summer time zone: None
=== 1790730822.559 14:13:42 >>> show stack
Virtual Chassis Stacking summary information

ID   Pending ID  MAC address        Priority  Status  Role
1    -           84e3.2787.0ac0     128       Ready   Backup Member
2    -           -                  -         -       Provisioned
3    -           84e3.2787.0740     128       Ready   Active Master
4    -           84e3.2787.09c0     128       Syncing Backup Member

Operational Status                 Normal operation
Stack MAC address                  0000.cd37.0d6f (Virtual MAC)
=== 1790730823.711 14:13:43 >>> show mrp ring
Media Redundancy Protocol - Ring Information
MRP Ring 1
 Domain ID:                           ffffffff-ffff-ffff-ffff-ffffffffffff
 Domain Name:                         
 Ring Status:                         Enabled
 Running State:                       Running
 Role:                                Manager
 Network Status:                      Closed
 Port1:                               port1.0.13
  Status:                             Forwarding
 Port2:                               port4.0.26
  Status:                             Blocking
 Vlan ID:
 React on Link Change:                No
 Profile:                             200ms
  Topology Change Interval:           10ms
  Topology Change Count:              3
  Short Test Frame Interval:          10ms
  Default Test Frame Interval:        20ms
  Test Monitoring Interval Count:     3
  Test Monitoring Ext Interval Count: 3
  Non-blocking MRC Supported:         No
  Blocked port state supported:       Yes
=== 1790730824.863 14:13:44 >>> show clock
UTC Time:   Wed, 30 Sep 2026 01:14:26 +0000
Timezone: UTC
Timezone Offset: +00:00
Summer time zone: None
=== 1790730826.014 14:13:46 >>> show stack
Virtual Chassis Stacking summary information

ID   Pending ID  MAC address        Priority  Status  Role
1    -           84e3.2787.0ac0     128       Ready   Backup Member
2    -           -                  -         -       Provisioned
3    -           84e3.2787.0740     128       Ready   Active Master
4    -           84e3.2787.09c0     128       Syncing Backup Member

Operational Status                 Normal operation
Stack MAC address                  0000.cd37.0d6f (Virtual MAC)
=== 1790730827.166 14:13:47 >>> show mrp ring
Media Redundancy Protocol - Ring Information
MRP Ring 1
 Domain ID:                           ffffffff-ffff-ffff-ffff-ffffffffffff
 Domain Name:                         
 Ring Status:                         Enabled
 Running State:                       Running
 Role:                                Manager
 Network Status:                      Closed
 Port1:                               port1.0.13
  Status:                             Forwarding
 Port2:                               port4.0.26
  Status:                             Blocking
 Vlan ID:
 React on Link Change:                No
 Profile:                             200ms
  Topology Change Interval:           10ms
  Topology Change Count:              3
  Short Test Frame Interval:          10ms
  Default Test Frame Interval:        20ms
  Test Monitoring Interval Count:     3
  Test Monitoring Ext Interval Count: 3
  Non-blocking MRC Supported:         No
  Blocked port state supported:       Yes
=== 1790730828.318 14:13:48 >>> show clock
UTC Time:   Wed, 30 Sep 2026 01:14:29 +0000
Timezone: UTC
Timezone Offset: +00:00
Summer time zone: None
=== 1790730829.470 14:13:49 >>> show stack
Virtual Chassis Stacking summary information

ID   Pending ID  MAC address        Priority  Status  Role
1    -           84e3.2787.0ac0     128       Ready   Backup Member
2    -           -                  -         -       Provisioned
3    -           84e3.2787.0740     128       Ready   Active Master
4    -           84e3.2787.09c0     128       Syncing Backup Member

Operational Status                 Normal operation
Stack MAC address                  0000.cd37.0d6f (Virtual MAC)
=== 1790730830.622 14:13:50 >>> show mrp ring
Media Redundancy Protocol - Ring Information
MRP Ring 1
 Domain ID:                           ffffffff-ffff-ffff-ffff-ffffffffffff
 Domain Name:                         
 Ring Status:                         Enabled
 Running State:                       Running
 Role:                                Manager
 Network Status:                      Closed
 Port1:                               port1.0.13
  Status:                             Forwarding
 Port2:                               port4.0.26
  Status:                             Blocking
 Vlan ID:
 React on Link Change:                No
 Profile:                             200ms
  Topology Change Interval:           10ms
  Topology Change Count:              3
  Short Test Frame Interval:          10ms
  Default Test Frame Interval:        20ms
  Test Monitoring Interval Count:     3
  Test Monitoring Ext Interval Count: 3
  Non-blocking MRC Supported:         No
  Blocked port state supported:       Yes
=== 1790730831.774 14:13:51 >>> show clock
UTC Time:   Wed, 30 Sep 2026 01:14:33 +0000
Timezone: UTC
Timezone Offset: +00:00
Summer time zone: None
=== 1790730832.925 14:13:52 >>> show stack
Virtual Chassis Stacking summary information

ID   Pending ID  MAC address        Priority  Status  Role
1    -           84e3.2787.0ac0     128       Ready   Backup Member
2    -           -                  -         -       Provisioned
3    -           84e3.2787.0740     128       Ready   Active Master
4    -           84e3.2787.09c0     128       Syncing Backup Member

Operational Status                 Normal operation
Stack MAC address                  0000.cd37.0d6f (Virtual MAC)
=== 1790730834.077 14:13:54 >>> show mrp ring
Media Redundancy Protocol - Ring Information
MRP Ring 1
 Domain ID:                           ffffffff-ffff-ffff-ffff-ffffffffffff
 Domain Name:                         
 Ring Status:                         Enabled
 Running State:                       Running
 Role:                                Manager
 Network Status:                      Closed
 Port1:                               port1.0.13
  Status:                             Forwarding
 Port2:                               port4.0.26
  Status:                             Blocking
 Vlan ID:
 React on Link Change:                No
 Profile:                             200ms
  Topology Change Interval:           10ms
  Topology Change Count:              3
  Short Test Frame Interval:          10ms
  Default Test Frame Interval:        20ms
  Test Monitoring Interval Count:     3
  Test Monitoring Ext Interval Count: 3
  Non-blocking MRC Supported:         No
  Blocked port state supported:       Yes
=== 1790730835.229 14:13:55 >>> show clock
UTC Time:   Wed, 30 Sep 2026 01:14:36 +0000
Timezone: UTC
Timezone Offset: +00:00
Summer time zone: None
=== 1790730836.381 14:13:56 >>> show stack
Virtual Chassis Stacking summary information

ID   Pending ID  MAC address        Priority  Status  Role
1    -           84e3.2787.0ac0     128       Ready   Backup Member
2    -           -                  -         -       Provisioned
3    -           84e3.2787.0740     128       Ready   Active Master
4    -           84e3.2787.09c0     128       Syncing Backup Member

Operational Status                 Normal operation
Stack MAC address                  0000.cd37.0d6f (Virtual MAC)
=== 1790730837.533 14:13:57 >>> show mrp ring
Media Redundancy Protocol - Ring Information
MRP Ring 1
 Domain ID:                           ffffffff-ffff-ffff-ffff-ffffffffffff
 Domain Name:                         
 Ring Status:                         Enabled
 Running State:                       Running
 Role:                                Manager
 Network Status:                      Closed
 Port1:                               port1.0.13
  Status:                             Forwarding
 Port2:                               port4.0.26
  Status:                             Blocking
 Vlan ID:
 React on Link Change:                No
 Profile:                             200ms
  Topology Change Interval:           10ms
  Topology Change Count:              3
  Short Test Frame Interval:          10ms
  Default Test Frame Interval:        20ms
  Test Monitoring Interval Count:     3
  Test Monitoring Ext Interval Count: 3
  Non-blocking MRC Supported:         No
  Blocked port state supported:       Yes
=== 1790730838.684 14:13:58 >>> show clock
UTC Time:   Wed, 30 Sep 2026 01:14:40 +0000
Timezone: UTC
Timezone Offset: +00:00
Summer time zone: None
=== 1790730839.836 14:13:59 >>> show stack
Virtual Chassis Stacking summary information

ID   Pending ID  MAC address        Priority  Status  Role
1    -           84e3.2787.0ac0     128       Ready   Backup Member
2    -           -                  -         -       Provisioned
3    -           84e3.2787.0740     128       Ready   Active Master
4    -           84e3.2787.09c0     128       Syncing Backup Member

Operational Status                 Normal operation
Stack MAC address                  0000.cd37.0d6f (Virtual MAC)
=== 1790730840.988 14:14:00 >>> show mrp ring
Media Redundancy Protocol - Ring Information
MRP Ring 1
 Domain ID:                           ffffffff-ffff-ffff-ffff-ffffffffffff
 Domain Name:                         
 Ring Status:                         Enabled
 Running State:                       Running
 Role:                                Manager
 Network Status:                      Closed
 Port1:                               port1.0.13
  Status:                             Forwarding
 Port2:                               port4.0.26
  Status:                             Blocking
 Vlan ID:
 React on Link Change:                No
 Profile:                             200ms
  Topology Change Interval:           10ms
  Topology Change Count:              3
  Short Test Frame Interval:          10ms
  Default Test Frame Interval:        20ms
  Test Monitoring Interval Count:     3
  Test Monitoring Ext Interval Count: 3
  Non-blocking MRC Supported:         No
  Blocked port state supported:       Yes
=== 1790730842.140 14:14:02 >>> show clock
UTC Time:   Wed, 30 Sep 2026 01:14:43 +0000
Timezone: UTC
Timezone Offset: +00:00
Summer time zone: None
=== 1790730843.292 14:14:03 >>> show stack
Virtual Chassis Stacking summary information

ID   Pending ID  MAC address        Priority  Status  Role
1    -           84e3.2787.0ac0     128       Ready   Backup Member
2    -           -                  -         -       Provisioned
3    -           84e3.2787.0740     128       Ready   Active Master
4    -           84e3.2787.09c0     128       Syncing Backup Member

Operational Status                 Normal operation
Stack MAC address                  0000.cd37.0d6f (Virtual MAC)
=== 1790730844.444 14:14:04 >>> show mrp ring
Media Redundancy Protocol - Ring Information
MRP Ring 1
 Domain ID:                           ffffffff-ffff-ffff-ffff-ffffffffffff
 Domain Name:                         
 Ring Status:                         Enabled
 Running State:                       Running
 Role:                                Manager
 Network Status:                      Closed
 Port1:                               port1.0.13
  Status:                             Forwarding
 Port2:                               port4.0.26
  Status:                             Blocking
 Vlan ID:
 React on Link Change:                No
 Profile:                             200ms
  Topology Change Interval:           10ms
  Topology Change Count:              3
  Short Test Frame Interval:          10ms
  Default Test Frame Interval:        20ms
  Test Monitoring Interval Count:     3
  Test Monitoring Ext Interval Count: 3
  Non-blocking MRC Supported:         No
  Blocked port state supported:       Yes
=== 1790730845.596 14:14:05 >>> show clock
UTC Time:   Wed, 30 Sep 2026 01:14:47 +0000
Timezone: UTC
Timezone Offset: +00:00
Summer time zone: None
=== 1790730846.747 14:14:06 >>> show stack
Virtual Chassis Stacking summary information

ID   Pending ID  MAC address        Priority  Status  Role
1    -           84e3.2787.0ac0     128       Ready   Backup Member
2    -           -                  -         -       Provisioned
3    -           84e3.2787.0740     128       Ready   Active Master
4    -           84e3.2787.09c0     128       Syncing Backup Member

Operational Status                 Normal operation
Stack MAC address                  0000.cd37.0d6f (Virtual MAC)
=== 1790730847.899 14:14:07 >>> show mrp ring
Media Redundancy Protocol - Ring Information
MRP Ring 1
 Domain ID:                           ffffffff-ffff-ffff-ffff-ffffffffffff
 Domain Name:                         
 Ring Status:                         Enabled
 Running State:                       Running
 Role:                                Manager
 Network Status:                      Closed
 Port1:                               port1.0.13
  Status:                             Forwarding
 Port2:                               port4.0.26
  Status:                             Blocking
 Vlan ID:
 React on Link Change:                No
 Profile:                             200ms
  Topology Change Interval:           10ms
  Topology Change Count:              3
  Short Test Frame Interval:          10ms
  Default Test Frame Interval:        20ms
  Test Monitoring Interval Count:     3
  Test Monitoring Ext Interval Count: 3
  Non-blocking MRC Supported:         No
  Blocked port state supported:       Yes
=== 1790730849.051 14:14:09 >>> show clock
UTC Time:   Wed, 30 Sep 2026 01:14:50 +0000
Timezone: UTC
Timezone Offset: +00:00
Summer time zone: None
=== 1790730850.203 14:14:10 >>> show stack
Virtual Chassis Stacking summary information

ID   Pending ID  MAC address        Priority  Status  Role
1    -           84e3.2787.0ac0     128       Ready   Backup Member
2    -           -                  -         -       Provisioned
3    -           84e3.2787.0740     128       Ready   Active Master
4    -           84e3.2787.09c0     128       Syncing Backup Member

Operational Status                 Normal operation
Stack MAC address                  0000.cd37.0d6f (Virtual MAC)
=== 1790730851.355 14:14:11 >>> show mrp ring
Media Redundancy Protocol - Ring Information
MRP Ring 1
 Domain ID:                           ffffffff-ffff-ffff-ffff-ffffffffffff
 Domain Name:                         
 Ring Status:                         Enabled
 Running State:                       Running
 Role:                                Manager
 Network Status:                      Closed
 Port1:                               port1.0.13
  Status:                             Forwarding
 Port2:                               port4.0.26
  Status:                             Blocking
 Vlan ID:
 React on Link Change:                No
 Profile:                             200ms
  Topology Change Interval:           10ms
  Topology Change Count:              3
  Short Test Frame Interval:          10ms
  Default Test Frame Interval:        20ms
  Test Monitoring Interval Count:     3
  Test Monitoring Ext Interval Count: 3
  Non-blocking MRC Supported:         No
  Blocked port state supported:       Yes
=== 1790730852.507 14:14:12 >>> show clock
UTC Time:   Wed, 30 Sep 2026 01:14:54 +0000
Timezone: UTC
Timezone Offset: +00:00
Summer time zone: None
=== 1790730853.658 14:14:13 >>> show stack
Virtual Chassis Stacking summary information

ID   Pending ID  MAC address        Priority  Status  Role
1    -           84e3.2787.0ac0     128       Ready   Backup Member
2    -           -                  -         -       Provisioned
3    -           84e3.2787.0740     128       Ready   Active Master
4    -           84e3.2787.09c0     128       Syncing Backup Member

Operational Status                 Normal operation
Stack MAC address                  0000.cd37.0d6f (Virtual MAC)
=== 1790730854.810 14:14:14 >>> show mrp ring
Media Redundancy Protocol - Ring Information
MRP Ring 1
 Domain ID:                           ffffffff-ffff-ffff-ffff-ffffffffffff
 Domain Name:                         
 Ring Status:                         Enabled
 Running State:                       Running
 Role:                                Manager
 Network Status:                      Closed
 Port1:                               port1.0.13
  Status:                             Forwarding
 Port2:                               port4.0.26
  Status:                             Blocking
 Vlan ID:
 React on Link Change:                No
 Profile:                             200ms
  Topology Change Interval:           10ms
  Topology Change Count:              3
  Short Test Frame Interval:          10ms
  Default Test Frame Interval:        20ms
  Test Monitoring Interval Count:     3
  Test Monitoring Ext Interval Count: 3
  Non-blocking MRC Supported:         No
  Blocked port state supported:       Yes
=== 1790730855.962 14:14:15 >>> show clock
UTC Time:   Wed, 30 Sep 2026 01:14:57 +0000
Timezone: UTC
Timezone Offset: +00:00
Summer time zone: None
=== 1790730857.114 14:14:17 >>> show stack
Virtual Chassis Stacking summary information

ID   Pending ID  MAC address        Priority  Status  Role
1    -           84e3.2787.0ac0     128       Ready   Backup Member
2    -           -                  -         -       Provisioned
3    -           84e3.2787.0740     128       Ready   Active Master
4    -           84e3.2787.09c0     128       Syncing Backup Member

Operational Status                 Normal operation
Stack MAC address                  0000.cd37.0d6f (Virtual MAC)
=== 1790730858.266 14:14:18 >>> show mrp ring
Media Redundancy Protocol - Ring Information
MRP Ring 1
 Domain ID:                           ffffffff-ffff-ffff-ffff-ffffffffffff
 Domain Name:                         
 Ring Status:                         Enabled
 Running State:                       Running
 Role:                                Manager
 Network Status:                      Closed
 Port1:                               port1.0.13
  Status:                             Forwarding
 Port2:                               port4.0.26
  Status:                             Blocking
 Vlan ID:
 React on Link Change:                No
 Profile:                             200ms
  Topology Change Interval:           10ms
  Topology Change Count:              3
  Short Test Frame Interval:          10ms
  Default Test Frame Interval:        20ms
  Test Monitoring Interval Count:     3
  Test Monitoring Ext Interval Count: 3
  Non-blocking MRC Supported:         No
  Blocked port state supported:       Yes
=== 1790730859.418 14:14:19 >>> show clock
UTC Time:   Wed, 30 Sep 2026 01:15:01 +0000
Timezone: UTC
Timezone Offset: +00:00
Summer time zone: None
=== 1790730860.569 14:14:20 >>> show stack
Virtual Chassis Stacking summary information

ID   Pending ID  MAC address        Priority  Status  Role
1    -           84e3.2787.0ac0     128       Ready   Backup Member
2    -           -                  -         -       Provisioned
3    -           84e3.2787.0740     128       Ready   Active Master
4    -           84e3.2787.09c0     128       Syncing Backup Member

Operational Status                 Normal operation
Stack MAC address                  0000.cd37.0d6f (Virtual MAC)
=== 1790730861.721 14:14:21 >>> show mrp ring
Media Redundancy Protocol - Ring Information
MRP Ring 1
 Domain ID:                           ffffffff-ffff-ffff-ffff-ffffffffffff
 Domain Name:                         
 Ring Status:                         Enabled
 Running State:                       Running
 Role:                                Manager
 Network Status:                      Closed
 Port1:                               port1.0.13
  Status:                             Forwarding
 Port2:                               port4.0.26
  Status:                             Blocking
 Vlan ID:
 React on Link Change:                No
 Profile:                             200ms
  Topology Change Interval:           10ms
  Topology Change Count:              3
  Short Test Frame Interval:          10ms
  Default Test Frame Interval:        20ms
  Test Monitoring Interval Count:     3
  Test Monitoring Ext Interval Count: 3
  Non-blocking MRC Supported:         No
  Blocked port state supported:       Yes
=== 1790730862.873 14:14:22 >>> show clock
UTC Time:   Wed, 30 Sep 2026 01:15:04 +0000
Timezone: UTC
Timezone Offset: +00:00
Summer time zone: None
=== 1790730864.025 14:14:24 >>> show stack
Virtual Chassis Stacking summary information

ID   Pending ID  MAC address        Priority  Status  Role
1    -           84e3.2787.0ac0     128       Ready   Backup Member
2    -           -                  -         -       Provisioned
3    -           84e3.2787.0740     128       Ready   Active Master
4    -           84e3.2787.09c0     128       Syncing Backup Member

Operational Status                 Normal operation
Stack MAC address                  0000.cd37.0d6f (Virtual MAC)
=== 1790730865.177 14:14:25 >>> show mrp ring
Media Redundancy Protocol - Ring Information
MRP Ring 1
 Domain ID:                           ffffffff-ffff-ffff-ffff-ffffffffffff
 Domain Name:                         
 Ring Status:                         Enabled
 Running State:                       Running
 Role:                                Manager
 Network Status:                      Closed
 Port1:                               port1.0.13
  Status:                             Forwarding
 Port2:                               port4.0.26
  Status:                             Blocking
 Vlan ID:
 React on Link Change:                No
 Profile:                             200ms
  Topology Change Interval:           10ms
  Topology Change Count:              3
  Short Test Frame Interval:          10ms
  Default Test Frame Interval:        20ms
  Test Monitoring Interval Count:     3
  Test Monitoring Ext Interval Count: 3
  Non-blocking MRC Supported:         No
  Blocked port state supported:       Yes
=== 1790730866.329 14:14:26 >>> show clock
UTC Time:   Wed, 30 Sep 2026 01:15:07 +0000
Timezone: UTC
Timezone Offset: +00:00
Summer time zone: None
=== 1790730867.481 14:14:27 >>> show stack
Virtual Chassis Stacking summary information

ID   Pending ID  MAC address        Priority  Status  Role
1    -           84e3.2787.0ac0     128       Ready   Backup Member
2    -           -                  -         -       Provisioned
3    -           84e3.2787.0740     128       Ready   Active Master
4    -           84e3.2787.09c0     128       Syncing Backup Member

Operational Status                 Normal operation
Stack MAC address                  0000.cd37.0d6f (Virtual MAC)
=== 1790730868.633 14:14:28 >>> show mrp ring
Media Redundancy Protocol - Ring Information
MRP Ring 1
 Domain ID:                           ffffffff-ffff-ffff-ffff-ffffffffffff
 Domain Name:                         
 Ring Status:                         Enabled
 Running State:                       Running
 Role:                                Manager
 Network Status:                      Closed
 Port1:                               port1.0.13
  Status:                             Forwarding
 Port2:                               port4.0.26
  Status:                             Blocking
 Vlan ID:
 React on Link Change:                No
 Profile:                             200ms
  Topology Change Interval:           10ms
  Topology Change Count:              3
  Short Test Frame Interval:          10ms
  Default Test Frame Interval:        20ms
  Test Monitoring Interval Count:     3
  Test Monitoring Ext Interval Count: 3
  Non-blocking MRC Supported:         No
  Blocked port state supported:       Yes
=== 1790730869.784 14:14:29 >>> show clock
UTC Time:   Wed, 30 Sep 2026 01:15:11 +0000
Timezone: UTC
Timezone Offset: +00:00
Summer time zone: None
=== 1790730870.936 14:14:30 >>> show stack
Virtual Chassis Stacking summary information

ID   Pending ID  MAC address        Priority  Status  Role
1    -           84e3.2787.0ac0     128       Ready   Backup Member
2    -           -                  -         -       Provisioned
3    -           84e3.2787.0740     128       Ready   Active Master
4    -           84e3.2787.09c0     128       Syncing Backup Member

Operational Status                 Normal operation
Stack MAC address                  0000.cd37.0d6f (Virtual MAC)
=== 1790730872.088 14:14:32 >>> show mrp ring
Media Redundancy Protocol - Ring Information
MRP Ring 1
 Domain ID:                           ffffffff-ffff-ffff-ffff-ffffffffffff
 Domain Name:                         
 Ring Status:                         Enabled
 Running State:                       Running
 Role:                                Manager
 Network Status:                      Closed
 Port1:                               port1.0.13
  Status:                             Forwarding
 Port2:                               port4.0.26
  Status:                             Blocking
 Vlan ID:
 React on Link Change:                No
 Profile:                             200ms
  Topology Change Interval:           10ms
  Topology Change Count:              3
  Short Test Frame Interval:          10ms
  Default Test Frame Interval:        20ms
  Test Monitoring Interval Count:     3
  Test Monitoring Ext Interval Count: 3
  Non-blocking MRC Supported:         No
  Blocked port state supported:       Yes
=== 1790730873.240 14:14:33 >>> show clock
UTC Time:   Wed, 30 Sep 2026 01:15:14 +0000
Timezone: UTC
Timezone Offset: +00:00
Summer time zone: None
=== 1790730874.392 14:14:34 >>> show stack
Virtual Chassis Stacking summary information

ID   Pending ID  MAC address        Priority  Status  Role
1    -           84e3.2787.0ac0     128       Ready   Backup Member
2    -           -                  -         -       Provisioned
3    -           84e3.2787.0740     128       Ready   Active Master
4    -           84e3.2787.09c0     128       Syncing Backup Member

Operational Status                 Normal operation
Stack MAC address                  0000.cd37.0d6f (Virtual MAC)
=== 1790730875.544 14:14:35 >>> show mrp ring
Media Redundancy Protocol - Ring Information
MRP Ring 1
 Domain ID:                           ffffffff-ffff-ffff-ffff-ffffffffffff
 Domain Name:                         
 Ring Status:                         Enabled
 Running State:                       Running
 Role:                                Manager
 Network Status:                      Closed
 Port1:                               port1.0.13
  Status:                             Forwarding
 Port2:                               port4.0.26
  Status:                             Blocking
 Vlan ID:
 React on Link Change:                No
 Profile:                             200ms
  Topology Change Interval:           10ms
  Topology Change Count:              3
  Short Test Frame Interval:          10ms
  Default Test Frame Interval:        20ms
  Test Monitoring Interval Count:     3
  Test Monitoring Ext Interval Count: 3
  Non-blocking MRC Supported:         No
  Blocked port state supported:       Yes
=== 1790730876.696 14:14:36 >>> show clock
UTC Time:   Wed, 30 Sep 2026 01:15:18 +0000
Timezone: UTC
Timezone Offset: +00:00
Summer time zone: None
=== 1790730877.847 14:14:37 >>> show stack
Virtual Chassis Stacking summary information

ID   Pending ID  MAC address        Priority  Status  Role
1    -           84e3.2787.0ac0     128       Ready   Backup Member
2    -           -                  -         -       Provisioned
3    -           84e3.2787.0740     128       Ready   Active Master
4    -           84e3.2787.09c0     128       Syncing Backup Member

Operational Status                 Normal operation
Stack MAC address                  0000.cd37.0d6f (Virtual MAC)
=== 1790730878.999 14:14:38 >>> show mrp ring
Media Redundancy Protocol - Ring Information
MRP Ring 1
 Domain ID:                           ffffffff-ffff-ffff-ffff-ffffffffffff
 Domain Name:                         
 Ring Status:                         Enabled
 Running State:                       Running
 Role:                                Manager
 Network Status:                      Closed
 Port1:                               port1.0.13
  Status:                             Forwarding
 Port2:                               port4.0.26
  Status:                             Blocking
 Vlan ID:
 React on Link Change:                No
 Profile:                             200ms
  Topology Change Interval:           10ms
  Topology Change Count:              3
  Short Test Frame Interval:          10ms
  Default Test Frame Interval:        20ms
  Test Monitoring Interval Count:     3
  Test Monitoring Ext Interval Count: 3
  Non-blocking MRC Supported:         No
  Blocked port state supported:       Yes
=== 1790730880.151 14:14:40 >>> show clock
UTC Time:   Wed, 30 Sep 2026 01:15:21 +0000
Timezone: UTC
Timezone Offset: +00:00
Summer time zone: None
=== 1790730881.303 14:14:41 >>> show stack
Virtual Chassis Stacking summary information

ID   Pending ID  MAC address        Priority  Status  Role
1    -           84e3.2787.0ac0     128       Ready   Backup Member
2    -           -                  -         -       Provisioned
3    -           84e3.2787.0740     128       Ready   Active Master
4    -           84e3.2787.09c0     128       Syncing Backup Member

Operational Status                 Normal operation
Stack MAC address                  0000.cd37.0d6f (Virtual MAC)
=== 1790730882.455 14:14:42 >>> show mrp ring
Media Redundancy Protocol - Ring Information
MRP Ring 1
 Domain ID:                           ffffffff-ffff-ffff-ffff-ffffffffffff
 Domain Name:                         
 Ring Status:                         Enabled
 Running State:                       Running
 Role:                                Manager
 Network Status:                      Closed
 Port1:                               port1.0.13
  Status:                             Forwarding
 Port2:                               port4.0.26
  Status:                             Blocking
 Vlan ID:
 React on Link Change:                No
 Profile:                             200ms
  Topology Change Interval:           10ms
  Topology Change Count:              3
  Short Test Frame Interval:          10ms
  Default Test Frame Interval:        20ms
  Test Monitoring Interval Count:     3
  Test Monitoring Ext Interval Count: 3
  Non-blocking MRC Supported:         No
  Blocked port state supported:       Yes
=== 1790730883.607 14:14:43 >>> show clock
UTC Time:   Wed, 30 Sep 2026 01:15:25 +0000
Timezone: UTC
Timezone Offset: +00:00
Summer time zone: None
=== 1790730884.758 14:14:44 >>> show stack
Virtual Chassis Stacking summary information

ID   Pending ID  MAC address        Priority  Status  Role
1    -           84e3.2787.0ac0     128       Ready   Backup Member
2    -           -                  -         -       Provisioned
3    -           84e3.2787.0740     128       Ready   Active Master
4    -           84e3.2787.09c0     128       Syncing Backup Member

Operational Status                 Normal operation
Stack MAC address                  0000.cd37.0d6f (Virtual MAC)
=== 1790730885.910 14:14:45 >>> show mrp ring
Media Redundancy Protocol - Ring Information
MRP Ring 1
 Domain ID:                           ffffffff-ffff-ffff-ffff-ffffffffffff
 Domain Name:                         
 Ring Status:                         Enabled
 Running State:                       Running
 Role:                                Manager
 Network Status:                      Closed
 Port1:                               port1.0.13
  Status:                             Forwarding
 Port2:                               port4.0.26
  Status:                             Blocking
 Vlan ID:
 React on Link Change:                No
 Profile:                             200ms
  Topology Change Interval:           10ms
  Topology Change Count:              3
  Short Test Frame Interval:          10ms
  Default Test Frame Interval:        20ms
  Test Monitoring Interval Count:     3
  Test Monitoring Ext Interval Count: 3
  Non-blocking MRC Supported:         No
  Blocked port state supported:       Yes
=== 1790730887.062 14:14:47 >>> show clock
UTC Time:   Wed, 30 Sep 2026 01:15:28 +0000
Timezone: UTC
Timezone Offset: +00:00
Summer time zone: None
=== 1790730888.214 14:14:48 >>> show stack
Virtual Chassis Stacking summary information

ID   Pending ID  MAC address        Priority  Status  Role
1    -           84e3.2787.0ac0     128       Ready   Backup Member
2    -           -                  -         -       Provisioned
3    -           84e3.2787.0740     128       Ready   Active Master
4    -           84e3.2787.09c0     128       Syncing Backup Member

Operational Status                 Normal operation
Stack MAC address                  0000.cd37.0d6f (Virtual MAC)
=== 1790730889.366 14:14:49 >>> show mrp ring
Media Redundancy Protocol - Ring Information
MRP Ring 1
 Domain ID:                           ffffffff-ffff-ffff-ffff-ffffffffffff
 Domain Name:                         
 Ring Status:                         Enabled
 Running State:                       Running
 Role:                                Manager
 Network Status:                      Closed
 Port1:                               port1.0.13
  Status:                             Forwarding
 Port2:                               port4.0.26
  Status:                             Blocking
 Vlan ID:
 React on Link Change:                No
 Profile:                             200ms
  Topology Change Interval:           10ms
  Topology Change Count:              3
  Short Test Frame Interval:          10ms
  Default Test Frame Interval:        20ms
  Test Monitoring Interval Count:     3
  Test Monitoring Ext Interval Count: 3
  Non-blocking MRC Supported:         No
  Blocked port state supported:       Yes
=== 1790730890.518 14:14:50 >>> show clock
UTC Time:   Wed, 30 Sep 2026 01:15:32 +0000
Timezone: UTC
Timezone Offset: +00:00
Summer time zone: None
=== 1790730891.670 14:14:51 >>> show stack
Virtual Chassis Stacking summary information

ID   Pending ID  MAC address        Priority  Status  Role
1    -           84e3.2787.0ac0     128       Ready   Backup Member
2    -           -                  -         -       Provisioned
3    -           84e3.2787.0740     128       Ready   Active Master
4    -           84e3.2787.09c0     128       Ready   Backup Member

Operational Status                 Normal operation
Stack MAC address                  0000.cd37.0d6f (Virtual MAC)
=== 1790730892.822 14:14:52 >>> show mrp ring
Media Redundancy Protocol - Ring Information
MRP Ring 1
 Domain ID:                           ffffffff-ffff-ffff-ffff-ffffffffffff
 Domain Name:                         
 Ring Status:                         Enabled
 Running State:                       Running
 Role:                                Manager
 Network Status:                      Closed
 Port1:                               port1.0.13
  Status:                             Forwarding
 Port2:                               port4.0.26
  Status:                             Blocking
 Vlan ID:
 React on Link Change:                No
 Profile:                             200ms
  Topology Change Interval:           10ms
  Topology Change Count:              3
  Short Test Frame Interval:          10ms
  Default Test Frame Interval:        20ms
  Test Monitoring Interval Count:     3
  Test Monitoring Ext Interval Count: 3
  Non-blocking MRC Supported:         No
  Blocked port state supported:       Yes
=== 1790730893.973 14:14:53 >>> show clock
UTC Time:   Wed, 30 Sep 2026 01:15:35 +0000
Timezone: UTC
Timezone Offset: +00:00
Summer time zone: None
=== 1790730895.125 14:14:55 >>> show stack
Virtual Chassis Stacking summary information

ID   Pending ID  MAC address        Priority  Status  Role
1    -           84e3.2787.0ac0     128       Ready   Backup Member
2    -           -                  -         -       Provisioned
3    -           84e3.2787.0740     128       Ready   Active Master
4    -           84e3.2787.09c0     128       Ready   Backup Member

Operational Status                 Normal operation
Stack MAC address                  0000.cd37.0d6f (Virtual MAC)
=== 1790730896.277 14:14:56 >>> show mrp ring
Media Redundancy Protocol - Ring Information
MRP Ring 1
 Domain ID:                           ffffffff-ffff-ffff-ffff-ffffffffffff
 Domain Name:                         
 Ring Status:                         Enabled
 Running State:                       Running
 Role:                                Manager
 Network Status:                      Closed
 Port1:                               port1.0.13
  Status:                             Forwarding
 Port2:                               port4.0.26
  Status:                             Blocking
 Vlan ID:
 React on Link Change:                No
 Profile:                             200ms
  Topology Change Interval:           10ms
  Topology Change Count:              3
  Short Test Frame Interval:          10ms
  Default Test Frame Interval:        20ms
  Test Monitoring Interval Count:     3
  Test Monitoring Ext Interval Count: 3
  Non-blocking MRC Supported:         No
  Blocked port state supported:       Yes
=== 1790730897.429 14:14:57 >>> show clock
UTC Time:   Wed, 30 Sep 2026 01:15:39 +0000
Timezone: UTC
Timezone Offset: +00:00
Summer time zone: None
=== 1790730898.581 14:14:58 >>> show stack
Virtual Chassis Stacking summary information

ID   Pending ID  MAC address        Priority  Status  Role
1    -           84e3.2787.0ac0     128       Ready   Backup Member
2    -           -                  -         -       Provisioned
3    -           84e3.2787.0740     128       Ready   Active Master
4    -           84e3.2787.09c0     128       Ready   Backup Member

Operational Status                 Normal operation
Stack MAC address                  0000.cd37.0d6f (Virtual MAC)
=== 1790730899.733 14:14:59 >>> show mrp ring
Media Redundancy Protocol - Ring Information
MRP Ring 1
 Domain ID:                           ffffffff-ffff-ffff-ffff-ffffffffffff
 Domain Name:                         
 Ring Status:                         Enabled
 Running State:                       Running
 Role:                                Manager
 Network Status:                      Closed
 Port1:                               port1.0.13
  Status:                             Forwarding
 Port2:                               port4.0.26
  Status:                             Blocking
 Vlan ID:
 React on Link Change:                No
 Profile:                             200ms
  Topology Change Interval:           10ms
  Topology Change Count:              3
  Short Test Frame Interval:          10ms
  Default Test Frame Interval:        20ms
  Test Monitoring Interval Count:     3
  Test Monitoring Ext Interval Count: 3
  Non-blocking MRC Supported:         No
  Blocked port state supported:       Yes
=== 1790730900.884 14:15:00 >>> show clock
UTC Time:   Wed, 30 Sep 2026 01:15:42 +0000
Timezone: UTC
Timezone Offset: +00:00
Summer time zone: None
=== 1790730902.036 14:15:02 >>> show stack
Virtual Chassis Stacking summary information

ID   Pending ID  MAC address        Priority  Status  Role
1    -           84e3.2787.0ac0     128       Ready   Backup Member
2    -           -                  -         -       Provisioned
3    -           84e3.2787.0740     128       Ready   Active Master
4    -           84e3.2787.09c0     128       Ready   Backup Member

Operational Status                 Normal operation
Stack MAC address                  0000.cd37.0d6f (Virtual MAC)
=== 1790730903.188 14:15:03 >>> show mrp ring
Media Redundancy Protocol - Ring Information
MRP Ring 1
 Domain ID:                           ffffffff-ffff-ffff-ffff-ffffffffffff
 Domain Name:                         
 Ring Status:                         Enabled
 Running State:                       Running
 Role:                                Manager
 Network Status:                      Closed
 Port1:                               port1.0.13
  Status:                             Forwarding
 Port2:                               port4.0.26
  Status:                             Blocking
 Vlan ID:
 React on Link Change:                No
 Profile:                             200ms
  Topology Change Interval:           10ms
  Topology Change Count:              3
  Short Test Frame Interval:          10ms
  Default Test Frame Interval:        20ms
  Test Monitoring Interval Count:     3
  Test Monitoring Ext Interval Count: 3
  Non-blocking MRC Supported:         No
  Blocked port state supported:       Yes
=== 1790730904.340 14:15:04 >>> show clock
UTC Time:   Wed, 30 Sep 2026 01:15:45 +0000
Timezone: UTC
Timezone Offset: +00:00
Summer time zone: None
=== 1790730905.492 14:15:05 >>> show stack
Virtual Chassis Stacking summary information

ID   Pending ID  MAC address        Priority  Status  Role
1    -           84e3.2787.0ac0     128       Ready   Backup Member
2    -           -                  -         -       Provisioned
3    -           84e3.2787.0740     128       Ready   Active Master
4    -           84e3.2787.09c0     128       Ready   Backup Member

Operational Status                 Normal operation
Stack MAC address                  0000.cd37.0d6f (Virtual MAC)
=== 1790730906.644 14:15:06 >>> show mrp ring
Media Redundancy Protocol - Ring Information
MRP Ring 1
 Domain ID:                           ffffffff-ffff-ffff-ffff-ffffffffffff
 Domain Name:                         
 Ring Status:                         Enabled
 Running State:                       Running
 Role:                                Manager
 Network Status:                      Closed
 Port1:                               port1.0.13
  Status:                             Forwarding
 Port2:                               port4.0.26
  Status:                             Blocking
 Vlan ID:
 React on Link Change:                No
 Profile:                             200ms
  Topology Change Interval:           10ms
  Topology Change Count:              3
  Short Test Frame Interval:          10ms
  Default Test Frame Interval:        20ms
  Test Monitoring Interval Count:     3
  Test Monitoring Ext Interval Count: 3
  Non-blocking MRC Supported:         No
  Blocked port state supported:       Yes
