15:03:09: ================ PowerGroup has been initialised ================
15:03:09: ======== Turning PowerGroup on
15:03:09: PowerGroup._pdu_cmd(on, [4], 3) called
15:03:09: Waiting for pdu lock
15:03:09: ...lock acquired
15:03:09: Power outlets are already in the desired state
15:03:09: ...lock released
15:03:09: Turning PowerGroup on: Success
15:19:49: ========= TestCase 1 Starting =========
15:19:59: ========= TestCase 1 Tear Down =========
15:20:11: ========= TestCase 2 Starting =========
15:20:19: ========= TestCase 2 Tear Down =========
15:20:30: ========= TestCase 10 Starting =========
15:20:44: ======== Turning PowerGroup off
15:20:44: PowerGroup._pdu_cmd(off, [4], 3) called
15:20:44: Waiting for pdu lock
15:20:44: ...lock acquired
15:20:44: HTTP POST was successfully executed
15:20:45: PowerGroup._pdu_cmd(status, [4], 3) called
15:20:45: Waiting for pdu lock
15:20:45: ...lock acquired
15:20:45: Current outlet status: {1: '1', 2: '0', 3: '0', 4: '0', 5: '1', 6: '1', 7: '1', 8: '1', 9: '1', 10: '0', 11: '0', 12: '0', 13: '0', 14: '0', 15: '0', 16: '0', 17: '1', 18: '0', 19: '0', 20: '0', 21: '0', 22: '0', 23: '0', 24: '0', 25: '0'}
15:20:45: ...lock released
15:20:45: Power outlets have been successfully turned off
15:20:45: ...lock released
15:20:45: Turning PowerGroup off: Success
15:20:51: ======== Turning PowerGroup off
15:20:51: PowerGroup._pdu_cmd(off, [4], 3) called
15:20:51: Waiting for pdu lock
15:20:51: ...lock acquired
15:20:51: Power outlets are already in the desired state
15:20:51: ...lock released
15:20:51: Turning PowerGroup off: Success
15:21:06: ======== Turning PowerGroup on
15:21:06: PowerGroup._pdu_cmd(on, [4], 3) called
15:21:06: Waiting for pdu lock
15:21:06: ...lock acquired
15:21:06: Sleep 0 seconds to work around the x610 power supply issue
15:21:06: HTTP POST was successfully executed
15:21:09: PowerGroup._pdu_cmd(status, [4], 3) called
15:21:09: Waiting for pdu lock
15:21:09: ...lock acquired
15:21:09: Current outlet status: {1: '1', 2: '0', 3: '0', 4: '2', 5: '1', 6: '1', 7: '1', 8: '1', 9: '1', 10: '0', 11: '0', 12: '0', 13: '0', 14: '0', 15: '0', 16: '0', 17: '1', 18: '0', 19: '0', 20: '0', 21: '0', 22: '0', 23: '0', 24: '0', 25: '0'}
15:21:09: ...lock released
15:21:09: HTTP POST was successfully executed
15:21:12: PowerGroup._pdu_cmd(status, [4], 3) called
15:21:12: Waiting for pdu lock
15:21:12: ...lock acquired
15:21:12: Current outlet status: {1: '1', 2: '0', 3: '0', 4: '2', 5: '1', 6: '1', 7: '1', 8: '1', 9: '1', 10: '0', 11: '0', 12: '0', 13: '0', 14: '0', 15: '0', 16: '0', 17: '1', 18: '0', 19: '0', 20: '0', 21: '0', 22: '0', 23: '0', 24: '0', 25: '0'}
15:21:12: ...lock released
15:21:12: HTTP POST was successfully executed
15:21:15: PowerGroup._pdu_cmd(status, [4], 3) called
15:21:15: Waiting for pdu lock
15:21:15: ...lock acquired
15:21:15: Current outlet status: {1: '1', 2: '0', 3: '0', 4: '2', 5: '1', 6: '1', 7: '1', 8: '1', 9: '1', 10: '0', 11: '0', 12: '0', 13: '0', 14: '0', 15: '0', 16: '0', 17: '1', 18: '0', 19: '0', 20: '0', 21: '0', 22: '0', 23: '0', 24: '0', 25: '0'}
15:21:15: ...lock released
15:21:15: !! ERROR: power outlets have not been successfully turned on in 3 attempts
15:21:15: ...lock released
15:21:15: Turning PowerGroup on: Failed, try again
15:21:16: PowerGroup._pdu_cmd(on, [4], 3) called
15:21:16: Waiting for pdu lock
15:21:16: ...lock acquired
15:21:16: Sleep 0 seconds to work around the x610 power supply issue
15:21:16: Power outlets are already in the desired state
15:21:16: ...lock released
15:21:16: Turning PowerGroup on: Success
15:26:55: ========= TestCase 10 Tear Down =========
15:27:06: ========= TestCase 20 Starting =========
15:38:59: ======== Turning PowerGroup off
15:39:00: PowerGroup._pdu_cmd(off, [4], 3) called
15:39:00: Waiting for pdu lock
15:39:00: ...lock acquired
15:39:00: HTTP POST was successfully executed
15:39:01: PowerGroup._pdu_cmd(status, [4], 3) called
15:39:01: Waiting for pdu lock
15:39:01: ...lock acquired
15:39:01: Current outlet status: {1: '1', 2: '0', 3: '0', 4: '0', 5: '1', 6: '1', 7: '1', 8: '1', 9: '1', 10: '0', 11: '0', 12: '0', 13: '0', 14: '0', 15: '0', 16: '0', 17: '1', 18: '0', 19: '0', 20: '0', 21: '0', 22: '0', 23: '0', 24: '0', 25: '0'}
15:39:01: ...lock released
15:39:01: Power outlets have been successfully turned off
15:39:01: ...lock released
15:39:01: Turning PowerGroup off: Success
15:39:16: ======== Turning PowerGroup on
15:39:16: PowerGroup._pdu_cmd(on, [4], 3) called
15:39:16: Waiting for pdu lock
15:39:16: ...lock acquired
15:39:16: Sleep 0 seconds to work around the x610 power supply issue
15:39:16: HTTP POST was successfully executed
15:39:19: PowerGroup._pdu_cmd(status, [4], 3) called
15:39:19: Waiting for pdu lock
15:39:19: ...lock acquired
15:39:19: Current outlet status: {1: '1', 2: '0', 3: '0', 4: '2', 5: '1', 6: '1', 7: '1', 8: '1', 9: '1', 10: '0', 11: '0', 12: '0', 13: '0', 14: '0', 15: '0', 16: '0', 17: '1', 18: '0', 19: '0', 20: '0', 21: '0', 22: '0', 23: '0', 24: '0', 25: '0'}
15:39:19: ...lock released
15:39:19: HTTP POST was successfully executed
15:39:22: PowerGroup._pdu_cmd(status, [4], 3) called
15:39:22: Waiting for pdu lock
15:39:22: ...lock acquired
15:39:22: Current outlet status: {1: '1', 2: '0', 3: '0', 4: '2', 5: '1', 6: '1', 7: '1', 8: '1', 9: '1', 10: '0', 11: '0', 12: '0', 13: '0', 14: '0', 15: '0', 16: '0', 17: '1', 18: '0', 19: '0', 20: '0', 21: '0', 22: '0', 23: '0', 24: '0', 25: '0'}
15:39:22: ...lock released
15:39:22: HTTP POST was successfully executed
15:39:25: PowerGroup._pdu_cmd(status, [4], 3) called
15:39:25: Waiting for pdu lock
15:39:25: ...lock acquired
15:39:25: Current outlet status: {1: '1', 2: '0', 3: '0', 4: '2', 5: '1', 6: '1', 7: '1', 8: '1', 9: '1', 10: '0', 11: '0', 12: '0', 13: '0', 14: '0', 15: '0', 16: '0', 17: '1', 18: '0', 19: '0', 20: '0', 21: '0', 22: '0', 23: '0', 24: '0', 25: '0'}
15:39:25: ...lock released
15:39:25: !! ERROR: power outlets have not been successfully turned on in 3 attempts
15:39:25: ...lock released
15:39:25: Turning PowerGroup on: Failed, try again
15:39:26: PowerGroup._pdu_cmd(on, [4], 3) called
15:39:26: Waiting for pdu lock
15:39:26: ...lock acquired
15:39:26: Sleep 0 seconds to work around the x610 power supply issue
15:39:26: Power outlets are already in the desired state
15:39:26: ...lock released
15:39:26: Turning PowerGroup on: Success
15:42:07: ======== Turning PowerGroup off
15:42:07: PowerGroup._pdu_cmd(off, [4], 3) called
15:42:07: Waiting for pdu lock
15:42:07: ...lock acquired
15:42:07: HTTP POST was successfully executed
15:42:08: PowerGroup._pdu_cmd(status, [4], 3) called
15:42:08: Waiting for pdu lock
15:42:08: ...lock acquired
15:42:08: Current outlet status: {1: '1', 2: '0', 3: '0', 4: '0', 5: '1', 6: '1', 7: '1', 8: '1', 9: '1', 10: '0', 11: '0', 12: '0', 13: '0', 14: '0', 15: '0', 16: '0', 17: '1', 18: '0', 19: '0', 20: '0', 21: '0', 22: '0', 23: '0', 24: '0', 25: '0'}
15:42:08: ...lock released
15:42:08: Power outlets have been successfully turned off
15:42:08: ...lock released
15:42:08: Turning PowerGroup off: Success
15:42:14: ======== Turning PowerGroup off
15:42:14: PowerGroup._pdu_cmd(off, [4], 3) called
15:42:14: Waiting for pdu lock
15:42:14: ...lock acquired
15:42:14: Power outlets are already in the desired state
15:42:14: ...lock released
15:42:14: Turning PowerGroup off: Success
15:42:19: ======== Turning PowerGroup off
15:42:19: PowerGroup._pdu_cmd(off, [4], 3) called
15:42:19: Waiting for pdu lock
15:42:19: ...lock acquired
15:42:19: Power outlets are already in the desired state
15:42:19: ...lock released
15:42:19: Turning PowerGroup off: Success
15:42:34: ======== Turning PowerGroup on
15:42:34: PowerGroup._pdu_cmd(on, [4], 3) called
15:42:34: Waiting for pdu lock
15:42:34: ...lock acquired
15:42:34: Sleep 0 seconds to work around the x610 power supply issue
15:42:34: HTTP POST was successfully executed
15:42:37: PowerGroup._pdu_cmd(status, [4], 3) called
15:42:37: Waiting for pdu lock
15:42:37: ...lock acquired
15:42:37: Current outlet status: {1: '1', 2: '0', 3: '0', 4: '2', 5: '1', 6: '1', 7: '1', 8: '1', 9: '1', 10: '0', 11: '0', 12: '0', 13: '0', 14: '0', 15: '0', 16: '0', 17: '1', 18: '0', 19: '0', 20: '0', 21: '0', 22: '0', 23: '0', 24: '0', 25: '0'}
15:42:37: ...lock released
15:42:37: HTTP POST was successfully executed
15:42:40: PowerGroup._pdu_cmd(status, [4], 3) called
15:42:40: Waiting for pdu lock
15:42:40: ...lock acquired
15:42:40: Current outlet status: {1: '1', 2: '0', 3: '0', 4: '1', 5: '1', 6: '1', 7: '1', 8: '1', 9: '1', 10: '0', 11: '0', 12: '0', 13: '0', 14: '0', 15: '0', 16: '0', 17: '1', 18: '0', 19: '0', 20: '0', 21: '0', 22: '0', 23: '0', 24: '0', 25: '0'}
15:42:40: ...lock released
15:42:40: Power outlets have been successfully turned on
15:42:40: ...lock released
15:42:40: Turning PowerGroup on: Success
15:47:33: ========= TestCase 20 Tear Down =========
15:47:48: ========= TestCase 21 Starting =========
15:47:55: ========= TestCase 21 Tear Down =========
15:48:07: ========= TestCase 22 Starting =========
16:00:33: ======== Turning PowerGroup off
16:00:33: PowerGroup._pdu_cmd(off, [4], 3) called
16:00:33: Waiting for pdu lock
16:00:33: ...lock acquired
16:00:34: HTTP POST was successfully executed
16:00:35: PowerGroup._pdu_cmd(status, [4], 3) called
16:00:35: Waiting for pdu lock
16:00:35: ...lock acquired
16:00:35: Current outlet status: {1: '1', 2: '0', 3: '0', 4: '0', 5: '1', 6: '1', 7: '1', 8: '1', 9: '1', 10: '0', 11: '0', 12: '0', 13: '0', 14: '0', 15: '0', 16: '0', 17: '1', 18: '0', 19: '0', 20: '0', 21: '0', 22: '0', 23: '0', 24: '0', 25: '0'}
16:00:35: ...lock released
16:00:35: Power outlets have been successfully turned off
16:00:35: ...lock released
16:00:35: Turning PowerGroup off: Success
16:00:50: ======== Turning PowerGroup on
16:00:50: PowerGroup._pdu_cmd(on, [4], 3) called
16:00:50: Waiting for pdu lock
16:00:50: ...lock acquired
16:00:50: Sleep 0 seconds to work around the x610 power supply issue
16:00:50: HTTP POST was successfully executed
16:00:53: PowerGroup._pdu_cmd(status, [4], 3) called
16:00:53: Waiting for pdu lock
16:00:53: ...lock acquired
16:00:53: Current outlet status: {1: '1', 2: '0', 3: '0', 4: '2', 5: '1', 6: '1', 7: '1', 8: '1', 9: '1', 10: '0', 11: '0', 12: '0', 13: '0', 14: '0', 15: '0', 16: '0', 17: '1', 18: '0', 19: '0', 20: '0', 21: '0', 22: '0', 23: '0', 24: '0', 25: '0'}
16:00:53: ...lock released
16:00:53: HTTP POST was successfully executed
16:00:56: PowerGroup._pdu_cmd(status, [4], 3) called
16:00:56: Waiting for pdu lock
16:00:56: ...lock acquired
16:00:56: Current outlet status: {1: '1', 2: '0', 3: '0', 4: '2', 5: '1', 6: '1', 7: '1', 8: '1', 9: '1', 10: '0', 11: '0', 12: '0', 13: '0', 14: '0', 15: '0', 16: '0', 17: '1', 18: '0', 19: '0', 20: '0', 21: '0', 22: '0', 23: '0', 24: '0', 25: '0'}
16:00:56: ...lock released
16:00:56: HTTP POST was successfully executed
16:00:59: PowerGroup._pdu_cmd(status, [4], 3) called
16:00:59: Waiting for pdu lock
16:00:59: ...lock acquired
16:00:59: Current outlet status: {1: '1', 2: '0', 3: '0', 4: '2', 5: '1', 6: '1', 7: '1', 8: '1', 9: '1', 10: '0', 11: '0', 12: '0', 13: '0', 14: '0', 15: '0', 16: '0', 17: '1', 18: '0', 19: '0', 20: '0', 21: '0', 22: '0', 23: '0', 24: '0', 25: '0'}
16:00:59: ...lock released
16:00:59: !! ERROR: power outlets have not been successfully turned on in 3 attempts
16:00:59: ...lock released
16:00:59: Turning PowerGroup on: Failed, try again
16:01:00: PowerGroup._pdu_cmd(on, [4], 3) called
16:01:00: Waiting for pdu lock
16:01:00: ...lock acquired
16:01:00: Sleep 0 seconds to work around the x610 power supply issue
16:01:00: Power outlets are already in the desired state
16:01:00: ...lock released
16:01:00: Turning PowerGroup on: Success
16:03:42: ======== Turning PowerGroup off
16:03:42: PowerGroup._pdu_cmd(off, [4], 3) called
16:03:42: Waiting for pdu lock
16:03:42: ...lock acquired
16:03:42: HTTP POST was successfully executed
16:03:43: PowerGroup._pdu_cmd(status, [4], 3) called
16:03:43: Waiting for pdu lock
16:03:43: ...lock acquired
16:03:43: Current outlet status: {1: '1', 2: '0', 3: '0', 4: '0', 5: '1', 6: '1', 7: '1', 8: '1', 9: '1', 10: '0', 11: '0', 12: '0', 13: '0', 14: '0', 15: '0', 16: '0', 17: '1', 18: '0', 19: '0', 20: '0', 21: '0', 22: '0', 23: '0', 24: '0', 25: '0'}
16:03:43: ...lock released
16:03:43: Power outlets have been successfully turned off
16:03:43: ...lock released
16:03:43: Turning PowerGroup off: Success
16:03:49: ======== Turning PowerGroup off
16:03:49: PowerGroup._pdu_cmd(off, [4], 3) called
16:03:49: Waiting for pdu lock
16:03:49: ...lock acquired
16:03:50: Power outlets are already in the desired state
16:03:50: ...lock released
16:03:50: Turning PowerGroup off: Success
16:03:55: ======== Turning PowerGroup off
16:03:55: PowerGroup._pdu_cmd(off, [4], 3) called
16:03:55: Waiting for pdu lock
16:03:55: ...lock acquired
16:03:55: Power outlets are already in the desired state
16:03:55: ...lock released
16:03:55: Turning PowerGroup off: Success
16:04:10: ======== Turning PowerGroup on
16:04:10: PowerGroup._pdu_cmd(on, [4], 3) called
16:04:10: Waiting for pdu lock
16:04:10: ...lock acquired
16:04:10: Sleep 0 seconds to work around the x610 power supply issue
16:04:10: HTTP POST was successfully executed
16:04:13: PowerGroup._pdu_cmd(status, [4], 3) called
16:04:13: Waiting for pdu lock
16:04:13: ...lock acquired
16:04:13: Current outlet status: {1: '1', 2: '0', 3: '0', 4: '2', 5: '1', 6: '1', 7: '1', 8: '1', 9: '1', 10: '0', 11: '0', 12: '0', 13: '0', 14: '0', 15: '0', 16: '0', 17: '1', 18: '0', 19: '0', 20: '0', 21: '0', 22: '0', 23: '0', 24: '0', 25: '0'}
16:04:13: ...lock released
16:04:13: HTTP POST was successfully executed
16:04:16: PowerGroup._pdu_cmd(status, [4], 3) called
16:04:16: Waiting for pdu lock
16:04:16: ...lock acquired
16:04:16: Current outlet status: {1: '1', 2: '0', 3: '0', 4: '2', 5: '1', 6: '1', 7: '1', 8: '1', 9: '1', 10: '0', 11: '0', 12: '0', 13: '0', 14: '0', 15: '0', 16: '0', 17: '1', 18: '0', 19: '0', 20: '0', 21: '0', 22: '0', 23: '0', 24: '0', 25: '0'}
16:04:16: ...lock released
16:04:16: HTTP POST was successfully executed
16:04:19: PowerGroup._pdu_cmd(status, [4], 3) called
16:04:19: Waiting for pdu lock
16:04:19: ...lock acquired
16:04:19: Current outlet status: {1: '1', 2: '0', 3: '0', 4: '2', 5: '1', 6: '1', 7: '1', 8: '1', 9: '1', 10: '0', 11: '0', 12: '0', 13: '0', 14: '0', 15: '0', 16: '0', 17: '1', 18: '0', 19: '0', 20: '0', 21: '0', 22: '0', 23: '0', 24: '0', 25: '0'}
16:04:19: ...lock released
16:04:19: !! ERROR: power outlets have not been successfully turned on in 3 attempts
16:04:19: ...lock released
16:04:19: Turning PowerGroup on: Failed, try again
16:04:20: PowerGroup._pdu_cmd(on, [4], 3) called
16:04:20: Waiting for pdu lock
16:04:20: ...lock acquired
16:04:20: Sleep 0 seconds to work around the x610 power supply issue
16:04:20: Power outlets are already in the desired state
16:04:20: ...lock released
16:04:20: Turning PowerGroup on: Success
16:09:09: ========= TestCase 22 Tear Down =========
16:09:24: ========= TestCase 30 Starting =========
16:18:21: ======== Turning PowerGroup off
16:18:21: PowerGroup._pdu_cmd(off, [4], 3) called
16:18:21: Waiting for pdu lock
16:18:21: ...lock acquired
16:18:21: HTTP POST was successfully executed
16:18:22: PowerGroup._pdu_cmd(status, [4], 3) called
16:18:22: Waiting for pdu lock
16:18:22: ...lock acquired
16:18:22: Current outlet status: {1: '1', 2: '0', 3: '0', 4: '0', 5: '1', 6: '1', 7: '1', 8: '1', 9: '1', 10: '0', 11: '0', 12: '0', 13: '0', 14: '0', 15: '0', 16: '0', 17: '1', 18: '0', 19: '0', 20: '0', 21: '0', 22: '0', 23: '0', 24: '0', 25: '0'}
16:18:22: ...lock released
16:18:22: Power outlets have been successfully turned off
16:18:22: ...lock released
16:18:22: Turning PowerGroup off: Success
16:18:37: ======== Turning PowerGroup on
16:18:37: PowerGroup._pdu_cmd(on, [4], 3) called
16:18:37: Waiting for pdu lock
16:18:37: ...lock acquired
16:18:37: Sleep 0 seconds to work around the x610 power supply issue
16:18:37: HTTP POST was successfully executed
16:18:40: PowerGroup._pdu_cmd(status, [4], 3) called
16:18:40: Waiting for pdu lock
16:18:40: ...lock acquired
16:18:40: Current outlet status: {1: '1', 2: '0', 3: '0', 4: '2', 5: '1', 6: '1', 7: '1', 8: '1', 9: '1', 10: '0', 11: '0', 12: '0', 13: '0', 14: '0', 15: '0', 16: '0', 17: '1', 18: '0', 19: '0', 20: '0', 21: '0', 22: '0', 23: '0', 24: '0', 25: '0'}
16:18:40: ...lock released
16:18:40: HTTP POST was successfully executed
16:18:43: PowerGroup._pdu_cmd(status, [4], 3) called
16:18:43: Waiting for pdu lock
16:18:43: ...lock acquired
16:18:43: Current outlet status: {1: '1', 2: '0', 3: '0', 4: '2', 5: '1', 6: '1', 7: '1', 8: '1', 9: '1', 10: '0', 11: '0', 12: '0', 13: '0', 14: '0', 15: '0', 16: '0', 17: '1', 18: '0', 19: '0', 20: '0', 21: '0', 22: '0', 23: '0', 24: '0', 25: '0'}
16:18:43: ...lock released
16:18:43: HTTP POST was successfully executed
16:18:46: PowerGroup._pdu_cmd(status, [4], 3) called
16:18:46: Waiting for pdu lock
16:18:46: ...lock acquired
16:18:46: Current outlet status: {1: '1', 2: '0', 3: '0', 4: '2', 5: '1', 6: '1', 7: '1', 8: '1', 9: '1', 10: '0', 11: '0', 12: '0', 13: '0', 14: '0', 15: '0', 16: '0', 17: '1', 18: '0', 19: '0', 20: '0', 21: '0', 22: '0', 23: '0', 24: '0', 25: '0'}
16:18:46: ...lock released
16:18:46: !! ERROR: power outlets have not been successfully turned on in 3 attempts
16:18:46: ...lock released
16:18:46: Turning PowerGroup on: Failed, try again
16:18:47: PowerGroup._pdu_cmd(on, [4], 3) called
16:18:47: Waiting for pdu lock
16:18:47: ...lock acquired
16:18:47: Sleep 0 seconds to work around the x610 power supply issue
16:18:47: Power outlets are already in the desired state
16:18:47: ...lock released
16:18:47: Turning PowerGroup on: Success
16:21:55: ========= TestCase 30 Tear Down =========
16:28:14: ======== Turning PowerGroup off
16:28:14: PowerGroup._pdu_cmd(off, [4], 3) called
16:28:14: Waiting for pdu lock
16:28:14: ...lock acquired
16:28:14: HTTP POST was successfully executed
16:28:15: PowerGroup._pdu_cmd(status, [4], 3) called
16:28:15: Waiting for pdu lock
16:28:15: ...lock acquired
16:28:15: Current outlet status: {1: '1', 2: '0', 3: '0', 4: '0', 5: '1', 6: '1', 7: '1', 8: '1', 9: '1', 10: '0', 11: '0', 12: '0', 13: '0', 14: '0', 15: '0', 16: '0', 17: '1', 18: '0', 19: '0', 20: '0', 21: '0', 22: '0', 23: '0', 24: '0', 25: '0'}
16:28:15: ...lock released
16:28:15: Power outlets have been successfully turned off
16:28:15: ...lock released
16:28:15: Turning PowerGroup off: Success
16:28:20: ======== Turning PowerGroup on
16:28:20: PowerGroup._pdu_cmd(on, [4], 3) called
16:28:20: Waiting for pdu lock
16:28:20: ...lock acquired
16:28:20: Sleep 8.821403980255127 seconds to work around the x610 power supply issue
16:28:29: HTTP POST was successfully executed
16:28:32: PowerGroup._pdu_cmd(status, [4], 3) called
16:28:32: Waiting for pdu lock
16:28:32: ...lock acquired
16:28:32: Current outlet status: {1: '1', 2: '0', 3: '0', 4: '2', 5: '1', 6: '1', 7: '1', 8: '1', 9: '1', 10: '0', 11: '0', 12: '0', 13: '0', 14: '0', 15: '0', 16: '0', 17: '1', 18: '0', 19: '0', 20: '0', 21: '0', 22: '0', 23: '0', 24: '0', 25: '0'}
16:28:32: ...lock released
16:28:32: HTTP POST was successfully executed
16:28:35: PowerGroup._pdu_cmd(status, [4], 3) called
16:28:35: Waiting for pdu lock
16:28:35: ...lock acquired
16:28:35: Current outlet status: {1: '1', 2: '0', 3: '0', 4: '2', 5: '1', 6: '1', 7: '1', 8: '1', 9: '1', 10: '0', 11: '0', 12: '0', 13: '0', 14: '0', 15: '0', 16: '0', 17: '1', 18: '0', 19: '0', 20: '0', 21: '0', 22: '0', 23: '0', 24: '0', 25: '0'}
16:28:35: ...lock released
16:28:35: HTTP POST was successfully executed
16:28:38: PowerGroup._pdu_cmd(status, [4], 3) called
16:28:38: Waiting for pdu lock
16:28:38: ...lock acquired
16:28:39: Current outlet status: {1: '1', 2: '0', 3: '0', 4: '1', 5: '1', 6: '1', 7: '1', 8: '1', 9: '1', 10: '0', 11: '0', 12: '0', 13: '0', 14: '0', 15: '0', 16: '0', 17: '1', 18: '0', 19: '0', 20: '0', 21: '0', 22: '0', 23: '0', 24: '0', 25: '0'}
16:28:39: ...lock released
16:28:39: Power outlets have been successfully turned on
16:28:39: ...lock released
16:28:39: Turning PowerGroup on: Success
16:31:09: ========= TestCase 41 Starting =========
16:31:15: ========= TestCase 41 Tear Down =========
16:31:27: ========= TestCase 42 Starting =========
16:33:44: ======== Turning PowerGroup off
16:33:44: PowerGroup._pdu_cmd(off, [4], 3) called
16:33:44: Waiting for pdu lock
16:33:44: ...lock acquired
16:33:44: HTTP POST was successfully executed
16:33:45: PowerGroup._pdu_cmd(status, [4], 3) called
16:33:45: Waiting for pdu lock
16:33:45: ...lock acquired
16:33:45: Current outlet status: {1: '1', 2: '0', 3: '0', 4: '0', 5: '1', 6: '1', 7: '1', 8: '1', 9: '1', 10: '0', 11: '0', 12: '0', 13: '0', 14: '0', 15: '0', 16: '0', 17: '1', 18: '0', 19: '0', 20: '0', 21: '0', 22: '0', 23: '0', 24: '0', 25: '0'}
16:33:45: ...lock released
16:33:45: Power outlets have been successfully turned off
16:33:45: ...lock released
16:33:45: Turning PowerGroup off: Success
16:34:01: ======== Turning PowerGroup on
16:34:01: PowerGroup._pdu_cmd(on, [4], 3) called
16:34:01: Waiting for pdu lock
16:34:01: ...lock acquired
16:34:01: Sleep 0 seconds to work around the x610 power supply issue
16:34:01: HTTP POST was successfully executed
16:34:04: PowerGroup._pdu_cmd(status, [4], 3) called
16:34:04: Waiting for pdu lock
16:34:04: ...lock acquired
16:34:04: Current outlet status: {1: '1', 2: '0', 3: '0', 4: '2', 5: '1', 6: '1', 7: '1', 8: '1', 9: '1', 10: '0', 11: '0', 12: '0', 13: '0', 14: '0', 15: '0', 16: '0', 17: '1', 18: '0', 19: '0', 20: '0', 21: '0', 22: '0', 23: '0', 24: '0', 25: '0'}
16:34:04: ...lock released
16:34:04: HTTP POST was successfully executed
16:34:07: PowerGroup._pdu_cmd(status, [4], 3) called
16:34:07: Waiting for pdu lock
16:34:07: ...lock acquired
16:34:07: Current outlet status: {1: '1', 2: '0', 3: '0', 4: '2', 5: '1', 6: '1', 7: '1', 8: '1', 9: '1', 10: '0', 11: '0', 12: '0', 13: '0', 14: '0', 15: '0', 16: '0', 17: '1', 18: '0', 19: '0', 20: '0', 21: '0', 22: '0', 23: '0', 24: '0', 25: '0'}
16:34:07: ...lock released
16:34:07: HTTP POST was successfully executed
16:34:10: PowerGroup._pdu_cmd(status, [4], 3) called
16:34:10: Waiting for pdu lock
16:34:10: ...lock acquired
16:34:10: Current outlet status: {1: '1', 2: '0', 3: '0', 4: '2', 5: '1', 6: '1', 7: '1', 8: '1', 9: '1', 10: '0', 11: '0', 12: '0', 13: '0', 14: '0', 15: '0', 16: '0', 17: '1', 18: '0', 19: '0', 20: '0', 21: '0', 22: '0', 23: '0', 24: '0', 25: '0'}
16:34:10: ...lock released
16:34:10: !! ERROR: power outlets have not been successfully turned on in 3 attempts
16:34:10: ...lock released
16:34:10: Turning PowerGroup on: Failed, try again
16:34:11: PowerGroup._pdu_cmd(on, [4], 3) called
16:34:11: Waiting for pdu lock
16:34:11: ...lock acquired
16:34:11: Sleep 0 seconds to work around the x610 power supply issue
16:34:11: Power outlets are already in the desired state
16:34:11: ...lock released
16:34:11: Turning PowerGroup on: Success
16:36:48: ========= TestCase 42 Tear Down =========
16:36:51: ======== Turning PowerGroup off
16:36:51: PowerGroup._pdu_cmd(off, [4], 3) called
16:36:51: Waiting for pdu lock
16:36:51: ...lock acquired
16:36:51: HTTP POST was successfully executed
16:36:52: PowerGroup._pdu_cmd(status, [4], 3) called
16:36:52: Waiting for pdu lock
16:36:52: ...lock acquired
16:36:53: Current outlet status: {1: '1', 2: '0', 3: '0', 4: '0', 5: '1', 6: '1', 7: '1', 8: '1', 9: '1', 10: '0', 11: '0', 12: '0', 13: '0', 14: '0', 15: '0', 16: '0', 17: '1', 18: '0', 19: '0', 20: '0', 21: '0', 22: '0', 23: '0', 24: '0', 25: '0'}
16:36:53: ...lock released
16:36:53: Power outlets have been successfully turned off
16:36:53: ...lock released
16:36:53: Turning PowerGroup off: Success
16:36:58: ======== Turning PowerGroup off
16:36:58: PowerGroup._pdu_cmd(off, [4], 3) called
16:36:58: Waiting for pdu lock
16:36:58: ...lock acquired
16:36:58: Power outlets are already in the desired state
16:36:58: ...lock released
16:36:58: Turning PowerGroup off: Success
16:37:03: ======== Turning PowerGroup off
16:37:03: PowerGroup._pdu_cmd(off, [4], 3) called
16:37:03: Waiting for pdu lock
16:37:03: ...lock acquired
16:37:03: Power outlets are already in the desired state
16:37:03: ...lock released
16:37:03: Turning PowerGroup off: Success
16:37:18: ======== Turning PowerGroup on
16:37:18: PowerGroup._pdu_cmd(on, [4], 3) called
16:37:18: Waiting for pdu lock
16:37:18: ...lock acquired
16:37:18: Sleep 0 seconds to work around the x610 power supply issue
16:37:18: HTTP POST was successfully executed
16:37:21: PowerGroup._pdu_cmd(status, [4], 3) called
16:37:21: Waiting for pdu lock
16:37:21: ...lock acquired
16:37:21: Current outlet status: {1: '1', 2: '0', 3: '0', 4: '2', 5: '1', 6: '1', 7: '1', 8: '1', 9: '1', 10: '0', 11: '0', 12: '0', 13: '0', 14: '0', 15: '0', 16: '0', 17: '1', 18: '0', 19: '0', 20: '0', 21: '0', 22: '0', 23: '0', 24: '0', 25: '0'}
16:37:21: ...lock released
16:37:21: HTTP POST was successfully executed
16:37:24: PowerGroup._pdu_cmd(status, [4], 3) called
16:37:24: Waiting for pdu lock
16:37:24: ...lock acquired
16:37:24: Current outlet status: {1: '1', 2: '0', 3: '0', 4: '2', 5: '1', 6: '1', 7: '1', 8: '1', 9: '1', 10: '0', 11: '0', 12: '0', 13: '0', 14: '0', 15: '0', 16: '0', 17: '1', 18: '0', 19: '0', 20: '0', 21: '0', 22: '0', 23: '0', 24: '0', 25: '0'}
16:37:24: ...lock released
16:37:24: HTTP POST was successfully executed
16:37:27: PowerGroup._pdu_cmd(status, [4], 3) called
16:37:27: Waiting for pdu lock
16:37:27: ...lock acquired
16:37:27: Current outlet status: {1: '1', 2: '0', 3: '0', 4: '2', 5: '1', 6: '1', 7: '1', 8: '1', 9: '1', 10: '0', 11: '0', 12: '0', 13: '0', 14: '0', 15: '0', 16: '0', 17: '1', 18: '0', 19: '0', 20: '0', 21: '0', 22: '0', 23: '0', 24: '0', 25: '0'}
16:37:27: ...lock released
16:37:27: !! ERROR: power outlets have not been successfully turned on in 3 attempts
16:37:27: ...lock released
16:37:27: Turning PowerGroup on: Failed, try again
16:37:28: PowerGroup._pdu_cmd(on, [4], 3) called
16:37:28: Waiting for pdu lock
16:37:28: ...lock acquired
16:37:28: Sleep 0 seconds to work around the x610 power supply issue
16:37:28: Power outlets are already in the desired state
16:37:28: ...lock released
16:37:28: Turning PowerGroup on: Success
16:42:30: ========= TestCase 50 Starting =========
16:46:46: ======== Turning PowerGroup off
16:46:46: PowerGroup._pdu_cmd(off, [4], 3) called
16:46:46: Waiting for pdu lock
16:46:46: ...lock acquired
16:46:46: HTTP POST was successfully executed
16:46:47: PowerGroup._pdu_cmd(status, [4], 3) called
16:46:47: Waiting for pdu lock
16:46:47: ...lock acquired
16:46:47: Current outlet status: {1: '1', 2: '0', 3: '0', 4: '0', 5: '1', 6: '1', 7: '1', 8: '1', 9: '1', 10: '0', 11: '0', 12: '0', 13: '0', 14: '0', 15: '0', 16: '0', 17: '1', 18: '0', 19: '0', 20: '0', 21: '0', 22: '0', 23: '0', 24: '0', 25: '0'}
16:46:47: ...lock released
16:46:47: Power outlets have been successfully turned off
16:46:47: ...lock released
16:46:47: Turning PowerGroup off: Success
16:47:03: ======== Turning PowerGroup on
16:47:03: PowerGroup._pdu_cmd(on, [4], 3) called
16:47:03: Waiting for pdu lock
16:47:03: ...lock acquired
16:47:03: Sleep 0 seconds to work around the x610 power supply issue
16:47:03: HTTP POST was successfully executed
16:47:06: PowerGroup._pdu_cmd(status, [4], 3) called
16:47:06: Waiting for pdu lock
16:47:06: ...lock acquired
16:47:06: Current outlet status: {1: '1', 2: '0', 3: '0', 4: '2', 5: '1', 6: '1', 7: '1', 8: '1', 9: '1', 10: '0', 11: '0', 12: '0', 13: '0', 14: '0', 15: '0', 16: '0', 17: '1', 18: '0', 19: '0', 20: '0', 21: '0', 22: '0', 23: '0', 24: '0', 25: '0'}
16:47:06: ...lock released
16:47:06: HTTP POST was successfully executed
16:47:09: PowerGroup._pdu_cmd(status, [4], 3) called
16:47:09: Waiting for pdu lock
16:47:09: ...lock acquired
16:47:09: Current outlet status: {1: '1', 2: '0', 3: '0', 4: '2', 5: '1', 6: '1', 7: '1', 8: '1', 9: '1', 10: '0', 11: '0', 12: '0', 13: '0', 14: '0', 15: '0', 16: '0', 17: '1', 18: '0', 19: '0', 20: '0', 21: '0', 22: '0', 23: '0', 24: '0', 25: '0'}
16:47:09: ...lock released
16:47:09: HTTP POST was successfully executed
16:47:12: PowerGroup._pdu_cmd(status, [4], 3) called
16:47:12: Waiting for pdu lock
16:47:12: ...lock acquired
16:47:12: Current outlet status: {1: '1', 2: '0', 3: '0', 4: '2', 5: '1', 6: '1', 7: '1', 8: '1', 9: '1', 10: '0', 11: '0', 12: '0', 13: '0', 14: '0', 15: '0', 16: '0', 17: '1', 18: '0', 19: '0', 20: '0', 21: '0', 22: '0', 23: '0', 24: '0', 25: '0'}
16:47:12: ...lock released
16:47:12: !! ERROR: power outlets have not been successfully turned on in 3 attempts
16:47:12: ...lock released
16:47:12: Turning PowerGroup on: Failed, try again
16:47:13: PowerGroup._pdu_cmd(on, [4], 3) called
16:47:13: Waiting for pdu lock
16:47:13: ...lock acquired
16:47:13: Sleep 0 seconds to work around the x610 power supply issue
16:47:13: Power outlets are already in the desired state
16:47:13: ...lock released
16:47:13: Turning PowerGroup on: Success
16:59:56: ========= TestCase 50 Tear Down =========
16:59:56: ======== Turning PowerGroup off
16:59:56: PowerGroup._pdu_cmd(off, [4], 3) called
16:59:56: Waiting for pdu lock
16:59:56: ...lock acquired
16:59:56: HTTP POST was successfully executed
16:59:57: PowerGroup._pdu_cmd(status, [4], 3) called
16:59:57: Waiting for pdu lock
16:59:57: ...lock acquired
16:59:57: Current outlet status: {1: '1', 2: '0', 3: '0', 4: '0', 5: '1', 6: '1', 7: '1', 8: '1', 9: '1', 10: '0', 11: '0', 12: '0', 13: '0', 14: '0', 15: '0', 16: '0', 17: '1', 18: '0', 19: '0', 20: '0', 21: '0', 22: '0', 23: '0', 24: '0', 25: '0'}
16:59:57: ...lock released
16:59:57: Power outlets have been successfully turned off
16:59:57: ...lock released
16:59:57: Turning PowerGroup off: Success
17:00:02: ======== Turning PowerGroup off
17:00:02: PowerGroup._pdu_cmd(off, [4], 3) called
17:00:02: Waiting for pdu lock
17:00:02: ...lock acquired
17:00:02: Power outlets are already in the desired state
17:00:02: ...lock released
17:00:02: Turning PowerGroup off: Success
17:00:07: ======== Turning PowerGroup off
17:00:07: PowerGroup._pdu_cmd(off, [4], 3) called
17:00:07: Waiting for pdu lock
17:00:07: ...lock acquired
17:00:08: Power outlets are already in the desired state
17:00:08: ...lock released
17:00:08: Turning PowerGroup off: Success
17:00:23: ======== Turning PowerGroup on
17:00:23: PowerGroup._pdu_cmd(on, [4], 3) called
17:00:23: Waiting for pdu lock
17:00:23: ...lock acquired
17:00:23: Sleep 0 seconds to work around the x610 power supply issue
17:00:23: HTTP POST was successfully executed
17:00:26: PowerGroup._pdu_cmd(status, [4], 3) called
17:00:26: Waiting for pdu lock
17:00:26: ...lock acquired
17:00:26: Current outlet status: {1: '1', 2: '0', 3: '0', 4: '2', 5: '1', 6: '1', 7: '1', 8: '1', 9: '1', 10: '0', 11: '0', 12: '0', 13: '0', 14: '0', 15: '0', 16: '0', 17: '1', 18: '0', 19: '0', 20: '0', 21: '0', 22: '0', 23: '0', 24: '0', 25: '0'}
17:00:26: ...lock released
17:00:26: HTTP POST was successfully executed
17:00:29: PowerGroup._pdu_cmd(status, [4], 3) called
17:00:29: Waiting for pdu lock
17:00:29: ...lock acquired
17:00:29: Current outlet status: {1: '1', 2: '0', 3: '0', 4: '1', 5: '1', 6: '1', 7: '1', 8: '1', 9: '1', 10: '0', 11: '0', 12: '0', 13: '0', 14: '0', 15: '0', 16: '0', 17: '1', 18: '0', 19: '0', 20: '0', 21: '0', 22: '0', 23: '0', 24: '0', 25: '0'}
17:00:29: ...lock released
17:00:29: Power outlets have been successfully turned on
17:00:29: ...lock released
17:00:29: Turning PowerGroup on: Success
17:05:29: ========= TestCase 60 Starting =========
17:05:46: ======== Turning PowerGroup off
17:05:46: PowerGroup._pdu_cmd(off, [4], 3) called
17:05:46: Waiting for pdu lock
17:05:46: ...lock acquired
17:05:46: HTTP POST was successfully executed
17:05:47: PowerGroup._pdu_cmd(status, [4], 3) called
17:05:47: Waiting for pdu lock
17:05:47: ...lock acquired
17:05:47: Current outlet status: {1: '1', 2: '0', 3: '0', 4: '0', 5: '1', 6: '1', 7: '1', 8: '1', 9: '1', 10: '0', 11: '0', 12: '0', 13: '0', 14: '0', 15: '0', 16: '0', 17: '1', 18: '0', 19: '0', 20: '0', 21: '0', 22: '0', 23: '0', 24: '0', 25: '0'}
17:05:47: ...lock released
17:05:47: Power outlets have been successfully turned off
17:05:47: ...lock released
17:05:47: Turning PowerGroup off: Success
17:06:02: ======== Turning PowerGroup on
17:06:02: PowerGroup._pdu_cmd(on, [4], 3) called
17:06:02: Waiting for pdu lock
17:06:02: ...lock acquired
17:06:02: Sleep 0 seconds to work around the x610 power supply issue
17:06:02: HTTP POST was successfully executed
17:06:05: PowerGroup._pdu_cmd(status, [4], 3) called
17:06:05: Waiting for pdu lock
17:06:05: ...lock acquired
17:06:05: Current outlet status: {1: '1', 2: '0', 3: '0', 4: '2', 5: '1', 6: '1', 7: '1', 8: '1', 9: '1', 10: '0', 11: '0', 12: '0', 13: '0', 14: '0', 15: '0', 16: '0', 17: '1', 18: '0', 19: '0', 20: '0', 21: '0', 22: '0', 23: '0', 24: '0', 25: '0'}
17:06:05: ...lock released
17:06:05: HTTP POST was successfully executed
17:06:08: PowerGroup._pdu_cmd(status, [4], 3) called
17:06:08: Waiting for pdu lock
17:06:08: ...lock acquired
17:06:08: Current outlet status: {1: '1', 2: '0', 3: '0', 4: '2', 5: '1', 6: '1', 7: '1', 8: '1', 9: '1', 10: '0', 11: '0', 12: '0', 13: '0', 14: '0', 15: '0', 16: '0', 17: '1', 18: '0', 19: '0', 20: '0', 21: '0', 22: '0', 23: '0', 24: '0', 25: '0'}
17:06:08: ...lock released
17:06:08: HTTP POST was successfully executed
17:06:11: PowerGroup._pdu_cmd(status, [4], 3) called
17:06:11: Waiting for pdu lock
17:06:11: ...lock acquired
17:06:11: Current outlet status: {1: '1', 2: '0', 3: '0', 4: '2', 5: '1', 6: '1', 7: '1', 8: '1', 9: '1', 10: '0', 11: '0', 12: '0', 13: '0', 14: '0', 15: '0', 16: '0', 17: '1', 18: '0', 19: '0', 20: '0', 21: '0', 22: '0', 23: '0', 24: '0', 25: '0'}
17:06:11: ...lock released
17:06:11: !! ERROR: power outlets have not been successfully turned on in 3 attempts
17:06:11: ...lock released
17:06:11: Turning PowerGroup on: Failed, try again
17:06:12: PowerGroup._pdu_cmd(on, [4], 3) called
17:06:13: Waiting for pdu lock
17:06:13: ...lock acquired
17:06:13: Sleep 0 seconds to work around the x610 power supply issue
17:06:13: Power outlets are already in the desired state
17:06:13: ...lock released
17:06:13: Turning PowerGroup on: Success
17:08:51: ======== Turning PowerGroup off
17:08:51: PowerGroup._pdu_cmd(off, [4], 3) called
17:08:51: Waiting for pdu lock
17:08:51: ...lock acquired
17:08:51: HTTP POST was successfully executed
17:08:52: PowerGroup._pdu_cmd(status, [4], 3) called
17:08:52: Waiting for pdu lock
17:08:52: ...lock acquired
17:08:52: Current outlet status: {1: '1', 2: '0', 3: '0', 4: '0', 5: '1', 6: '1', 7: '1', 8: '1', 9: '1', 10: '0', 11: '0', 12: '0', 13: '0', 14: '0', 15: '0', 16: '0', 17: '1', 18: '0', 19: '0', 20: '0', 21: '0', 22: '0', 23: '0', 24: '0', 25: '0'}
17:08:52: ...lock released
17:08:52: Power outlets have been successfully turned off
17:08:52: ...lock released
17:08:52: Turning PowerGroup off: Success
17:09:08: ======== Turning PowerGroup on
17:09:08: PowerGroup._pdu_cmd(on, [4], 3) called
17:09:08: Waiting for pdu lock
17:09:08: ...lock acquired
17:09:08: Sleep 0 seconds to work around the x610 power supply issue
17:09:08: HTTP POST was successfully executed
17:09:11: PowerGroup._pdu_cmd(status, [4], 3) called
17:09:11: Waiting for pdu lock
17:09:11: ...lock acquired
17:09:11: Current outlet status: {1: '1', 2: '0', 3: '0', 4: '2', 5: '1', 6: '1', 7: '1', 8: '1', 9: '1', 10: '0', 11: '0', 12: '0', 13: '0', 14: '0', 15: '0', 16: '0', 17: '1', 18: '0', 19: '0', 20: '0', 21: '0', 22: '0', 23: '0', 24: '0', 25: '0'}
17:09:11: ...lock released
17:09:11: HTTP POST was successfully executed
17:09:14: PowerGroup._pdu_cmd(status, [4], 3) called
17:09:14: Waiting for pdu lock
17:09:14: ...lock acquired
17:09:14: Current outlet status: {1: '1', 2: '0', 3: '0', 4: '2', 5: '1', 6: '1', 7: '1', 8: '1', 9: '1', 10: '0', 11: '0', 12: '0', 13: '0', 14: '0', 15: '0', 16: '0', 17: '1', 18: '0', 19: '0', 20: '0', 21: '0', 22: '0', 23: '0', 24: '0', 25: '0'}
17:09:14: ...lock released
17:09:14: HTTP POST was successfully executed
17:09:17: PowerGroup._pdu_cmd(status, [4], 3) called
17:09:17: Waiting for pdu lock
17:09:17: ...lock acquired
17:09:17: Current outlet status: {1: '1', 2: '0', 3: '0', 4: '2', 5: '1', 6: '1', 7: '1', 8: '1', 9: '1', 10: '0', 11: '0', 12: '0', 13: '0', 14: '0', 15: '0', 16: '0', 17: '1', 18: '0', 19: '0', 20: '0', 21: '0', 22: '0', 23: '0', 24: '0', 25: '0'}
17:09:17: ...lock released
17:09:17: !! ERROR: power outlets have not been successfully turned on in 3 attempts
17:09:17: ...lock released
17:09:17: Turning PowerGroup on: Failed, try again
17:09:18: PowerGroup._pdu_cmd(on, [4], 3) called
17:09:18: Waiting for pdu lock
17:09:18: ...lock acquired
17:09:18: Sleep 0 seconds to work around the x610 power supply issue
17:09:18: Power outlets are already in the desired state
17:09:18: ...lock released
17:09:18: Turning PowerGroup on: Success
17:11:58: ========= TestCase 60 Tear Down =========
17:12:05: ======== Turning PowerGroup off
17:12:05: PowerGroup._pdu_cmd(off, [4], 3) called
17:12:05: Waiting for pdu lock
17:12:05: ...lock acquired
17:12:05: HTTP POST was successfully executed
17:12:06: PowerGroup._pdu_cmd(status, [4], 3) called
17:12:06: Waiting for pdu lock
17:12:06: ...lock acquired
17:12:06: Current outlet status: {1: '1', 2: '0', 3: '0', 4: '0', 5: '1', 6: '1', 7: '1', 8: '1', 9: '1', 10: '0', 11: '0', 12: '0', 13: '0', 14: '0', 15: '0', 16: '0', 17: '1', 18: '0', 19: '0', 20: '0', 21: '0', 22: '0', 23: '0', 24: '0', 25: '0'}
17:12:06: ...lock released
17:12:06: Power outlets have been successfully turned off
17:12:06: ...lock released
17:12:06: Turning PowerGroup off: Success
17:12:11: ======== Turning PowerGroup off
17:12:11: PowerGroup._pdu_cmd(off, [4], 3) called
17:12:11: Waiting for pdu lock
17:12:11: ...lock acquired
17:12:11: Power outlets are already in the desired state
17:12:11: ...lock released
17:12:11: Turning PowerGroup off: Success
17:12:16: ======== Turning PowerGroup off
17:12:16: PowerGroup._pdu_cmd(off, [4], 3) called
17:12:16: Waiting for pdu lock
17:12:16: ...lock acquired
17:12:16: Power outlets are already in the desired state
17:12:16: ...lock released
17:12:16: Turning PowerGroup off: Success
17:12:31: ======== Turning PowerGroup on
17:12:31: PowerGroup._pdu_cmd(on, [4], 3) called
17:12:31: Waiting for pdu lock
17:12:31: ...lock acquired
17:12:31: Sleep 0 seconds to work around the x610 power supply issue
17:12:31: HTTP POST was successfully executed
17:12:34: PowerGroup._pdu_cmd(status, [4], 3) called
17:12:34: Waiting for pdu lock
17:12:34: ...lock acquired
17:12:34: Current outlet status: {1: '1', 2: '0', 3: '0', 4: '2', 5: '1', 6: '1', 7: '1', 8: '1', 9: '1', 10: '0', 11: '0', 12: '0', 13: '0', 14: '0', 15: '0', 16: '0', 17: '1', 18: '0', 19: '0', 20: '0', 21: '0', 22: '0', 23: '0', 24: '0', 25: '0'}
17:12:34: ...lock released
17:12:34: HTTP POST was successfully executed
17:12:37: PowerGroup._pdu_cmd(status, [4], 3) called
17:12:37: Waiting for pdu lock
17:12:37: ...lock acquired
17:12:37: Current outlet status: {1: '1', 2: '0', 3: '0', 4: '2', 5: '1', 6: '1', 7: '1', 8: '1', 9: '1', 10: '0', 11: '0', 12: '0', 13: '0', 14: '0', 15: '0', 16: '0', 17: '1', 18: '0', 19: '0', 20: '0', 21: '0', 22: '0', 23: '0', 24: '0', 25: '0'}
17:12:37: ...lock released
17:12:37: HTTP POST was successfully executed
17:12:40: PowerGroup._pdu_cmd(status, [4], 3) called
17:12:40: Waiting for pdu lock
17:12:40: ...lock acquired
17:12:40: Current outlet status: {1: '1', 2: '0', 3: '0', 4: '2', 5: '1', 6: '1', 7: '1', 8: '1', 9: '1', 10: '0', 11: '0', 12: '0', 13: '0', 14: '0', 15: '0', 16: '0', 17: '1', 18: '0', 19: '0', 20: '0', 21: '0', 22: '0', 23: '0', 24: '0', 25: '0'}
17:12:40: ...lock released
17:12:40: !! ERROR: power outlets have not been successfully turned on in 3 attempts
17:12:40: ...lock released
17:12:40: Turning PowerGroup on: Failed, try again
17:12:41: PowerGroup._pdu_cmd(on, [4], 3) called
17:12:41: Waiting for pdu lock
17:12:41: ...lock acquired
17:12:41: Sleep 0 seconds to work around the x610 power supply issue
17:12:41: Power outlets are already in the desired state
17:12:41: ...lock released
17:12:41: Turning PowerGroup on: Success
17:17:44: ========= TestCase 61 Starting =========
17:17:50: ========= TestCase 61 Tear Down =========
17:18:02: ========= TestCase 62 Starting =========
17:18:12: ======== Turning PowerGroup off
17:18:12: PowerGroup._pdu_cmd(off, [4], 3) called
17:18:12: Waiting for pdu lock
17:18:12: ...lock acquired
17:18:12: HTTP POST was successfully executed
17:18:13: PowerGroup._pdu_cmd(status, [4], 3) called
17:18:13: Waiting for pdu lock
17:18:13: ...lock acquired
17:18:13: Current outlet status: {1: '1', 2: '0', 3: '0', 4: '0', 5: '1', 6: '1', 7: '1', 8: '1', 9: '1', 10: '0', 11: '0', 12: '0', 13: '0', 14: '0', 15: '0', 16: '0', 17: '1', 18: '0', 19: '0', 20: '0', 21: '0', 22: '0', 23: '0', 24: '0', 25: '0'}
17:18:13: ...lock released
17:18:13: Power outlets have been successfully turned off
17:18:13: ...lock released
17:18:13: Turning PowerGroup off: Success
17:18:28: ======== Turning PowerGroup on
17:18:28: PowerGroup._pdu_cmd(on, [4], 3) called
17:18:28: Waiting for pdu lock
17:18:28: ...lock acquired
17:18:28: Sleep 0 seconds to work around the x610 power supply issue
17:18:28: HTTP POST was successfully executed
17:18:31: PowerGroup._pdu_cmd(status, [4], 3) called
17:18:31: Waiting for pdu lock
17:18:31: ...lock acquired
17:18:31: Current outlet status: {1: '1', 2: '0', 3: '0', 4: '2', 5: '1', 6: '1', 7: '1', 8: '1', 9: '1', 10: '0', 11: '0', 12: '0', 13: '0', 14: '0', 15: '0', 16: '0', 17: '1', 18: '0', 19: '0', 20: '0', 21: '0', 22: '0', 23: '0', 24: '0', 25: '0'}
17:18:31: ...lock released
17:18:31: HTTP POST was successfully executed
17:18:34: PowerGroup._pdu_cmd(status, [4], 3) called
17:18:34: Waiting for pdu lock
17:18:34: ...lock acquired
17:18:34: Current outlet status: {1: '1', 2: '0', 3: '0', 4: '2', 5: '1', 6: '1', 7: '1', 8: '1', 9: '1', 10: '0', 11: '0', 12: '0', 13: '0', 14: '0', 15: '0', 16: '0', 17: '1', 18: '0', 19: '0', 20: '0', 21: '0', 22: '0', 23: '0', 24: '0', 25: '0'}
17:18:34: ...lock released
17:18:34: HTTP POST was successfully executed
17:18:37: PowerGroup._pdu_cmd(status, [4], 3) called
17:18:37: Waiting for pdu lock
17:18:37: ...lock acquired
17:18:37: Current outlet status: {1: '1', 2: '0', 3: '0', 4: '2', 5: '1', 6: '1', 7: '1', 8: '1', 9: '1', 10: '0', 11: '0', 12: '0', 13: '0', 14: '0', 15: '0', 16: '0', 17: '1', 18: '0', 19: '0', 20: '0', 21: '0', 22: '0', 23: '0', 24: '0', 25: '0'}
17:18:37: ...lock released
17:18:37: !! ERROR: power outlets have not been successfully turned on in 3 attempts
17:18:37: ...lock released
17:18:37: Turning PowerGroup on: Failed, try again
17:18:38: PowerGroup._pdu_cmd(on, [4], 3) called
17:18:38: Waiting for pdu lock
17:18:38: ...lock acquired
17:18:38: Sleep 0 seconds to work around the x610 power supply issue
17:18:38: Power outlets are already in the desired state
17:18:38: ...lock released
17:18:38: Turning PowerGroup on: Success
17:21:19: ========= TestCase 62 Tear Down =========
17:21:26: ======== Turning PowerGroup off
17:21:26: PowerGroup._pdu_cmd(off, [4], 3) called
17:21:26: Waiting for pdu lock
17:21:26: ...lock acquired
17:21:26: HTTP POST was successfully executed
17:21:27: PowerGroup._pdu_cmd(status, [4], 3) called
17:21:27: Waiting for pdu lock
17:21:27: ...lock acquired
17:21:27: Current outlet status: {1: '1', 2: '0', 3: '0', 4: '0', 5: '1', 6: '1', 7: '1', 8: '1', 9: '1', 10: '0', 11: '0', 12: '0', 13: '0', 14: '0', 15: '0', 16: '0', 17: '1', 18: '0', 19: '0', 20: '0', 21: '0', 22: '0', 23: '0', 24: '0', 25: '0'}
17:21:27: ...lock released
17:21:27: Power outlets have been successfully turned off
17:21:27: ...lock released
17:21:27: Turning PowerGroup off: Success
17:21:33: ======== Turning PowerGroup off
17:21:33: PowerGroup._pdu_cmd(off, [4], 3) called
17:21:33: Waiting for pdu lock
17:21:33: ...lock acquired
17:21:33: Power outlets are already in the desired state
17:21:33: ...lock released
17:21:33: Turning PowerGroup off: Success
17:21:38: ======== Turning PowerGroup off
17:21:38: PowerGroup._pdu_cmd(off, [4], 3) called
17:21:38: Waiting for pdu lock
17:21:38: ...lock acquired
17:21:38: Power outlets are already in the desired state
17:21:38: ...lock released
17:21:38: Turning PowerGroup off: Success
17:21:53: ======== Turning PowerGroup on
17:21:53: PowerGroup._pdu_cmd(on, [4], 3) called
17:21:53: Waiting for pdu lock
17:21:53: ...lock acquired
17:21:53: Sleep 0 seconds to work around the x610 power supply issue
17:21:53: HTTP POST was successfully executed
17:21:56: PowerGroup._pdu_cmd(status, [4], 3) called
17:21:56: Waiting for pdu lock
17:21:56: ...lock acquired
17:21:57: Current outlet status: {1: '1', 2: '0', 3: '0', 4: '2', 5: '1', 6: '1', 7: '1', 8: '1', 9: '1', 10: '0', 11: '0', 12: '0', 13: '0', 14: '0', 15: '0', 16: '0', 17: '1', 18: '0', 19: '0', 20: '0', 21: '0', 22: '0', 23: '0', 24: '0', 25: '0'}
17:21:57: ...lock released
17:21:57: HTTP POST was successfully executed
17:22:00: PowerGroup._pdu_cmd(status, [4], 3) called
17:22:00: Waiting for pdu lock
17:22:00: ...lock acquired
17:22:00: Current outlet status: {1: '1', 2: '0', 3: '0', 4: '2', 5: '1', 6: '1', 7: '1', 8: '1', 9: '1', 10: '0', 11: '0', 12: '0', 13: '0', 14: '0', 15: '0', 16: '0', 17: '1', 18: '0', 19: '0', 20: '0', 21: '0', 22: '0', 23: '0', 24: '0', 25: '0'}
17:22:00: ...lock released
17:22:00: HTTP POST was successfully executed
17:22:03: PowerGroup._pdu_cmd(status, [4], 3) called
17:22:03: Waiting for pdu lock
17:22:03: ...lock acquired
17:22:03: Current outlet status: {1: '1', 2: '0', 3: '0', 4: '2', 5: '1', 6: '1', 7: '1', 8: '1', 9: '1', 10: '0', 11: '0', 12: '0', 13: '0', 14: '0', 15: '0', 16: '0', 17: '1', 18: '0', 19: '0', 20: '0', 21: '0', 22: '0', 23: '0', 24: '0', 25: '0'}
17:22:03: ...lock released
17:22:03: !! ERROR: power outlets have not been successfully turned on in 3 attempts
17:22:03: ...lock released
17:22:03: Turning PowerGroup on: Failed, try again
17:22:04: PowerGroup._pdu_cmd(on, [4], 3) called
17:22:04: Waiting for pdu lock
17:22:04: ...lock acquired
17:22:04: Sleep 0 seconds to work around the x610 power supply issue
17:22:04: Power outlets are already in the desired state
17:22:04: ...lock released
17:22:04: Turning PowerGroup on: Success
17:27:05: ========= TestCase 70 Starting =========
17:27:14: ======== Turning PowerGroup off
17:27:14: PowerGroup._pdu_cmd(off, [4], 3) called
17:27:14: Waiting for pdu lock
17:27:14: ...lock acquired
17:27:14: HTTP POST was successfully executed
17:27:15: PowerGroup._pdu_cmd(status, [4], 3) called
17:27:15: Waiting for pdu lock
17:27:15: ...lock acquired
17:27:15: Current outlet status: {1: '1', 2: '0', 3: '0', 4: '0', 5: '1', 6: '1', 7: '1', 8: '1', 9: '1', 10: '0', 11: '0', 12: '0', 13: '0', 14: '0', 15: '0', 16: '0', 17: '1', 18: '0', 19: '0', 20: '0', 21: '0', 22: '0', 23: '0', 24: '0', 25: '0'}
17:27:15: ...lock released
17:27:15: Power outlets have been successfully turned off
17:27:15: ...lock released
17:27:15: Turning PowerGroup off: Success
17:27:30: ======== Turning PowerGroup on
17:27:30: PowerGroup._pdu_cmd(on, [4], 3) called
17:27:30: Waiting for pdu lock
17:27:30: ...lock acquired
17:27:30: Sleep 0 seconds to work around the x610 power supply issue
17:27:30: HTTP POST was successfully executed
17:27:33: PowerGroup._pdu_cmd(status, [4], 3) called
17:27:34: Waiting for pdu lock
17:27:34: ...lock acquired
17:27:34: Current outlet status: {1: '1', 2: '0', 3: '0', 4: '2', 5: '1', 6: '1', 7: '1', 8: '1', 9: '1', 10: '0', 11: '0', 12: '0', 13: '0', 14: '0', 15: '0', 16: '0', 17: '1', 18: '0', 19: '0', 20: '0', 21: '0', 22: '0', 23: '0', 24: '0', 25: '0'}
17:27:34: ...lock released
17:27:34: HTTP POST was successfully executed
17:27:37: PowerGroup._pdu_cmd(status, [4], 3) called
17:27:37: Waiting for pdu lock
17:27:37: ...lock acquired
17:27:37: Current outlet status: {1: '1', 2: '0', 3: '0', 4: '2', 5: '1', 6: '1', 7: '1', 8: '1', 9: '1', 10: '0', 11: '0', 12: '0', 13: '0', 14: '0', 15: '0', 16: '0', 17: '1', 18: '0', 19: '0', 20: '0', 21: '0', 22: '0', 23: '0', 24: '0', 25: '0'}
17:27:37: ...lock released
17:27:37: HTTP POST was successfully executed
17:27:40: PowerGroup._pdu_cmd(status, [4], 3) called
17:27:40: Waiting for pdu lock
17:27:40: ...lock acquired
17:27:40: Current outlet status: {1: '1', 2: '0', 3: '0', 4: '2', 5: '1', 6: '1', 7: '1', 8: '1', 9: '1', 10: '0', 11: '0', 12: '0', 13: '0', 14: '0', 15: '0', 16: '0', 17: '1', 18: '0', 19: '0', 20: '0', 21: '0', 22: '0', 23: '0', 24: '0', 25: '0'}
17:27:40: ...lock released
17:27:40: !! ERROR: power outlets have not been successfully turned on in 3 attempts
17:27:40: ...lock released
17:27:40: Turning PowerGroup on: Failed, try again
17:27:41: PowerGroup._pdu_cmd(on, [4], 3) called
17:27:41: Waiting for pdu lock
17:27:41: ...lock acquired
17:27:41: Sleep 0 seconds to work around the x610 power supply issue
17:27:41: Power outlets are already in the desired state
17:27:41: ...lock released
17:27:41: Turning PowerGroup on: Success
17:30:21: ========= TestCase 70 Tear Down =========
17:30:34: ========= TestCase 80 Starting =========
17:30:43: ======== Turning PowerGroup off
17:30:43: PowerGroup._pdu_cmd(off, [4], 3) called
17:30:43: Waiting for pdu lock
17:30:43: ...lock acquired
17:30:43: HTTP POST was successfully executed
17:30:45: PowerGroup._pdu_cmd(status, [4], 3) called
17:30:45: Waiting for pdu lock
17:30:45: ...lock acquired
17:30:45: Current outlet status: {1: '1', 2: '0', 3: '0', 4: '0', 5: '1', 6: '1', 7: '1', 8: '1', 9: '1', 10: '0', 11: '0', 12: '0', 13: '0', 14: '0', 15: '0', 16: '0', 17: '1', 18: '0', 19: '0', 20: '0', 21: '0', 22: '0', 23: '0', 24: '0', 25: '0'}
17:30:45: ...lock released
17:30:45: Power outlets have been successfully turned off
17:30:45: ...lock released
17:30:45: Turning PowerGroup off: Success
17:31:00: ======== Turning PowerGroup on
17:31:00: PowerGroup._pdu_cmd(on, [4], 3) called
17:31:00: Waiting for pdu lock
17:31:00: ...lock acquired
17:31:00: Sleep 0 seconds to work around the x610 power supply issue
17:31:00: HTTP POST was successfully executed
17:31:03: PowerGroup._pdu_cmd(status, [4], 3) called
17:31:03: Waiting for pdu lock
17:31:03: ...lock acquired
17:31:03: Current outlet status: {1: '1', 2: '0', 3: '0', 4: '2', 5: '1', 6: '1', 7: '1', 8: '1', 9: '1', 10: '0', 11: '0', 12: '0', 13: '0', 14: '0', 15: '0', 16: '0', 17: '1', 18: '0', 19: '0', 20: '0', 21: '0', 22: '0', 23: '0', 24: '0', 25: '0'}
17:31:03: ...lock released
17:31:03: HTTP POST was successfully executed
17:31:06: PowerGroup._pdu_cmd(status, [4], 3) called
17:31:06: Waiting for pdu lock
17:31:06: ...lock acquired
17:31:06: Current outlet status: {1: '1', 2: '0', 3: '0', 4: '1', 5: '1', 6: '1', 7: '1', 8: '1', 9: '1', 10: '0', 11: '0', 12: '0', 13: '0', 14: '0', 15: '0', 16: '0', 17: '1', 18: '0', 19: '0', 20: '0', 21: '0', 22: '0', 23: '0', 24: '0', 25: '0'}
17:31:06: ...lock released
17:31:06: Power outlets have been successfully turned on
17:31:06: ...lock released
17:31:06: Turning PowerGroup on: Success
17:33:51: ========= TestCase 80 Tear Down =========
17:34:02: ========= TestCase 90 Starting =========
17:34:17: ======== Turning PowerGroup off
17:34:17: PowerGroup._pdu_cmd(off, [4], 3) called
17:34:17: Waiting for pdu lock
17:34:17: ...lock acquired
17:34:17: HTTP POST was successfully executed
17:34:18: PowerGroup._pdu_cmd(status, [4], 3) called
17:34:18: Waiting for pdu lock
17:34:18: ...lock acquired
17:34:18: Current outlet status: {1: '1', 2: '0', 3: '0', 4: '0', 5: '1', 6: '1', 7: '1', 8: '1', 9: '1', 10: '0', 11: '0', 12: '0', 13: '0', 14: '0', 15: '0', 16: '0', 17: '1', 18: '0', 19: '0', 20: '0', 21: '0', 22: '0', 23: '0', 24: '0', 25: '0'}
17:34:18: ...lock released
17:34:18: Power outlets have been successfully turned off
17:34:18: ...lock released
17:34:18: Turning PowerGroup off: Success
17:34:33: ======== Turning PowerGroup on
17:34:34: PowerGroup._pdu_cmd(on, [4], 3) called
17:34:34: Waiting for pdu lock
17:34:34: ...lock acquired
17:34:34: Sleep 0 seconds to work around the x610 power supply issue
17:34:34: HTTP POST was successfully executed
17:34:37: PowerGroup._pdu_cmd(status, [4], 3) called
17:34:37: Waiting for pdu lock
17:34:37: ...lock acquired
17:34:37: Current outlet status: {1: '1', 2: '0', 3: '0', 4: '2', 5: '1', 6: '1', 7: '1', 8: '1', 9: '1', 10: '0', 11: '0', 12: '0', 13: '0', 14: '0', 15: '0', 16: '0', 17: '1', 18: '0', 19: '0', 20: '0', 21: '0', 22: '0', 23: '0', 24: '0', 25: '0'}
17:34:37: ...lock released
17:34:37: HTTP POST was successfully executed
17:34:40: PowerGroup._pdu_cmd(status, [4], 3) called
17:34:40: Waiting for pdu lock
17:34:40: ...lock acquired
17:34:40: Current outlet status: {1: '1', 2: '0', 3: '0', 4: '1', 5: '1', 6: '1', 7: '1', 8: '1', 9: '1', 10: '0', 11: '0', 12: '0', 13: '0', 14: '0', 15: '0', 16: '0', 17: '1', 18: '0', 19: '0', 20: '0', 21: '0', 22: '0', 23: '0', 24: '0', 25: '0'}
17:34:40: ...lock released
17:34:40: Power outlets have been successfully turned on
17:34:40: ...lock released
17:34:40: Turning PowerGroup on: Success
17:37:20: ========= TestCase 90 Tear Down =========
17:37:32: ========= TestCase 100 Starting =========
17:37:46: ======== Turning PowerGroup off
17:37:46: PowerGroup._pdu_cmd(off, [4], 3) called
17:37:46: Waiting for pdu lock
17:37:46: ...lock acquired
17:37:46: HTTP POST was successfully executed
17:37:47: PowerGroup._pdu_cmd(status, [4], 3) called
17:37:47: Waiting for pdu lock
17:37:47: ...lock acquired
17:37:47: Current outlet status: {1: '1', 2: '0', 3: '0', 4: '0', 5: '1', 6: '1', 7: '1', 8: '1', 9: '1', 10: '0', 11: '0', 12: '0', 13: '0', 14: '0', 15: '0', 16: '0', 17: '1', 18: '0', 19: '0', 20: '0', 21: '0', 22: '0', 23: '0', 24: '0', 25: '0'}
17:37:47: ...lock released
17:37:47: Power outlets have been successfully turned off
17:37:47: ...lock released
17:37:47: Turning PowerGroup off: Success
17:38:02: ======== Turning PowerGroup on
17:38:02: PowerGroup._pdu_cmd(on, [4], 3) called
17:38:02: Waiting for pdu lock
17:38:02: ...lock acquired
17:38:02: Sleep 0 seconds to work around the x610 power supply issue
17:38:02: HTTP POST was successfully executed
17:38:05: PowerGroup._pdu_cmd(status, [4], 3) called
17:38:05: Waiting for pdu lock
17:38:05: ...lock acquired
17:38:05: Current outlet status: {1: '1', 2: '0', 3: '0', 4: '2', 5: '1', 6: '1', 7: '1', 8: '1', 9: '1', 10: '0', 11: '0', 12: '0', 13: '0', 14: '0', 15: '0', 16: '0', 17: '1', 18: '0', 19: '0', 20: '0', 21: '0', 22: '0', 23: '0', 24: '0', 25: '0'}
17:38:05: ...lock released
17:38:05: HTTP POST was successfully executed
17:38:08: PowerGroup._pdu_cmd(status, [4], 3) called
17:38:08: Waiting for pdu lock
17:38:09: ...lock acquired
17:38:09: Current outlet status: {1: '1', 2: '0', 3: '0', 4: '2', 5: '1', 6: '1', 7: '1', 8: '1', 9: '1', 10: '0', 11: '0', 12: '0', 13: '0', 14: '0', 15: '0', 16: '0', 17: '1', 18: '0', 19: '0', 20: '0', 21: '0', 22: '0', 23: '0', 24: '0', 25: '0'}
17:38:09: ...lock released
17:38:09: HTTP POST was successfully executed
17:38:12: PowerGroup._pdu_cmd(status, [4], 3) called
17:38:12: Waiting for pdu lock
17:38:12: ...lock acquired
17:38:12: Current outlet status: {1: '1', 2: '0', 3: '0', 4: '2', 5: '1', 6: '1', 7: '1', 8: '1', 9: '1', 10: '0', 11: '0', 12: '0', 13: '0', 14: '0', 15: '0', 16: '0', 17: '1', 18: '0', 19: '0', 20: '0', 21: '0', 22: '0', 23: '0', 24: '0', 25: '0'}
17:38:12: ...lock released
17:38:12: !! ERROR: power outlets have not been successfully turned on in 3 attempts
17:38:12: ...lock released
17:38:12: Turning PowerGroup on: Failed, try again
17:38:13: PowerGroup._pdu_cmd(on, [4], 3) called
17:38:13: Waiting for pdu lock
17:38:13: ...lock acquired
17:38:13: Sleep 0 seconds to work around the x610 power supply issue
17:38:13: Power outlets are already in the desired state
17:38:13: ...lock released
17:38:13: Turning PowerGroup on: Success
17:39:26: ======== Turning PowerGroup off
17:39:26: PowerGroup._pdu_cmd(off, [4], 3) called
17:39:26: Waiting for pdu lock
17:39:26: ...lock acquired
17:39:26: HTTP POST was successfully executed
17:39:27: PowerGroup._pdu_cmd(status, [4], 3) called
17:39:27: Waiting for pdu lock
17:39:27: ...lock acquired
17:39:27: Current outlet status: {1: '1', 2: '0', 3: '0', 4: '0', 5: '1', 6: '1', 7: '1', 8: '1', 9: '1', 10: '0', 11: '0', 12: '0', 13: '0', 14: '0', 15: '0', 16: '0', 17: '1', 18: '0', 19: '0', 20: '0', 21: '0', 22: '0', 23: '0', 24: '0', 25: '0'}
17:39:27: ...lock released
17:39:27: Power outlets have been successfully turned off
17:39:27: ...lock released
17:39:27: Turning PowerGroup off: Success
17:39:42: ======== Turning PowerGroup on
17:39:42: PowerGroup._pdu_cmd(on, [4], 3) called
17:39:42: Waiting for pdu lock
17:39:42: ...lock acquired
17:39:42: Sleep 0 seconds to work around the x610 power supply issue
17:39:42: HTTP POST was successfully executed
17:39:45: PowerGroup._pdu_cmd(status, [4], 3) called
17:39:45: Waiting for pdu lock
17:39:45: ...lock acquired
17:39:45: Current outlet status: {1: '1', 2: '0', 3: '0', 4: '2', 5: '1', 6: '1', 7: '1', 8: '1', 9: '1', 10: '0', 11: '0', 12: '0', 13: '0', 14: '0', 15: '0', 16: '0', 17: '1', 18: '0', 19: '0', 20: '0', 21: '0', 22: '0', 23: '0', 24: '0', 25: '0'}
17:39:45: ...lock released
17:39:45: HTTP POST was successfully executed
17:39:48: PowerGroup._pdu_cmd(status, [4], 3) called
17:39:48: Waiting for pdu lock
17:39:48: ...lock acquired
17:39:48: Current outlet status: {1: '1', 2: '0', 3: '0', 4: '2', 5: '1', 6: '1', 7: '1', 8: '1', 9: '1', 10: '0', 11: '0', 12: '0', 13: '0', 14: '0', 15: '0', 16: '0', 17: '1', 18: '0', 19: '0', 20: '0', 21: '0', 22: '0', 23: '0', 24: '0', 25: '0'}
17:39:48: ...lock released
17:39:48: HTTP POST was successfully executed
17:39:51: PowerGroup._pdu_cmd(status, [4], 3) called
17:39:51: Waiting for pdu lock
17:39:51: ...lock acquired
17:39:51: Current outlet status: {1: '1', 2: '0', 3: '0', 4: '2', 5: '1', 6: '1', 7: '1', 8: '1', 9: '1', 10: '0', 11: '0', 12: '0', 13: '0', 14: '0', 15: '0', 16: '0', 17: '1', 18: '0', 19: '0', 20: '0', 21: '0', 22: '0', 23: '0', 24: '0', 25: '0'}
17:39:51: ...lock released
17:39:51: !! ERROR: power outlets have not been successfully turned on in 3 attempts
17:39:51: ...lock released
17:39:51: Turning PowerGroup on: Failed, try again
17:39:52: PowerGroup._pdu_cmd(on, [4], 3) called
17:39:52: Waiting for pdu lock
17:39:52: ...lock acquired
17:39:53: Sleep 0 seconds to work around the x610 power supply issue
17:39:53: Power outlets are already in the desired state
17:39:53: ...lock released
17:39:53: Turning PowerGroup on: Success
17:42:42: ======== Turning PowerGroup off
17:42:42: PowerGroup._pdu_cmd(off, [4], 3) called
17:42:42: Waiting for pdu lock
17:42:42: ...lock acquired
17:42:42: HTTP POST was successfully executed
17:42:43: PowerGroup._pdu_cmd(status, [4], 3) called
17:42:43: Waiting for pdu lock
17:42:43: ...lock acquired
17:42:43: Current outlet status: {1: '1', 2: '0', 3: '0', 4: '0', 5: '1', 6: '1', 7: '1', 8: '1', 9: '1', 10: '0', 11: '0', 12: '0', 13: '0', 14: '0', 15: '0', 16: '0', 17: '1', 18: '0', 19: '0', 20: '0', 21: '0', 22: '0', 23: '0', 24: '0', 25: '0'}
17:42:43: ...lock released
17:42:43: Power outlets have been successfully turned off
17:42:43: ...lock released
17:42:43: Turning PowerGroup off: Success
17:42:58: ======== Turning PowerGroup on
17:42:58: PowerGroup._pdu_cmd(on, [4], 3) called
17:42:58: Waiting for pdu lock
17:42:58: ...lock acquired
17:42:58: Sleep 0 seconds to work around the x610 power supply issue
17:42:58: HTTP POST was successfully executed
17:43:01: PowerGroup._pdu_cmd(status, [4], 3) called
17:43:01: Waiting for pdu lock
17:43:01: ...lock acquired
17:43:01: Current outlet status: {1: '1', 2: '0', 3: '0', 4: '2', 5: '1', 6: '1', 7: '1', 8: '1', 9: '1', 10: '0', 11: '0', 12: '0', 13: '0', 14: '0', 15: '0', 16: '0', 17: '1', 18: '0', 19: '0', 20: '0', 21: '0', 22: '0', 23: '0', 24: '0', 25: '0'}
17:43:01: ...lock released
17:43:01: HTTP POST was successfully executed
17:43:04: PowerGroup._pdu_cmd(status, [4], 3) called
17:43:04: Waiting for pdu lock
17:43:04: ...lock acquired
17:43:04: Current outlet status: {1: '1', 2: '0', 3: '0', 4: '1', 5: '1', 6: '1', 7: '1', 8: '1', 9: '1', 10: '0', 11: '0', 12: '0', 13: '0', 14: '0', 15: '0', 16: '0', 17: '1', 18: '0', 19: '0', 20: '0', 21: '0', 22: '0', 23: '0', 24: '0', 25: '0'}
17:43:04: ...lock released
17:43:04: Power outlets have been successfully turned on
17:43:04: ...lock released
17:43:04: Turning PowerGroup on: Success
17:45:52: ======== Turning PowerGroup off
17:45:52: PowerGroup._pdu_cmd(off, [4], 3) called
17:45:52: Waiting for pdu lock
17:45:52: ...lock acquired
17:45:52: HTTP POST was successfully executed
17:45:53: PowerGroup._pdu_cmd(status, [4], 3) called
17:45:53: Waiting for pdu lock
17:45:53: ...lock acquired
17:45:53: Current outlet status: {1: '1', 2: '0', 3: '0', 4: '0', 5: '1', 6: '1', 7: '1', 8: '1', 9: '1', 10: '0', 11: '0', 12: '0', 13: '0', 14: '0', 15: '0', 16: '0', 17: '1', 18: '0', 19: '0', 20: '0', 21: '0', 22: '0', 23: '0', 24: '0', 25: '0'}
17:45:53: ...lock released
17:45:53: Power outlets have been successfully turned off
17:45:53: ...lock released
17:45:53: Turning PowerGroup off: Success
17:46:09: ======== Turning PowerGroup on
17:46:09: PowerGroup._pdu_cmd(on, [4], 3) called
17:46:09: Waiting for pdu lock
17:46:09: ...lock acquired
17:46:09: Sleep 0 seconds to work around the x610 power supply issue
17:46:09: HTTP POST was successfully executed
17:46:12: PowerGroup._pdu_cmd(status, [4], 3) called
17:46:12: Waiting for pdu lock
17:46:12: ...lock acquired
17:46:12: Current outlet status: {1: '1', 2: '0', 3: '0', 4: '2', 5: '1', 6: '1', 7: '1', 8: '1', 9: '1', 10: '0', 11: '0', 12: '0', 13: '0', 14: '0', 15: '0', 16: '0', 17: '1', 18: '0', 19: '0', 20: '0', 21: '0', 22: '0', 23: '0', 24: '0', 25: '0'}
17:46:12: ...lock released
17:46:12: HTTP POST was successfully executed
17:46:15: PowerGroup._pdu_cmd(status, [4], 3) called
17:46:15: Waiting for pdu lock
17:46:15: ...lock acquired
17:46:15: Current outlet status: {1: '1', 2: '0', 3: '0', 4: '2', 5: '1', 6: '1', 7: '1', 8: '1', 9: '1', 10: '0', 11: '0', 12: '0', 13: '0', 14: '0', 15: '0', 16: '0', 17: '1', 18: '0', 19: '0', 20: '0', 21: '0', 22: '0', 23: '0', 24: '0', 25: '0'}
17:46:15: ...lock released
17:46:15: HTTP POST was successfully executed
17:46:18: PowerGroup._pdu_cmd(status, [4], 3) called
17:46:18: Waiting for pdu lock
17:46:18: ...lock acquired
17:46:18: Current outlet status: {1: '1', 2: '0', 3: '0', 4: '2', 5: '1', 6: '1', 7: '1', 8: '1', 9: '1', 10: '0', 11: '0', 12: '0', 13: '0', 14: '0', 15: '0', 16: '0', 17: '1', 18: '0', 19: '0', 20: '0', 21: '0', 22: '0', 23: '0', 24: '0', 25: '0'}
17:46:18: ...lock released
17:46:18: !! ERROR: power outlets have not been successfully turned on in 3 attempts
17:46:18: ...lock released
17:46:18: Turning PowerGroup on: Failed, try again
17:46:19: PowerGroup._pdu_cmd(on, [4], 3) called
17:46:19: Waiting for pdu lock
17:46:19: ...lock acquired
17:46:19: Sleep 0 seconds to work around the x610 power supply issue
17:46:19: Power outlets are already in the desired state
17:46:19: ...lock released
17:46:19: Turning PowerGroup on: Success
17:49:08: ======== Turning PowerGroup off
17:49:08: PowerGroup._pdu_cmd(off, [4], 3) called
17:49:08: Waiting for pdu lock
17:49:08: ...lock acquired
17:49:08: HTTP POST was successfully executed
17:49:09: PowerGroup._pdu_cmd(status, [4], 3) called
17:49:09: Waiting for pdu lock
17:49:09: ...lock acquired
17:49:09: Current outlet status: {1: '1', 2: '0', 3: '0', 4: '0', 5: '1', 6: '1', 7: '1', 8: '1', 9: '1', 10: '0', 11: '0', 12: '0', 13: '0', 14: '0', 15: '0', 16: '0', 17: '1', 18: '0', 19: '0', 20: '0', 21: '0', 22: '0', 23: '0', 24: '0', 25: '0'}
17:49:09: ...lock released
17:49:09: Power outlets have been successfully turned off
17:49:09: ...lock released
17:49:09: Turning PowerGroup off: Success
17:49:24: ======== Turning PowerGroup on
17:49:24: PowerGroup._pdu_cmd(on, [4], 3) called
17:49:24: Waiting for pdu lock
17:49:24: ...lock acquired
17:49:24: Sleep 0 seconds to work around the x610 power supply issue
17:49:24: HTTP POST was successfully executed
17:49:27: PowerGroup._pdu_cmd(status, [4], 3) called
17:49:27: Waiting for pdu lock
17:49:27: ...lock acquired
17:49:27: Current outlet status: {1: '1', 2: '0', 3: '0', 4: '2', 5: '1', 6: '1', 7: '1', 8: '1', 9: '1', 10: '0', 11: '0', 12: '0', 13: '0', 14: '0', 15: '0', 16: '0', 17: '1', 18: '0', 19: '0', 20: '0', 21: '0', 22: '0', 23: '0', 24: '0', 25: '0'}
17:49:27: ...lock released
17:49:27: HTTP POST was successfully executed
17:49:30: PowerGroup._pdu_cmd(status, [4], 3) called
17:49:30: Waiting for pdu lock
17:49:30: ...lock acquired
17:49:30: Current outlet status: {1: '1', 2: '0', 3: '0', 4: '2', 5: '1', 6: '1', 7: '1', 8: '1', 9: '1', 10: '0', 11: '0', 12: '0', 13: '0', 14: '0', 15: '0', 16: '0', 17: '1', 18: '0', 19: '0', 20: '0', 21: '0', 22: '0', 23: '0', 24: '0', 25: '0'}
17:49:30: ...lock released
17:49:30: HTTP POST was successfully executed
17:49:33: PowerGroup._pdu_cmd(status, [4], 3) called
17:49:33: Waiting for pdu lock
17:49:33: ...lock acquired
17:49:33: Current outlet status: {1: '1', 2: '0', 3: '0', 4: '1', 5: '1', 6: '1', 7: '1', 8: '1', 9: '1', 10: '0', 11: '0', 12: '0', 13: '0', 14: '0', 15: '0', 16: '0', 17: '1', 18: '0', 19: '0', 20: '0', 21: '0', 22: '0', 23: '0', 24: '0', 25: '0'}
17:49:33: ...lock released
17:49:33: Power outlets have been successfully turned on
17:49:33: ...lock released
17:49:33: Turning PowerGroup on: Success
17:52:20: ======== Turning PowerGroup off
17:52:20: PowerGroup._pdu_cmd(off, [4], 3) called
17:52:20: Waiting for pdu lock
17:52:20: ...lock acquired
17:52:20: HTTP POST was successfully executed
17:52:21: PowerGroup._pdu_cmd(status, [4], 3) called
17:52:21: Waiting for pdu lock
17:52:21: ...lock acquired
17:52:21: Current outlet status: {1: '1', 2: '0', 3: '0', 4: '0', 5: '1', 6: '1', 7: '1', 8: '1', 9: '1', 10: '0', 11: '0', 12: '0', 13: '0', 14: '0', 15: '0', 16: '0', 17: '1', 18: '0', 19: '0', 20: '0', 21: '0', 22: '0', 23: '0', 24: '0', 25: '0'}
17:52:21: ...lock released
17:52:21: Power outlets have been successfully turned off
17:52:21: ...lock released
17:52:21: Turning PowerGroup off: Success
17:52:37: ======== Turning PowerGroup on
17:52:37: PowerGroup._pdu_cmd(on, [4], 3) called
17:52:37: Waiting for pdu lock
17:52:37: ...lock acquired
17:52:37: Sleep 0 seconds to work around the x610 power supply issue
17:52:37: HTTP POST was successfully executed
17:52:40: PowerGroup._pdu_cmd(status, [4], 3) called
17:52:40: Waiting for pdu lock
17:52:40: ...lock acquired
17:52:40: Current outlet status: {1: '1', 2: '0', 3: '0', 4: '2', 5: '1', 6: '1', 7: '1', 8: '1', 9: '1', 10: '0', 11: '0', 12: '0', 13: '0', 14: '0', 15: '0', 16: '0', 17: '1', 18: '0', 19: '0', 20: '0', 21: '0', 22: '0', 23: '0', 24: '0', 25: '0'}
17:52:40: ...lock released
17:52:40: HTTP POST was successfully executed
17:52:43: PowerGroup._pdu_cmd(status, [4], 3) called
17:52:43: Waiting for pdu lock
17:52:44: ...lock acquired
17:52:44: Current outlet status: {1: '1', 2: '0', 3: '0', 4: '2', 5: '1', 6: '1', 7: '1', 8: '1', 9: '1', 10: '0', 11: '0', 12: '0', 13: '0', 14: '0', 15: '0', 16: '0', 17: '1', 18: '0', 19: '0', 20: '0', 21: '0', 22: '0', 23: '0', 24: '0', 25: '0'}
17:52:44: ...lock released
17:52:44: HTTP POST was successfully executed
17:52:47: PowerGroup._pdu_cmd(status, [4], 3) called
17:52:47: Waiting for pdu lock
17:52:47: ...lock acquired
17:52:47: Current outlet status: {1: '1', 2: '0', 3: '0', 4: '2', 5: '1', 6: '1', 7: '1', 8: '1', 9: '1', 10: '0', 11: '0', 12: '0', 13: '0', 14: '0', 15: '0', 16: '0', 17: '1', 18: '0', 19: '0', 20: '0', 21: '0', 22: '0', 23: '0', 24: '0', 25: '0'}
17:52:47: ...lock released
17:52:47: !! ERROR: power outlets have not been successfully turned on in 3 attempts
17:52:47: ...lock released
17:52:47: Turning PowerGroup on: Failed, try again
17:52:48: PowerGroup._pdu_cmd(on, [4], 3) called
17:52:48: Waiting for pdu lock
17:52:48: ...lock acquired
17:52:48: Sleep 0 seconds to work around the x610 power supply issue
17:52:48: Power outlets are already in the desired state
17:52:48: ...lock released
17:52:48: Turning PowerGroup on: Success
17:53:02: ======== Turning PowerGroup off
17:53:02: PowerGroup._pdu_cmd(off, [4], 3) called
17:53:02: Waiting for pdu lock
17:53:02: ...lock acquired
17:53:02: HTTP POST was successfully executed
17:53:03: PowerGroup._pdu_cmd(status, [4], 3) called
17:53:03: Waiting for pdu lock
17:53:03: ...lock acquired
17:53:03: Current outlet status: {1: '1', 2: '0', 3: '0', 4: '0', 5: '1', 6: '1', 7: '1', 8: '1', 9: '1', 10: '0', 11: '0', 12: '0', 13: '0', 14: '0', 15: '0', 16: '0', 17: '1', 18: '0', 19: '0', 20: '0', 21: '0', 22: '0', 23: '0', 24: '0', 25: '0'}
17:53:03: ...lock released
17:53:03: Power outlets have been successfully turned off
17:53:03: ...lock released
17:53:03: Turning PowerGroup off: Success
17:53:08: ======== Turning PowerGroup off
17:53:08: PowerGroup._pdu_cmd(off, [4], 3) called
17:53:08: Waiting for pdu lock
17:53:08: ...lock acquired
17:53:08: Power outlets are already in the desired state
17:53:08: ...lock released
17:53:08: Turning PowerGroup off: Success
17:53:13: ======== Turning PowerGroup off
17:53:13: PowerGroup._pdu_cmd(off, [4], 3) called
17:53:13: Waiting for pdu lock
17:53:13: ...lock acquired
17:53:13: Power outlets are already in the desired state
17:53:13: ...lock released
17:53:13: Turning PowerGroup off: Success
17:53:28: ======== Turning PowerGroup on
17:53:28: PowerGroup._pdu_cmd(on, [4], 3) called
17:53:28: Waiting for pdu lock
17:53:28: ...lock acquired
17:53:28: Sleep 0 seconds to work around the x610 power supply issue
17:53:28: HTTP POST was successfully executed
17:53:31: PowerGroup._pdu_cmd(status, [4], 3) called
17:53:31: Waiting for pdu lock
17:53:31: ...lock acquired
17:53:31: Current outlet status: {1: '1', 2: '0', 3: '0', 4: '1', 5: '1', 6: '1', 7: '1', 8: '1', 9: '1', 10: '0', 11: '0', 12: '0', 13: '0', 14: '0', 15: '0', 16: '0', 17: '1', 18: '0', 19: '0', 20: '0', 21: '0', 22: '0', 23: '0', 24: '0', 25: '0'}
17:53:31: ...lock released
17:53:31: Power outlets have been successfully turned on
17:53:31: ...lock released
17:53:31: Turning PowerGroup on: Success
17:58:25: ========= TestCase 100 Tear Down =========
17:58:52: ======== Turning PowerGroup off
17:58:52: PowerGroup._pdu_cmd(off, [4], 3) called
17:58:52: Waiting for pdu lock
17:58:52: ...lock acquired
17:58:52: HTTP POST was successfully executed
17:58:53: PowerGroup._pdu_cmd(status, [4], 3) called
17:58:53: Waiting for pdu lock
17:58:53: ...lock acquired
17:58:53: Current outlet status: {1: '1', 2: '0', 3: '0', 4: '0', 5: '1', 6: '1', 7: '1', 8: '1', 9: '1', 10: '0', 11: '0', 12: '0', 13: '0', 14: '0', 15: '0', 16: '0', 17: '1', 18: '0', 19: '0', 20: '0', 21: '0', 22: '0', 23: '0', 24: '0', 25: '0'}
17:58:53: ...lock released
17:58:53: Power outlets have been successfully turned off
17:58:53: ...lock released
17:58:53: Turning PowerGroup off: Success
17:58:58: ======== Turning PowerGroup off
17:58:58: PowerGroup._pdu_cmd(off, [4], 3) called
17:58:58: Waiting for pdu lock
17:58:58: ...lock acquired
17:58:58: Power outlets are already in the desired state
17:58:58: ...lock released
17:58:58: Turning PowerGroup off: Success
17:59:03: ======== Turning PowerGroup off
17:59:03: PowerGroup._pdu_cmd(off, [4], 3) called
17:59:03: Waiting for pdu lock
17:59:03: ...lock acquired
17:59:03: Power outlets are already in the desired state
17:59:03: ...lock released
17:59:03: Turning PowerGroup off: Success
17:59:18: ======== Turning PowerGroup on
17:59:18: PowerGroup._pdu_cmd(on, [4], 3) called
17:59:18: Waiting for pdu lock
17:59:18: ...lock acquired
17:59:18: Sleep 0 seconds to work around the x610 power supply issue
17:59:18: HTTP POST was successfully executed
17:59:21: PowerGroup._pdu_cmd(status, [4], 3) called
17:59:21: Waiting for pdu lock
17:59:21: ...lock acquired
17:59:21: Current outlet status: {1: '1', 2: '0', 3: '0', 4: '2', 5: '1', 6: '1', 7: '1', 8: '1', 9: '1', 10: '0', 11: '0', 12: '0', 13: '0', 14: '0', 15: '0', 16: '0', 17: '1', 18: '0', 19: '0', 20: '0', 21: '0', 22: '0', 23: '0', 24: '0', 25: '0'}
17:59:21: ...lock released
17:59:21: HTTP POST was successfully executed
17:59:24: PowerGroup._pdu_cmd(status, [4], 3) called
17:59:24: Waiting for pdu lock
17:59:24: ...lock acquired
17:59:25: Current outlet status: {1: '1', 2: '0', 3: '0', 4: '2', 5: '1', 6: '1', 7: '1', 8: '1', 9: '1', 10: '0', 11: '0', 12: '0', 13: '0', 14: '0', 15: '0', 16: '0', 17: '1', 18: '0', 19: '0', 20: '0', 21: '0', 22: '0', 23: '0', 24: '0', 25: '0'}
17:59:25: ...lock released
17:59:25: HTTP POST was successfully executed
17:59:28: PowerGroup._pdu_cmd(status, [4], 3) called
17:59:28: Waiting for pdu lock
17:59:28: ...lock acquired
17:59:28: Current outlet status: {1: '1', 2: '0', 3: '0', 4: '2', 5: '1', 6: '1', 7: '1', 8: '1', 9: '1', 10: '0', 11: '0', 12: '0', 13: '0', 14: '0', 15: '0', 16: '0', 17: '1', 18: '0', 19: '0', 20: '0', 21: '0', 22: '0', 23: '0', 24: '0', 25: '0'}
17:59:28: ...lock released
17:59:28: !! ERROR: power outlets have not been successfully turned on in 3 attempts
17:59:28: ...lock released
17:59:28: Turning PowerGroup on: Failed, try again
17:59:29: PowerGroup._pdu_cmd(on, [4], 3) called
17:59:29: Waiting for pdu lock
17:59:29: ...lock acquired
17:59:29: Sleep 0 seconds to work around the x610 power supply issue
17:59:29: Power outlets are already in the desired state
17:59:29: ...lock released
17:59:29: Turning PowerGroup on: Success
18:04:38: ========= TestCase 101 Starting =========
18:04:44: ========= TestCase 101 Tear Down =========
18:04:57: ========= TestCase 102 Starting =========
18:07:00: ======== Turning PowerGroup off
18:07:00: PowerGroup._pdu_cmd(off, [4], 3) called
18:07:00: Waiting for pdu lock
18:07:00: ...lock acquired
18:07:00: HTTP POST was successfully executed
18:07:01: PowerGroup._pdu_cmd(status, [4], 3) called
18:07:01: Waiting for pdu lock
18:07:01: ...lock acquired
18:07:01: Current outlet status: {1: '1', 2: '0', 3: '0', 4: '0', 5: '1', 6: '1', 7: '1', 8: '1', 9: '1', 10: '0', 11: '0', 12: '0', 13: '0', 14: '0', 15: '0', 16: '0', 17: '1', 18: '0', 19: '0', 20: '0', 21: '0', 22: '0', 23: '0', 24: '0', 25: '0'}
18:07:01: ...lock released
18:07:01: Power outlets have been successfully turned off
18:07:01: ...lock released
18:07:01: Turning PowerGroup off: Success
18:07:16: ======== Turning PowerGroup on
18:07:16: PowerGroup._pdu_cmd(on, [4], 3) called
18:07:16: Waiting for pdu lock
18:07:16: ...lock acquired
18:07:16: Sleep 0 seconds to work around the x610 power supply issue
18:07:16: HTTP POST was successfully executed
18:07:19: PowerGroup._pdu_cmd(status, [4], 3) called
18:07:19: Waiting for pdu lock
18:07:19: ...lock acquired
18:07:19: Current outlet status: {1: '1', 2: '0', 3: '0', 4: '2', 5: '1', 6: '1', 7: '1', 8: '1', 9: '1', 10: '0', 11: '0', 12: '0', 13: '0', 14: '0', 15: '0', 16: '0', 17: '1', 18: '0', 19: '0', 20: '0', 21: '0', 22: '0', 23: '0', 24: '0', 25: '0'}
18:07:19: ...lock released
18:07:19: HTTP POST was successfully executed
18:07:22: PowerGroup._pdu_cmd(status, [4], 3) called
18:07:22: Waiting for pdu lock
18:07:22: ...lock acquired
18:07:22: Current outlet status: {1: '1', 2: '0', 3: '0', 4: '2', 5: '1', 6: '1', 7: '1', 8: '1', 9: '1', 10: '0', 11: '0', 12: '0', 13: '0', 14: '0', 15: '0', 16: '0', 17: '1', 18: '0', 19: '0', 20: '0', 21: '0', 22: '0', 23: '0', 24: '0', 25: '0'}
18:07:22: ...lock released
18:07:22: HTTP POST was successfully executed
18:07:25: PowerGroup._pdu_cmd(status, [4], 3) called
18:07:25: Waiting for pdu lock
18:07:25: ...lock acquired
18:07:26: Current outlet status: {1: '1', 2: '0', 3: '0', 4: '2', 5: '1', 6: '1', 7: '1', 8: '1', 9: '1', 10: '0', 11: '0', 12: '0', 13: '0', 14: '0', 15: '0', 16: '0', 17: '1', 18: '0', 19: '0', 20: '0', 21: '0', 22: '0', 23: '0', 24: '0', 25: '0'}
18:07:26: ...lock released
18:07:26: !! ERROR: power outlets have not been successfully turned on in 3 attempts
18:07:26: ...lock released
18:07:26: Turning PowerGroup on: Failed, try again
18:07:27: PowerGroup._pdu_cmd(on, [4], 3) called
18:07:27: Waiting for pdu lock
18:07:27: ...lock acquired
18:07:27: Sleep 0 seconds to work around the x610 power supply issue
18:07:27: Power outlets are already in the desired state
18:07:27: ...lock released
18:07:27: Turning PowerGroup on: Success
18:12:22: ======== Turning PowerGroup off
18:12:22: PowerGroup._pdu_cmd(off, [4], 3) called
18:12:22: Waiting for pdu lock
18:12:22: ...lock acquired
18:12:22: HTTP POST was successfully executed
18:12:23: PowerGroup._pdu_cmd(status, [4], 3) called
18:12:23: Waiting for pdu lock
18:12:23: ...lock acquired
18:12:23: Current outlet status: {1: '1', 2: '0', 3: '0', 4: '0', 5: '1', 6: '1', 7: '1', 8: '1', 9: '1', 10: '0', 11: '0', 12: '0', 13: '0', 14: '0', 15: '0', 16: '0', 17: '1', 18: '0', 19: '0', 20: '0', 21: '0', 22: '0', 23: '0', 24: '0', 25: '0'}
18:12:23: ...lock released
18:12:23: Power outlets have been successfully turned off
18:12:23: ...lock released
18:12:23: Turning PowerGroup off: Success
18:12:38: ======== Turning PowerGroup on
18:12:38: PowerGroup._pdu_cmd(on, [4], 3) called
18:12:38: Waiting for pdu lock
18:12:38: ...lock acquired
18:12:38: Sleep 0 seconds to work around the x610 power supply issue
18:12:38: HTTP POST was successfully executed
18:12:41: PowerGroup._pdu_cmd(status, [4], 3) called
18:12:41: Waiting for pdu lock
18:12:41: ...lock acquired
18:12:41: Current outlet status: {1: '1', 2: '0', 3: '0', 4: '2', 5: '1', 6: '1', 7: '1', 8: '1', 9: '1', 10: '0', 11: '0', 12: '0', 13: '0', 14: '0', 15: '0', 16: '0', 17: '1', 18: '0', 19: '0', 20: '0', 21: '0', 22: '0', 23: '0', 24: '0', 25: '0'}
18:12:41: ...lock released
18:12:41: HTTP POST was successfully executed
18:12:44: PowerGroup._pdu_cmd(status, [4], 3) called
18:12:44: Waiting for pdu lock
18:12:44: ...lock acquired
18:12:44: Current outlet status: {1: '1', 2: '0', 3: '0', 4: '2', 5: '1', 6: '1', 7: '1', 8: '1', 9: '1', 10: '0', 11: '0', 12: '0', 13: '0', 14: '0', 15: '0', 16: '0', 17: '1', 18: '0', 19: '0', 20: '0', 21: '0', 22: '0', 23: '0', 24: '0', 25: '0'}
18:12:44: ...lock released
18:12:44: HTTP POST was successfully executed
18:12:47: PowerGroup._pdu_cmd(status, [4], 3) called
18:12:47: Waiting for pdu lock
18:12:47: ...lock acquired
18:12:47: Current outlet status: {1: '1', 2: '0', 3: '0', 4: '2', 5: '1', 6: '1', 7: '1', 8: '1', 9: '1', 10: '0', 11: '0', 12: '0', 13: '0', 14: '0', 15: '0', 16: '0', 17: '1', 18: '0', 19: '0', 20: '0', 21: '0', 22: '0', 23: '0', 24: '0', 25: '0'}
18:12:47: ...lock released
18:12:47: !! ERROR: power outlets have not been successfully turned on in 3 attempts
18:12:47: ...lock released
18:12:47: Turning PowerGroup on: Failed, try again
18:12:48: PowerGroup._pdu_cmd(on, [4], 3) called
18:12:48: Waiting for pdu lock
18:12:48: ...lock acquired
18:12:48: Sleep 0 seconds to work around the x610 power supply issue
18:12:48: Power outlets are already in the desired state
18:12:48: ...lock released
18:12:48: Turning PowerGroup on: Success
18:15:30: ========= TestCase 102 Tear Down =========
18:15:41: ======== Turning PowerGroup off
18:15:41: PowerGroup._pdu_cmd(off, [4], 3) called
18:15:41: Waiting for pdu lock
18:15:41: ...lock acquired
18:15:41: HTTP POST was successfully executed
18:15:42: PowerGroup._pdu_cmd(status, [4], 3) called
18:15:42: Waiting for pdu lock
18:15:42: ...lock acquired
18:15:42: Current outlet status: {1: '1', 2: '0', 3: '0', 4: '0', 5: '1', 6: '1', 7: '1', 8: '1', 9: '1', 10: '0', 11: '0', 12: '0', 13: '0', 14: '0', 15: '0', 16: '0', 17: '1', 18: '0', 19: '0', 20: '0', 21: '0', 22: '0', 23: '0', 24: '0', 25: '0'}
18:15:42: ...lock released
18:15:42: Power outlets have been successfully turned off
18:15:42: ...lock released
18:15:42: Turning PowerGroup off: Success
18:15:47: ======== Turning PowerGroup off
18:15:47: PowerGroup._pdu_cmd(off, [4], 3) called
18:15:47: Waiting for pdu lock
18:15:47: ...lock acquired
18:15:47: Power outlets are already in the desired state
18:15:47: ...lock released
18:15:47: Turning PowerGroup off: Success
18:15:52: ======== Turning PowerGroup off
18:15:52: PowerGroup._pdu_cmd(off, [4], 3) called
18:15:52: Waiting for pdu lock
18:15:52: ...lock acquired
18:15:52: Power outlets are already in the desired state
18:15:52: ...lock released
18:15:52: Turning PowerGroup off: Success
18:16:07: ======== Turning PowerGroup on
18:16:07: PowerGroup._pdu_cmd(on, [4], 3) called
18:16:07: Waiting for pdu lock
18:16:07: ...lock acquired
18:16:07: Sleep 0 seconds to work around the x610 power supply issue
18:16:07: HTTP POST was successfully executed
18:16:10: PowerGroup._pdu_cmd(status, [4], 3) called
18:16:10: Waiting for pdu lock
18:16:10: ...lock acquired
18:16:10: Current outlet status: {1: '1', 2: '0', 3: '0', 4: '2', 5: '1', 6: '1', 7: '1', 8: '1', 9: '1', 10: '0', 11: '0', 12: '0', 13: '0', 14: '0', 15: '0', 16: '0', 17: '1', 18: '0', 19: '0', 20: '0', 21: '0', 22: '0', 23: '0', 24: '0', 25: '0'}
18:16:10: ...lock released
18:16:10: HTTP POST was successfully executed
18:16:13: PowerGroup._pdu_cmd(status, [4], 3) called
18:16:13: Waiting for pdu lock
18:16:13: ...lock acquired
18:16:13: Current outlet status: {1: '1', 2: '0', 3: '0', 4: '1', 5: '1', 6: '1', 7: '1', 8: '1', 9: '1', 10: '0', 11: '0', 12: '0', 13: '0', 14: '0', 15: '0', 16: '0', 17: '1', 18: '0', 19: '0', 20: '0', 21: '0', 22: '0', 23: '0', 24: '0', 25: '0'}
18:16:13: ...lock released
18:16:14: Power outlets have been successfully turned on
18:16:14: ...lock released
18:16:14: Turning PowerGroup on: Success
18:21:16: ========= TestCase 110 Starting =========
18:21:25: ======== Turning PowerGroup off
18:21:25: PowerGroup._pdu_cmd(off, [4], 3) called
18:21:25: Waiting for pdu lock
18:21:25: ...lock acquired
18:21:25: HTTP POST was successfully executed
18:21:26: PowerGroup._pdu_cmd(status, [4], 3) called
18:21:26: Waiting for pdu lock
18:21:26: ...lock acquired
18:21:27: Current outlet status: {1: '1', 2: '0', 3: '0', 4: '0', 5: '1', 6: '1', 7: '1', 8: '1', 9: '1', 10: '0', 11: '0', 12: '0', 13: '0', 14: '0', 15: '0', 16: '0', 17: '1', 18: '0', 19: '0', 20: '0', 21: '0', 22: '0', 23: '0', 24: '0', 25: '0'}
18:21:27: ...lock released
18:21:27: Power outlets have been successfully turned off
18:21:27: ...lock released
18:21:27: Turning PowerGroup off: Success
18:21:43: ======== Turning PowerGroup on
18:21:43: PowerGroup._pdu_cmd(on, [4], 3) called
18:21:43: Waiting for pdu lock
18:21:43: ...lock acquired
18:21:43: Sleep 0 seconds to work around the x610 power supply issue
18:21:43: HTTP POST was successfully executed
18:21:46: PowerGroup._pdu_cmd(status, [4], 3) called
18:21:46: Waiting for pdu lock
18:21:46: ...lock acquired
18:21:46: Current outlet status: {1: '1', 2: '0', 3: '0', 4: '2', 5: '1', 6: '1', 7: '1', 8: '1', 9: '1', 10: '0', 11: '0', 12: '0', 13: '0', 14: '0', 15: '0', 16: '0', 17: '1', 18: '0', 19: '0', 20: '0', 21: '0', 22: '0', 23: '0', 24: '0', 25: '0'}
18:21:46: ...lock released
18:21:46: HTTP POST was successfully executed
18:21:49: PowerGroup._pdu_cmd(status, [4], 3) called
18:21:49: Waiting for pdu lock
18:21:49: ...lock acquired
18:21:49: Current outlet status: {1: '1', 2: '0', 3: '0', 4: '2', 5: '1', 6: '1', 7: '1', 8: '1', 9: '1', 10: '0', 11: '0', 12: '0', 13: '0', 14: '0', 15: '0', 16: '0', 17: '1', 18: '0', 19: '0', 20: '0', 21: '0', 22: '0', 23: '0', 24: '0', 25: '0'}
18:21:49: ...lock released
18:21:49: HTTP POST was successfully executed
18:21:52: PowerGroup._pdu_cmd(status, [4], 3) called
18:21:52: Waiting for pdu lock
18:21:52: ...lock acquired
18:21:52: Current outlet status: {1: '1', 2: '0', 3: '0', 4: '2', 5: '1', 6: '1', 7: '1', 8: '1', 9: '1', 10: '0', 11: '0', 12: '0', 13: '0', 14: '0', 15: '0', 16: '0', 17: '1', 18: '0', 19: '0', 20: '0', 21: '0', 22: '0', 23: '0', 24: '0', 25: '0'}
18:21:52: ...lock released
18:21:52: !! ERROR: power outlets have not been successfully turned on in 3 attempts
18:21:52: ...lock released
18:21:52: Turning PowerGroup on: Failed, try again
18:21:53: PowerGroup._pdu_cmd(on, [4], 3) called
18:21:53: Waiting for pdu lock
18:21:53: ...lock acquired
18:21:53: Sleep 0 seconds to work around the x610 power supply issue
18:21:53: Power outlets are already in the desired state
18:21:53: ...lock released
18:21:53: Turning PowerGroup on: Success
18:23:07: ======== Turning PowerGroup off
18:23:07: PowerGroup._pdu_cmd(off, [4], 3) called
18:23:07: Waiting for pdu lock
18:23:07: ...lock acquired
18:23:07: HTTP POST was successfully executed
18:23:08: PowerGroup._pdu_cmd(status, [4], 3) called
18:23:08: Waiting for pdu lock
18:23:08: ...lock acquired
18:23:08: Current outlet status: {1: '1', 2: '0', 3: '0', 4: '0', 5: '1', 6: '1', 7: '1', 8: '1', 9: '1', 10: '0', 11: '0', 12: '0', 13: '0', 14: '0', 15: '0', 16: '0', 17: '1', 18: '0', 19: '0', 20: '0', 21: '0', 22: '0', 23: '0', 24: '0', 25: '0'}
18:23:08: ...lock released
18:23:08: Power outlets have been successfully turned off
18:23:08: ...lock released
18:23:08: Turning PowerGroup off: Success
18:23:23: ======== Turning PowerGroup on
18:23:23: PowerGroup._pdu_cmd(on, [4], 3) called
18:23:23: Waiting for pdu lock
18:23:23: ...lock acquired
18:23:23: Sleep 0 seconds to work around the x610 power supply issue
18:23:23: HTTP POST was successfully executed
18:23:26: PowerGroup._pdu_cmd(status, [4], 3) called
18:23:26: Waiting for pdu lock
18:23:26: ...lock acquired
18:23:26: Current outlet status: {1: '1', 2: '0', 3: '0', 4: '2', 5: '1', 6: '1', 7: '1', 8: '1', 9: '1', 10: '0', 11: '0', 12: '0', 13: '0', 14: '0', 15: '0', 16: '0', 17: '1', 18: '0', 19: '0', 20: '0', 21: '0', 22: '0', 23: '0', 24: '0', 25: '0'}
18:23:26: ...lock released
18:23:26: HTTP POST was successfully executed
18:23:29: PowerGroup._pdu_cmd(status, [4], 3) called
18:23:29: Waiting for pdu lock
18:23:29: ...lock acquired
18:23:29: Current outlet status: {1: '1', 2: '0', 3: '0', 4: '2', 5: '1', 6: '1', 7: '1', 8: '1', 9: '1', 10: '0', 11: '0', 12: '0', 13: '0', 14: '0', 15: '0', 16: '0', 17: '1', 18: '0', 19: '0', 20: '0', 21: '0', 22: '0', 23: '0', 24: '0', 25: '0'}
18:23:29: ...lock released
18:23:29: HTTP POST was successfully executed
18:23:32: PowerGroup._pdu_cmd(status, [4], 3) called
18:23:32: Waiting for pdu lock
18:23:32: ...lock acquired
18:23:32: Current outlet status: {1: '1', 2: '0', 3: '0', 4: '2', 5: '1', 6: '1', 7: '1', 8: '1', 9: '1', 10: '0', 11: '0', 12: '0', 13: '0', 14: '0', 15: '0', 16: '0', 17: '1', 18: '0', 19: '0', 20: '0', 21: '0', 22: '0', 23: '0', 24: '0', 25: '0'}
18:23:32: ...lock released
18:23:32: !! ERROR: power outlets have not been successfully turned on in 3 attempts
18:23:32: ...lock released
18:23:32: Turning PowerGroup on: Failed, try again
18:23:33: PowerGroup._pdu_cmd(on, [4], 3) called
18:23:33: Waiting for pdu lock
18:23:34: ...lock acquired
18:23:34: Sleep 0 seconds to work around the x610 power supply issue
18:23:34: Power outlets are already in the desired state
18:23:34: ...lock released
18:23:34: Turning PowerGroup on: Success
18:28:45: ======== Turning PowerGroup off
18:28:45: PowerGroup._pdu_cmd(off, [4], 3) called
18:28:45: Waiting for pdu lock
18:28:45: ...lock acquired
18:28:45: HTTP POST was successfully executed
18:28:46: PowerGroup._pdu_cmd(status, [4], 3) called
18:28:46: Waiting for pdu lock
18:28:46: ...lock acquired
18:28:46: Current outlet status: {1: '1', 2: '0', 3: '0', 4: '0', 5: '1', 6: '1', 7: '1', 8: '1', 9: '1', 10: '0', 11: '0', 12: '0', 13: '0', 14: '0', 15: '0', 16: '0', 17: '1', 18: '0', 19: '0', 20: '0', 21: '0', 22: '0', 23: '0', 24: '0', 25: '0'}
18:28:46: ...lock released
18:28:46: Power outlets have been successfully turned off
18:28:46: ...lock released
18:28:46: Turning PowerGroup off: Success
18:29:01: ======== Turning PowerGroup on
18:29:01: PowerGroup._pdu_cmd(on, [4], 3) called
18:29:01: Waiting for pdu lock
18:29:01: ...lock acquired
18:29:01: Sleep 0 seconds to work around the x610 power supply issue
18:29:01: HTTP POST was successfully executed
18:29:04: PowerGroup._pdu_cmd(status, [4], 3) called
18:29:04: Waiting for pdu lock
18:29:04: ...lock acquired
18:29:04: Current outlet status: {1: '1', 2: '0', 3: '0', 4: '2', 5: '1', 6: '1', 7: '1', 8: '1', 9: '1', 10: '0', 11: '0', 12: '0', 13: '0', 14: '0', 15: '0', 16: '0', 17: '1', 18: '0', 19: '0', 20: '0', 21: '0', 22: '0', 23: '0', 24: '0', 25: '0'}
18:29:04: ...lock released
18:29:04: HTTP POST was successfully executed
18:29:07: PowerGroup._pdu_cmd(status, [4], 3) called
18:29:07: Waiting for pdu lock
18:29:07: ...lock acquired
18:29:07: Current outlet status: {1: '1', 2: '0', 3: '0', 4: '2', 5: '1', 6: '1', 7: '1', 8: '1', 9: '1', 10: '0', 11: '0', 12: '0', 13: '0', 14: '0', 15: '0', 16: '0', 17: '1', 18: '0', 19: '0', 20: '0', 21: '0', 22: '0', 23: '0', 24: '0', 25: '0'}
18:29:07: ...lock released
18:29:07: HTTP POST was successfully executed
18:29:11: PowerGroup._pdu_cmd(status, [4], 3) called
18:29:11: Waiting for pdu lock
18:29:11: ...lock acquired
18:29:11: Current outlet status: {1: '1', 2: '0', 3: '0', 4: '1', 5: '1', 6: '1', 7: '1', 8: '1', 9: '1', 10: '0', 11: '0', 12: '0', 13: '0', 14: '0', 15: '0', 16: '0', 17: '1', 18: '0', 19: '0', 20: '0', 21: '0', 22: '0', 23: '0', 24: '0', 25: '0'}
18:29:11: ...lock released
18:29:11: Power outlets have been successfully turned on
18:29:11: ...lock released
18:29:11: Turning PowerGroup on: Success
18:34:25: ======== Turning PowerGroup off
18:34:25: PowerGroup._pdu_cmd(off, [4], 3) called
18:34:25: Waiting for pdu lock
18:34:25: ...lock acquired
18:34:25: HTTP POST was successfully executed
18:34:26: PowerGroup._pdu_cmd(status, [4], 3) called
18:34:26: Waiting for pdu lock
18:34:26: ...lock acquired
18:34:26: Current outlet status: {1: '1', 2: '0', 3: '0', 4: '0', 5: '1', 6: '1', 7: '1', 8: '1', 9: '1', 10: '0', 11: '0', 12: '0', 13: '0', 14: '0', 15: '0', 16: '0', 17: '1', 18: '0', 19: '0', 20: '0', 21: '0', 22: '0', 23: '0', 24: '0', 25: '0'}
18:34:26: ...lock released
18:34:26: Power outlets have been successfully turned off
18:34:26: ...lock released
18:34:26: Turning PowerGroup off: Success
18:34:42: ======== Turning PowerGroup on
18:34:42: PowerGroup._pdu_cmd(on, [4], 3) called
18:34:42: Waiting for pdu lock
18:34:42: ...lock acquired
18:34:42: Sleep 0 seconds to work around the x610 power supply issue
18:34:42: HTTP POST was successfully executed
18:34:45: PowerGroup._pdu_cmd(status, [4], 3) called
18:34:45: Waiting for pdu lock
18:34:45: ...lock acquired
18:34:45: Current outlet status: {1: '1', 2: '0', 3: '0', 4: '2', 5: '1', 6: '1', 7: '1', 8: '1', 9: '1', 10: '0', 11: '0', 12: '0', 13: '0', 14: '0', 15: '0', 16: '0', 17: '1', 18: '0', 19: '0', 20: '0', 21: '0', 22: '0', 23: '0', 24: '0', 25: '0'}
18:34:45: ...lock released
18:34:45: HTTP POST was successfully executed
18:34:48: PowerGroup._pdu_cmd(status, [4], 3) called
18:34:48: Waiting for pdu lock
18:34:48: ...lock acquired
18:34:48: Current outlet status: {1: '1', 2: '0', 3: '0', 4: '2', 5: '1', 6: '1', 7: '1', 8: '1', 9: '1', 10: '0', 11: '0', 12: '0', 13: '0', 14: '0', 15: '0', 16: '0', 17: '1', 18: '0', 19: '0', 20: '0', 21: '0', 22: '0', 23: '0', 24: '0', 25: '0'}
18:34:48: ...lock released
18:34:48: HTTP POST was successfully executed
18:34:51: PowerGroup._pdu_cmd(status, [4], 3) called
18:34:51: Waiting for pdu lock
18:34:51: ...lock acquired
18:34:51: Current outlet status: {1: '1', 2: '0', 3: '0', 4: '2', 5: '1', 6: '1', 7: '1', 8: '1', 9: '1', 10: '0', 11: '0', 12: '0', 13: '0', 14: '0', 15: '0', 16: '0', 17: '1', 18: '0', 19: '0', 20: '0', 21: '0', 22: '0', 23: '0', 24: '0', 25: '0'}
18:34:51: ...lock released
18:34:51: !! ERROR: power outlets have not been successfully turned on in 3 attempts
18:34:51: ...lock released
18:34:51: Turning PowerGroup on: Failed, try again
18:34:52: PowerGroup._pdu_cmd(on, [4], 3) called
18:34:52: Waiting for pdu lock
18:34:52: ...lock acquired
18:34:52: Sleep 0 seconds to work around the x610 power supply issue
18:34:52: Power outlets are already in the desired state
18:34:52: ...lock released
18:34:52: Turning PowerGroup on: Success
18:42:11: ========= TestCase 110 Tear Down =========
18:42:23: ========= TestCase 111 Starting =========
18:42:29: ========= TestCase 111 Tear Down =========
18:42:41: ========= TestCase 112 Starting =========
18:46:34: ======== Turning PowerGroup off
18:46:34: PowerGroup._pdu_cmd(off, [4], 3) called
18:46:34: Waiting for pdu lock
18:46:34: ...lock acquired
18:46:34: HTTP POST was successfully executed
18:46:35: PowerGroup._pdu_cmd(status, [4], 3) called
18:46:35: Waiting for pdu lock
18:46:35: ...lock acquired
18:46:35: Current outlet status: {1: '1', 2: '0', 3: '0', 4: '0', 5: '1', 6: '1', 7: '1', 8: '1', 9: '1', 10: '0', 11: '0', 12: '0', 13: '0', 14: '0', 15: '0', 16: '0', 17: '1', 18: '0', 19: '0', 20: '0', 21: '0', 22: '0', 23: '0', 24: '0', 25: '0'}
18:46:35: ...lock released
18:46:35: Power outlets have been successfully turned off
18:46:35: ...lock released
18:46:35: Turning PowerGroup off: Success
18:46:51: ======== Turning PowerGroup on
18:46:51: PowerGroup._pdu_cmd(on, [4], 3) called
18:46:51: Waiting for pdu lock
18:46:51: ...lock acquired
18:46:51: Sleep 0 seconds to work around the x610 power supply issue
18:46:51: HTTP POST was successfully executed
18:46:54: PowerGroup._pdu_cmd(status, [4], 3) called
18:46:54: Waiting for pdu lock
18:46:54: ...lock acquired
18:46:54: Current outlet status: {1: '1', 2: '0', 3: '0', 4: '2', 5: '1', 6: '1', 7: '1', 8: '1', 9: '1', 10: '0', 11: '0', 12: '0', 13: '0', 14: '0', 15: '0', 16: '0', 17: '1', 18: '0', 19: '0', 20: '0', 21: '0', 22: '0', 23: '0', 24: '0', 25: '0'}
18:46:54: ...lock released
18:46:54: HTTP POST was successfully executed
18:46:57: PowerGroup._pdu_cmd(status, [4], 3) called
18:46:57: Waiting for pdu lock
18:46:57: ...lock acquired
18:46:57: Current outlet status: {1: '1', 2: '0', 3: '0', 4: '2', 5: '1', 6: '1', 7: '1', 8: '1', 9: '1', 10: '0', 11: '0', 12: '0', 13: '0', 14: '0', 15: '0', 16: '0', 17: '1', 18: '0', 19: '0', 20: '0', 21: '0', 22: '0', 23: '0', 24: '0', 25: '0'}
18:46:57: ...lock released
18:46:57: HTTP POST was successfully executed
18:47:00: PowerGroup._pdu_cmd(status, [4], 3) called
18:47:00: Waiting for pdu lock
18:47:00: ...lock acquired
18:47:00: Current outlet status: {1: '1', 2: '0', 3: '0', 4: '2', 5: '1', 6: '1', 7: '1', 8: '1', 9: '1', 10: '0', 11: '0', 12: '0', 13: '0', 14: '0', 15: '0', 16: '0', 17: '1', 18: '0', 19: '0', 20: '0', 21: '0', 22: '0', 23: '0', 24: '0', 25: '0'}
18:47:00: ...lock released
18:47:00: !! ERROR: power outlets have not been successfully turned on in 3 attempts
18:47:00: ...lock released
18:47:00: Turning PowerGroup on: Failed, try again
18:47:01: PowerGroup._pdu_cmd(on, [4], 3) called
18:47:01: Waiting for pdu lock
18:47:01: ...lock acquired
18:47:01: Sleep 0 seconds to work around the x610 power supply issue
18:47:01: Power outlets are already in the desired state
18:47:01: ...lock released
18:47:02: Turning PowerGroup on: Success
18:49:39: ======== Turning PowerGroup off
18:49:39: PowerGroup._pdu_cmd(off, [4], 3) called
18:49:39: Waiting for pdu lock
18:49:39: ...lock acquired
18:49:39: HTTP POST was successfully executed
18:49:40: PowerGroup._pdu_cmd(status, [4], 3) called
18:49:40: Waiting for pdu lock
18:49:40: ...lock acquired
18:49:40: Current outlet status: {1: '1', 2: '0', 3: '0', 4: '0', 5: '1', 6: '1', 7: '1', 8: '1', 9: '1', 10: '0', 11: '0', 12: '0', 13: '0', 14: '0', 15: '0', 16: '0', 17: '1', 18: '0', 19: '0', 20: '0', 21: '0', 22: '0', 23: '0', 24: '0', 25: '0'}
18:49:40: ...lock released
18:49:40: Power outlets have been successfully turned off
18:49:40: ...lock released
18:49:40: Turning PowerGroup off: Success
18:49:55: ======== Turning PowerGroup on
18:49:55: PowerGroup._pdu_cmd(on, [4], 3) called
18:49:55: Waiting for pdu lock
18:49:55: ...lock acquired
18:49:55: Sleep 0 seconds to work around the x610 power supply issue
18:49:55: HTTP POST was successfully executed
18:49:58: PowerGroup._pdu_cmd(status, [4], 3) called
18:49:58: Waiting for pdu lock
18:49:58: ...lock acquired
18:49:58: Current outlet status: {1: '1', 2: '0', 3: '0', 4: '2', 5: '1', 6: '1', 7: '1', 8: '1', 9: '1', 10: '0', 11: '0', 12: '0', 13: '0', 14: '0', 15: '0', 16: '0', 17: '1', 18: '0', 19: '0', 20: '0', 21: '0', 22: '0', 23: '0', 24: '0', 25: '0'}
18:49:58: ...lock released
18:49:58: HTTP POST was successfully executed
18:50:01: PowerGroup._pdu_cmd(status, [4], 3) called
18:50:01: Waiting for pdu lock
18:50:01: ...lock acquired
18:50:01: Current outlet status: {1: '1', 2: '0', 3: '0', 4: '2', 5: '1', 6: '1', 7: '1', 8: '1', 9: '1', 10: '0', 11: '0', 12: '0', 13: '0', 14: '0', 15: '0', 16: '0', 17: '1', 18: '0', 19: '0', 20: '0', 21: '0', 22: '0', 23: '0', 24: '0', 25: '0'}
18:50:01: ...lock released
18:50:01: HTTP POST was successfully executed
18:50:04: PowerGroup._pdu_cmd(status, [4], 3) called
18:50:04: Waiting for pdu lock
18:50:04: ...lock acquired
18:50:04: Current outlet status: {1: '1', 2: '0', 3: '0', 4: '2', 5: '1', 6: '1', 7: '1', 8: '1', 9: '1', 10: '0', 11: '0', 12: '0', 13: '0', 14: '0', 15: '0', 16: '0', 17: '1', 18: '0', 19: '0', 20: '0', 21: '0', 22: '0', 23: '0', 24: '0', 25: '0'}
18:50:04: ...lock released
18:50:04: !! ERROR: power outlets have not been successfully turned on in 3 attempts
18:50:04: ...lock released
18:50:04: Turning PowerGroup on: Failed, try again
18:50:05: PowerGroup._pdu_cmd(on, [4], 3) called
18:50:05: Waiting for pdu lock
18:50:05: ...lock acquired
18:50:05: Sleep 0 seconds to work around the x610 power supply issue
18:50:05: Power outlets are already in the desired state
18:50:05: ...lock released
18:50:05: Turning PowerGroup on: Success
18:55:13: ========= TestCase 112 Tear Down =========
18:55:24: ========= TestCase 119 Starting =========
19:00:43: ======== Turning PowerGroup off
19:00:43: PowerGroup._pdu_cmd(off, [4], 3) called
19:00:44: Waiting for pdu lock
19:00:44: ...lock acquired
19:00:44: HTTP POST was successfully executed
19:00:45: PowerGroup._pdu_cmd(status, [4], 3) called
19:00:45: Waiting for pdu lock
19:00:45: ...lock acquired
19:00:45: Current outlet status: {1: '1', 2: '0', 3: '0', 4: '0', 5: '1', 6: '1', 7: '1', 8: '1', 9: '1', 10: '0', 11: '0', 12: '0', 13: '0', 14: '0', 15: '0', 16: '0', 17: '1', 18: '0', 19: '0', 20: '0', 21: '0', 22: '0', 23: '0', 24: '0', 25: '0'}
19:00:45: ...lock released
19:00:45: Power outlets have been successfully turned off
19:00:46: ...lock released
19:00:46: Turning PowerGroup off: Success
19:01:02: ======== Turning PowerGroup on
19:01:02: PowerGroup._pdu_cmd(on, [4], 3) called
19:01:03: Waiting for pdu lock
19:01:03: ...lock acquired
19:01:03: Sleep 0 seconds to work around the x610 power supply issue
19:01:03: HTTP POST was successfully executed
19:01:06: PowerGroup._pdu_cmd(status, [4], 3) called
19:01:07: Waiting for pdu lock
19:01:07: ...lock acquired
19:01:07: Current outlet status: {1: '1', 2: '0', 3: '0', 4: '1', 5: '1', 6: '1', 7: '1', 8: '1', 9: '1', 10: '0', 11: '0', 12: '0', 13: '0', 14: '0', 15: '0', 16: '0', 17: '1', 18: '0', 19: '0', 20: '0', 21: '0', 22: '0', 23: '0', 24: '0', 25: '0'}
19:01:07: ...lock released
19:01:08: Power outlets have been successfully turned on
19:01:13: ...lock released
19:01:13: Turning PowerGroup on: Success
19:02:24: ======== Turning PowerGroup off
19:02:24: PowerGroup._pdu_cmd(off, [4], 3) called
19:02:25: Waiting for pdu lock
19:02:25: ...lock acquired
19:02:25: HTTP POST was successfully executed
19:02:26: PowerGroup._pdu_cmd(status, [4], 3) called
19:02:27: Waiting for pdu lock
19:02:27: ...lock acquired
19:02:28: Current outlet status: {1: '1', 2: '0', 3: '0', 4: '0', 5: '1', 6: '1', 7: '1', 8: '1', 9: '1', 10: '0', 11: '0', 12: '0', 13: '0', 14: '0', 15: '0', 16: '0', 17: '1', 18: '0', 19: '0', 20: '0', 21: '0', 22: '0', 23: '0', 24: '0', 25: '0'}
19:02:28: ...lock released
19:02:28: Power outlets have been successfully turned off
19:02:28: ...lock released
19:02:29: Turning PowerGroup off: Success
19:02:50: ======== Turning PowerGroup on
19:02:50: PowerGroup._pdu_cmd(on, [4], 3) called
19:02:51: Waiting for pdu lock
19:02:51: ...lock acquired
19:02:51: Sleep 0 seconds to work around the x610 power supply issue
19:02:52: HTTP POST was successfully executed
19:02:56: PowerGroup._pdu_cmd(status, [4], 3) called
19:02:56: Waiting for pdu lock
19:02:56: ...lock acquired
19:02:56: Current outlet status: {1: '1', 2: '0', 3: '0', 4: '1', 5: '1', 6: '1', 7: '1', 8: '1', 9: '1', 10: '0', 11: '0', 12: '0', 13: '0', 14: '0', 15: '0', 16: '0', 17: '1', 18: '0', 19: '0', 20: '0', 21: '0', 22: '0', 23: '0', 24: '0', 25: '0'}
19:02:56: ...lock released
19:02:57: Power outlets have been successfully turned on
19:02:57: ...lock released
19:02:58: Turning PowerGroup on: Success
19:04:11: ======== Turning PowerGroup off
19:04:12: PowerGroup._pdu_cmd(off, [4], 3) called
19:04:12: Waiting for pdu lock
19:04:12: ...lock acquired
19:04:13: HTTP POST was successfully executed
19:04:15: PowerGroup._pdu_cmd(status, [4], 3) called
19:04:15: Waiting for pdu lock
19:04:15: ...lock acquired
19:04:16: Current outlet status: {1: '1', 2: '0', 3: '0', 4: '0', 5: '1', 6: '1', 7: '1', 8: '1', 9: '1', 10: '0', 11: '0', 12: '0', 13: '0', 14: '0', 15: '0', 16: '0', 17: '1', 18: '0', 19: '0', 20: '0', 21: '0', 22: '0', 23: '0', 24: '0', 25: '0'}
19:04:16: ...lock released
19:04:16: Power outlets have been successfully turned off
19:04:17: ...lock released
19:04:17: Turning PowerGroup off: Success
19:04:37: ======== Turning PowerGroup on
19:04:38: PowerGroup._pdu_cmd(on, [4], 3) called
19:04:38: Waiting for pdu lock
19:04:38: ...lock acquired
19:04:39: Sleep 0 seconds to work around the x610 power supply issue
19:04:40: HTTP POST was successfully executed
19:04:43: PowerGroup._pdu_cmd(status, [4], 3) called
19:04:44: Waiting for pdu lock
19:04:44: ...lock acquired
19:04:45: Current outlet status: {1: '1', 2: '0', 3: '0', 4: '1', 5: '1', 6: '1', 7: '1', 8: '1', 9: '1', 10: '0', 11: '0', 12: '0', 13: '0', 14: '0', 15: '0', 16: '0', 17: '1', 18: '0', 19: '0', 20: '0', 21: '0', 22: '0', 23: '0', 24: '0', 25: '0'}
19:04:45: ...lock released
19:04:46: Power outlets have been successfully turned on
19:04:48: ...lock released
19:04:49: Turning PowerGroup on: Success
19:05:14: ========= TestCase 119 Tear Down =========
19:08:10: ========= TestCase 120 Starting =========
19:13:58: ======== Turning PowerGroup off
19:13:58: PowerGroup._pdu_cmd(off, [4], 3) called
19:13:58: Waiting for pdu lock
19:13:58: ...lock acquired
19:13:58: HTTP POST was successfully executed
19:13:59: PowerGroup._pdu_cmd(status, [4], 3) called
19:13:59: Waiting for pdu lock
19:13:59: ...lock acquired
19:13:59: Current outlet status: {1: '1', 2: '0', 3: '0', 4: '0', 5: '1', 6: '1', 7: '1', 8: '1', 9: '1', 10: '0', 11: '0', 12: '0', 13: '0', 14: '0', 15: '0', 16: '0', 17: '1', 18: '0', 19: '0', 20: '0', 21: '0', 22: '0', 23: '0', 24: '0', 25: '0'}
19:13:59: ...lock released
19:13:59: Power outlets have been successfully turned off
19:13:59: ...lock released
19:13:59: Turning PowerGroup off: Success
19:14:14: ======== Turning PowerGroup on
19:14:14: PowerGroup._pdu_cmd(on, [4], 3) called
19:14:14: Waiting for pdu lock
19:14:14: ...lock acquired
19:14:14: Sleep 0 seconds to work around the x610 power supply issue
19:14:14: HTTP POST was successfully executed
19:14:17: PowerGroup._pdu_cmd(status, [4], 3) called
19:14:17: Waiting for pdu lock
19:14:17: ...lock acquired
19:14:17: Current outlet status: {1: '1', 2: '0', 3: '0', 4: '2', 5: '1', 6: '1', 7: '1', 8: '1', 9: '1', 10: '0', 11: '0', 12: '0', 13: '0', 14: '0', 15: '0', 16: '0', 17: '1', 18: '0', 19: '0', 20: '0', 21: '0', 22: '0', 23: '0', 24: '0', 25: '0'}
19:14:17: ...lock released
19:14:17: HTTP POST was successfully executed
19:14:20: PowerGroup._pdu_cmd(status, [4], 3) called
19:14:20: Waiting for pdu lock
19:14:20: ...lock acquired
19:14:20: Current outlet status: {1: '1', 2: '0', 3: '0', 4: '2', 5: '1', 6: '1', 7: '1', 8: '1', 9: '1', 10: '0', 11: '0', 12: '0', 13: '0', 14: '0', 15: '0', 16: '0', 17: '1', 18: '0', 19: '0', 20: '0', 21: '0', 22: '0', 23: '0', 24: '0', 25: '0'}
19:14:20: ...lock released
19:14:20: HTTP POST was successfully executed
19:14:23: PowerGroup._pdu_cmd(status, [4], 3) called
19:14:23: Waiting for pdu lock
19:14:23: ...lock acquired
19:14:23: Current outlet status: {1: '1', 2: '0', 3: '0', 4: '2', 5: '1', 6: '1', 7: '1', 8: '1', 9: '1', 10: '0', 11: '0', 12: '0', 13: '0', 14: '0', 15: '0', 16: '0', 17: '1', 18: '0', 19: '0', 20: '0', 21: '0', 22: '0', 23: '0', 24: '0', 25: '0'}
19:14:23: ...lock released
19:14:23: !! ERROR: power outlets have not been successfully turned on in 3 attempts
19:14:23: ...lock released
19:14:23: Turning PowerGroup on: Failed, try again
19:14:24: PowerGroup._pdu_cmd(on, [4], 3) called
19:14:24: Waiting for pdu lock
19:14:24: ...lock acquired
19:14:24: Sleep 0 seconds to work around the x610 power supply issue
19:14:24: Power outlets are already in the desired state
19:14:24: ...lock released
19:14:24: Turning PowerGroup on: Success
19:16:59: ======== Turning PowerGroup off
19:16:59: PowerGroup._pdu_cmd(off, [4], 3) called
19:16:59: Waiting for pdu lock
19:16:59: ...lock acquired
19:16:59: HTTP POST was successfully executed
19:17:00: PowerGroup._pdu_cmd(status, [4], 3) called
19:17:00: Waiting for pdu lock
19:17:00: ...lock acquired
19:17:00: Current outlet status: {1: '1', 2: '0', 3: '0', 4: '0', 5: '1', 6: '1', 7: '1', 8: '1', 9: '1', 10: '0', 11: '0', 12: '0', 13: '0', 14: '0', 15: '0', 16: '0', 17: '1', 18: '0', 19: '0', 20: '0', 21: '0', 22: '0', 23: '0', 24: '0', 25: '0'}
19:17:00: ...lock released
19:17:00: Power outlets have been successfully turned off
19:17:00: ...lock released
19:17:00: Turning PowerGroup off: Success
19:17:15: ======== Turning PowerGroup on
19:17:15: PowerGroup._pdu_cmd(on, [4], 3) called
19:17:16: Waiting for pdu lock
19:17:16: ...lock acquired
19:17:16: Sleep 0 seconds to work around the x610 power supply issue
19:17:16: HTTP POST was successfully executed
19:17:19: PowerGroup._pdu_cmd(status, [4], 3) called
19:17:19: Waiting for pdu lock
19:17:19: ...lock acquired
19:17:19: Current outlet status: {1: '1', 2: '0', 3: '0', 4: '2', 5: '1', 6: '1', 7: '1', 8: '1', 9: '1', 10: '0', 11: '0', 12: '0', 13: '0', 14: '0', 15: '0', 16: '0', 17: '1', 18: '0', 19: '0', 20: '0', 21: '0', 22: '0', 23: '0', 24: '0', 25: '0'}
19:17:19: ...lock released
19:17:19: HTTP POST was successfully executed
19:17:22: PowerGroup._pdu_cmd(status, [4], 3) called
19:17:22: Waiting for pdu lock
19:17:22: ...lock acquired
19:17:22: Current outlet status: {1: '1', 2: '0', 3: '0', 4: '2', 5: '1', 6: '1', 7: '1', 8: '1', 9: '1', 10: '0', 11: '0', 12: '0', 13: '0', 14: '0', 15: '0', 16: '0', 17: '1', 18: '0', 19: '0', 20: '0', 21: '0', 22: '0', 23: '0', 24: '0', 25: '0'}
19:17:22: ...lock released
19:17:22: HTTP POST was successfully executed
19:17:25: PowerGroup._pdu_cmd(status, [4], 3) called
19:17:25: Waiting for pdu lock
19:17:25: ...lock acquired
19:17:25: Current outlet status: {1: '1', 2: '0', 3: '0', 4: '2', 5: '1', 6: '1', 7: '1', 8: '1', 9: '1', 10: '0', 11: '0', 12: '0', 13: '0', 14: '0', 15: '0', 16: '0', 17: '1', 18: '0', 19: '0', 20: '0', 21: '0', 22: '0', 23: '0', 24: '0', 25: '0'}
19:17:25: ...lock released
19:17:25: !! ERROR: power outlets have not been successfully turned on in 3 attempts
19:17:25: ...lock released
19:17:25: Turning PowerGroup on: Failed, try again
19:17:26: PowerGroup._pdu_cmd(on, [4], 3) called
19:17:26: Waiting for pdu lock
19:17:26: ...lock acquired
19:17:26: Sleep 0 seconds to work around the x610 power supply issue
19:17:26: Power outlets are already in the desired state
19:17:26: ...lock released
19:17:26: Turning PowerGroup on: Success
19:20:00: ======== Turning PowerGroup off
19:20:00: PowerGroup._pdu_cmd(off, [4], 3) called
19:20:00: Waiting for pdu lock
19:20:01: ...lock acquired
19:20:01: HTTP POST was successfully executed
19:20:02: PowerGroup._pdu_cmd(status, [4], 3) called
19:20:02: Waiting for pdu lock
19:20:02: ...lock acquired
19:20:02: Current outlet status: {1: '1', 2: '0', 3: '0', 4: '0', 5: '1', 6: '1', 7: '1', 8: '1', 9: '1', 10: '0', 11: '0', 12: '0', 13: '0', 14: '0', 15: '0', 16: '0', 17: '1', 18: '0', 19: '0', 20: '0', 21: '0', 22: '0', 23: '0', 24: '0', 25: '0'}
19:20:02: ...lock released
19:20:02: Power outlets have been successfully turned off
19:20:02: ...lock released
19:20:02: Turning PowerGroup off: Success
19:20:17: ======== Turning PowerGroup on
19:20:17: PowerGroup._pdu_cmd(on, [4], 3) called
19:20:17: Waiting for pdu lock
19:20:17: ...lock acquired
19:20:17: Sleep 0 seconds to work around the x610 power supply issue
19:20:17: HTTP POST was successfully executed
19:20:20: PowerGroup._pdu_cmd(status, [4], 3) called
19:20:20: Waiting for pdu lock
19:20:20: ...lock acquired
19:20:20: Current outlet status: {1: '1', 2: '0', 3: '0', 4: '2', 5: '1', 6: '1', 7: '1', 8: '1', 9: '1', 10: '0', 11: '0', 12: '0', 13: '0', 14: '0', 15: '0', 16: '0', 17: '1', 18: '0', 19: '0', 20: '0', 21: '0', 22: '0', 23: '0', 24: '0', 25: '0'}
19:20:20: ...lock released
19:20:20: HTTP POST was successfully executed
19:20:23: PowerGroup._pdu_cmd(status, [4], 3) called
19:20:23: Waiting for pdu lock
19:20:23: ...lock acquired
19:20:23: Current outlet status: {1: '1', 2: '0', 3: '0', 4: '2', 5: '1', 6: '1', 7: '1', 8: '1', 9: '1', 10: '0', 11: '0', 12: '0', 13: '0', 14: '0', 15: '0', 16: '0', 17: '1', 18: '0', 19: '0', 20: '0', 21: '0', 22: '0', 23: '0', 24: '0', 25: '0'}
19:20:23: ...lock released
19:20:23: HTTP POST was successfully executed
19:20:26: PowerGroup._pdu_cmd(status, [4], 3) called
19:20:26: Waiting for pdu lock
19:20:26: ...lock acquired
19:20:26: Current outlet status: {1: '1', 2: '0', 3: '0', 4: '2', 5: '1', 6: '1', 7: '1', 8: '1', 9: '1', 10: '0', 11: '0', 12: '0', 13: '0', 14: '0', 15: '0', 16: '0', 17: '1', 18: '0', 19: '0', 20: '0', 21: '0', 22: '0', 23: '0', 24: '0', 25: '0'}
19:20:26: ...lock released
19:20:26: !! ERROR: power outlets have not been successfully turned on in 3 attempts
19:20:26: ...lock released
19:20:26: Turning PowerGroup on: Failed, try again
19:20:27: PowerGroup._pdu_cmd(on, [4], 3) called
19:20:27: Waiting for pdu lock
19:20:27: ...lock acquired
19:20:27: Sleep 0 seconds to work around the x610 power supply issue
19:20:27: Power outlets are already in the desired state
19:20:27: ...lock released
19:20:27: Turning PowerGroup on: Success
19:23:00: ========= TestCase 120 Tear Down =========
19:23:12: ========= TestCase 121 Starting =========
19:23:19: ========= TestCase 121 Tear Down =========
19:23:31: ========= TestCase 122 Starting =========
19:27:29: ========= TestCase 122 Tear Down =========
19:27:29: ======== Turning PowerGroup off
19:27:29: PowerGroup._pdu_cmd(off, [4], 3) called
19:27:29: Waiting for pdu lock
19:27:29: ...lock acquired
19:27:29: HTTP POST was successfully executed
19:27:30: PowerGroup._pdu_cmd(status, [4], 3) called
19:27:30: Waiting for pdu lock
19:27:30: ...lock acquired
19:27:30: Current outlet status: {1: '1', 2: '0', 3: '0', 4: '0', 5: '1', 6: '1', 7: '1', 8: '1', 9: '1', 10: '0', 11: '0', 12: '0', 13: '0', 14: '0', 15: '0', 16: '0', 17: '1', 18: '0', 19: '0', 20: '0', 21: '0', 22: '0', 23: '0', 24: '0', 25: '0'}
19:27:30: ...lock released
19:27:30: Power outlets have been successfully turned off
19:27:30: ...lock released
19:27:30: Turning PowerGroup off: Success
19:27:35: ======== Turning PowerGroup off
19:27:35: PowerGroup._pdu_cmd(off, [4], 3) called
19:27:35: Waiting for pdu lock
19:27:35: ...lock acquired
19:27:35: Power outlets are already in the desired state
19:27:35: ...lock released
19:27:35: Turning PowerGroup off: Success
19:27:40: ======== Turning PowerGroup off
19:27:40: PowerGroup._pdu_cmd(off, [4], 3) called
19:27:40: Waiting for pdu lock
19:27:40: ...lock acquired
19:27:40: Power outlets are already in the desired state
19:27:40: ...lock released
19:27:40: Turning PowerGroup off: Success
19:27:55: ======== Turning PowerGroup on
19:27:55: PowerGroup._pdu_cmd(on, [4], 3) called
19:27:55: Waiting for pdu lock
19:27:55: ...lock acquired
19:27:55: Sleep 0 seconds to work around the x610 power supply issue
19:27:55: HTTP POST was successfully executed
19:27:58: PowerGroup._pdu_cmd(status, [4], 3) called
19:27:58: Waiting for pdu lock
19:27:58: ...lock acquired
19:27:59: Current outlet status: {1: '1', 2: '0', 3: '0', 4: '2', 5: '1', 6: '1', 7: '1', 8: '1', 9: '1', 10: '0', 11: '0', 12: '0', 13: '0', 14: '0', 15: '0', 16: '0', 17: '1', 18: '0', 19: '0', 20: '0', 21: '0', 22: '0', 23: '0', 24: '0', 25: '0'}
19:27:59: ...lock released
19:27:59: HTTP POST was successfully executed
19:28:02: PowerGroup._pdu_cmd(status, [4], 3) called
19:28:02: Waiting for pdu lock
19:28:02: ...lock acquired
19:28:02: Current outlet status: {1: '1', 2: '0', 3: '0', 4: '2', 5: '1', 6: '1', 7: '1', 8: '1', 9: '1', 10: '0', 11: '0', 12: '0', 13: '0', 14: '0', 15: '0', 16: '0', 17: '1', 18: '0', 19: '0', 20: '0', 21: '0', 22: '0', 23: '0', 24: '0', 25: '0'}
19:28:02: ...lock released
19:28:02: HTTP POST was successfully executed
19:28:05: PowerGroup._pdu_cmd(status, [4], 3) called
19:28:05: Waiting for pdu lock
19:28:05: ...lock acquired
19:28:05: Current outlet status: {1: '1', 2: '0', 3: '0', 4: '2', 5: '1', 6: '1', 7: '1', 8: '1', 9: '1', 10: '0', 11: '0', 12: '0', 13: '0', 14: '0', 15: '0', 16: '0', 17: '1', 18: '0', 19: '0', 20: '0', 21: '0', 22: '0', 23: '0', 24: '0', 25: '0'}
19:28:05: ...lock released
19:28:05: !! ERROR: power outlets have not been successfully turned on in 3 attempts
19:28:05: ...lock released
19:28:05: Turning PowerGroup on: Failed, try again
19:28:06: PowerGroup._pdu_cmd(on, [4], 3) called
19:28:06: Waiting for pdu lock
19:28:06: ...lock acquired
19:28:06: Sleep 0 seconds to work around the x610 power supply issue
19:28:06: Power outlets are already in the desired state
19:28:06: ...lock released
19:28:06: Turning PowerGroup on: Success
