Log file created at 2026-10-07T11:18:53.152251
TestTag analysis session started


================================================================================
POTENTIAL EXTRA TAGS
================================================================================
[]
================================================================================
CONFIGURATION SUMMARY
================================================================================
Configuration Summary for swi_a:
  Total interfaces: 28
  layer2_switching: 34 items
  layer3_switching: 19 items
  multicast_applications: 7 items
  access_and_security: 18 items
  network_availability: 5 items
  network_management: 20 items
  firewall_and_nat: 3 items
  advanced_network_protection: 9 items
  virtual_private_networks: 7 items
  setup_and_troubleshooting: 12 items
  Unprocessed commands: 0

================================================================================
CONFIGURATION METADATA
================================================================================
Metadata for device: swi_a

{'interfaces': {'port1.0.1': {'access_and_security': {'dhcp_snooping': {'arp_security': False,
                                                                        'arp_security_detail': {'drop_link_local_arps': False,
                                                                                                'violation': {'link_down': False,
                                                                                                              'log': False,
                                                                                                              'trap': False}},
                                                                        'disable_l2_flooding': False,
                                                                        'enabled': False,
                                                                        'trust': False,
                                                                        'violation': {'link_down': False,
                                                                                      'log': False,
                                                                                      'trap': False}},
                                                      'macsec': {'enabled': False},
                                                      'openflow': {'enabled': False}},
                              'firewall_and_nat': {'nat': {'limited_local_proxy_arp': False}},
                              'layer2_switching': {'port_type': 'access', 'switchport': True},
                              'network_management': {'atmf': {'agentlink': False,
                                                              'arealink': {'enabled': False},
                                                              'crosslink': False,
                                                              'guestlink': {'enabled': False},
                                                              'link': False,
                                                              'whitelist_enable': False},
                                                     'dhcp': {'client': {'enabled': False,
                                                                         'request_vendor_identifying_specific': False,
                                                                         'vendor_identifying_class': False},
                                                              'relay': {'agent_option': False,
                                                                        'agent_option_checking': False,
                                                                        'use_client_side_address': False},
                                                              'use_subscriber_id': False},
                                                     'dhcpv6': {'client': {'default_route_to_server': False,
                                                                           'enabled': False},
                                                                'relay': {'agent_option_subscriber_id_auto_mac': False},
                                                                'server': {'enabled': False}},
                                                     'lldp': {'med_notifications': False,
                                                              'notifications': False,
                                                              'receive': False,
                                                              'transmit': False},
                                                     'ptp': {'clock_port': False},
                                                     'snmp': {'link_status_suppress': {'enabled': False},
                                                              'link_status_trap': {'enabled': False,
                                                                                   'enterprise': False},
                                                              'mac_change_trap': {'add': False,
                                                                                  'enabled': False,
                                                                                  'remove': False}}},
                              'setup_and_troubleshooting': {'port_and_remote_mirroring': {'mirror': {'none': False},
                                                                                          'remote_mirror_source': {'none': False}}}},
                'port1.0.10': {'access_and_security': {'dhcp_snooping': {'arp_security': False,
                                                                         'arp_security_detail': {'drop_link_local_arps': False,
                                                                                                 'violation': {'link_down': False,
                                                                                                               'log': False,
                                                                                                               'trap': False}},
                                                                         'disable_l2_flooding': False,
                                                                         'enabled': False,
                                                                         'trust': False,
                                                                         'violation': {'link_down': False,
                                                                                       'log': False,
                                                                                       'trap': False}},
                                                       'macsec': {'enabled': False},
                                                       'openflow': {'enabled': False}},
                               'firewall_and_nat': {'nat': {'limited_local_proxy_arp': False}},
                               'layer2_switching': {'port_type': 'access',
                                                    'shutdown': True,
                                                    'switchport': True},
                               'network_management': {'atmf': {'agentlink': False,
                                                               'arealink': {'enabled': False},
                                                               'crosslink': False,
                                                               'guestlink': {'enabled': False},
                                                               'link': False,
                                                               'whitelist_enable': False},
                                                      'dhcp': {'client': {'enabled': False,
                                                                          'request_vendor_identifying_specific': False,
                                                                          'vendor_identifying_class': False},
                                                               'relay': {'agent_option': False,
                                                                         'agent_option_checking': False,
                                                                         'use_client_side_address': False},
                                                               'use_subscriber_id': False},
                                                      'dhcpv6': {'client': {'default_route_to_server': False,
                                                                            'enabled': False},
                                                                 'relay': {'agent_option_subscriber_id_auto_mac': False},
                                                                 'server': {'enabled': False}},
                                                      'lldp': {'med_notifications': False,
                                                               'notifications': False,
                                                               'receive': False,
                                                               'transmit': False},
                                                      'ptp': {'clock_port': False},
                                                      'snmp': {'link_status_suppress': {'enabled': False},
                                                               'link_status_trap': {'enabled': False,
                                                                                    'enterprise': False},
                                                               'mac_change_trap': {'add': False,
                                                                                   'enabled': False,
                                                                                   'remove': False}}},
                               'setup_and_troubleshooting': {'port_and_remote_mirroring': {'mirror': {'none': False},
                                                                                           'remote_mirror_source': {'none': False}}}},
                'port1.0.11': {'access_and_security': {'dhcp_snooping': {'arp_security': False,
                                                                         'arp_security_detail': {'drop_link_local_arps': False,
                                                                                                 'violation': {'link_down': False,
                                                                                                               'log': False,
                                                                                                               'trap': False}},
                                                                         'disable_l2_flooding': False,
                                                                         'enabled': False,
                                                                         'trust': False,
                                                                         'violation': {'link_down': False,
                                                                                       'log': False,
                                                                                       'trap': False}},
                                                       'macsec': {'enabled': False},
                                                       'openflow': {'enabled': False}},
                               'firewall_and_nat': {'nat': {'limited_local_proxy_arp': False}},
                               'layer2_switching': {'port_type': 'access',
                                                    'shutdown': True,
                                                    'switchport': True},
                               'network_management': {'atmf': {'agentlink': False,
                                                               'arealink': {'enabled': False},
                                                               'crosslink': False,
                                                               'guestlink': {'enabled': False},
                                                               'link': False,
                                                               'whitelist_enable': False},
                                                      'dhcp': {'client': {'enabled': False,
                                                                          'request_vendor_identifying_specific': False,
                                                                          'vendor_identifying_class': False},
                                                               'relay': {'agent_option': False,
                                                                         'agent_option_checking': False,
                                                                         'use_client_side_address': False},
                                                               'use_subscriber_id': False},
                                                      'dhcpv6': {'client': {'default_route_to_server': False,
                                                                            'enabled': False},
                                                                 'relay': {'agent_option_subscriber_id_auto_mac': False},
                                                                 'server': {'enabled': False}},
                                                      'lldp': {'med_notifications': False,
                                                               'notifications': False,
                                                               'receive': False,
                                                               'transmit': False},
                                                      'ptp': {'clock_port': False},
                                                      'snmp': {'link_status_suppress': {'enabled': False},
                                                               'link_status_trap': {'enabled': False,
                                                                                    'enterprise': False},
                                                               'mac_change_trap': {'add': False,
                                                                                   'enabled': False,
                                                                                   'remove': False}}},
                               'setup_and_troubleshooting': {'port_and_remote_mirroring': {'mirror': {'none': False},
                                                                                           'remote_mirror_source': {'none': False}}}},
                'port1.0.12': {'access_and_security': {'dhcp_snooping': {'arp_security': False,
                                                                         'arp_security_detail': {'drop_link_local_arps': False,
                                                                                                 'violation': {'link_down': False,
                                                                                                               'log': False,
                                                                                                               'trap': False}},
                                                                         'disable_l2_flooding': False,
                                                                         'enabled': False,
                                                                         'trust': False,
                                                                         'violation': {'link_down': False,
                                                                                       'log': False,
                                                                                       'trap': False}},
                                                       'macsec': {'enabled': False},
                                                       'openflow': {'enabled': False}},
                               'firewall_and_nat': {'nat': {'limited_local_proxy_arp': False}},
                               'layer2_switching': {'port_type': 'access',
                                                    'shutdown': True,
                                                    'switchport': True},
                               'network_management': {'atmf': {'agentlink': False,
                                                               'arealink': {'enabled': False},
                                                               'crosslink': False,
                                                               'guestlink': {'enabled': False},
                                                               'link': False,
                                                               'whitelist_enable': False},
                                                      'dhcp': {'client': {'enabled': False,
                                                                          'request_vendor_identifying_specific': False,
                                                                          'vendor_identifying_class': False},
                                                               'relay': {'agent_option': False,
                                                                         'agent_option_checking': False,
                                                                         'use_client_side_address': False},
                                                               'use_subscriber_id': False},
                                                      'dhcpv6': {'client': {'default_route_to_server': False,
                                                                            'enabled': False},
                                                                 'relay': {'agent_option_subscriber_id_auto_mac': False},
                                                                 'server': {'enabled': False}},
                                                      'lldp': {'med_notifications': False,
                                                               'notifications': False,
                                                               'receive': False,
                                                               'transmit': False},
                                                      'ptp': {'clock_port': False},
                                                      'snmp': {'link_status_suppress': {'enabled': False},
                                                               'link_status_trap': {'enabled': False,
                                                                                    'enterprise': False},
                                                               'mac_change_trap': {'add': False,
                                                                                   'enabled': False,
                                                                                   'remove': False}}},
                               'setup_and_troubleshooting': {'port_and_remote_mirroring': {'mirror': {'none': False},
                                                                                           'remote_mirror_source': {'none': False}}}},
                'port1.0.13': {'access_and_security': {'dhcp_snooping': {'arp_security': False,
                                                                         'arp_security_detail': {'drop_link_local_arps': False,
                                                                                                 'violation': {'link_down': False,
                                                                                                               'log': False,
                                                                                                               'trap': False}},
                                                                         'disable_l2_flooding': False,
                                                                         'enabled': False,
                                                                         'trust': False,
                                                                         'violation': {'link_down': False,
                                                                                       'log': False,
                                                                                       'trap': False}},
                                                       'macsec': {'enabled': False},
                                                       'openflow': {'enabled': False}},
                               'firewall_and_nat': {'nat': {'limited_local_proxy_arp': False}},
                               'layer2_switching': {'port_type': 'access',
                                                    'shutdown': True,
                                                    'switchport': True},
                               'network_management': {'atmf': {'agentlink': False,
                                                               'arealink': {'enabled': False},
                                                               'crosslink': False,
                                                               'guestlink': {'enabled': False},
                                                               'link': False,
                                                               'whitelist_enable': False},
                                                      'dhcp': {'client': {'enabled': False,
                                                                          'request_vendor_identifying_specific': False,
                                                                          'vendor_identifying_class': False},
                                                               'relay': {'agent_option': False,
                                                                         'agent_option_checking': False,
                                                                         'use_client_side_address': False},
                                                               'use_subscriber_id': False},
                                                      'dhcpv6': {'client': {'default_route_to_server': False,
                                                                            'enabled': False},
                                                                 'relay': {'agent_option_subscriber_id_auto_mac': False},
                                                                 'server': {'enabled': False}},
                                                      'lldp': {'med_notifications': False,
                                                               'notifications': False,
                                                               'receive': False,
                                                               'transmit': False},
                                                      'ptp': {'clock_port': False},
                                                      'snmp': {'link_status_suppress': {'enabled': False},
                                                               'link_status_trap': {'enabled': False,
                                                                                    'enterprise': False},
                                                               'mac_change_trap': {'add': False,
                                                                                   'enabled': False,
                                                                                   'remove': False}}},
                               'setup_and_troubleshooting': {'port_and_remote_mirroring': {'mirror': {'none': False},
                                                                                           'remote_mirror_source': {'none': False}}}},
                'port1.0.14': {'access_and_security': {'dhcp_snooping': {'arp_security': False,
                                                                         'arp_security_detail': {'drop_link_local_arps': False,
                                                                                                 'violation': {'link_down': False,
                                                                                                               'log': False,
                                                                                                               'trap': False}},
                                                                         'disable_l2_flooding': False,
                                                                         'enabled': False,
                                                                         'trust': False,
                                                                         'violation': {'link_down': False,
                                                                                       'log': False,
                                                                                       'trap': False}},
                                                       'macsec': {'enabled': False},
                                                       'openflow': {'enabled': False}},
                               'firewall_and_nat': {'nat': {'limited_local_proxy_arp': False}},
                               'layer2_switching': {'port_type': 'access',
                                                    'shutdown': True,
                                                    'switchport': True},
                               'network_management': {'atmf': {'agentlink': False,
                                                               'arealink': {'enabled': False},
                                                               'crosslink': False,
                                                               'guestlink': {'enabled': False},
                                                               'link': False,
                                                               'whitelist_enable': False},
                                                      'dhcp': {'client': {'enabled': False,
                                                                          'request_vendor_identifying_specific': False,
                                                                          'vendor_identifying_class': False},
                                                               'relay': {'agent_option': False,
                                                                         'agent_option_checking': False,
                                                                         'use_client_side_address': False},
                                                               'use_subscriber_id': False},
                                                      'dhcpv6': {'client': {'default_route_to_server': False,
                                                                            'enabled': False},
                                                                 'relay': {'agent_option_subscriber_id_auto_mac': False},
                                                                 'server': {'enabled': False}},
                                                      'lldp': {'med_notifications': False,
                                                               'notifications': False,
                                                               'receive': False,
                                                               'transmit': False},
                                                      'ptp': {'clock_port': False},
                                                      'snmp': {'link_status_suppress': {'enabled': False},
                                                               'link_status_trap': {'enabled': False,
                                                                                    'enterprise': False},
                                                               'mac_change_trap': {'add': False,
                                                                                   'enabled': False,
                                                                                   'remove': False}}},
                               'setup_and_troubleshooting': {'port_and_remote_mirroring': {'mirror': {'none': False},
                                                                                           'remote_mirror_source': {'none': False}}}},
                'port1.0.15': {'access_and_security': {'dhcp_snooping': {'arp_security': False,
                                                                         'arp_security_detail': {'drop_link_local_arps': False,
                                                                                                 'violation': {'link_down': False,
                                                                                                               'log': False,
                                                                                                               'trap': False}},
                                                                         'disable_l2_flooding': False,
                                                                         'enabled': False,
                                                                         'trust': False,
                                                                         'violation': {'link_down': False,
                                                                                       'log': False,
                                                                                       'trap': False}},
                                                       'macsec': {'enabled': False},
                                                       'openflow': {'enabled': False}},
                               'firewall_and_nat': {'nat': {'limited_local_proxy_arp': False}},
                               'layer2_switching': {'port_type': 'access',
                                                    'shutdown': True,
                                                    'switchport': True},
                               'network_management': {'atmf': {'agentlink': False,
                                                               'arealink': {'enabled': False},
                                                               'crosslink': False,
                                                               'guestlink': {'enabled': False},
                                                               'link': False,
                                                               'whitelist_enable': False},
                                                      'dhcp': {'client': {'enabled': False,
                                                                          'request_vendor_identifying_specific': False,
                                                                          'vendor_identifying_class': False},
                                                               'relay': {'agent_option': False,
                                                                         'agent_option_checking': False,
                                                                         'use_client_side_address': False},
                                                               'use_subscriber_id': False},
                                                      'dhcpv6': {'client': {'default_route_to_server': False,
                                                                            'enabled': False},
                                                                 'relay': {'agent_option_subscriber_id_auto_mac': False},
                                                                 'server': {'enabled': False}},
                                                      'lldp': {'med_notifications': False,
                                                               'notifications': False,
                                                               'receive': False,
                                                               'transmit': False},
                                                      'ptp': {'clock_port': False},
                                                      'snmp': {'link_status_suppress': {'enabled': False},
                                                               'link_status_trap': {'enabled': False,
                                                                                    'enterprise': False},
                                                               'mac_change_trap': {'add': False,
                                                                                   'enabled': False,
                                                                                   'remove': False}}},
                               'setup_and_troubleshooting': {'port_and_remote_mirroring': {'mirror': {'none': False},
                                                                                           'remote_mirror_source': {'none': False}}}},
                'port1.0.16': {'access_and_security': {'dhcp_snooping': {'arp_security': False,
                                                                         'arp_security_detail': {'drop_link_local_arps': False,
                                                                                                 'violation': {'link_down': False,
                                                                                                               'log': False,
                                                                                                               'trap': False}},
                                                                         'disable_l2_flooding': False,
                                                                         'enabled': False,
                                                                         'trust': False,
                                                                         'violation': {'link_down': False,
                                                                                       'log': False,
                                                                                       'trap': False}},
                                                       'macsec': {'enabled': False},
                                                       'openflow': {'enabled': False}},
                               'firewall_and_nat': {'nat': {'limited_local_proxy_arp': False}},
                               'layer2_switching': {'port_type': 'access',
                                                    'shutdown': True,
                                                    'switchport': True},
                               'network_management': {'atmf': {'agentlink': False,
                                                               'arealink': {'enabled': False},
                                                               'crosslink': False,
                                                               'guestlink': {'enabled': False},
                                                               'link': False,
                                                               'whitelist_enable': False},
                                                      'dhcp': {'client': {'enabled': False,
                                                                          'request_vendor_identifying_specific': False,
                                                                          'vendor_identifying_class': False},
                                                               'relay': {'agent_option': False,
                                                                         'agent_option_checking': False,
                                                                         'use_client_side_address': False},
                                                               'use_subscriber_id': False},
                                                      'dhcpv6': {'client': {'default_route_to_server': False,
                                                                            'enabled': False},
                                                                 'relay': {'agent_option_subscriber_id_auto_mac': False},
                                                                 'server': {'enabled': False}},
                                                      'lldp': {'med_notifications': False,
                                                               'notifications': False,
                                                               'receive': False,
                                                               'transmit': False},
                                                      'ptp': {'clock_port': False},
                                                      'snmp': {'link_status_suppress': {'enabled': False},
                                                               'link_status_trap': {'enabled': False,
                                                                                    'enterprise': False},
                                                               'mac_change_trap': {'add': False,
                                                                                   'enabled': False,
                                                                                   'remove': False}}},
                               'setup_and_troubleshooting': {'port_and_remote_mirroring': {'mirror': {'none': False},
                                                                                           'remote_mirror_source': {'none': False}}}},
                'port1.0.17': {'access_and_security': {'dhcp_snooping': {'arp_security': False,
                                                                         'arp_security_detail': {'drop_link_local_arps': False,
                                                                                                 'violation': {'link_down': False,
                                                                                                               'log': False,
                                                                                                               'trap': False}},
                                                                         'disable_l2_flooding': False,
                                                                         'enabled': False,
                                                                         'trust': False,
                                                                         'violation': {'link_down': False,
                                                                                       'log': False,
                                                                                       'trap': False}},
                                                       'macsec': {'enabled': False},
                                                       'openflow': {'enabled': False}},
                               'firewall_and_nat': {'nat': {'limited_local_proxy_arp': False}},
                               'layer2_switching': {'port_type': 'access',
                                                    'shutdown': True,
                                                    'switchport': True},
                               'network_management': {'atmf': {'agentlink': False,
                                                               'arealink': {'enabled': False},
                                                               'crosslink': False,
                                                               'guestlink': {'enabled': False},
                                                               'link': False,
                                                               'whitelist_enable': False},
                                                      'dhcp': {'client': {'enabled': False,
                                                                          'request_vendor_identifying_specific': False,
                                                                          'vendor_identifying_class': False},
                                                               'relay': {'agent_option': False,
                                                                         'agent_option_checking': False,
                                                                         'use_client_side_address': False},
                                                               'use_subscriber_id': False},
                                                      'dhcpv6': {'client': {'default_route_to_server': False,
                                                                            'enabled': False},
                                                                 'relay': {'agent_option_subscriber_id_auto_mac': False},
                                                                 'server': {'enabled': False}},
                                                      'lldp': {'med_notifications': False,
                                                               'notifications': False,
                                                               'receive': False,
                                                               'transmit': False},
                                                      'ptp': {'clock_port': False},
                                                      'snmp': {'link_status_suppress': {'enabled': False},
                                                               'link_status_trap': {'enabled': False,
                                                                                    'enterprise': False},
                                                               'mac_change_trap': {'add': False,
                                                                                   'enabled': False,
                                                                                   'remove': False}}},
                               'setup_and_troubleshooting': {'port_and_remote_mirroring': {'mirror': {'none': False},
                                                                                           'remote_mirror_source': {'none': False}}}},
                'port1.0.18': {'access_and_security': {'dhcp_snooping': {'arp_security': False,
                                                                         'arp_security_detail': {'drop_link_local_arps': False,
                                                                                                 'violation': {'link_down': False,
                                                                                                               'log': False,
                                                                                                               'trap': False}},
                                                                         'disable_l2_flooding': False,
                                                                         'enabled': False,
                                                                         'trust': False,
                                                                         'violation': {'link_down': False,
                                                                                       'log': False,
                                                                                       'trap': False}},
                                                       'macsec': {'enabled': False},
                                                       'openflow': {'enabled': False}},
                               'firewall_and_nat': {'nat': {'limited_local_proxy_arp': False}},
                               'layer2_switching': {'port_type': 'access',
                                                    'shutdown': True,
                                                    'switchport': True},
                               'network_management': {'atmf': {'agentlink': False,
                                                               'arealink': {'enabled': False},
                                                               'crosslink': False,
                                                               'guestlink': {'enabled': False},
                                                               'link': False,
                                                               'whitelist_enable': False},
                                                      'dhcp': {'client': {'enabled': False,
                                                                          'request_vendor_identifying_specific': False,
                                                                          'vendor_identifying_class': False},
                                                               'relay': {'agent_option': False,
                                                                         'agent_option_checking': False,
                                                                         'use_client_side_address': False},
                                                               'use_subscriber_id': False},
                                                      'dhcpv6': {'client': {'default_route_to_server': False,
                                                                            'enabled': False},
                                                                 'relay': {'agent_option_subscriber_id_auto_mac': False},
                                                                 'server': {'enabled': False}},
                                                      'lldp': {'med_notifications': False,
                                                               'notifications': False,
                                                               'receive': False,
                                                               'transmit': False},
                                                      'ptp': {'clock_port': False},
                                                      'snmp': {'link_status_suppress': {'enabled': False},
                                                               'link_status_trap': {'enabled': False,
                                                                                    'enterprise': False},
                                                               'mac_change_trap': {'add': False,
                                                                                   'enabled': False,
                                                                                   'remove': False}}},
                               'setup_and_troubleshooting': {'port_and_remote_mirroring': {'mirror': {'none': False},
                                                                                           'remote_mirror_source': {'none': False}}}},
                'port1.0.19': {'access_and_security': {'dhcp_snooping': {'arp_security': False,
                                                                         'arp_security_detail': {'drop_link_local_arps': False,
                                                                                                 'violation': {'link_down': False,
                                                                                                               'log': False,
                                                                                                               'trap': False}},
                                                                         'disable_l2_flooding': False,
                                                                         'enabled': False,
                                                                         'trust': False,
                                                                         'violation': {'link_down': False,
                                                                                       'log': False,
                                                                                       'trap': False}},
                                                       'macsec': {'enabled': False},
                                                       'openflow': {'enabled': False}},
                               'firewall_and_nat': {'nat': {'limited_local_proxy_arp': False}},
                               'layer2_switching': {'port_type': 'access',
                                                    'shutdown': True,
                                                    'switchport': True},
                               'network_management': {'atmf': {'agentlink': False,
                                                               'arealink': {'enabled': False},
                                                               'crosslink': False,
                                                               'guestlink': {'enabled': False},
                                                               'link': False,
                                                               'whitelist_enable': False},
                                                      'dhcp': {'client': {'enabled': False,
                                                                          'request_vendor_identifying_specific': False,
                                                                          'vendor_identifying_class': False},
                                                               'relay': {'agent_option': False,
                                                                         'agent_option_checking': False,
                                                                         'use_client_side_address': False},
                                                               'use_subscriber_id': False},
                                                      'dhcpv6': {'client': {'default_route_to_server': False,
                                                                            'enabled': False},
                                                                 'relay': {'agent_option_subscriber_id_auto_mac': False},
                                                                 'server': {'enabled': False}},
                                                      'lldp': {'med_notifications': False,
                                                               'notifications': False,
                                                               'receive': False,
                                                               'transmit': False},
                                                      'ptp': {'clock_port': False},
                                                      'snmp': {'link_status_suppress': {'enabled': False},
                                                               'link_status_trap': {'enabled': False,
                                                                                    'enterprise': False},
                                                               'mac_change_trap': {'add': False,
                                                                                   'enabled': False,
                                                                                   'remove': False}}},
                               'setup_and_troubleshooting': {'port_and_remote_mirroring': {'mirror': {'none': False},
                                                                                           'remote_mirror_source': {'none': False}}}},
                'port1.0.2': {'access_and_security': {'dhcp_snooping': {'arp_security': False,
                                                                        'arp_security_detail': {'drop_link_local_arps': False,
                                                                                                'violation': {'link_down': False,
                                                                                                              'log': False,
                                                                                                              'trap': False}},
                                                                        'disable_l2_flooding': False,
                                                                        'enabled': False,
                                                                        'trust': False,
                                                                        'violation': {'link_down': False,
                                                                                      'log': False,
                                                                                      'trap': False}},
                                                      'macsec': {'enabled': False},
                                                      'openflow': {'enabled': False}},
                              'firewall_and_nat': {'nat': {'limited_local_proxy_arp': False}},
                              'layer2_switching': {'port_type': 'access',
                                                   'shutdown': True,
                                                   'switchport': True},
                              'network_management': {'atmf': {'agentlink': False,
                                                              'arealink': {'enabled': False},
                                                              'crosslink': False,
                                                              'guestlink': {'enabled': False},
                                                              'link': False,
                                                              'whitelist_enable': False},
                                                     'dhcp': {'client': {'enabled': False,
                                                                         'request_vendor_identifying_specific': False,
                                                                         'vendor_identifying_class': False},
                                                              'relay': {'agent_option': False,
                                                                        'agent_option_checking': False,
                                                                        'use_client_side_address': False},
                                                              'use_subscriber_id': False},
                                                     'dhcpv6': {'client': {'default_route_to_server': False,
                                                                           'enabled': False},
                                                                'relay': {'agent_option_subscriber_id_auto_mac': False},
                                                                'server': {'enabled': False}},
                                                     'lldp': {'med_notifications': False,
                                                              'notifications': False,
                                                              'receive': False,
                                                              'transmit': False},
                                                     'ptp': {'clock_port': False},
                                                     'snmp': {'link_status_suppress': {'enabled': False},
                                                              'link_status_trap': {'enabled': False,
                                                                                   'enterprise': False},
                                                              'mac_change_trap': {'add': False,
                                                                                  'enabled': False,
                                                                                  'remove': False}}},
                              'setup_and_troubleshooting': {'port_and_remote_mirroring': {'mirror': {'none': False},
                                                                                          'remote_mirror_source': {'none': False}}}},
                'port1.0.20': {'access_and_security': {'dhcp_snooping': {'arp_security': False,
                                                                         'arp_security_detail': {'drop_link_local_arps': False,
                                                                                                 'violation': {'link_down': False,
                                                                                                               'log': False,
                                                                                                               'trap': False}},
                                                                         'disable_l2_flooding': False,
                                                                         'enabled': False,
                                                                         'trust': False,
                                                                         'violation': {'link_down': False,
                                                                                       'log': False,
                                                                                       'trap': False}},
                                                       'macsec': {'enabled': False},
                                                       'openflow': {'enabled': False}},
                               'firewall_and_nat': {'nat': {'limited_local_proxy_arp': False}},
                               'layer2_switching': {'port_type': 'access',
                                                    'shutdown': True,
                                                    'switchport': True},
                               'network_management': {'atmf': {'agentlink': False,
                                                               'arealink': {'enabled': False},
                                                               'crosslink': False,
                                                               'guestlink': {'enabled': False},
                                                               'link': False,
                                                               'whitelist_enable': False},
                                                      'dhcp': {'client': {'enabled': False,
                                                                          'request_vendor_identifying_specific': False,
                                                                          'vendor_identifying_class': False},
                                                               'relay': {'agent_option': False,
                                                                         'agent_option_checking': False,
                                                                         'use_client_side_address': False},
                                                               'use_subscriber_id': False},
                                                      'dhcpv6': {'client': {'default_route_to_server': False,
                                                                            'enabled': False},
                                                                 'relay': {'agent_option_subscriber_id_auto_mac': False},
                                                                 'server': {'enabled': False}},
                                                      'lldp': {'med_notifications': False,
                                                               'notifications': False,
                                                               'receive': False,
                                                               'transmit': False},
                                                      'ptp': {'clock_port': False},
                                                      'snmp': {'link_status_suppress': {'enabled': False},
                                                               'link_status_trap': {'enabled': False,
                                                                                    'enterprise': False},
                                                               'mac_change_trap': {'add': False,
                                                                                   'enabled': False,
                                                                                   'remove': False}}},
                               'setup_and_troubleshooting': {'port_and_remote_mirroring': {'mirror': {'none': False},
                                                                                           'remote_mirror_source': {'none': False}}}},
                'port1.0.21': {'access_and_security': {'dhcp_snooping': {'arp_security': False,
                                                                         'arp_security_detail': {'drop_link_local_arps': False,
                                                                                                 'violation': {'link_down': False,
                                                                                                               'log': False,
                                                                                                               'trap': False}},
                                                                         'disable_l2_flooding': False,
                                                                         'enabled': False,
                                                                         'trust': False,
                                                                         'violation': {'link_down': False,
                                                                                       'log': False,
                                                                                       'trap': False}},
                                                       'macsec': {'enabled': False},
                                                       'openflow': {'enabled': False}},
                               'firewall_and_nat': {'nat': {'limited_local_proxy_arp': False}},
                               'layer2_switching': {'port_type': 'access',
                                                    'shutdown': True,
                                                    'switchport': True},
                               'network_management': {'atmf': {'agentlink': False,
                                                               'arealink': {'enabled': False},
                                                               'crosslink': False,
                                                               'guestlink': {'enabled': False},
                                                               'link': False,
                                                               'whitelist_enable': False},
                                                      'dhcp': {'client': {'enabled': False,
                                                                          'request_vendor_identifying_specific': False,
                                                                          'vendor_identifying_class': False},
                                                               'relay': {'agent_option': False,
                                                                         'agent_option_checking': False,
                                                                         'use_client_side_address': False},
                                                               'use_subscriber_id': False},
                                                      'dhcpv6': {'client': {'default_route_to_server': False,
                                                                            'enabled': False},
                                                                 'relay': {'agent_option_subscriber_id_auto_mac': False},
                                                                 'server': {'enabled': False}},
                                                      'lldp': {'med_notifications': False,
                                                               'notifications': False,
                                                               'receive': False,
                                                               'transmit': False},
                                                      'ptp': {'clock_port': False},
                                                      'snmp': {'link_status_suppress': {'enabled': False},
                                                               'link_status_trap': {'enabled': False,
                                                                                    'enterprise': False},
                                                               'mac_change_trap': {'add': False,
                                                                                   'enabled': False,
                                                                                   'remove': False}}},
                               'setup_and_troubleshooting': {'port_and_remote_mirroring': {'mirror': {'none': False},
                                                                                           'remote_mirror_source': {'none': False}}}},
                'port1.0.22': {'access_and_security': {'dhcp_snooping': {'arp_security': False,
                                                                         'arp_security_detail': {'drop_link_local_arps': False,
                                                                                                 'violation': {'link_down': False,
                                                                                                               'log': False,
                                                                                                               'trap': False}},
                                                                         'disable_l2_flooding': False,
                                                                         'enabled': False,
                                                                         'trust': False,
                                                                         'violation': {'link_down': False,
                                                                                       'log': False,
                                                                                       'trap': False}},
                                                       'macsec': {'enabled': False},
                                                       'openflow': {'enabled': False}},
                               'firewall_and_nat': {'nat': {'limited_local_proxy_arp': False}},
                               'layer2_switching': {'port_type': 'access',
                                                    'shutdown': True,
                                                    'switchport': True},
                               'network_management': {'atmf': {'agentlink': False,
                                                               'arealink': {'enabled': False},
                                                               'crosslink': False,
                                                               'guestlink': {'enabled': False},
                                                               'link': False,
                                                               'whitelist_enable': False},
                                                      'dhcp': {'client': {'enabled': False,
                                                                          'request_vendor_identifying_specific': False,
                                                                          'vendor_identifying_class': False},
                                                               'relay': {'agent_option': False,
                                                                         'agent_option_checking': False,
                                                                         'use_client_side_address': False},
                                                               'use_subscriber_id': False},
                                                      'dhcpv6': {'client': {'default_route_to_server': False,
                                                                            'enabled': False},
                                                                 'relay': {'agent_option_subscriber_id_auto_mac': False},
                                                                 'server': {'enabled': False}},
                                                      'lldp': {'med_notifications': False,
                                                               'notifications': False,
                                                               'receive': False,
                                                               'transmit': False},
                                                      'ptp': {'clock_port': False},
                                                      'snmp': {'link_status_suppress': {'enabled': False},
                                                               'link_status_trap': {'enabled': False,
                                                                                    'enterprise': False},
                                                               'mac_change_trap': {'add': False,
                                                                                   'enabled': False,
                                                                                   'remove': False}}},
                               'setup_and_troubleshooting': {'port_and_remote_mirroring': {'mirror': {'none': False},
                                                                                           'remote_mirror_source': {'none': False}}}},
                'port1.0.23': {'access_and_security': {'dhcp_snooping': {'arp_security': False,
                                                                         'arp_security_detail': {'drop_link_local_arps': False,
                                                                                                 'violation': {'link_down': False,
                                                                                                               'log': False,
                                                                                                               'trap': False}},
                                                                         'disable_l2_flooding': False,
                                                                         'enabled': False,
                                                                         'trust': False,
                                                                         'violation': {'link_down': False,
                                                                                       'log': False,
                                                                                       'trap': False}},
                                                       'macsec': {'enabled': False},
                                                       'openflow': {'enabled': False}},
                               'firewall_and_nat': {'nat': {'limited_local_proxy_arp': False}},
                               'layer2_switching': {'port_type': 'access',
                                                    'shutdown': True,
                                                    'switchport': True},
                               'network_management': {'atmf': {'agentlink': False,
                                                               'arealink': {'enabled': False},
                                                               'crosslink': False,
                                                               'guestlink': {'enabled': False},
                                                               'link': False,
                                                               'whitelist_enable': False},
                                                      'dhcp': {'client': {'enabled': False,
                                                                          'request_vendor_identifying_specific': False,
                                                                          'vendor_identifying_class': False},
                                                               'relay': {'agent_option': False,
                                                                         'agent_option_checking': False,
                                                                         'use_client_side_address': False},
                                                               'use_subscriber_id': False},
                                                      'dhcpv6': {'client': {'default_route_to_server': False,
                                                                            'enabled': False},
                                                                 'relay': {'agent_option_subscriber_id_auto_mac': False},
                                                                 'server': {'enabled': False}},
                                                      'lldp': {'med_notifications': False,
                                                               'notifications': False,
                                                               'receive': False,
                                                               'transmit': False},
                                                      'ptp': {'clock_port': False},
                                                      'snmp': {'link_status_suppress': {'enabled': False},
                                                               'link_status_trap': {'enabled': False,
                                                                                    'enterprise': False},
                                                               'mac_change_trap': {'add': False,
                                                                                   'enabled': False,
                                                                                   'remove': False}}},
                               'setup_and_troubleshooting': {'port_and_remote_mirroring': {'mirror': {'none': False},
                                                                                           'remote_mirror_source': {'none': False}}}},
                'port1.0.24': {'access_and_security': {'dhcp_snooping': {'arp_security': False,
                                                                         'arp_security_detail': {'drop_link_local_arps': False,
                                                                                                 'violation': {'link_down': False,
                                                                                                               'log': False,
                                                                                                               'trap': False}},
                                                                         'disable_l2_flooding': False,
                                                                         'enabled': False,
                                                                         'trust': False,
                                                                         'violation': {'link_down': False,
                                                                                       'log': False,
                                                                                       'trap': False}},
                                                       'macsec': {'enabled': False},
                                                       'openflow': {'enabled': False}},
                               'firewall_and_nat': {'nat': {'limited_local_proxy_arp': False}},
                               'layer2_switching': {'port_type': 'access',
                                                    'shutdown': True,
                                                    'switchport': True},
                               'network_management': {'atmf': {'agentlink': False,
                                                               'arealink': {'enabled': False},
                                                               'crosslink': False,
                                                               'guestlink': {'enabled': False},
                                                               'link': False,
                                                               'whitelist_enable': False},
                                                      'dhcp': {'client': {'enabled': False,
                                                                          'request_vendor_identifying_specific': False,
                                                                          'vendor_identifying_class': False},
                                                               'relay': {'agent_option': False,
                                                                         'agent_option_checking': False,
                                                                         'use_client_side_address': False},
                                                               'use_subscriber_id': False},
                                                      'dhcpv6': {'client': {'default_route_to_server': False,
                                                                            'enabled': False},
                                                                 'relay': {'agent_option_subscriber_id_auto_mac': False},
                                                                 'server': {'enabled': False}},
                                                      'lldp': {'med_notifications': False,
                                                               'notifications': False,
                                                               'receive': False,
                                                               'transmit': False},
                                                      'ptp': {'clock_port': False},
                                                      'snmp': {'link_status_suppress': {'enabled': False},
                                                               'link_status_trap': {'enabled': False,
                                                                                    'enterprise': False},
                                                               'mac_change_trap': {'add': False,
                                                                                   'enabled': False,
                                                                                   'remove': False}}},
                               'setup_and_troubleshooting': {'port_and_remote_mirroring': {'mirror': {'none': False},
                                                                                           'remote_mirror_source': {'none': False}}}},
                'port1.0.25': {'access_and_security': {'dhcp_snooping': {'arp_security': False,
                                                                         'arp_security_detail': {'drop_link_local_arps': False,
                                                                                                 'violation': {'link_down': False,
                                                                                                               'log': False,
                                                                                                               'trap': False}},
                                                                         'disable_l2_flooding': False,
                                                                         'enabled': False,
                                                                         'trust': False,
                                                                         'violation': {'link_down': False,
                                                                                       'log': False,
                                                                                       'trap': False}},
                                                       'macsec': {'enabled': False},
                                                       'openflow': {'enabled': False}},
                               'firewall_and_nat': {'nat': {'limited_local_proxy_arp': False}},
                               'layer2_switching': {'port_type': 'access',
                                                    'shutdown': True,
                                                    'switchport': True},
                               'network_management': {'atmf': {'agentlink': False,
                                                               'arealink': {'enabled': False},
                                                               'crosslink': False,
                                                               'guestlink': {'enabled': False},
                                                               'link': False,
                                                               'whitelist_enable': False},
                                                      'dhcp': {'client': {'enabled': False,
                                                                          'request_vendor_identifying_specific': False,
                                                                          'vendor_identifying_class': False},
                                                               'relay': {'agent_option': False,
                                                                         'agent_option_checking': False,
                                                                         'use_client_side_address': False},
                                                               'use_subscriber_id': False},
                                                      'dhcpv6': {'client': {'default_route_to_server': False,
                                                                            'enabled': False},
                                                                 'relay': {'agent_option_subscriber_id_auto_mac': False},
                                                                 'server': {'enabled': False}},
                                                      'lldp': {'med_notifications': False,
                                                               'notifications': False,
                                                               'receive': False,
                                                               'transmit': False},
                                                      'ptp': {'clock_port': False},
                                                      'snmp': {'link_status_suppress': {'enabled': False},
                                                               'link_status_trap': {'enabled': False,
                                                                                    'enterprise': False},
                                                               'mac_change_trap': {'add': False,
                                                                                   'enabled': False,
                                                                                   'remove': False}}},
                               'setup_and_troubleshooting': {'port_and_remote_mirroring': {'mirror': {'none': False},
                                                                                           'remote_mirror_source': {'none': False}}}},
                'port1.0.26': {'access_and_security': {'dhcp_snooping': {'arp_security': False,
                                                                         'arp_security_detail': {'drop_link_local_arps': False,
                                                                                                 'violation': {'link_down': False,
                                                                                                               'log': False,
                                                                                                               'trap': False}},
                                                                         'disable_l2_flooding': False,
                                                                         'enabled': False,
                                                                         'trust': False,
                                                                         'violation': {'link_down': False,
                                                                                       'log': False,
                                                                                       'trap': False}},
                                                       'macsec': {'enabled': False},
                                                       'openflow': {'enabled': False}},
                               'firewall_and_nat': {'nat': {'limited_local_proxy_arp': False}},
                               'layer2_switching': {'port_type': 'access',
                                                    'shutdown': True,
                                                    'switchport': True},
                               'network_management': {'atmf': {'agentlink': False,
                                                               'arealink': {'enabled': False},
                                                               'crosslink': False,
                                                               'guestlink': {'enabled': False},
                                                               'link': False,
                                                               'whitelist_enable': False},
                                                      'dhcp': {'client': {'enabled': False,
                                                                          'request_vendor_identifying_specific': False,
                                                                          'vendor_identifying_class': False},
                                                               'relay': {'agent_option': False,
                                                                         'agent_option_checking': False,
                                                                         'use_client_side_address': False},
                                                               'use_subscriber_id': False},
                                                      'dhcpv6': {'client': {'default_route_to_server': False,
                                                                            'enabled': False},
                                                                 'relay': {'agent_option_subscriber_id_auto_mac': False},
                                                                 'server': {'enabled': False}},
                                                      'lldp': {'med_notifications': False,
                                                               'notifications': False,
                                                               'receive': False,
                                                               'transmit': False},
                                                      'ptp': {'clock_port': False},
                                                      'snmp': {'link_status_suppress': {'enabled': False},
                                                               'link_status_trap': {'enabled': False,
                                                                                    'enterprise': False},
                                                               'mac_change_trap': {'add': False,
                                                                                   'enabled': False,
                                                                                   'remove': False}}},
                               'setup_and_troubleshooting': {'port_and_remote_mirroring': {'mirror': {'none': False},
                                                                                           'remote_mirror_source': {'none': False}}}},
                'port1.0.27': {'access_and_security': {'dhcp_snooping': {'arp_security': False,
                                                                         'arp_security_detail': {'drop_link_local_arps': False,
                                                                                                 'violation': {'link_down': False,
                                                                                                               'log': False,
                                                                                                               'trap': False}},
                                                                         'disable_l2_flooding': False,
                                                                         'enabled': False,
                                                                         'trust': False,
                                                                         'violation': {'link_down': False,
                                                                                       'log': False,
                                                                                       'trap': False}},
                                                       'macsec': {'enabled': False},
                                                       'openflow': {'enabled': False}},
                               'firewall_and_nat': {'nat': {'limited_local_proxy_arp': False}},
                               'layer2_switching': {'port_type': 'access',
                                                    'shutdown': True,
                                                    'switchport': True},
                               'network_management': {'atmf': {'agentlink': False,
                                                               'arealink': {'enabled': False},
                                                               'crosslink': False,
                                                               'guestlink': {'enabled': False},
                                                               'link': False,
                                                               'whitelist_enable': False},
                                                      'dhcp': {'client': {'enabled': False,
                                                                          'request_vendor_identifying_specific': False,
                                                                          'vendor_identifying_class': False},
                                                               'relay': {'agent_option': False,
                                                                         'agent_option_checking': False,
                                                                         'use_client_side_address': False},
                                                               'use_subscriber_id': False},
                                                      'dhcpv6': {'client': {'default_route_to_server': False,
                                                                            'enabled': False},
                                                                 'relay': {'agent_option_subscriber_id_auto_mac': False},
                                                                 'server': {'enabled': False}},
                                                      'lldp': {'med_notifications': False,
                                                               'notifications': False,
                                                               'receive': False,
                                                               'transmit': False},
                                                      'ptp': {'clock_port': False},
                                                      'snmp': {'link_status_suppress': {'enabled': False},
                                                               'link_status_trap': {'enabled': False,
                                                                                    'enterprise': False},
                                                               'mac_change_trap': {'add': False,
                                                                                   'enabled': False,
                                                                                   'remove': False}}},
                               'setup_and_troubleshooting': {'port_and_remote_mirroring': {'mirror': {'none': False},
                                                                                           'remote_mirror_source': {'none': False}}}},
                'port1.0.28': {'access_and_security': {'dhcp_snooping': {'arp_security': False,
                                                                         'arp_security_detail': {'drop_link_local_arps': False,
                                                                                                 'violation': {'link_down': False,
                                                                                                               'log': False,
                                                                                                               'trap': False}},
                                                                         'disable_l2_flooding': False,
                                                                         'enabled': False,
                                                                         'trust': False,
                                                                         'violation': {'link_down': False,
                                                                                       'log': False,
                                                                                       'trap': False}},
                                                       'macsec': {'enabled': False},
                                                       'openflow': {'enabled': False}},
                               'firewall_and_nat': {'nat': {'limited_local_proxy_arp': False}},
                               'layer2_switching': {'port_type': 'access',
                                                    'shutdown': True,
                                                    'switchport': True},
                               'network_management': {'atmf': {'agentlink': False,
                                                               'arealink': {'enabled': False},
                                                               'crosslink': False,
                                                               'guestlink': {'enabled': False},
                                                               'link': False,
                                                               'whitelist_enable': False},
                                                      'dhcp': {'client': {'enabled': False,
                                                                          'request_vendor_identifying_specific': False,
                                                                          'vendor_identifying_class': False},
                                                               'relay': {'agent_option': False,
                                                                         'agent_option_checking': False,
                                                                         'use_client_side_address': False},
                                                               'use_subscriber_id': False},
                                                      'dhcpv6': {'client': {'default_route_to_server': False,
                                                                            'enabled': False},
                                                                 'relay': {'agent_option_subscriber_id_auto_mac': False},
                                                                 'server': {'enabled': False}},
                                                      'lldp': {'med_notifications': False,
                                                               'notifications': False,
                                                               'receive': False,
                                                               'transmit': False},
                                                      'ptp': {'clock_port': False},
                                                      'snmp': {'link_status_suppress': {'enabled': False},
                                                               'link_status_trap': {'enabled': False,
                                                                                    'enterprise': False},
                                                               'mac_change_trap': {'add': False,
                                                                                   'enabled': False,
                                                                                   'remove': False}}},
                               'setup_and_troubleshooting': {'port_and_remote_mirroring': {'mirror': {'none': False},
                                                                                           'remote_mirror_source': {'none': False}}}},
                'port1.0.3': {'access_and_security': {'dhcp_snooping': {'arp_security': False,
                                                                        'arp_security_detail': {'drop_link_local_arps': False,
                                                                                                'violation': {'link_down': False,
                                                                                                              'log': False,
                                                                                                              'trap': False}},
                                                                        'disable_l2_flooding': False,
                                                                        'enabled': False,
                                                                        'trust': False,
                                                                        'violation': {'link_down': False,
                                                                                      'log': False,
                                                                                      'trap': False}},
                                                      'macsec': {'enabled': False},
                                                      'openflow': {'enabled': False}},
                              'firewall_and_nat': {'nat': {'limited_local_proxy_arp': False}},
                              'layer2_switching': {'port_type': 'access',
                                                   'shutdown': True,
                                                   'switchport': True},
                              'network_management': {'atmf': {'agentlink': False,
                                                              'arealink': {'enabled': False},
                                                              'crosslink': False,
                                                              'guestlink': {'enabled': False},
                                                              'link': False,
                                                              'whitelist_enable': False},
                                                     'dhcp': {'client': {'enabled': False,
                                                                         'request_vendor_identifying_specific': False,
                                                                         'vendor_identifying_class': False},
                                                              'relay': {'agent_option': False,
                                                                        'agent_option_checking': False,
                                                                        'use_client_side_address': False},
                                                              'use_subscriber_id': False},
                                                     'dhcpv6': {'client': {'default_route_to_server': False,
                                                                           'enabled': False},
                                                                'relay': {'agent_option_subscriber_id_auto_mac': False},
                                                                'server': {'enabled': False}},
                                                     'lldp': {'med_notifications': False,
                                                              'notifications': False,
                                                              'receive': False,
                                                              'transmit': False},
                                                     'ptp': {'clock_port': False},
                                                     'snmp': {'link_status_suppress': {'enabled': False},
                                                              'link_status_trap': {'enabled': False,
                                                                                   'enterprise': False},
                                                              'mac_change_trap': {'add': False,
                                                                                  'enabled': False,
                                                                                  'remove': False}}},
                              'setup_and_troubleshooting': {'port_and_remote_mirroring': {'mirror': {'none': False},
                                                                                          'remote_mirror_source': {'none': False}}}},
                'port1.0.4': {'access_and_security': {'dhcp_snooping': {'arp_security': False,
                                                                        'arp_security_detail': {'drop_link_local_arps': False,
                                                                                                'violation': {'link_down': False,
                                                                                                              'log': False,
                                                                                                              'trap': False}},
                                                                        'disable_l2_flooding': False,
                                                                        'enabled': False,
                                                                        'trust': False,
                                                                        'violation': {'link_down': False,
                                                                                      'log': False,
                                                                                      'trap': False}},
                                                      'macsec': {'enabled': False},
                                                      'openflow': {'enabled': False}},
                              'firewall_and_nat': {'nat': {'limited_local_proxy_arp': False}},
                              'layer2_switching': {'port_type': 'access',
                                                   'shutdown': True,
                                                   'switchport': True},
                              'network_management': {'atmf': {'agentlink': False,
                                                              'arealink': {'enabled': False},
                                                              'crosslink': False,
                                                              'guestlink': {'enabled': False},
                                                              'link': False,
                                                              'whitelist_enable': False},
                                                     'dhcp': {'client': {'enabled': False,
                                                                         'request_vendor_identifying_specific': False,
                                                                         'vendor_identifying_class': False},
                                                              'relay': {'agent_option': False,
                                                                        'agent_option_checking': False,
                                                                        'use_client_side_address': False},
                                                              'use_subscriber_id': False},
                                                     'dhcpv6': {'client': {'default_route_to_server': False,
                                                                           'enabled': False},
                                                                'relay': {'agent_option_subscriber_id_auto_mac': False},
                                                                'server': {'enabled': False}},
                                                     'lldp': {'med_notifications': False,
                                                              'notifications': False,
                                                              'receive': False,
                                                              'transmit': False},
                                                     'ptp': {'clock_port': False},
                                                     'snmp': {'link_status_suppress': {'enabled': False},
                                                              'link_status_trap': {'enabled': False,
                                                                                   'enterprise': False},
                                                              'mac_change_trap': {'add': False,
                                                                                  'enabled': False,
                                                                                  'remove': False}}},
                              'setup_and_troubleshooting': {'port_and_remote_mirroring': {'mirror': {'none': False},
                                                                                          'remote_mirror_source': {'none': False}}}},
                'port1.0.5': {'access_and_security': {'dhcp_snooping': {'arp_security': False,
                                                                        'arp_security_detail': {'drop_link_local_arps': False,
                                                                                                'violation': {'link_down': False,
                                                                                                              'log': False,
                                                                                                              'trap': False}},
                                                                        'disable_l2_flooding': False,
                                                                        'enabled': False,
                                                                        'trust': False,
                                                                        'violation': {'link_down': False,
                                                                                      'log': False,
                                                                                      'trap': False}},
                                                      'macsec': {'enabled': False},
                                                      'openflow': {'enabled': False}},
                              'firewall_and_nat': {'nat': {'limited_local_proxy_arp': False}},
                              'layer2_switching': {'port_type': 'access',
                                                   'shutdown': True,
                                                   'switchport': True},
                              'network_management': {'atmf': {'agentlink': False,
                                                              'arealink': {'enabled': False},
                                                              'crosslink': False,
                                                              'guestlink': {'enabled': False},
                                                              'link': False,
                                                              'whitelist_enable': False},
                                                     'dhcp': {'client': {'enabled': False,
                                                                         'request_vendor_identifying_specific': False,
                                                                         'vendor_identifying_class': False},
                                                              'relay': {'agent_option': False,
                                                                        'agent_option_checking': False,
                                                                        'use_client_side_address': False},
                                                              'use_subscriber_id': False},
                                                     'dhcpv6': {'client': {'default_route_to_server': False,
                                                                           'enabled': False},
                                                                'relay': {'agent_option_subscriber_id_auto_mac': False},
                                                                'server': {'enabled': False}},
                                                     'lldp': {'med_notifications': False,
                                                              'notifications': False,
                                                              'receive': False,
                                                              'transmit': False},
                                                     'ptp': {'clock_port': False},
                                                     'snmp': {'link_status_suppress': {'enabled': False},
                                                              'link_status_trap': {'enabled': False,
                                                                                   'enterprise': False},
                                                              'mac_change_trap': {'add': False,
                                                                                  'enabled': False,
                                                                                  'remove': False}}},
                              'setup_and_troubleshooting': {'port_and_remote_mirroring': {'mirror': {'none': False},
                                                                                          'remote_mirror_source': {'none': False}}}},
                'port1.0.6': {'access_and_security': {'dhcp_snooping': {'arp_security': False,
                                                                        'arp_security_detail': {'drop_link_local_arps': False,
                                                                                                'violation': {'link_down': False,
                                                                                                              'log': False,
                                                                                                              'trap': False}},
                                                                        'disable_l2_flooding': False,
                                                                        'enabled': False,
                                                                        'trust': False,
                                                                        'violation': {'link_down': False,
                                                                                      'log': False,
                                                                                      'trap': False}},
                                                      'macsec': {'enabled': False},
                                                      'openflow': {'enabled': False}},
                              'firewall_and_nat': {'nat': {'limited_local_proxy_arp': False}},
                              'layer2_switching': {'port_type': 'access',
                                                   'shutdown': True,
                                                   'switchport': True},
                              'network_management': {'atmf': {'agentlink': False,
                                                              'arealink': {'enabled': False},
                                                              'crosslink': False,
                                                              'guestlink': {'enabled': False},
                                                              'link': False,
                                                              'whitelist_enable': False},
                                                     'dhcp': {'client': {'enabled': False,
                                                                         'request_vendor_identifying_specific': False,
                                                                         'vendor_identifying_class': False},
                                                              'relay': {'agent_option': False,
                                                                        'agent_option_checking': False,
                                                                        'use_client_side_address': False},
                                                              'use_subscriber_id': False},
                                                     'dhcpv6': {'client': {'default_route_to_server': False,
                                                                           'enabled': False},
                                                                'relay': {'agent_option_subscriber_id_auto_mac': False},
                                                                'server': {'enabled': False}},
                                                     'lldp': {'med_notifications': False,
                                                              'notifications': False,
                                                              'receive': False,
                                                              'transmit': False},
                                                     'ptp': {'clock_port': False},
                                                     'snmp': {'link_status_suppress': {'enabled': False},
                                                              'link_status_trap': {'enabled': False,
                                                                                   'enterprise': False},
                                                              'mac_change_trap': {'add': False,
                                                                                  'enabled': False,
                                                                                  'remove': False}}},
                              'setup_and_troubleshooting': {'port_and_remote_mirroring': {'mirror': {'none': False},
                                                                                          'remote_mirror_source': {'none': False}}}},
                'port1.0.7': {'access_and_security': {'dhcp_snooping': {'arp_security': False,
                                                                        'arp_security_detail': {'drop_link_local_arps': False,
                                                                                                'violation': {'link_down': False,
                                                                                                              'log': False,
                                                                                                              'trap': False}},
                                                                        'disable_l2_flooding': False,
                                                                        'enabled': False,
                                                                        'trust': False,
                                                                        'violation': {'link_down': False,
                                                                                      'log': False,
                                                                                      'trap': False}},
                                                      'macsec': {'enabled': False},
                                                      'openflow': {'enabled': False}},
                              'firewall_and_nat': {'nat': {'limited_local_proxy_arp': False}},
                              'layer2_switching': {'port_type': 'access',
                                                   'shutdown': True,
                                                   'switchport': True},
                              'network_management': {'atmf': {'agentlink': False,
                                                              'arealink': {'enabled': False},
                                                              'crosslink': False,
                                                              'guestlink': {'enabled': False},
                                                              'link': False,
                                                              'whitelist_enable': False},
                                                     'dhcp': {'client': {'enabled': False,
                                                                         'request_vendor_identifying_specific': False,
                                                                         'vendor_identifying_class': False},
                                                              'relay': {'agent_option': False,
                                                                        'agent_option_checking': False,
                                                                        'use_client_side_address': False},
                                                              'use_subscriber_id': False},
                                                     'dhcpv6': {'client': {'default_route_to_server': False,
                                                                           'enabled': False},
                                                                'relay': {'agent_option_subscriber_id_auto_mac': False},
                                                                'server': {'enabled': False}},
                                                     'lldp': {'med_notifications': False,
                                                              'notifications': False,
                                                              'receive': False,
                                                              'transmit': False},
                                                     'ptp': {'clock_port': False},
                                                     'snmp': {'link_status_suppress': {'enabled': False},
                                                              'link_status_trap': {'enabled': False,
                                                                                   'enterprise': False},
                                                              'mac_change_trap': {'add': False,
                                                                                  'enabled': False,
                                                                                  'remove': False}}},
                              'setup_and_troubleshooting': {'port_and_remote_mirroring': {'mirror': {'none': False},
                                                                                          'remote_mirror_source': {'none': False}}}},
                'port1.0.8': {'access_and_security': {'dhcp_snooping': {'arp_security': False,
                                                                        'arp_security_detail': {'drop_link_local_arps': False,
                                                                                                'violation': {'link_down': False,
                                                                                                              'log': False,
                                                                                                              'trap': False}},
                                                                        'disable_l2_flooding': False,
                                                                        'enabled': False,
                                                                        'trust': False,
                                                                        'violation': {'link_down': False,
                                                                                      'log': False,
                                                                                      'trap': False}},
                                                      'macsec': {'enabled': False},
                                                      'openflow': {'enabled': False}},
                              'firewall_and_nat': {'nat': {'limited_local_proxy_arp': False}},
                              'layer2_switching': {'port_type': 'access',
                                                   'shutdown': True,
                                                   'switchport': True},
                              'network_management': {'atmf': {'agentlink': False,
                                                              'arealink': {'enabled': False},
                                                              'crosslink': False,
                                                              'guestlink': {'enabled': False},
                                                              'link': False,
                                                              'whitelist_enable': False},
                                                     'dhcp': {'client': {'enabled': False,
                                                                         'request_vendor_identifying_specific': False,
                                                                         'vendor_identifying_class': False},
                                                              'relay': {'agent_option': False,
                                                                        'agent_option_checking': False,
                                                                        'use_client_side_address': False},
                                                              'use_subscriber_id': False},
                                                     'dhcpv6': {'client': {'default_route_to_server': False,
                                                                           'enabled': False},
                                                                'relay': {'agent_option_subscriber_id_auto_mac': False},
                                                                'server': {'enabled': False}},
                                                     'lldp': {'med_notifications': False,
                                                              'notifications': False,
                                                              'receive': False,
                                                              'transmit': False},
                                                     'ptp': {'clock_port': False},
                                                     'snmp': {'link_status_suppress': {'enabled': False},
                                                              'link_status_trap': {'enabled': False,
                                                                                   'enterprise': False},
                                                              'mac_change_trap': {'add': False,
                                                                                  'enabled': False,
                                                                                  'remove': False}}},
                              'setup_and_troubleshooting': {'port_and_remote_mirroring': {'mirror': {'none': False},
                                                                                          'remote_mirror_source': {'none': False}}}},
                'port1.0.9': {'access_and_security': {'dhcp_snooping': {'arp_security': False,
                                                                        'arp_security_detail': {'drop_link_local_arps': False,
                                                                                                'violation': {'link_down': False,
                                                                                                              'log': False,
                                                                                                              'trap': False}},
                                                                        'disable_l2_flooding': False,
                                                                        'enabled': False,
                                                                        'trust': False,
                                                                        'violation': {'link_down': False,
                                                                                      'log': False,
                                                                                      'trap': False}},
                                                      'macsec': {'enabled': False},
                                                      'openflow': {'enabled': False}},
                              'firewall_and_nat': {'nat': {'limited_local_proxy_arp': False}},
                              'layer2_switching': {'port_type': 'access',
                                                   'shutdown': True,
                                                   'switchport': True},
                              'network_management': {'atmf': {'agentlink': False,
                                                              'arealink': {'enabled': False},
                                                              'crosslink': False,
                                                              'guestlink': {'enabled': False},
                                                              'link': False,
                                                              'whitelist_enable': False},
                                                     'dhcp': {'client': {'enabled': False,
                                                                         'request_vendor_identifying_specific': False,
                                                                         'vendor_identifying_class': False},
                                                              'relay': {'agent_option': False,
                                                                        'agent_option_checking': False,
                                                                        'use_client_side_address': False},
                                                              'use_subscriber_id': False},
                                                     'dhcpv6': {'client': {'default_route_to_server': False,
                                                                           'enabled': False},
                                                                'relay': {'agent_option_subscriber_id_auto_mac': False},
                                                                'server': {'enabled': False}},
                                                     'lldp': {'med_notifications': False,
                                                              'notifications': False,
                                                              'receive': False,
                                                              'transmit': False},
                                                     'ptp': {'clock_port': False},
                                                     'snmp': {'link_status_suppress': {'enabled': False},
                                                              'link_status_trap': {'enabled': False,
                                                                                   'enterprise': False},
                                                              'mac_change_trap': {'add': False,
                                                                                  'enabled': False,
                                                                                  'remove': False}}},
                              'setup_and_troubleshooting': {'port_and_remote_mirroring': {'mirror': {'none': False},
                                                                                          'remote_mirror_source': {'none': False}}}}}}

================================================================================
BASELINE TAGS (EXCLUDED)
================================================================================
Device: swi_a
Total tags: 31
AAA, AAA_AUTHENTICATION_ENABLE, AAA_AUTHENTICATION_ENABLE_LOCAL, AAA_AUTHENTICATION_LOGIN_1, AAA_AUTHENTICATION_LOGIN_DEFAULT, AAA_AUTHENTICATION_LOGIN_LOCAL, DEVICE_GUI_AND_VISTA, DNS, DNS_DOMAIN_LOOKUP, DOT1X_INTERFACE, DOT1X_INTERFACE_COUNT_28, HOSTNAME, HTTP_SERVICE_ENABLED, INTERFACE_SHUTDOWN_28, LINK_AGGREGATION, LOCAL_USER_ACCOUNTS_1, PIM_SMV6_INTERFACE_28, PIM_SM_INTERFACE_28, RSTP, SERVICE_PASSWORD_ENCRYPTION, SNMP, SNMP_IPV4, SNMP_IPV6, SPANNING_TREE, SSH, SWITCHING, SWITCHPORT_28, SWITCHPORT_ACCESS_28, SYS_CONFIG_AND_MONITORING, USER_ACCESS, VLANS

================================================================================
CONFIGURATION TAGS
================================================================================
Device: swi_a
Total tags: 9
DOT1X_INTERFACE, DOT1X_INTERFACE_COUNT_28, INTERFACE_SHUTDOWN_27, PIM_SMV6_INTERFACE_28, PIM_SM_INTERFACE_28, SWITCHING, SWITCHPORT_28, SWITCHPORT_ACCESS_28, VLANS

================================================================================
RAW DEVICE CONFIGURATION
================================================================================
show running-config
service password-encryption
hostname swi_a_5700_2005
no banner motd
username manager privilege 15 password 8 $1$bJoVec4D$JwOJGPr7YqoExA0GVasdE0
no service ssh
no service telnet
service http
no clock timezone
snmp-server
aaa authentication enable default local
aaa authentication login default local
ip domain-lookup
spanning-tree mode rstp
no lacp global-passive-mode enable
interface port1.0.1
 switchport
 switchport mode access
interface port1.0.2-1.0.28
 switchport
 switchport mode access
 shutdown
line con 0
 exec-timeout 0 0
 length 0
line vty 0 7
end
swi_a_5700_2005#

TestTag analysis session ended at 2026-10-07T11:18:53.185237
