18:13:29: ================ PowerGroup has been initialised ================
18:13:29: ======== Turning PowerGroup on
18:13:29: PowerGroup._pdu_cmd(on, [2], 3) called
18:13:29: Waiting for pdu lock
18:13:29: ...lock acquired
18:13:29: Power outlets are already in the desired state
18:13:29: ...lock released
18:13:29: Turning PowerGroup on: Success
18:30:26: ========= TestCase 1 Starting =========
18:30:39: ========= TestCase 1 Tear Down =========
18:30:52: ========= TestCase 2 Starting =========
18:31:02: ========= TestCase 2 Tear Down =========
18:31:14: ========= TestCase 10 Starting =========
18:31:31: ======== Turning PowerGroup off
18:31:31: PowerGroup._pdu_cmd(off, [2], 3) called
18:31:31: Waiting for pdu lock
18:31:31: ...lock acquired
18:31:31: HTTP POST was successfully executed
18:31:32: PowerGroup._pdu_cmd(status, [2], 3) called
18:31:32: Waiting for pdu lock
18:31:32: ...lock acquired
18:31:32: Current outlet status: {1: '0', 2: '0', 3: '0', 4: '0', 5: '0', 6: '0', 7: '0', 8: '0', 9: '1', 10: '0', 11: '0', 12: '0', 13: '0', 14: '0', 15: '0', 16: '0', 17: '1', 18: '0', 19: '0', 20: '0', 21: '0', 22: '0', 23: '0', 24: '0', 25: '5'}
18:31:32: ...lock released
18:31:32: Power outlets have been successfully turned off
18:31:32: ...lock released
18:31:32: Turning PowerGroup off: Success
18:31:38: ======== Turning PowerGroup off
18:31:38: PowerGroup._pdu_cmd(off, [2], 3) called
18:31:38: Waiting for pdu lock
18:31:38: ...lock acquired
18:31:38: Power outlets are already in the desired state
18:31:38: ...lock released
18:31:38: Turning PowerGroup off: Success
18:31:53: ======== Turning PowerGroup on
18:31:53: PowerGroup._pdu_cmd(on, [2], 3) called
18:31:53: Waiting for pdu lock
18:31:53: ...lock acquired
18:31:53: Sleep 0 seconds to work around the x610 power supply issue
18:31:53: HTTP POST was successfully executed
18:31:56: PowerGroup._pdu_cmd(status, [2], 3) called
18:31:56: Waiting for pdu lock
18:31:56: ...lock acquired
18:31:56: Current outlet status: {1: '0', 2: '1', 3: '0', 4: '0', 5: '0', 6: '0', 7: '0', 8: '0', 9: '1', 10: '0', 11: '0', 12: '0', 13: '0', 14: '0', 15: '0', 16: '0', 17: '1', 18: '0', 19: '0', 20: '0', 21: '0', 22: '0', 23: '0', 24: '0', 25: '5'}
18:31:56: ...lock released
18:31:56: Power outlets have been successfully turned on
18:31:56: ...lock released
18:31:56: Turning PowerGroup on: Success
18:37:28: ========= TestCase 10 Tear Down =========
18:37:40: ========= TestCase 20 Starting =========
18:49:56: ======== Turning PowerGroup off
18:49:56: PowerGroup._pdu_cmd(off, [2], 3) called
18:49:56: Waiting for pdu lock
18:49:56: ...lock acquired
18:49:56: HTTP POST was successfully executed
18:49:57: PowerGroup._pdu_cmd(status, [2], 3) called
18:49:57: Waiting for pdu lock
18:49:57: ...lock acquired
18:49:57: Current outlet status: {1: '0', 2: '0', 3: '0', 4: '0', 5: '0', 6: '0', 7: '0', 8: '0', 9: '1', 10: '0', 11: '0', 12: '0', 13: '0', 14: '0', 15: '0', 16: '0', 17: '1', 18: '0', 19: '0', 20: '0', 21: '0', 22: '0', 23: '0', 24: '0', 25: '5'}
18:49:57: ...lock released
18:49:57: Power outlets have been successfully turned off
18:49:57: ...lock released
18:49:57: Turning PowerGroup off: Success
18:50:12: ======== Turning PowerGroup on
18:50:12: PowerGroup._pdu_cmd(on, [2], 3) called
18:50:12: Waiting for pdu lock
18:50:12: ...lock acquired
18:50:12: Sleep 0 seconds to work around the x610 power supply issue
18:50:12: HTTP POST was successfully executed
18:50:15: PowerGroup._pdu_cmd(status, [2], 3) called
18:50:15: Waiting for pdu lock
18:50:15: ...lock acquired
18:50:15: Current outlet status: {1: '0', 2: '1', 3: '0', 4: '0', 5: '0', 6: '0', 7: '0', 8: '0', 9: '1', 10: '0', 11: '0', 12: '0', 13: '0', 14: '0', 15: '0', 16: '0', 17: '1', 18: '0', 19: '0', 20: '0', 21: '0', 22: '0', 23: '0', 24: '0', 25: '5'}
18:50:15: ...lock released
18:50:15: Power outlets have been successfully turned on
18:50:15: ...lock released
18:50:15: Turning PowerGroup on: Success
18:53:03: ======== Turning PowerGroup off
18:53:04: PowerGroup._pdu_cmd(off, [2], 3) called
18:53:04: Waiting for pdu lock
18:53:04: ...lock acquired
18:53:04: HTTP POST was successfully executed
18:53:05: PowerGroup._pdu_cmd(status, [2], 3) called
18:53:05: Waiting for pdu lock
18:53:05: ...lock acquired
18:53:05: Current outlet status: {1: '0', 2: '0', 3: '0', 4: '0', 5: '0', 6: '0', 7: '0', 8: '0', 9: '1', 10: '0', 11: '0', 12: '0', 13: '0', 14: '0', 15: '0', 16: '0', 17: '1', 18: '0', 19: '0', 20: '0', 21: '0', 22: '0', 23: '0', 24: '0', 25: '5'}
18:53:05: ...lock released
18:53:05: Power outlets have been successfully turned off
18:53:05: ...lock released
18:53:05: Turning PowerGroup off: Success
18:53:10: ======== Turning PowerGroup off
18:53:10: PowerGroup._pdu_cmd(off, [2], 3) called
18:53:10: Waiting for pdu lock
18:53:10: ...lock acquired
18:53:10: Power outlets are already in the desired state
18:53:10: ...lock released
18:53:10: Turning PowerGroup off: Success
18:53:15: ======== Turning PowerGroup off
18:53:15: PowerGroup._pdu_cmd(off, [2], 3) called
18:53:15: Waiting for pdu lock
18:53:15: ...lock acquired
18:53:15: Power outlets are already in the desired state
18:53:15: ...lock released
18:53:15: Turning PowerGroup off: Success
18:53:30: ======== Turning PowerGroup on
18:53:30: PowerGroup._pdu_cmd(on, [2], 3) called
18:53:30: Waiting for pdu lock
18:53:30: ...lock acquired
18:53:30: Sleep 0 seconds to work around the x610 power supply issue
18:53:30: HTTP POST was successfully executed
18:53:33: PowerGroup._pdu_cmd(status, [2], 3) called
18:53:33: Waiting for pdu lock
18:53:33: ...lock acquired
18:53:33: Current outlet status: {1: '0', 2: '1', 3: '0', 4: '0', 5: '0', 6: '0', 7: '0', 8: '0', 9: '1', 10: '0', 11: '0', 12: '0', 13: '0', 14: '0', 15: '0', 16: '0', 17: '1', 18: '0', 19: '0', 20: '0', 21: '0', 22: '0', 23: '0', 24: '0', 25: '5'}
18:53:33: ...lock released
18:53:33: Power outlets have been successfully turned on
18:53:33: ...lock released
18:53:33: Turning PowerGroup on: Success
18:58:08: ========= TestCase 20 Tear Down =========
18:58:24: ========= TestCase 21 Starting =========
18:58:31: ========= TestCase 21 Tear Down =========
18:58:44: ========= TestCase 22 Starting =========
19:11:19: ======== Turning PowerGroup off
19:11:19: PowerGroup._pdu_cmd(off, [2], 3) called
19:11:19: Waiting for pdu lock
19:11:19: ...lock acquired
19:11:19: HTTP POST was successfully executed
19:11:20: PowerGroup._pdu_cmd(status, [2], 3) called
19:11:20: Waiting for pdu lock
19:11:20: ...lock acquired
19:11:20: Current outlet status: {1: '0', 2: '0', 3: '0', 4: '0', 5: '0', 6: '0', 7: '0', 8: '0', 9: '1', 10: '0', 11: '0', 12: '0', 13: '0', 14: '0', 15: '0', 16: '0', 17: '1', 18: '0', 19: '0', 20: '0', 21: '0', 22: '0', 23: '0', 24: '0', 25: '5'}
19:11:20: ...lock released
19:11:20: Power outlets have been successfully turned off
19:11:20: ...lock released
19:11:20: Turning PowerGroup off: Success
19:11:37: ======== Turning PowerGroup on
19:11:37: PowerGroup._pdu_cmd(on, [2], 3) called
19:11:37: Waiting for pdu lock
19:11:37: ...lock acquired
19:11:37: Sleep 0 seconds to work around the x610 power supply issue
19:11:37: HTTP POST was successfully executed
19:11:40: PowerGroup._pdu_cmd(status, [2], 3) called
19:11:40: Waiting for pdu lock
19:11:40: ...lock acquired
19:11:40: Current outlet status: {1: '0', 2: '1', 3: '0', 4: '0', 5: '0', 6: '0', 7: '0', 8: '0', 9: '1', 10: '0', 11: '0', 12: '0', 13: '0', 14: '0', 15: '0', 16: '0', 17: '1', 18: '0', 19: '0', 20: '0', 21: '0', 22: '0', 23: '0', 24: '0', 25: '5'}
19:11:40: ...lock released
19:11:40: Power outlets have been successfully turned on
19:11:40: ...lock released
19:11:40: Turning PowerGroup on: Success
19:11:53: ======== Turning PowerGroup off
19:11:53: PowerGroup._pdu_cmd(off, [2], 3) called
19:11:53: Waiting for pdu lock
19:11:53: ...lock acquired
19:11:53: HTTP POST was successfully executed
19:11:55: PowerGroup._pdu_cmd(status, [2], 3) called
19:11:55: Waiting for pdu lock
19:11:55: ...lock acquired
19:11:55: Current outlet status: {1: '0', 2: '0', 3: '0', 4: '0', 5: '0', 6: '0', 7: '0', 8: '0', 9: '1', 10: '0', 11: '0', 12: '0', 13: '0', 14: '0', 15: '0', 16: '0', 17: '1', 18: '0', 19: '0', 20: '0', 21: '0', 22: '0', 23: '0', 24: '0', 25: '5'}
19:11:55: ...lock released
19:11:55: Power outlets have been successfully turned off
19:11:55: ...lock released
19:11:55: Turning PowerGroup off: Success
19:12:10: ======== Turning PowerGroup on
19:12:10: PowerGroup._pdu_cmd(on, [2], 3) called
19:12:10: Waiting for pdu lock
19:12:10: ...lock acquired
19:12:10: Sleep 0 seconds to work around the x610 power supply issue
19:12:10: HTTP POST was successfully executed
19:12:13: PowerGroup._pdu_cmd(status, [2], 3) called
19:12:13: Waiting for pdu lock
19:12:13: ...lock acquired
19:12:13: Current outlet status: {1: '0', 2: '1', 3: '0', 4: '0', 5: '0', 6: '0', 7: '0', 8: '0', 9: '1', 10: '0', 11: '0', 12: '0', 13: '0', 14: '0', 15: '0', 16: '0', 17: '1', 18: '0', 19: '0', 20: '0', 21: '0', 22: '0', 23: '0', 24: '0', 25: '5'}
19:12:13: ...lock released
19:12:13: Power outlets have been successfully turned on
19:12:13: ...lock released
19:12:13: Turning PowerGroup on: Success
19:12:24: ======== Turning PowerGroup off
19:12:24: PowerGroup._pdu_cmd(off, [2], 3) called
19:12:24: Waiting for pdu lock
19:12:24: ...lock acquired
19:12:24: HTTP POST was successfully executed
19:12:25: PowerGroup._pdu_cmd(status, [2], 3) called
19:12:25: Waiting for pdu lock
19:12:25: ...lock acquired
19:12:25: Current outlet status: {1: '0', 2: '0', 3: '0', 4: '0', 5: '0', 6: '0', 7: '0', 8: '0', 9: '1', 10: '0', 11: '0', 12: '0', 13: '0', 14: '0', 15: '0', 16: '0', 17: '1', 18: '0', 19: '0', 20: '0', 21: '0', 22: '0', 23: '0', 24: '0', 25: '5'}
19:12:25: ...lock released
19:12:25: Power outlets have been successfully turned off
19:12:25: ...lock released
19:12:25: Turning PowerGroup off: Success
19:12:40: ======== Turning PowerGroup on
19:12:40: PowerGroup._pdu_cmd(on, [2], 3) called
19:12:40: Waiting for pdu lock
19:12:40: ...lock acquired
19:12:40: Sleep 0 seconds to work around the x610 power supply issue
19:12:40: HTTP POST was successfully executed
19:12:43: PowerGroup._pdu_cmd(status, [2], 3) called
19:12:43: Waiting for pdu lock
19:12:44: ...lock acquired
19:12:44: Current outlet status: {1: '0', 2: '1', 3: '0', 4: '0', 5: '0', 6: '0', 7: '0', 8: '0', 9: '1', 10: '0', 11: '0', 12: '0', 13: '0', 14: '0', 15: '0', 16: '0', 17: '1', 18: '0', 19: '0', 20: '0', 21: '0', 22: '0', 23: '0', 24: '0', 25: '5'}
19:12:44: ...lock released
19:12:44: Power outlets have been successfully turned on
19:12:44: ...lock released
19:12:44: Turning PowerGroup on: Success
19:12:54: ======== Turning PowerGroup off
19:12:54: PowerGroup._pdu_cmd(off, [2], 3) called
19:12:54: Waiting for pdu lock
19:12:54: ...lock acquired
19:12:54: HTTP POST was successfully executed
19:12:55: PowerGroup._pdu_cmd(status, [2], 3) called
19:12:55: Waiting for pdu lock
19:12:55: ...lock acquired
19:12:55: Current outlet status: {1: '0', 2: '0', 3: '0', 4: '0', 5: '0', 6: '0', 7: '0', 8: '0', 9: '1', 10: '0', 11: '0', 12: '0', 13: '0', 14: '0', 15: '0', 16: '0', 17: '1', 18: '0', 19: '0', 20: '0', 21: '0', 22: '0', 23: '0', 24: '0', 25: '5'}
19:12:55: ...lock released
19:12:55: Power outlets have been successfully turned off
19:12:55: ...lock released
19:12:55: Turning PowerGroup off: Success
19:13:10: ======== Turning PowerGroup on
19:13:10: PowerGroup._pdu_cmd(on, [2], 3) called
19:13:10: Waiting for pdu lock
19:13:10: ...lock acquired
19:13:10: Sleep 0 seconds to work around the x610 power supply issue
19:13:10: HTTP POST was successfully executed
19:13:13: PowerGroup._pdu_cmd(status, [2], 3) called
19:13:13: Waiting for pdu lock
19:13:13: ...lock acquired
19:13:13: Current outlet status: {1: '0', 2: '1', 3: '0', 4: '0', 5: '0', 6: '0', 7: '0', 8: '0', 9: '1', 10: '0', 11: '0', 12: '0', 13: '0', 14: '0', 15: '0', 16: '0', 17: '1', 18: '0', 19: '0', 20: '0', 21: '0', 22: '0', 23: '0', 24: '0', 25: '5'}
19:13:13: ...lock released
19:13:13: Power outlets have been successfully turned on
19:13:13: ...lock released
19:13:13: Turning PowerGroup on: Success
19:13:23: ======== Turning PowerGroup off
19:13:23: PowerGroup._pdu_cmd(off, [2], 3) called
19:13:23: Waiting for pdu lock
19:13:23: ...lock acquired
19:13:23: HTTP POST was successfully executed
19:13:24: PowerGroup._pdu_cmd(status, [2], 3) called
19:13:24: Waiting for pdu lock
19:13:24: ...lock acquired
19:13:24: Current outlet status: {1: '0', 2: '0', 3: '0', 4: '0', 5: '0', 6: '0', 7: '0', 8: '0', 9: '1', 10: '0', 11: '0', 12: '0', 13: '0', 14: '0', 15: '0', 16: '0', 17: '1', 18: '0', 19: '0', 20: '0', 21: '0', 22: '0', 23: '0', 24: '0', 25: '5'}
19:13:24: ...lock released
19:13:24: Power outlets have been successfully turned off
19:13:24: ...lock released
19:13:24: Turning PowerGroup off: Success
19:13:39: ======== Turning PowerGroup on
19:13:39: PowerGroup._pdu_cmd(on, [2], 3) called
19:13:39: Waiting for pdu lock
19:13:39: ...lock acquired
19:13:39: Sleep 0 seconds to work around the x610 power supply issue
19:13:39: HTTP POST was successfully executed
19:13:42: PowerGroup._pdu_cmd(status, [2], 3) called
19:13:42: Waiting for pdu lock
19:13:42: ...lock acquired
19:13:42: Current outlet status: {1: '0', 2: '1', 3: '0', 4: '0', 5: '0', 6: '0', 7: '0', 8: '0', 9: '1', 10: '0', 11: '0', 12: '0', 13: '0', 14: '0', 15: '0', 16: '0', 17: '1', 18: '0', 19: '0', 20: '0', 21: '0', 22: '0', 23: '0', 24: '0', 25: '5'}
19:13:42: ...lock released
19:13:42: Power outlets have been successfully turned on
19:13:42: ...lock released
19:13:42: Turning PowerGroup on: Success
19:13:56: ======== Turning PowerGroup off
19:13:56: PowerGroup._pdu_cmd(off, [2], 3) called
19:13:56: Waiting for pdu lock
19:13:56: ...lock acquired
19:13:56: HTTP POST was successfully executed
19:13:57: PowerGroup._pdu_cmd(status, [2], 3) called
19:13:57: Waiting for pdu lock
19:13:57: ...lock acquired
19:13:57: Current outlet status: {1: '0', 2: '0', 3: '0', 4: '0', 5: '0', 6: '0', 7: '0', 8: '0', 9: '1', 10: '0', 11: '0', 12: '0', 13: '0', 14: '0', 15: '0', 16: '0', 17: '1', 18: '0', 19: '0', 20: '0', 21: '0', 22: '0', 23: '0', 24: '0', 25: '5'}
19:13:57: ...lock released
19:13:57: Power outlets have been successfully turned off
19:13:57: ...lock released
19:13:57: Turning PowerGroup off: Success
19:14:12: ======== Turning PowerGroup on
19:14:12: PowerGroup._pdu_cmd(on, [2], 3) called
19:14:12: Waiting for pdu lock
19:14:12: ...lock acquired
19:14:12: Sleep 0 seconds to work around the x610 power supply issue
19:14:12: HTTP POST was successfully executed
19:14:15: PowerGroup._pdu_cmd(status, [2], 3) called
19:14:15: Waiting for pdu lock
19:14:15: ...lock acquired
19:14:15: Current outlet status: {1: '0', 2: '1', 3: '0', 4: '0', 5: '0', 6: '0', 7: '0', 8: '0', 9: '1', 10: '0', 11: '0', 12: '0', 13: '0', 14: '0', 15: '0', 16: '0', 17: '1', 18: '0', 19: '0', 20: '0', 21: '0', 22: '0', 23: '0', 24: '0', 25: '5'}
19:14:15: ...lock released
19:14:15: Power outlets have been successfully turned on
19:14:15: ...lock released
19:14:15: Turning PowerGroup on: Success
19:14:27: ======== Turning PowerGroup off
19:14:27: PowerGroup._pdu_cmd(off, [2], 3) called
19:14:27: Waiting for pdu lock
19:14:27: ...lock acquired
19:14:27: HTTP POST was successfully executed
19:14:28: PowerGroup._pdu_cmd(status, [2], 3) called
19:14:28: Waiting for pdu lock
19:14:28: ...lock acquired
19:14:28: Current outlet status: {1: '0', 2: '0', 3: '0', 4: '0', 5: '0', 6: '0', 7: '0', 8: '0', 9: '1', 10: '0', 11: '0', 12: '0', 13: '0', 14: '0', 15: '0', 16: '0', 17: '1', 18: '0', 19: '0', 20: '0', 21: '0', 22: '0', 23: '0', 24: '0', 25: '5'}
19:14:28: ...lock released
19:14:28: Power outlets have been successfully turned off
19:14:28: ...lock released
19:14:28: Turning PowerGroup off: Success
19:14:34: ======== Turning PowerGroup off
19:14:34: PowerGroup._pdu_cmd(off, [2], 3) called
19:14:34: Waiting for pdu lock
19:14:34: ...lock acquired
19:14:34: Power outlets are already in the desired state
19:14:34: ...lock released
19:14:34: Turning PowerGroup off: Success
19:14:39: ======== Turning PowerGroup off
19:14:39: PowerGroup._pdu_cmd(off, [2], 3) called
19:14:39: Waiting for pdu lock
19:14:39: ...lock acquired
19:14:39: Power outlets are already in the desired state
19:14:39: ...lock released
19:14:39: Turning PowerGroup off: Success
19:14:54: ======== Turning PowerGroup on
19:14:54: PowerGroup._pdu_cmd(on, [2], 3) called
19:14:54: Waiting for pdu lock
19:14:54: ...lock acquired
19:14:54: Sleep 0 seconds to work around the x610 power supply issue
19:14:54: HTTP POST was successfully executed
19:14:57: PowerGroup._pdu_cmd(status, [2], 3) called
19:14:57: Waiting for pdu lock
19:14:57: ...lock acquired
19:14:57: Current outlet status: {1: '0', 2: '1', 3: '0', 4: '0', 5: '0', 6: '0', 7: '0', 8: '0', 9: '1', 10: '0', 11: '0', 12: '0', 13: '0', 14: '0', 15: '0', 16: '0', 17: '1', 18: '0', 19: '0', 20: '0', 21: '0', 22: '0', 23: '0', 24: '0', 25: '5'}
19:14:57: ...lock released
19:14:57: Power outlets have been successfully turned on
19:14:57: ...lock released
19:14:57: Turning PowerGroup on: Success
19:19:40: ======== Turning PowerGroup off
19:19:40: PowerGroup._pdu_cmd(off, [2], 3) called
19:19:40: Waiting for pdu lock
19:19:40: ...lock acquired
19:19:40: HTTP POST was successfully executed
19:19:41: PowerGroup._pdu_cmd(status, [2], 3) called
19:19:41: Waiting for pdu lock
19:19:41: ...lock acquired
19:19:41: Current outlet status: {1: '0', 2: '0', 3: '0', 4: '0', 5: '0', 6: '0', 7: '0', 8: '0', 9: '1', 10: '0', 11: '0', 12: '0', 13: '0', 14: '0', 15: '0', 16: '0', 17: '1', 18: '0', 19: '0', 20: '0', 21: '0', 22: '0', 23: '0', 24: '0', 25: '5'}
19:19:41: ...lock released
19:19:41: Power outlets have been successfully turned off
19:19:41: ...lock released
19:19:41: Turning PowerGroup off: Success
19:19:47: ======== Turning PowerGroup off
19:19:47: PowerGroup._pdu_cmd(off, [2], 3) called
19:19:47: Waiting for pdu lock
19:19:47: ...lock acquired
19:19:47: Power outlets are already in the desired state
19:19:47: ...lock released
19:19:47: Turning PowerGroup off: Success
19:19:52: ======== Turning PowerGroup off
19:19:52: PowerGroup._pdu_cmd(off, [2], 3) called
19:19:52: Waiting for pdu lock
19:19:52: ...lock acquired
19:19:52: Power outlets are already in the desired state
19:19:52: ...lock released
19:19:52: Turning PowerGroup off: Success
19:20:07: ======== Turning PowerGroup on
19:20:07: PowerGroup._pdu_cmd(on, [2], 3) called
19:20:07: Waiting for pdu lock
19:20:07: ...lock acquired
19:20:07: Sleep 0 seconds to work around the x610 power supply issue
19:20:07: HTTP POST was successfully executed
19:20:10: PowerGroup._pdu_cmd(status, [2], 3) called
19:20:10: Waiting for pdu lock
19:20:10: ...lock acquired
19:20:11: Current outlet status: {1: '0', 2: '1', 3: '0', 4: '0', 5: '0', 6: '0', 7: '0', 8: '0', 9: '1', 10: '0', 11: '0', 12: '0', 13: '0', 14: '0', 15: '0', 16: '0', 17: '1', 18: '0', 19: '0', 20: '0', 21: '0', 22: '0', 23: '0', 24: '0', 25: '5'}
19:20:11: ...lock released
19:20:11: Power outlets have been successfully turned on
19:20:11: ...lock released
19:20:11: Turning PowerGroup on: Success
19:24:44: ========= TestCase 22 Tear Down =========
19:25:00: ======== Turning PowerGroup off
19:25:00: PowerGroup._pdu_cmd(off, [2], 3) called
19:25:00: Waiting for pdu lock
19:25:00: ...lock acquired
19:25:00: HTTP POST was successfully executed
19:25:01: PowerGroup._pdu_cmd(status, [2], 3) called
19:25:01: Waiting for pdu lock
19:25:01: ...lock acquired
19:25:01: Current outlet status: {1: '0', 2: '0', 3: '0', 4: '0', 5: '0', 6: '0', 7: '0', 8: '0', 9: '1', 10: '0', 11: '0', 12: '0', 13: '0', 14: '0', 15: '0', 16: '0', 17: '1', 18: '0', 19: '0', 20: '0', 21: '0', 22: '0', 23: '0', 24: '0', 25: '5'}
19:25:01: ...lock released
19:25:01: Power outlets have been successfully turned off
19:25:01: ...lock released
19:25:01: Turning PowerGroup off: Success
19:25:06: ======== Turning PowerGroup on
19:25:06: PowerGroup._pdu_cmd(on, [2], 3) called
19:25:06: Waiting for pdu lock
19:25:06: ...lock acquired
19:25:06: Sleep 8.902906656265259 seconds to work around the x610 power supply issue
19:25:15: HTTP POST was successfully executed
19:25:18: PowerGroup._pdu_cmd(status, [2], 3) called
19:25:18: Waiting for pdu lock
19:25:18: ...lock acquired
19:25:18: Current outlet status: {1: '0', 2: '1', 3: '0', 4: '0', 5: '0', 6: '0', 7: '0', 8: '0', 9: '1', 10: '0', 11: '0', 12: '0', 13: '0', 14: '0', 15: '0', 16: '0', 17: '1', 18: '0', 19: '0', 20: '0', 21: '0', 22: '0', 23: '0', 24: '0', 25: '5'}
19:25:18: ...lock released
19:25:18: Power outlets have been successfully turned on
19:25:18: ...lock released
19:25:18: Turning PowerGroup on: Success
19:27:39: ========= TestCase 30 Starting =========
19:36:05: ======== Turning PowerGroup off
19:36:05: PowerGroup._pdu_cmd(off, [2], 3) called
19:36:05: Waiting for pdu lock
19:36:05: ...lock acquired
19:36:05: HTTP POST was successfully executed
19:36:06: PowerGroup._pdu_cmd(status, [2], 3) called
19:36:06: Waiting for pdu lock
19:36:06: ...lock acquired
19:36:06: Current outlet status: {1: '0', 2: '0', 3: '0', 4: '0', 5: '0', 6: '0', 7: '0', 8: '0', 9: '1', 10: '0', 11: '0', 12: '0', 13: '0', 14: '0', 15: '0', 16: '0', 17: '1', 18: '0', 19: '0', 20: '0', 21: '0', 22: '0', 23: '0', 24: '0', 25: '5'}
19:36:06: ...lock released
19:36:06: Power outlets have been successfully turned off
19:36:06: ...lock released
19:36:06: Turning PowerGroup off: Success
19:36:22: ======== Turning PowerGroup on
19:36:22: PowerGroup._pdu_cmd(on, [2], 3) called
19:36:22: Waiting for pdu lock
19:36:22: ...lock acquired
19:36:22: Sleep 0 seconds to work around the x610 power supply issue
19:36:22: HTTP POST was successfully executed
19:36:25: PowerGroup._pdu_cmd(status, [2], 3) called
19:36:25: Waiting for pdu lock
19:36:25: ...lock acquired
19:36:25: Current outlet status: {1: '0', 2: '1', 3: '0', 4: '0', 5: '0', 6: '0', 7: '0', 8: '0', 9: '1', 10: '0', 11: '0', 12: '0', 13: '0', 14: '0', 15: '0', 16: '0', 17: '1', 18: '0', 19: '0', 20: '0', 21: '0', 22: '0', 23: '0', 24: '0', 25: '5'}
19:36:25: ...lock released
19:36:25: Power outlets have been successfully turned on
19:36:25: ...lock released
19:36:25: Turning PowerGroup on: Success
19:37:32: ======== Turning PowerGroup off
19:37:32: PowerGroup._pdu_cmd(off, [2], 3) called
19:37:32: Waiting for pdu lock
19:37:32: ...lock acquired
19:37:32: HTTP POST was successfully executed
19:37:33: PowerGroup._pdu_cmd(status, [2], 3) called
19:37:33: Waiting for pdu lock
19:37:33: ...lock acquired
19:37:33: Current outlet status: {1: '0', 2: '0', 3: '0', 4: '0', 5: '0', 6: '0', 7: '0', 8: '0', 9: '1', 10: '0', 11: '0', 12: '0', 13: '0', 14: '0', 15: '0', 16: '0', 17: '1', 18: '0', 19: '0', 20: '0', 21: '0', 22: '0', 23: '0', 24: '0', 25: '5'}
19:37:33: ...lock released
19:37:33: Power outlets have been successfully turned off
19:37:33: ...lock released
19:37:33: Turning PowerGroup off: Success
19:37:48: ======== Turning PowerGroup on
19:37:48: PowerGroup._pdu_cmd(on, [2], 3) called
19:37:48: Waiting for pdu lock
19:37:48: ...lock acquired
19:37:48: Sleep 0 seconds to work around the x610 power supply issue
19:37:48: HTTP POST was successfully executed
19:37:51: PowerGroup._pdu_cmd(status, [2], 3) called
19:37:51: Waiting for pdu lock
19:37:51: ...lock acquired
19:37:51: Current outlet status: {1: '0', 2: '1', 3: '0', 4: '0', 5: '0', 6: '0', 7: '0', 8: '0', 9: '1', 10: '0', 11: '0', 12: '0', 13: '0', 14: '0', 15: '0', 16: '0', 17: '1', 18: '0', 19: '0', 20: '0', 21: '0', 22: '0', 23: '0', 24: '0', 25: '5'}
19:37:51: ...lock released
19:37:51: Power outlets have been successfully turned on
19:37:51: ...lock released
19:37:51: Turning PowerGroup on: Success
19:40:27: ========= TestCase 30 Tear Down =========
19:50:58: ========= TestCase 41 Starting =========
19:51:07: ========= TestCase 41 Tear Down =========
19:51:21: ========= TestCase 42 Starting =========
19:51:58: ======== Turning PowerGroup off
19:51:58: PowerGroup._pdu_cmd(off, [2], 3) called
19:51:58: Waiting for pdu lock
19:51:58: ...lock acquired
19:51:58: HTTP POST was successfully executed
19:51:59: PowerGroup._pdu_cmd(status, [2], 3) called
19:51:59: Waiting for pdu lock
19:51:59: ...lock acquired
19:51:59: Current outlet status: {1: '0', 2: '0', 3: '0', 4: '0', 5: '0', 6: '0', 7: '0', 8: '0', 9: '1', 10: '0', 11: '0', 12: '0', 13: '0', 14: '0', 15: '0', 16: '0', 17: '1', 18: '0', 19: '0', 20: '0', 21: '0', 22: '0', 23: '0', 24: '0', 25: '5'}
19:51:59: ...lock released
19:51:59: Power outlets have been successfully turned off
19:51:59: ...lock released
19:51:59: Turning PowerGroup off: Success
19:52:15: ======== Turning PowerGroup on
19:52:15: PowerGroup._pdu_cmd(on, [2], 3) called
19:52:15: Waiting for pdu lock
19:52:15: ...lock acquired
19:52:15: Sleep 0 seconds to work around the x610 power supply issue
19:52:15: HTTP POST was successfully executed
19:52:18: PowerGroup._pdu_cmd(status, [2], 3) called
19:52:18: Waiting for pdu lock
19:52:18: ...lock acquired
19:52:18: Current outlet status: {1: '0', 2: '1', 3: '0', 4: '0', 5: '0', 6: '0', 7: '0', 8: '0', 9: '1', 10: '0', 11: '0', 12: '0', 13: '0', 14: '0', 15: '0', 16: '0', 17: '1', 18: '0', 19: '0', 20: '0', 21: '0', 22: '0', 23: '0', 24: '0', 25: '5'}
19:52:18: ...lock released
19:52:18: Power outlets have been successfully turned on
19:52:18: ...lock released
19:52:18: Turning PowerGroup on: Success
19:52:29: ======== Turning PowerGroup off
19:52:29: PowerGroup._pdu_cmd(off, [2], 3) called
19:52:29: Waiting for pdu lock
19:52:29: ...lock acquired
19:52:29: HTTP POST was successfully executed
19:52:30: PowerGroup._pdu_cmd(status, [2], 3) called
19:52:30: Waiting for pdu lock
19:52:30: ...lock acquired
19:52:30: Current outlet status: {1: '0', 2: '0', 3: '0', 4: '0', 5: '0', 6: '0', 7: '0', 8: '0', 9: '1', 10: '0', 11: '0', 12: '0', 13: '0', 14: '0', 15: '0', 16: '0', 17: '1', 18: '0', 19: '0', 20: '0', 21: '0', 22: '0', 23: '0', 24: '0', 25: '5'}
19:52:30: ...lock released
19:52:30: Power outlets have been successfully turned off
19:52:30: ...lock released
19:52:30: Turning PowerGroup off: Success
19:52:45: ======== Turning PowerGroup on
19:52:45: PowerGroup._pdu_cmd(on, [2], 3) called
19:52:45: Waiting for pdu lock
19:52:45: ...lock acquired
19:52:45: Sleep 0 seconds to work around the x610 power supply issue
19:52:45: HTTP POST was successfully executed
19:52:48: PowerGroup._pdu_cmd(status, [2], 3) called
19:52:48: Waiting for pdu lock
19:52:48: ...lock acquired
19:52:48: Current outlet status: {1: '0', 2: '1', 3: '0', 4: '0', 5: '0', 6: '0', 7: '0', 8: '0', 9: '1', 10: '0', 11: '0', 12: '0', 13: '0', 14: '0', 15: '0', 16: '0', 17: '1', 18: '0', 19: '0', 20: '0', 21: '0', 22: '0', 23: '0', 24: '0', 25: '5'}
19:52:48: ...lock released
19:52:48: Power outlets have been successfully turned on
19:52:48: ...lock released
19:52:48: Turning PowerGroup on: Success
19:52:57: ======== Turning PowerGroup off
19:52:57: PowerGroup._pdu_cmd(off, [2], 3) called
19:52:57: Waiting for pdu lock
19:52:57: ...lock acquired
19:52:57: HTTP POST was successfully executed
19:52:58: PowerGroup._pdu_cmd(status, [2], 3) called
19:52:59: Waiting for pdu lock
19:52:59: ...lock acquired
19:52:59: Current outlet status: {1: '0', 2: '0', 3: '0', 4: '0', 5: '0', 6: '0', 7: '0', 8: '0', 9: '1', 10: '0', 11: '0', 12: '0', 13: '0', 14: '0', 15: '0', 16: '0', 17: '1', 18: '0', 19: '0', 20: '0', 21: '0', 22: '0', 23: '0', 24: '0', 25: '5'}
19:52:59: ...lock released
19:52:59: Power outlets have been successfully turned off
19:52:59: ...lock released
19:52:59: Turning PowerGroup off: Success
19:53:14: ======== Turning PowerGroup on
19:53:14: PowerGroup._pdu_cmd(on, [2], 3) called
19:53:14: Waiting for pdu lock
19:53:14: ...lock acquired
19:53:14: Sleep 0 seconds to work around the x610 power supply issue
19:53:14: HTTP POST was successfully executed
19:53:17: PowerGroup._pdu_cmd(status, [2], 3) called
19:53:17: Waiting for pdu lock
19:53:17: ...lock acquired
19:53:17: Current outlet status: {1: '0', 2: '1', 3: '0', 4: '0', 5: '0', 6: '0', 7: '0', 8: '0', 9: '1', 10: '0', 11: '0', 12: '0', 13: '0', 14: '0', 15: '0', 16: '0', 17: '1', 18: '0', 19: '0', 20: '0', 21: '0', 22: '0', 23: '0', 24: '0', 25: '5'}
19:53:17: ...lock released
19:53:17: Power outlets have been successfully turned on
19:53:18: ...lock released
19:53:18: Turning PowerGroup on: Success
19:53:30: ======== Turning PowerGroup off
19:53:30: PowerGroup._pdu_cmd(off, [2], 3) called
19:53:30: Waiting for pdu lock
19:53:30: ...lock acquired
19:53:30: HTTP POST was successfully executed
19:53:31: PowerGroup._pdu_cmd(status, [2], 3) called
19:53:31: Waiting for pdu lock
19:53:31: ...lock acquired
19:53:31: Current outlet status: {1: '0', 2: '0', 3: '0', 4: '0', 5: '0', 6: '0', 7: '0', 8: '0', 9: '1', 10: '0', 11: '0', 12: '0', 13: '0', 14: '0', 15: '0', 16: '0', 17: '1', 18: '0', 19: '0', 20: '0', 21: '0', 22: '0', 23: '0', 24: '0', 25: '5'}
19:53:32: ...lock released
19:53:32: Power outlets have been successfully turned off
19:53:32: ...lock released
19:53:32: Turning PowerGroup off: Success
19:53:47: ======== Turning PowerGroup on
19:53:47: PowerGroup._pdu_cmd(on, [2], 3) called
19:53:47: Waiting for pdu lock
19:53:48: ...lock acquired
19:53:52: Sleep 0 seconds to work around the x610 power supply issue
19:53:52: HTTP POST was successfully executed
19:53:55: PowerGroup._pdu_cmd(status, [2], 3) called
19:53:56: Waiting for pdu lock
19:53:56: ...lock acquired
19:53:56: Current outlet status: {1: '0', 2: '1', 3: '0', 4: '0', 5: '0', 6: '0', 7: '0', 8: '0', 9: '1', 10: '0', 11: '0', 12: '0', 13: '0', 14: '0', 15: '0', 16: '0', 17: '1', 18: '0', 19: '0', 20: '0', 21: '0', 22: '0', 23: '0', 24: '0', 25: '5'}
19:53:56: ...lock released
19:53:56: Power outlets have been successfully turned on
19:53:56: ...lock released
19:53:56: Turning PowerGroup on: Success
19:54:06: ======== Turning PowerGroup off
19:54:06: PowerGroup._pdu_cmd(off, [2], 3) called
19:54:06: Waiting for pdu lock
19:54:06: ...lock acquired
19:54:06: HTTP POST was successfully executed
19:54:07: PowerGroup._pdu_cmd(status, [2], 3) called
19:54:07: Waiting for pdu lock
19:54:07: ...lock acquired
19:54:07: Current outlet status: {1: '0', 2: '0', 3: '0', 4: '0', 5: '0', 6: '0', 7: '0', 8: '0', 9: '1', 10: '0', 11: '0', 12: '0', 13: '0', 14: '0', 15: '0', 16: '0', 17: '1', 18: '0', 19: '0', 20: '0', 21: '0', 22: '0', 23: '0', 24: '0', 25: '5'}
19:54:07: ...lock released
19:54:07: Power outlets have been successfully turned off
19:54:07: ...lock released
19:54:07: Turning PowerGroup off: Success
19:54:25: ======== Turning PowerGroup on
19:54:25: PowerGroup._pdu_cmd(on, [2], 3) called
19:54:25: Waiting for pdu lock
19:54:25: ...lock acquired
19:54:25: Sleep 0 seconds to work around the x610 power supply issue
19:54:25: HTTP POST was successfully executed
19:54:28: PowerGroup._pdu_cmd(status, [2], 3) called
19:54:28: Waiting for pdu lock
19:54:28: ...lock acquired
19:54:28: Current outlet status: {1: '0', 2: '1', 3: '0', 4: '0', 5: '0', 6: '0', 7: '0', 8: '0', 9: '1', 10: '0', 11: '0', 12: '0', 13: '0', 14: '0', 15: '0', 16: '0', 17: '1', 18: '0', 19: '0', 20: '0', 21: '0', 22: '0', 23: '0', 24: '0', 25: '5'}
19:54:28: ...lock released
19:54:28: Power outlets have been successfully turned on
19:54:28: ...lock released
19:54:28: Turning PowerGroup on: Success
19:54:39: ======== Turning PowerGroup off
19:54:39: PowerGroup._pdu_cmd(off, [2], 3) called
19:54:39: Waiting for pdu lock
19:54:39: ...lock acquired
19:54:39: HTTP POST was successfully executed
19:54:40: PowerGroup._pdu_cmd(status, [2], 3) called
19:54:40: Waiting for pdu lock
19:54:40: ...lock acquired
19:54:40: Current outlet status: {1: '0', 2: '0', 3: '0', 4: '0', 5: '0', 6: '0', 7: '0', 8: '0', 9: '1', 10: '0', 11: '0', 12: '0', 13: '0', 14: '0', 15: '0', 16: '0', 17: '1', 18: '0', 19: '0', 20: '0', 21: '0', 22: '0', 23: '0', 24: '0', 25: '5'}
19:54:40: ...lock released
19:54:40: Power outlets have been successfully turned off
19:54:40: ...lock released
19:54:40: Turning PowerGroup off: Success
19:54:55: ======== Turning PowerGroup on
19:54:55: PowerGroup._pdu_cmd(on, [2], 3) called
19:54:55: Waiting for pdu lock
19:54:56: ...lock acquired
19:54:56: Sleep 0 seconds to work around the x610 power supply issue
19:54:56: HTTP POST was successfully executed
19:54:59: PowerGroup._pdu_cmd(status, [2], 3) called
19:55:03: Waiting for pdu lock
19:55:03: ...lock acquired
19:55:03: Current outlet status: {1: '0', 2: '1', 3: '0', 4: '0', 5: '0', 6: '0', 7: '0', 8: '0', 9: '1', 10: '0', 11: '0', 12: '0', 13: '0', 14: '0', 15: '0', 16: '0', 17: '1', 18: '0', 19: '0', 20: '0', 21: '0', 22: '0', 23: '0', 24: '0', 25: '5'}
19:55:03: ...lock released
19:55:03: Power outlets have been successfully turned on
19:55:03: ...lock released
19:55:03: Turning PowerGroup on: Success
19:58:17: ========= TestCase 42 Tear Down =========
19:58:25: ======== Turning PowerGroup off
19:58:25: PowerGroup._pdu_cmd(off, [2], 3) called
19:58:25: Waiting for pdu lock
19:58:25: ...lock acquired
19:58:25: HTTP POST was successfully executed
19:58:26: PowerGroup._pdu_cmd(status, [2], 3) called
19:58:26: Waiting for pdu lock
19:58:26: ...lock acquired
19:58:26: Current outlet status: {1: '0', 2: '0', 3: '0', 4: '0', 5: '0', 6: '0', 7: '0', 8: '0', 9: '1', 10: '0', 11: '0', 12: '0', 13: '0', 14: '0', 15: '0', 16: '0', 17: '1', 18: '0', 19: '0', 20: '0', 21: '0', 22: '0', 23: '0', 24: '0', 25: '5'}
19:58:26: ...lock released
19:58:26: Power outlets have been successfully turned off
19:58:26: ...lock released
19:58:26: Turning PowerGroup off: Success
19:58:33: ======== Turning PowerGroup off
19:58:33: PowerGroup._pdu_cmd(off, [2], 3) called
19:58:33: Waiting for pdu lock
19:58:33: ...lock acquired
19:58:33: Power outlets are already in the desired state
19:58:33: ...lock released
19:58:33: Turning PowerGroup off: Success
19:58:38: ======== Turning PowerGroup off
19:58:38: PowerGroup._pdu_cmd(off, [2], 3) called
19:58:38: Waiting for pdu lock
19:58:38: ...lock acquired
19:58:38: Power outlets are already in the desired state
19:58:38: ...lock released
19:58:38: Turning PowerGroup off: Success
19:58:54: ======== Turning PowerGroup on
19:58:54: PowerGroup._pdu_cmd(on, [2], 3) called
19:58:54: Waiting for pdu lock
19:58:54: ...lock acquired
19:58:54: Sleep 0 seconds to work around the x610 power supply issue
19:58:54: HTTP POST was successfully executed
19:58:57: PowerGroup._pdu_cmd(status, [2], 3) called
19:58:57: Waiting for pdu lock
19:58:57: ...lock acquired
19:58:57: Current outlet status: {1: '0', 2: '1', 3: '0', 4: '0', 5: '0', 6: '0', 7: '0', 8: '0', 9: '1', 10: '0', 11: '0', 12: '0', 13: '0', 14: '0', 15: '0', 16: '0', 17: '1', 18: '0', 19: '0', 20: '0', 21: '0', 22: '0', 23: '0', 24: '0', 25: '5'}
19:58:57: ...lock released
19:58:57: Power outlets have been successfully turned on
19:58:57: ...lock released
19:58:57: Turning PowerGroup on: Success
20:03:53: ======== Turning PowerGroup off
20:03:53: PowerGroup._pdu_cmd(off, [2], 3) called
20:03:53: Waiting for pdu lock
20:03:53: ...lock acquired
20:03:53: HTTP POST was successfully executed
20:03:54: PowerGroup._pdu_cmd(status, [2], 3) called
20:03:54: Waiting for pdu lock
20:03:54: ...lock acquired
20:03:54: Current outlet status: {1: '0', 2: '0', 3: '0', 4: '0', 5: '0', 6: '0', 7: '0', 8: '0', 9: '1', 10: '0', 11: '0', 12: '0', 13: '0', 14: '0', 15: '0', 16: '0', 17: '1', 18: '0', 19: '0', 20: '0', 21: '0', 22: '0', 23: '0', 24: '0', 25: '5'}
20:03:54: ...lock released
20:03:54: Power outlets have been successfully turned off
20:03:54: ...lock released
20:03:54: Turning PowerGroup off: Success
20:03:59: ======== Turning PowerGroup on
20:03:59: PowerGroup._pdu_cmd(on, [2], 3) called
20:03:59: Waiting for pdu lock
20:03:59: ...lock acquired
20:03:59: Sleep 8.835489511489868 seconds to work around the x610 power supply issue
20:04:08: HTTP POST was successfully executed
20:04:11: PowerGroup._pdu_cmd(status, [2], 3) called
20:04:17: Waiting for pdu lock
20:04:17: ...lock acquired
20:04:17: Current outlet status: {1: '0', 2: '1', 3: '0', 4: '0', 5: '0', 6: '0', 7: '0', 8: '0', 9: '1', 10: '0', 11: '0', 12: '0', 13: '0', 14: '0', 15: '0', 16: '0', 17: '1', 18: '0', 19: '0', 20: '0', 21: '0', 22: '0', 23: '0', 24: '0', 25: '5'}
20:04:17: ...lock released
20:04:17: Power outlets have been successfully turned on
20:04:17: ...lock released
20:04:17: Turning PowerGroup on: Success
20:06:31: ========= TestCase 50 Starting =========
20:19:42: ======== Turning PowerGroup off
20:19:42: PowerGroup._pdu_cmd(off, [2], 3) called
20:19:42: Waiting for pdu lock
20:19:42: ...lock acquired
20:19:42: HTTP POST was successfully executed
20:19:43: PowerGroup._pdu_cmd(status, [2], 3) called
20:19:43: Waiting for pdu lock
20:19:43: ...lock acquired
20:19:43: Current outlet status: {1: '0', 2: '0', 3: '0', 4: '0', 5: '0', 6: '0', 7: '0', 8: '0', 9: '1', 10: '0', 11: '0', 12: '0', 13: '0', 14: '0', 15: '0', 16: '0', 17: '1', 18: '0', 19: '0', 20: '0', 21: '0', 22: '0', 23: '0', 24: '0', 25: '5'}
20:19:43: ...lock released
20:19:43: Power outlets have been successfully turned off
20:19:43: ...lock released
20:19:43: Turning PowerGroup off: Success
20:19:58: ======== Turning PowerGroup on
20:19:58: PowerGroup._pdu_cmd(on, [2], 3) called
20:19:58: Waiting for pdu lock
20:19:58: ...lock acquired
20:19:58: Sleep 0 seconds to work around the x610 power supply issue
20:19:58: HTTP POST was successfully executed
20:20:01: PowerGroup._pdu_cmd(status, [2], 3) called
20:20:01: Waiting for pdu lock
20:20:01: ...lock acquired
20:20:01: Current outlet status: {1: '0', 2: '1', 3: '0', 4: '0', 5: '0', 6: '0', 7: '0', 8: '0', 9: '1', 10: '0', 11: '0', 12: '0', 13: '0', 14: '0', 15: '0', 16: '0', 17: '1', 18: '0', 19: '0', 20: '0', 21: '0', 22: '0', 23: '0', 24: '0', 25: '5'}
20:20:01: ...lock released
20:20:01: Power outlets have been successfully turned on
20:20:01: ...lock released
20:20:01: Turning PowerGroup on: Success
20:31:30: ========= TestCase 50 Tear Down =========
20:31:30: ======== Turning PowerGroup off
20:31:30: PowerGroup._pdu_cmd(off, [2], 3) called
20:31:30: Waiting for pdu lock
20:31:30: ...lock acquired
20:31:31: HTTP POST was successfully executed
20:31:32: PowerGroup._pdu_cmd(status, [2], 3) called
20:31:32: Waiting for pdu lock
20:31:32: ...lock acquired
20:31:32: Current outlet status: {1: '0', 2: '0', 3: '0', 4: '0', 5: '0', 6: '0', 7: '0', 8: '0', 9: '1', 10: '0', 11: '0', 12: '0', 13: '0', 14: '0', 15: '0', 16: '0', 17: '1', 18: '0', 19: '0', 20: '0', 21: '0', 22: '0', 23: '0', 24: '0', 25: '5'}
20:31:33: ...lock released
20:31:33: Power outlets have been successfully turned off
20:31:33: ...lock released
20:31:33: Turning PowerGroup off: Success
20:31:38: ======== Turning PowerGroup off
20:31:38: PowerGroup._pdu_cmd(off, [2], 3) called
20:31:38: Waiting for pdu lock
20:31:38: ...lock acquired
20:31:38: Power outlets are already in the desired state
20:31:38: ...lock released
20:31:38: Turning PowerGroup off: Success
20:31:43: ======== Turning PowerGroup off
20:31:43: PowerGroup._pdu_cmd(off, [2], 3) called
20:31:43: Waiting for pdu lock
20:31:43: ...lock acquired
20:31:43: Power outlets are already in the desired state
20:31:44: ...lock released
20:31:44: Turning PowerGroup off: Success
20:31:59: ======== Turning PowerGroup on
20:31:59: PowerGroup._pdu_cmd(on, [2], 3) called
20:31:59: Waiting for pdu lock
20:31:59: ...lock acquired
20:31:59: Sleep 0 seconds to work around the x610 power supply issue
20:31:59: HTTP POST was successfully executed
20:32:02: PowerGroup._pdu_cmd(status, [2], 3) called
20:32:02: Waiting for pdu lock
20:32:02: ...lock acquired
20:32:02: Current outlet status: {1: '0', 2: '1', 3: '0', 4: '0', 5: '0', 6: '0', 7: '0', 8: '0', 9: '1', 10: '0', 11: '0', 12: '0', 13: '0', 14: '0', 15: '0', 16: '0', 17: '1', 18: '0', 19: '0', 20: '0', 21: '0', 22: '0', 23: '0', 24: '0', 25: '5'}
20:32:02: ...lock released
20:32:03: Power outlets have been successfully turned on
20:32:04: ...lock released
20:32:04: Turning PowerGroup on: Success
20:36:54: ========= TestCase 60 Starting =========
20:37:17: ======== Turning PowerGroup off
20:37:17: PowerGroup._pdu_cmd(off, [2], 3) called
20:37:18: Waiting for pdu lock
20:37:18: ...lock acquired
20:37:18: HTTP POST was successfully executed
20:37:19: PowerGroup._pdu_cmd(status, [2], 3) called
20:37:19: Waiting for pdu lock
20:37:19: ...lock acquired
20:37:19: Current outlet status: {1: '0', 2: '0', 3: '0', 4: '0', 5: '0', 6: '0', 7: '0', 8: '0', 9: '1', 10: '0', 11: '0', 12: '0', 13: '0', 14: '0', 15: '0', 16: '0', 17: '1', 18: '0', 19: '0', 20: '0', 21: '0', 22: '0', 23: '0', 24: '0', 25: '5'}
20:37:19: ...lock released
20:37:19: Power outlets have been successfully turned off
20:37:19: ...lock released
20:37:19: Turning PowerGroup off: Success
20:37:34: ======== Turning PowerGroup on
20:37:34: PowerGroup._pdu_cmd(on, [2], 3) called
20:37:34: Waiting for pdu lock
20:37:34: ...lock acquired
20:37:34: Sleep 0 seconds to work around the x610 power supply issue
20:37:34: HTTP POST was successfully executed
20:37:37: PowerGroup._pdu_cmd(status, [2], 3) called
20:37:37: Waiting for pdu lock
20:37:37: ...lock acquired
20:37:37: Current outlet status: {1: '0', 2: '1', 3: '0', 4: '0', 5: '0', 6: '0', 7: '0', 8: '0', 9: '1', 10: '0', 11: '0', 12: '0', 13: '0', 14: '0', 15: '0', 16: '0', 17: '1', 18: '0', 19: '0', 20: '0', 21: '0', 22: '0', 23: '0', 24: '0', 25: '5'}
20:37:37: ...lock released
20:37:37: Power outlets have been successfully turned on
20:37:37: ...lock released
20:37:37: Turning PowerGroup on: Success
20:40:26: ======== Turning PowerGroup off
20:40:26: PowerGroup._pdu_cmd(off, [2], 3) called
20:40:26: Waiting for pdu lock
20:40:26: ...lock acquired
20:40:26: HTTP POST was successfully executed
20:40:27: PowerGroup._pdu_cmd(status, [2], 3) called
20:40:27: Waiting for pdu lock
20:40:27: ...lock acquired
20:40:27: Current outlet status: {1: '0', 2: '0', 3: '0', 4: '0', 5: '0', 6: '0', 7: '0', 8: '0', 9: '1', 10: '0', 11: '0', 12: '0', 13: '0', 14: '0', 15: '0', 16: '0', 17: '1', 18: '0', 19: '0', 20: '0', 21: '0', 22: '0', 23: '0', 24: '0', 25: '5'}
20:40:27: ...lock released
20:40:27: Power outlets have been successfully turned off
20:40:27: ...lock released
20:40:27: Turning PowerGroup off: Success
20:40:43: ======== Turning PowerGroup on
20:40:43: PowerGroup._pdu_cmd(on, [2], 3) called
20:40:43: Waiting for pdu lock
20:40:43: ...lock acquired
20:40:43: Sleep 0 seconds to work around the x610 power supply issue
20:40:43: HTTP POST was successfully executed
20:40:46: PowerGroup._pdu_cmd(status, [2], 3) called
20:40:46: Waiting for pdu lock
20:40:46: ...lock acquired
20:40:46: Current outlet status: {1: '0', 2: '1', 3: '0', 4: '0', 5: '0', 6: '0', 7: '0', 8: '0', 9: '1', 10: '0', 11: '0', 12: '0', 13: '0', 14: '0', 15: '0', 16: '0', 17: '1', 18: '0', 19: '0', 20: '0', 21: '0', 22: '0', 23: '0', 24: '0', 25: '5'}
20:40:46: ...lock released
20:40:46: Power outlets have been successfully turned on
20:40:46: ...lock released
20:40:46: Turning PowerGroup on: Success
20:40:58: ======== Turning PowerGroup off
20:40:58: PowerGroup._pdu_cmd(off, [2], 3) called
20:40:58: Waiting for pdu lock
20:40:58: ...lock acquired
20:40:58: HTTP POST was successfully executed
20:40:59: PowerGroup._pdu_cmd(status, [2], 3) called
20:40:59: Waiting for pdu lock
20:40:59: ...lock acquired
20:40:59: Current outlet status: {1: '0', 2: '0', 3: '0', 4: '0', 5: '0', 6: '0', 7: '0', 8: '0', 9: '1', 10: '0', 11: '0', 12: '0', 13: '0', 14: '0', 15: '0', 16: '0', 17: '1', 18: '0', 19: '0', 20: '0', 21: '0', 22: '0', 23: '0', 24: '0', 25: '5'}
20:40:59: ...lock released
20:40:59: Power outlets have been successfully turned off
20:40:59: ...lock released
20:40:59: Turning PowerGroup off: Success
20:41:14: ======== Turning PowerGroup on
20:41:14: PowerGroup._pdu_cmd(on, [2], 3) called
20:41:14: Waiting for pdu lock
20:41:14: ...lock acquired
20:41:14: Sleep 0 seconds to work around the x610 power supply issue
20:41:14: HTTP POST was successfully executed
20:41:17: PowerGroup._pdu_cmd(status, [2], 3) called
20:41:17: Waiting for pdu lock
20:41:17: ...lock acquired
20:41:17: Current outlet status: {1: '0', 2: '1', 3: '0', 4: '0', 5: '0', 6: '0', 7: '0', 8: '0', 9: '1', 10: '0', 11: '0', 12: '0', 13: '0', 14: '0', 15: '0', 16: '0', 17: '1', 18: '0', 19: '0', 20: '0', 21: '0', 22: '0', 23: '0', 24: '0', 25: '5'}
20:41:17: ...lock released
20:41:17: Power outlets have been successfully turned on
20:41:17: ...lock released
20:41:17: Turning PowerGroup on: Success
20:41:28: ======== Turning PowerGroup off
20:41:28: PowerGroup._pdu_cmd(off, [2], 3) called
20:41:28: Waiting for pdu lock
20:41:28: ...lock acquired
20:41:28: HTTP POST was successfully executed
20:41:29: PowerGroup._pdu_cmd(status, [2], 3) called
20:41:29: Waiting for pdu lock
20:41:29: ...lock acquired
20:41:29: Current outlet status: {1: '0', 2: '0', 3: '0', 4: '0', 5: '0', 6: '0', 7: '0', 8: '0', 9: '1', 10: '0', 11: '0', 12: '0', 13: '0', 14: '0', 15: '0', 16: '0', 17: '1', 18: '0', 19: '0', 20: '0', 21: '0', 22: '0', 23: '0', 24: '0', 25: '5'}
20:41:29: ...lock released
20:41:29: Power outlets have been successfully turned off
20:41:29: ...lock released
20:41:29: Turning PowerGroup off: Success
20:41:44: ======== Turning PowerGroup on
20:41:44: PowerGroup._pdu_cmd(on, [2], 3) called
20:41:44: Waiting for pdu lock
20:41:44: ...lock acquired
20:41:44: Sleep 0 seconds to work around the x610 power supply issue
20:41:44: HTTP POST was successfully executed
20:41:47: PowerGroup._pdu_cmd(status, [2], 3) called
20:41:47: Waiting for pdu lock
20:41:47: ...lock acquired
20:41:47: Current outlet status: {1: '0', 2: '1', 3: '0', 4: '0', 5: '0', 6: '0', 7: '0', 8: '0', 9: '1', 10: '0', 11: '0', 12: '0', 13: '0', 14: '0', 15: '0', 16: '0', 17: '1', 18: '0', 19: '0', 20: '0', 21: '0', 22: '0', 23: '0', 24: '0', 25: '5'}
20:41:48: ...lock released
20:41:48: Power outlets have been successfully turned on
20:41:48: ...lock released
20:41:48: Turning PowerGroup on: Success
20:41:58: ======== Turning PowerGroup off
20:41:58: PowerGroup._pdu_cmd(off, [2], 3) called
20:41:58: Waiting for pdu lock
20:41:58: ...lock acquired
20:41:58: HTTP POST was successfully executed
20:41:59: PowerGroup._pdu_cmd(status, [2], 3) called
20:41:59: Waiting for pdu lock
20:41:59: ...lock acquired
20:41:59: Current outlet status: {1: '0', 2: '0', 3: '0', 4: '0', 5: '0', 6: '0', 7: '0', 8: '0', 9: '1', 10: '0', 11: '0', 12: '0', 13: '0', 14: '0', 15: '0', 16: '0', 17: '1', 18: '0', 19: '0', 20: '0', 21: '0', 22: '0', 23: '0', 24: '0', 25: '5'}
20:42:00: ...lock released
20:42:00: Power outlets have been successfully turned off
20:42:00: ...lock released
20:42:00: Turning PowerGroup off: Success
20:42:15: ======== Turning PowerGroup on
20:42:15: PowerGroup._pdu_cmd(on, [2], 3) called
20:42:15: Waiting for pdu lock
20:42:15: ...lock acquired
20:42:15: Sleep 0 seconds to work around the x610 power supply issue
20:42:15: HTTP POST was successfully executed
20:42:18: PowerGroup._pdu_cmd(status, [2], 3) called
20:42:18: Waiting for pdu lock
20:42:18: ...lock acquired
20:42:18: Current outlet status: {1: '0', 2: '1', 3: '0', 4: '0', 5: '0', 6: '0', 7: '0', 8: '0', 9: '1', 10: '0', 11: '0', 12: '0', 13: '0', 14: '0', 15: '0', 16: '0', 17: '1', 18: '0', 19: '0', 20: '0', 21: '0', 22: '0', 23: '0', 24: '0', 25: '5'}
20:42:18: ...lock released
20:42:18: Power outlets have been successfully turned on
20:42:18: ...lock released
20:42:18: Turning PowerGroup on: Success
20:42:30: ======== Turning PowerGroup off
20:42:30: PowerGroup._pdu_cmd(off, [2], 3) called
20:42:30: Waiting for pdu lock
20:42:30: ...lock acquired
20:42:30: HTTP POST was successfully executed
20:42:31: PowerGroup._pdu_cmd(status, [2], 3) called
20:42:31: Waiting for pdu lock
20:42:31: ...lock acquired
20:42:31: Current outlet status: {1: '0', 2: '0', 3: '0', 4: '0', 5: '0', 6: '0', 7: '0', 8: '0', 9: '1', 10: '0', 11: '0', 12: '0', 13: '0', 14: '0', 15: '0', 16: '0', 17: '1', 18: '0', 19: '0', 20: '0', 21: '0', 22: '0', 23: '0', 24: '0', 25: '5'}
20:42:31: ...lock released
20:42:31: Power outlets have been successfully turned off
20:42:31: ...lock released
20:42:31: Turning PowerGroup off: Success
20:42:46: ======== Turning PowerGroup on
20:42:46: PowerGroup._pdu_cmd(on, [2], 3) called
20:42:46: Waiting for pdu lock
20:42:46: ...lock acquired
20:42:46: Sleep 0 seconds to work around the x610 power supply issue
20:42:47: HTTP POST was successfully executed
20:42:50: PowerGroup._pdu_cmd(status, [2], 3) called
20:42:50: Waiting for pdu lock
20:42:50: ...lock acquired
20:42:50: Current outlet status: {1: '0', 2: '1', 3: '0', 4: '0', 5: '0', 6: '0', 7: '0', 8: '0', 9: '1', 10: '0', 11: '0', 12: '0', 13: '0', 14: '0', 15: '0', 16: '0', 17: '1', 18: '0', 19: '0', 20: '0', 21: '0', 22: '0', 23: '0', 24: '0', 25: '5'}
20:42:50: ...lock released
20:42:50: Power outlets have been successfully turned on
20:42:50: ...lock released
20:42:50: Turning PowerGroup on: Success
20:43:00: ======== Turning PowerGroup off
20:43:00: PowerGroup._pdu_cmd(off, [2], 3) called
20:43:00: Waiting for pdu lock
20:43:00: ...lock acquired
20:43:00: HTTP POST was successfully executed
20:43:01: PowerGroup._pdu_cmd(status, [2], 3) called
20:43:02: Waiting for pdu lock
20:43:02: ...lock acquired
20:43:02: Current outlet status: {1: '0', 2: '0', 3: '0', 4: '0', 5: '0', 6: '0', 7: '0', 8: '0', 9: '1', 10: '0', 11: '0', 12: '0', 13: '0', 14: '0', 15: '0', 16: '0', 17: '1', 18: '0', 19: '0', 20: '0', 21: '0', 22: '0', 23: '0', 24: '0', 25: '5'}
20:43:02: ...lock released
20:43:02: Power outlets have been successfully turned off
20:43:02: ...lock released
20:43:02: Turning PowerGroup off: Success
20:43:17: ======== Turning PowerGroup on
20:43:17: PowerGroup._pdu_cmd(on, [2], 3) called
20:43:17: Waiting for pdu lock
20:43:17: ...lock acquired
20:43:17: Sleep 0 seconds to work around the x610 power supply issue
20:43:17: HTTP POST was successfully executed
20:43:20: PowerGroup._pdu_cmd(status, [2], 3) called
20:43:20: Waiting for pdu lock
20:43:20: ...lock acquired
20:43:20: Current outlet status: {1: '0', 2: '1', 3: '0', 4: '0', 5: '0', 6: '0', 7: '0', 8: '0', 9: '1', 10: '0', 11: '0', 12: '0', 13: '0', 14: '0', 15: '0', 16: '0', 17: '1', 18: '0', 19: '0', 20: '0', 21: '0', 22: '0', 23: '0', 24: '0', 25: '5'}
20:43:20: ...lock released
20:43:20: Power outlets have been successfully turned on
20:43:20: ...lock released
20:43:20: Turning PowerGroup on: Success
20:46:10: ========= TestCase 60 Tear Down =========
20:46:19: ======== Turning PowerGroup off
20:46:19: PowerGroup._pdu_cmd(off, [2], 3) called
20:46:19: Waiting for pdu lock
20:46:19: ...lock acquired
20:46:19: HTTP POST was successfully executed
20:46:20: PowerGroup._pdu_cmd(status, [2], 3) called
20:46:20: Waiting for pdu lock
20:46:20: ...lock acquired
20:46:20: Current outlet status: {1: '0', 2: '0', 3: '0', 4: '0', 5: '0', 6: '0', 7: '0', 8: '0', 9: '1', 10: '0', 11: '0', 12: '0', 13: '0', 14: '0', 15: '0', 16: '0', 17: '1', 18: '0', 19: '0', 20: '0', 21: '0', 22: '0', 23: '0', 24: '0', 25: '5'}
20:46:20: ...lock released
20:46:20: Power outlets have been successfully turned off
20:46:20: ...lock released
20:46:20: Turning PowerGroup off: Success
20:46:27: ======== Turning PowerGroup off
20:46:27: PowerGroup._pdu_cmd(off, [2], 3) called
20:46:27: Waiting for pdu lock
20:46:27: ...lock acquired
20:46:27: Power outlets are already in the desired state
20:46:27: ...lock released
20:46:27: Turning PowerGroup off: Success
20:46:32: ======== Turning PowerGroup off
20:46:32: PowerGroup._pdu_cmd(off, [2], 3) called
20:46:32: Waiting for pdu lock
20:46:32: ...lock acquired
20:46:32: Power outlets are already in the desired state
20:46:32: ...lock released
20:46:32: Turning PowerGroup off: Success
20:46:47: ======== Turning PowerGroup on
20:46:47: PowerGroup._pdu_cmd(on, [2], 3) called
20:46:47: Waiting for pdu lock
20:46:47: ...lock acquired
20:46:47: Sleep 0 seconds to work around the x610 power supply issue
20:46:47: HTTP POST was successfully executed
20:46:50: PowerGroup._pdu_cmd(status, [2], 3) called
20:46:50: Waiting for pdu lock
20:46:50: ...lock acquired
20:46:50: Current outlet status: {1: '0', 2: '1', 3: '0', 4: '0', 5: '0', 6: '0', 7: '0', 8: '0', 9: '1', 10: '0', 11: '0', 12: '0', 13: '0', 14: '0', 15: '0', 16: '0', 17: '1', 18: '0', 19: '0', 20: '0', 21: '0', 22: '0', 23: '0', 24: '0', 25: '5'}
20:46:50: ...lock released
20:46:50: Power outlets have been successfully turned on
20:46:50: ...lock released
20:46:50: Turning PowerGroup on: Success
20:51:52: ======== Turning PowerGroup off
20:51:52: PowerGroup._pdu_cmd(off, [2], 3) called
20:51:52: Waiting for pdu lock
20:51:52: ...lock acquired
20:51:52: HTTP POST was successfully executed
20:51:53: PowerGroup._pdu_cmd(status, [2], 3) called
20:51:53: Waiting for pdu lock
20:51:53: ...lock acquired
20:51:53: Current outlet status: {1: '0', 2: '0', 3: '0', 4: '0', 5: '0', 6: '0', 7: '0', 8: '0', 9: '1', 10: '0', 11: '0', 12: '0', 13: '0', 14: '0', 15: '0', 16: '0', 17: '1', 18: '0', 19: '0', 20: '0', 21: '0', 22: '0', 23: '0', 24: '0', 25: '5'}
20:51:53: ...lock released
20:51:53: Power outlets have been successfully turned off
20:51:53: ...lock released
20:51:53: Turning PowerGroup off: Success
20:51:59: ======== Turning PowerGroup on
20:51:59: PowerGroup._pdu_cmd(on, [2], 3) called
20:51:59: Waiting for pdu lock
20:52:00: ...lock acquired
20:52:00: Sleep 7.348233938217163 seconds to work around the x610 power supply issue
20:52:07: HTTP POST was successfully executed
20:52:10: PowerGroup._pdu_cmd(status, [2], 3) called
20:52:10: Waiting for pdu lock
20:52:10: ...lock acquired
20:52:10: Current outlet status: {1: '0', 2: '1', 3: '0', 4: '0', 5: '0', 6: '0', 7: '0', 8: '0', 9: '1', 10: '0', 11: '0', 12: '0', 13: '0', 14: '0', 15: '0', 16: '0', 17: '1', 18: '0', 19: '0', 20: '0', 21: '0', 22: '0', 23: '0', 24: '0', 25: '5'}
20:52:10: ...lock released
20:52:10: Power outlets have been successfully turned on
20:52:11: ...lock released
20:52:11: Turning PowerGroup on: Success
20:54:39: ========= TestCase 61 Starting =========
20:54:52: ========= TestCase 61 Tear Down =========
20:55:12: ========= TestCase 62 Starting =========
20:55:40: ======== Turning PowerGroup off
20:55:40: PowerGroup._pdu_cmd(off, [2], 3) called
20:55:41: Waiting for pdu lock
20:55:41: ...lock acquired
20:55:41: HTTP POST was successfully executed
20:55:42: PowerGroup._pdu_cmd(status, [2], 3) called
20:55:42: Waiting for pdu lock
20:55:42: ...lock acquired
20:55:42: Current outlet status: {1: '0', 2: '0', 3: '0', 4: '0', 5: '0', 6: '0', 7: '0', 8: '0', 9: '1', 10: '0', 11: '0', 12: '0', 13: '0', 14: '0', 15: '0', 16: '0', 17: '1', 18: '0', 19: '0', 20: '0', 21: '0', 22: '0', 23: '0', 24: '0', 25: '5'}
20:55:42: ...lock released
20:55:42: Power outlets have been successfully turned off
20:55:42: ...lock released
20:55:42: Turning PowerGroup off: Success
20:55:57: ======== Turning PowerGroup on
20:55:57: PowerGroup._pdu_cmd(on, [2], 3) called
20:55:57: Waiting for pdu lock
20:55:57: ...lock acquired
20:55:57: Sleep 0 seconds to work around the x610 power supply issue
20:55:57: HTTP POST was successfully executed
20:56:01: PowerGroup._pdu_cmd(status, [2], 3) called
20:56:06: Waiting for pdu lock
20:56:06: ...lock acquired
20:56:06: Current outlet status: {1: '0', 2: '1', 3: '0', 4: '0', 5: '0', 6: '0', 7: '0', 8: '0', 9: '1', 10: '0', 11: '0', 12: '0', 13: '0', 14: '0', 15: '0', 16: '0', 17: '1', 18: '0', 19: '0', 20: '0', 21: '0', 22: '0', 23: '0', 24: '0', 25: '5'}
20:56:06: ...lock released
20:56:06: Power outlets have been successfully turned on
20:56:06: ...lock released
20:56:06: Turning PowerGroup on: Success
20:57:09: ======== Turning PowerGroup off
20:57:09: PowerGroup._pdu_cmd(off, [2], 3) called
20:57:09: Waiting for pdu lock
20:57:09: ...lock acquired
20:57:09: HTTP POST was successfully executed
20:57:10: PowerGroup._pdu_cmd(status, [2], 3) called
20:57:10: Waiting for pdu lock
20:57:10: ...lock acquired
20:57:10: Current outlet status: {1: '0', 2: '0', 3: '0', 4: '0', 5: '0', 6: '0', 7: '0', 8: '0', 9: '1', 10: '0', 11: '0', 12: '0', 13: '0', 14: '0', 15: '0', 16: '0', 17: '1', 18: '0', 19: '0', 20: '0', 21: '0', 22: '0', 23: '0', 24: '0', 25: '5'}
20:57:10: ...lock released
20:57:10: Power outlets have been successfully turned off
20:57:10: ...lock released
20:57:10: Turning PowerGroup off: Success
20:57:25: ======== Turning PowerGroup on
20:57:25: PowerGroup._pdu_cmd(on, [2], 3) called
20:57:25: Waiting for pdu lock
20:57:25: ...lock acquired
20:57:25: Sleep 0 seconds to work around the x610 power supply issue
20:57:25: HTTP POST was successfully executed
20:57:28: PowerGroup._pdu_cmd(status, [2], 3) called
20:57:28: Waiting for pdu lock
20:57:28: ...lock acquired
20:57:28: Current outlet status: {1: '0', 2: '1', 3: '0', 4: '0', 5: '0', 6: '0', 7: '0', 8: '0', 9: '1', 10: '0', 11: '0', 12: '0', 13: '0', 14: '0', 15: '0', 16: '0', 17: '1', 18: '0', 19: '0', 20: '0', 21: '0', 22: '0', 23: '0', 24: '0', 25: '5'}
20:57:28: ...lock released
20:57:28: Power outlets have been successfully turned on
20:57:29: ...lock released
20:57:29: Turning PowerGroup on: Success
20:57:41: ======== Turning PowerGroup off
20:57:41: PowerGroup._pdu_cmd(off, [2], 3) called
20:57:41: Waiting for pdu lock
20:57:41: ...lock acquired
20:57:41: HTTP POST was successfully executed
20:57:42: PowerGroup._pdu_cmd(status, [2], 3) called
20:57:42: Waiting for pdu lock
20:57:42: ...lock acquired
20:57:42: Current outlet status: {1: '0', 2: '0', 3: '0', 4: '0', 5: '0', 6: '0', 7: '0', 8: '0', 9: '1', 10: '0', 11: '0', 12: '0', 13: '0', 14: '0', 15: '0', 16: '0', 17: '1', 18: '0', 19: '0', 20: '0', 21: '0', 22: '0', 23: '0', 24: '0', 25: '5'}
20:57:42: ...lock released
20:57:42: Power outlets have been successfully turned off
20:57:42: ...lock released
20:57:42: Turning PowerGroup off: Success
20:57:57: ======== Turning PowerGroup on
20:57:57: PowerGroup._pdu_cmd(on, [2], 3) called
20:57:57: Waiting for pdu lock
20:57:57: ...lock acquired
20:57:57: Sleep 0 seconds to work around the x610 power supply issue
20:57:57: HTTP POST was successfully executed
20:58:00: PowerGroup._pdu_cmd(status, [2], 3) called
20:58:04: Waiting for pdu lock
20:58:05: ...lock acquired
20:58:05: Current outlet status: {1: '0', 2: '1', 3: '0', 4: '0', 5: '0', 6: '0', 7: '0', 8: '0', 9: '1', 10: '0', 11: '0', 12: '0', 13: '0', 14: '0', 15: '0', 16: '0', 17: '1', 18: '0', 19: '0', 20: '0', 21: '0', 22: '0', 23: '0', 24: '0', 25: '5'}
20:58:05: ...lock released
20:58:05: Power outlets have been successfully turned on
20:58:05: ...lock released
20:58:05: Turning PowerGroup on: Success
20:58:13: ======== Turning PowerGroup off
20:58:13: PowerGroup._pdu_cmd(off, [2], 3) called
20:58:13: Waiting for pdu lock
20:58:13: ...lock acquired
20:58:13: HTTP POST was successfully executed
20:58:14: PowerGroup._pdu_cmd(status, [2], 3) called
20:58:14: Waiting for pdu lock
20:58:15: ...lock acquired
20:58:15: Current outlet status: {1: '0', 2: '0', 3: '0', 4: '0', 5: '0', 6: '0', 7: '0', 8: '0', 9: '1', 10: '0', 11: '0', 12: '0', 13: '0', 14: '0', 15: '0', 16: '0', 17: '1', 18: '0', 19: '0', 20: '0', 21: '0', 22: '0', 23: '0', 24: '0', 25: '5'}
20:58:15: ...lock released
20:58:15: Power outlets have been successfully turned off
20:58:15: ...lock released
20:58:15: Turning PowerGroup off: Success
20:58:30: ======== Turning PowerGroup on
20:58:30: PowerGroup._pdu_cmd(on, [2], 3) called
20:58:30: Waiting for pdu lock
20:58:30: ...lock acquired
20:58:30: Sleep 0 seconds to work around the x610 power supply issue
20:58:30: HTTP POST was successfully executed
20:58:33: PowerGroup._pdu_cmd(status, [2], 3) called
20:58:34: Waiting for pdu lock
20:58:34: ...lock acquired
20:58:34: Current outlet status: {1: '0', 2: '1', 3: '0', 4: '0', 5: '0', 6: '0', 7: '0', 8: '0', 9: '1', 10: '0', 11: '0', 12: '0', 13: '0', 14: '0', 15: '0', 16: '0', 17: '1', 18: '0', 19: '0', 20: '0', 21: '0', 22: '0', 23: '0', 24: '0', 25: '5'}
20:58:34: ...lock released
20:58:34: Power outlets have been successfully turned on
20:58:34: ...lock released
20:58:35: Turning PowerGroup on: Success
20:58:46: ======== Turning PowerGroup off
20:58:46: PowerGroup._pdu_cmd(off, [2], 3) called
20:58:46: Waiting for pdu lock
20:58:46: ...lock acquired
20:58:46: HTTP POST was successfully executed
20:58:47: PowerGroup._pdu_cmd(status, [2], 3) called
20:58:47: Waiting for pdu lock
20:58:47: ...lock acquired
20:58:47: Current outlet status: {1: '0', 2: '0', 3: '0', 4: '0', 5: '0', 6: '0', 7: '0', 8: '0', 9: '1', 10: '0', 11: '0', 12: '0', 13: '0', 14: '0', 15: '0', 16: '0', 17: '1', 18: '0', 19: '0', 20: '0', 21: '0', 22: '0', 23: '0', 24: '0', 25: '5'}
20:58:47: ...lock released
20:58:47: Power outlets have been successfully turned off
20:58:47: ...lock released
20:58:47: Turning PowerGroup off: Success
20:59:03: ======== Turning PowerGroup on
20:59:03: PowerGroup._pdu_cmd(on, [2], 3) called
20:59:03: Waiting for pdu lock
20:59:03: ...lock acquired
20:59:03: Sleep 0 seconds to work around the x610 power supply issue
20:59:03: HTTP POST was successfully executed
20:59:06: PowerGroup._pdu_cmd(status, [2], 3) called
20:59:06: Waiting for pdu lock
20:59:06: ...lock acquired
20:59:06: Current outlet status: {1: '0', 2: '1', 3: '0', 4: '0', 5: '0', 6: '0', 7: '0', 8: '0', 9: '1', 10: '0', 11: '0', 12: '0', 13: '0', 14: '0', 15: '0', 16: '0', 17: '1', 18: '0', 19: '0', 20: '0', 21: '0', 22: '0', 23: '0', 24: '0', 25: '5'}
20:59:06: ...lock released
20:59:06: Power outlets have been successfully turned on
20:59:06: ...lock released
20:59:06: Turning PowerGroup on: Success
20:59:19: ======== Turning PowerGroup off
20:59:19: PowerGroup._pdu_cmd(off, [2], 3) called
20:59:19: Waiting for pdu lock
20:59:19: ...lock acquired
20:59:19: HTTP POST was successfully executed
20:59:20: PowerGroup._pdu_cmd(status, [2], 3) called
20:59:20: Waiting for pdu lock
20:59:20: ...lock acquired
20:59:20: Current outlet status: {1: '0', 2: '0', 3: '0', 4: '0', 5: '0', 6: '0', 7: '0', 8: '0', 9: '1', 10: '0', 11: '0', 12: '0', 13: '0', 14: '0', 15: '0', 16: '0', 17: '1', 18: '0', 19: '0', 20: '0', 21: '0', 22: '0', 23: '0', 24: '0', 25: '5'}
20:59:20: ...lock released
20:59:20: Power outlets have been successfully turned off
20:59:20: ...lock released
20:59:20: Turning PowerGroup off: Success
20:59:36: ======== Turning PowerGroup on
20:59:36: PowerGroup._pdu_cmd(on, [2], 3) called
20:59:36: Waiting for pdu lock
20:59:36: ...lock acquired
20:59:36: Sleep 0 seconds to work around the x610 power supply issue
20:59:36: HTTP POST was successfully executed
20:59:39: PowerGroup._pdu_cmd(status, [2], 3) called
20:59:39: Waiting for pdu lock
20:59:39: ...lock acquired
20:59:39: Current outlet status: {1: '0', 2: '1', 3: '0', 4: '0', 5: '0', 6: '0', 7: '0', 8: '0', 9: '1', 10: '0', 11: '0', 12: '0', 13: '0', 14: '0', 15: '0', 16: '0', 17: '1', 18: '0', 19: '0', 20: '0', 21: '0', 22: '0', 23: '0', 24: '0', 25: '5'}
20:59:39: ...lock released
20:59:39: Power outlets have been successfully turned on
20:59:39: ...lock released
20:59:39: Turning PowerGroup on: Success
21:02:31: ========= TestCase 62 Tear Down =========
21:02:38: ======== Turning PowerGroup off
21:02:38: PowerGroup._pdu_cmd(off, [2], 3) called
21:02:38: Waiting for pdu lock
21:02:38: ...lock acquired
21:02:38: HTTP POST was successfully executed
21:02:39: PowerGroup._pdu_cmd(status, [2], 3) called
21:02:39: Waiting for pdu lock
21:02:39: ...lock acquired
21:02:39: Current outlet status: {1: '0', 2: '0', 3: '0', 4: '0', 5: '0', 6: '0', 7: '0', 8: '0', 9: '1', 10: '0', 11: '0', 12: '0', 13: '0', 14: '0', 15: '0', 16: '0', 17: '1', 18: '0', 19: '0', 20: '0', 21: '0', 22: '0', 23: '0', 24: '0', 25: '5'}
21:02:39: ...lock released
21:02:39: Power outlets have been successfully turned off
21:02:39: ...lock released
21:02:39: Turning PowerGroup off: Success
21:02:48: ======== Turning PowerGroup off
21:02:48: PowerGroup._pdu_cmd(off, [2], 3) called
21:02:48: Waiting for pdu lock
21:02:48: ...lock acquired
21:02:48: Power outlets are already in the desired state
21:02:48: ...lock released
21:02:48: Turning PowerGroup off: Success
21:02:54: ======== Turning PowerGroup off
21:02:54: PowerGroup._pdu_cmd(off, [2], 3) called
21:02:54: Waiting for pdu lock
21:02:54: ...lock acquired
21:02:54: Power outlets are already in the desired state
21:02:54: ...lock released
21:02:54: Turning PowerGroup off: Success
21:03:09: ======== Turning PowerGroup on
21:03:09: PowerGroup._pdu_cmd(on, [2], 3) called
21:03:09: Waiting for pdu lock
21:03:09: ...lock acquired
21:03:09: Sleep 0 seconds to work around the x610 power supply issue
21:03:09: HTTP POST was successfully executed
21:03:12: PowerGroup._pdu_cmd(status, [2], 3) called
21:03:12: Waiting for pdu lock
21:03:12: ...lock acquired
21:03:12: Current outlet status: {1: '0', 2: '1', 3: '0', 4: '0', 5: '0', 6: '0', 7: '0', 8: '0', 9: '1', 10: '0', 11: '0', 12: '0', 13: '0', 14: '0', 15: '0', 16: '0', 17: '1', 18: '0', 19: '0', 20: '0', 21: '0', 22: '0', 23: '0', 24: '0', 25: '5'}
21:03:12: ...lock released
21:03:12: Power outlets have been successfully turned on
21:03:12: ...lock released
21:03:12: Turning PowerGroup on: Success
21:04:21: ======== Turning PowerGroup off
21:04:21: PowerGroup._pdu_cmd(off, [2], 3) called
21:04:21: Waiting for pdu lock
21:04:21: ...lock acquired
21:04:21: HTTP POST was successfully executed
21:04:22: PowerGroup._pdu_cmd(status, [2], 3) called
21:04:22: Waiting for pdu lock
21:04:22: ...lock acquired
21:04:22: Current outlet status: {1: '0', 2: '0', 3: '0', 4: '0', 5: '0', 6: '0', 7: '0', 8: '0', 9: '1', 10: '0', 11: '0', 12: '0', 13: '0', 14: '0', 15: '0', 16: '0', 17: '1', 18: '0', 19: '0', 20: '0', 21: '0', 22: '0', 23: '0', 24: '0', 25: '5'}
21:04:22: ...lock released
21:04:22: Power outlets have been successfully turned off
21:04:22: ...lock released
21:04:22: Turning PowerGroup off: Success
21:04:37: ======== Turning PowerGroup on
21:04:37: PowerGroup._pdu_cmd(on, [2], 3) called
21:04:37: Waiting for pdu lock
21:04:37: ...lock acquired
21:04:37: Sleep 0 seconds to work around the x610 power supply issue
21:04:37: HTTP POST was successfully executed
21:04:40: PowerGroup._pdu_cmd(status, [2], 3) called
21:04:40: Waiting for pdu lock
21:04:40: ...lock acquired
21:04:40: Current outlet status: {1: '0', 2: '1', 3: '0', 4: '0', 5: '0', 6: '0', 7: '0', 8: '0', 9: '1', 10: '0', 11: '0', 12: '0', 13: '0', 14: '0', 15: '0', 16: '0', 17: '1', 18: '0', 19: '0', 20: '0', 21: '0', 22: '0', 23: '0', 24: '0', 25: '5'}
21:04:40: ...lock released
21:04:40: Power outlets have been successfully turned on
21:04:40: ...lock released
21:04:40: Turning PowerGroup on: Success
21:09:32: ======== Turning PowerGroup off
21:09:32: PowerGroup._pdu_cmd(off, [2], 3) called
21:09:32: Waiting for pdu lock
21:09:32: ...lock acquired
21:09:32: HTTP POST was successfully executed
21:09:33: PowerGroup._pdu_cmd(status, [2], 3) called
21:09:33: Waiting for pdu lock
21:09:33: ...lock acquired
21:09:33: Current outlet status: {1: '0', 2: '0', 3: '0', 4: '0', 5: '0', 6: '0', 7: '0', 8: '0', 9: '1', 10: '0', 11: '0', 12: '0', 13: '0', 14: '0', 15: '0', 16: '0', 17: '1', 18: '0', 19: '0', 20: '0', 21: '0', 22: '0', 23: '0', 24: '0', 25: '5'}
21:09:34: ...lock released
21:09:34: Power outlets have been successfully turned off
21:09:34: ...lock released
21:09:34: Turning PowerGroup off: Success
21:09:39: ======== Turning PowerGroup on
21:09:39: PowerGroup._pdu_cmd(on, [2], 3) called
21:09:39: Waiting for pdu lock
21:09:39: ...lock acquired
21:09:39: Sleep 8.700478553771973 seconds to work around the x610 power supply issue
21:09:47: HTTP POST was successfully executed
21:09:50: PowerGroup._pdu_cmd(status, [2], 3) called
21:09:50: Waiting for pdu lock
21:09:50: ...lock acquired
21:09:50: Current outlet status: {1: '0', 2: '1', 3: '0', 4: '0', 5: '0', 6: '0', 7: '0', 8: '0', 9: '1', 10: '0', 11: '0', 12: '0', 13: '0', 14: '0', 15: '0', 16: '0', 17: '1', 18: '0', 19: '0', 20: '0', 21: '0', 22: '0', 23: '0', 24: '0', 25: '5'}
21:09:50: ...lock released
21:09:50: Power outlets have been successfully turned on
21:09:50: ...lock released
21:09:50: Turning PowerGroup on: Success
21:12:13: ========= TestCase 70 Starting =========
21:12:29: ======== Turning PowerGroup off
21:12:29: PowerGroup._pdu_cmd(off, [2], 3) called
21:12:29: Waiting for pdu lock
21:12:29: ...lock acquired
21:12:29: HTTP POST was successfully executed
21:12:30: PowerGroup._pdu_cmd(status, [2], 3) called
21:12:32: Waiting for pdu lock
21:12:32: ...lock acquired
21:12:33: Current outlet status: {1: '0', 2: '0', 3: '0', 4: '0', 5: '0', 6: '0', 7: '0', 8: '0', 9: '1', 10: '0', 11: '0', 12: '0', 13: '0', 14: '0', 15: '0', 16: '0', 17: '1', 18: '0', 19: '0', 20: '0', 21: '0', 22: '0', 23: '0', 24: '0', 25: '5'}
21:12:33: ...lock released
21:12:33: Power outlets have been successfully turned off
21:12:33: ...lock released
21:12:33: Turning PowerGroup off: Success
21:12:48: ======== Turning PowerGroup on
21:12:48: PowerGroup._pdu_cmd(on, [2], 3) called
21:12:48: Waiting for pdu lock
21:12:48: ...lock acquired
21:12:48: Sleep 0 seconds to work around the x610 power supply issue
21:12:48: HTTP POST was successfully executed
21:12:51: PowerGroup._pdu_cmd(status, [2], 3) called
21:12:52: Waiting for pdu lock
21:12:52: ...lock acquired
21:12:52: Current outlet status: {1: '0', 2: '1', 3: '0', 4: '0', 5: '0', 6: '0', 7: '0', 8: '0', 9: '1', 10: '0', 11: '0', 12: '0', 13: '0', 14: '0', 15: '0', 16: '0', 17: '1', 18: '0', 19: '0', 20: '0', 21: '0', 22: '0', 23: '0', 24: '0', 25: '5'}
21:12:52: ...lock released
21:12:52: Power outlets have been successfully turned on
21:12:52: ...lock released
21:12:52: Turning PowerGroup on: Success
21:15:27: ========= TestCase 70 Tear Down =========
21:15:41: ========= TestCase 80 Starting =========
21:15:53: ======== Turning PowerGroup off
21:15:53: PowerGroup._pdu_cmd(off, [2], 3) called
21:15:53: Waiting for pdu lock
21:15:53: ...lock acquired
21:15:53: HTTP POST was successfully executed
21:15:54: PowerGroup._pdu_cmd(status, [2], 3) called
21:15:54: Waiting for pdu lock
21:15:54: ...lock acquired
21:15:54: Current outlet status: {1: '0', 2: '0', 3: '0', 4: '0', 5: '0', 6: '0', 7: '0', 8: '0', 9: '1', 10: '0', 11: '0', 12: '0', 13: '0', 14: '0', 15: '0', 16: '0', 17: '1', 18: '0', 19: '0', 20: '0', 21: '0', 22: '0', 23: '0', 24: '0', 25: '5'}
21:15:54: ...lock released
21:15:54: Power outlets have been successfully turned off
21:15:54: ...lock released
21:15:54: Turning PowerGroup off: Success
21:16:09: ======== Turning PowerGroup on
21:16:09: PowerGroup._pdu_cmd(on, [2], 3) called
21:16:09: Waiting for pdu lock
21:16:09: ...lock acquired
21:16:09: Sleep 0 seconds to work around the x610 power supply issue
21:16:09: HTTP POST was successfully executed
21:16:12: PowerGroup._pdu_cmd(status, [2], 3) called
21:16:12: Waiting for pdu lock
21:16:12: ...lock acquired
21:16:12: Current outlet status: {1: '0', 2: '1', 3: '0', 4: '0', 5: '0', 6: '0', 7: '0', 8: '0', 9: '1', 10: '0', 11: '0', 12: '0', 13: '0', 14: '0', 15: '0', 16: '0', 17: '1', 18: '0', 19: '0', 20: '0', 21: '0', 22: '0', 23: '0', 24: '0', 25: '5'}
21:16:12: ...lock released
21:16:12: Power outlets have been successfully turned on
21:16:12: ...lock released
21:16:12: Turning PowerGroup on: Success
21:18:45: ========= TestCase 80 Tear Down =========
21:19:00: ========= TestCase 90 Starting =========
21:19:17: ======== Turning PowerGroup off
21:19:17: PowerGroup._pdu_cmd(off, [2], 3) called
21:19:17: Waiting for pdu lock
21:19:17: ...lock acquired
21:19:17: HTTP POST was successfully executed
21:19:19: PowerGroup._pdu_cmd(status, [2], 3) called
21:19:19: Waiting for pdu lock
21:19:19: ...lock acquired
21:19:19: Current outlet status: {1: '0', 2: '0', 3: '0', 4: '0', 5: '0', 6: '0', 7: '0', 8: '0', 9: '1', 10: '0', 11: '0', 12: '0', 13: '0', 14: '0', 15: '0', 16: '0', 17: '1', 18: '0', 19: '0', 20: '0', 21: '0', 22: '0', 23: '0', 24: '0', 25: '5'}
21:19:19: ...lock released
21:19:19: Power outlets have been successfully turned off
21:19:19: ...lock released
21:19:19: Turning PowerGroup off: Success
21:19:34: ======== Turning PowerGroup on
21:19:34: PowerGroup._pdu_cmd(on, [2], 3) called
21:19:34: Waiting for pdu lock
21:19:34: ...lock acquired
21:19:34: Sleep 0 seconds to work around the x610 power supply issue
21:19:34: HTTP POST was successfully executed
21:19:37: PowerGroup._pdu_cmd(status, [2], 3) called
21:19:37: Waiting for pdu lock
21:19:37: ...lock acquired
21:19:37: Current outlet status: {1: '0', 2: '1', 3: '0', 4: '0', 5: '0', 6: '0', 7: '0', 8: '0', 9: '1', 10: '0', 11: '0', 12: '0', 13: '0', 14: '0', 15: '0', 16: '0', 17: '1', 18: '0', 19: '0', 20: '0', 21: '0', 22: '0', 23: '0', 24: '0', 25: '5'}
21:19:37: ...lock released
21:19:37: Power outlets have been successfully turned on
21:19:37: ...lock released
21:19:37: Turning PowerGroup on: Success
21:22:23: ========= TestCase 90 Tear Down =========
21:22:38: ========= TestCase 100 Starting =========
21:22:53: ======== Turning PowerGroup off
21:22:53: PowerGroup._pdu_cmd(off, [2], 3) called
21:22:53: Waiting for pdu lock
21:22:53: ...lock acquired
21:22:53: HTTP POST was successfully executed
21:22:54: PowerGroup._pdu_cmd(status, [2], 3) called
21:22:55: Waiting for pdu lock
21:22:55: ...lock acquired
21:22:55: Current outlet status: {1: '0', 2: '0', 3: '0', 4: '0', 5: '0', 6: '0', 7: '0', 8: '0', 9: '1', 10: '0', 11: '0', 12: '0', 13: '0', 14: '0', 15: '0', 16: '0', 17: '1', 18: '0', 19: '0', 20: '0', 21: '0', 22: '0', 23: '0', 24: '0', 25: '5'}
21:22:55: ...lock released
21:22:55: Power outlets have been successfully turned off
21:22:55: ...lock released
21:22:55: Turning PowerGroup off: Success
21:23:10: ======== Turning PowerGroup on
21:23:10: PowerGroup._pdu_cmd(on, [2], 3) called
21:23:10: Waiting for pdu lock
21:23:10: ...lock acquired
21:23:10: Sleep 0 seconds to work around the x610 power supply issue
21:23:10: HTTP POST was successfully executed
21:23:13: PowerGroup._pdu_cmd(status, [2], 3) called
21:23:13: Waiting for pdu lock
21:23:13: ...lock acquired
21:23:13: Current outlet status: {1: '0', 2: '1', 3: '0', 4: '0', 5: '0', 6: '0', 7: '0', 8: '0', 9: '1', 10: '0', 11: '0', 12: '0', 13: '0', 14: '0', 15: '0', 16: '0', 17: '1', 18: '0', 19: '0', 20: '0', 21: '0', 22: '0', 23: '0', 24: '0', 25: '5'}
21:23:13: ...lock released
21:23:13: Power outlets have been successfully turned on
21:23:13: ...lock released
21:23:13: Turning PowerGroup on: Success
21:24:26: ======== Turning PowerGroup off
21:24:26: PowerGroup._pdu_cmd(off, [2], 3) called
21:24:26: Waiting for pdu lock
21:24:26: ...lock acquired
21:24:26: HTTP POST was successfully executed
21:24:27: PowerGroup._pdu_cmd(status, [2], 3) called
21:24:27: Waiting for pdu lock
21:24:27: ...lock acquired
21:24:28: Current outlet status: {1: '0', 2: '0', 3: '0', 4: '0', 5: '0', 6: '0', 7: '0', 8: '0', 9: '1', 10: '0', 11: '0', 12: '0', 13: '0', 14: '0', 15: '0', 16: '0', 17: '1', 18: '0', 19: '0', 20: '0', 21: '0', 22: '0', 23: '0', 24: '0', 25: '5'}
21:24:28: ...lock released
21:24:28: Power outlets have been successfully turned off
21:24:28: ...lock released
21:24:28: Turning PowerGroup off: Success
21:24:43: ======== Turning PowerGroup on
21:24:43: PowerGroup._pdu_cmd(on, [2], 3) called
21:24:43: Waiting for pdu lock
21:24:43: ...lock acquired
21:24:43: Sleep 0 seconds to work around the x610 power supply issue
21:24:43: HTTP POST was successfully executed
21:24:46: PowerGroup._pdu_cmd(status, [2], 3) called
21:24:46: Waiting for pdu lock
21:24:46: ...lock acquired
21:24:46: Current outlet status: {1: '0', 2: '1', 3: '0', 4: '0', 5: '0', 6: '0', 7: '0', 8: '0', 9: '1', 10: '0', 11: '0', 12: '0', 13: '0', 14: '0', 15: '0', 16: '0', 17: '1', 18: '0', 19: '0', 20: '0', 21: '0', 22: '0', 23: '0', 24: '0', 25: '5'}
21:24:46: ...lock released
21:24:46: Power outlets have been successfully turned on
21:24:46: ...lock released
21:24:46: Turning PowerGroup on: Success
21:24:58: ======== Turning PowerGroup off
21:24:58: PowerGroup._pdu_cmd(off, [2], 3) called
21:24:58: Waiting for pdu lock
21:24:58: ...lock acquired
21:24:58: HTTP POST was successfully executed
21:24:59: PowerGroup._pdu_cmd(status, [2], 3) called
21:24:59: Waiting for pdu lock
21:24:59: ...lock acquired
21:24:59: Current outlet status: {1: '0', 2: '0', 3: '0', 4: '0', 5: '0', 6: '0', 7: '0', 8: '0', 9: '1', 10: '0', 11: '0', 12: '0', 13: '0', 14: '0', 15: '0', 16: '0', 17: '1', 18: '0', 19: '0', 20: '0', 21: '0', 22: '0', 23: '0', 24: '0', 25: '5'}
21:24:59: ...lock released
21:24:59: Power outlets have been successfully turned off
21:24:59: ...lock released
21:24:59: Turning PowerGroup off: Success
21:25:14: ======== Turning PowerGroup on
21:25:14: PowerGroup._pdu_cmd(on, [2], 3) called
21:25:14: Waiting for pdu lock
21:25:14: ...lock acquired
21:25:14: Sleep 0 seconds to work around the x610 power supply issue
21:25:15: HTTP POST was successfully executed
21:25:18: PowerGroup._pdu_cmd(status, [2], 3) called
21:25:18: Waiting for pdu lock
21:25:18: ...lock acquired
21:25:18: Current outlet status: {1: '0', 2: '1', 3: '0', 4: '0', 5: '0', 6: '0', 7: '0', 8: '0', 9: '1', 10: '0', 11: '0', 12: '0', 13: '0', 14: '0', 15: '0', 16: '0', 17: '1', 18: '0', 19: '0', 20: '0', 21: '0', 22: '0', 23: '0', 24: '0', 25: '5'}
21:25:18: ...lock released
21:25:18: Power outlets have been successfully turned on
21:25:18: ...lock released
21:25:18: Turning PowerGroup on: Success
21:25:31: ======== Turning PowerGroup off
21:25:31: PowerGroup._pdu_cmd(off, [2], 3) called
21:25:31: Waiting for pdu lock
21:25:31: ...lock acquired
21:25:31: HTTP POST was successfully executed
21:25:32: PowerGroup._pdu_cmd(status, [2], 3) called
21:25:32: Waiting for pdu lock
21:25:32: ...lock acquired
21:25:32: Current outlet status: {1: '0', 2: '0', 3: '0', 4: '0', 5: '0', 6: '0', 7: '0', 8: '0', 9: '1', 10: '0', 11: '0', 12: '0', 13: '0', 14: '0', 15: '0', 16: '0', 17: '1', 18: '0', 19: '0', 20: '0', 21: '0', 22: '0', 23: '0', 24: '0', 25: '5'}
21:25:32: ...lock released
21:25:32: Power outlets have been successfully turned off
21:25:32: ...lock released
21:25:32: Turning PowerGroup off: Success
21:25:47: ======== Turning PowerGroup on
21:25:47: PowerGroup._pdu_cmd(on, [2], 3) called
21:25:47: Waiting for pdu lock
21:25:47: ...lock acquired
21:25:47: Sleep 0 seconds to work around the x610 power supply issue
21:25:47: HTTP POST was successfully executed
21:25:50: PowerGroup._pdu_cmd(status, [2], 3) called
21:25:53: Waiting for pdu lock
21:25:53: ...lock acquired
21:25:53: Current outlet status: {1: '0', 2: '1', 3: '0', 4: '0', 5: '0', 6: '0', 7: '0', 8: '0', 9: '1', 10: '0', 11: '0', 12: '0', 13: '0', 14: '0', 15: '0', 16: '0', 17: '1', 18: '0', 19: '0', 20: '0', 21: '0', 22: '0', 23: '0', 24: '0', 25: '5'}
21:25:53: ...lock released
21:25:54: Power outlets have been successfully turned on
21:25:54: ...lock released
21:25:54: Turning PowerGroup on: Success
21:26:28: ======== Turning PowerGroup off
21:26:28: PowerGroup._pdu_cmd(off, [2], 3) called
21:26:28: Waiting for pdu lock
21:26:28: ...lock acquired
21:26:29: HTTP POST was successfully executed
21:26:30: PowerGroup._pdu_cmd(status, [2], 3) called
21:26:30: Waiting for pdu lock
21:26:30: ...lock acquired
21:26:30: Current outlet status: {1: '0', 2: '0', 3: '0', 4: '0', 5: '0', 6: '0', 7: '0', 8: '0', 9: '1', 10: '0', 11: '0', 12: '0', 13: '0', 14: '0', 15: '0', 16: '0', 17: '1', 18: '0', 19: '0', 20: '0', 21: '0', 22: '0', 23: '0', 24: '0', 25: '5'}
21:26:30: ...lock released
21:26:30: Power outlets have been successfully turned off
21:26:30: ...lock released
21:26:30: Turning PowerGroup off: Success
21:26:45: ======== Turning PowerGroup on
21:26:45: PowerGroup._pdu_cmd(on, [2], 3) called
21:26:45: Waiting for pdu lock
21:26:45: ...lock acquired
21:26:45: Sleep 0 seconds to work around the x610 power supply issue
21:26:45: HTTP POST was successfully executed
21:26:48: PowerGroup._pdu_cmd(status, [2], 3) called
21:26:48: Waiting for pdu lock
21:26:48: ...lock acquired
21:26:48: Current outlet status: {1: '0', 2: '1', 3: '0', 4: '0', 5: '0', 6: '0', 7: '0', 8: '0', 9: '1', 10: '0', 11: '0', 12: '0', 13: '0', 14: '0', 15: '0', 16: '0', 17: '1', 18: '0', 19: '0', 20: '0', 21: '0', 22: '0', 23: '0', 24: '0', 25: '5'}
21:26:48: ...lock released
21:26:48: Power outlets have been successfully turned on
21:26:48: ...lock released
21:26:48: Turning PowerGroup on: Success
21:27:00: ======== Turning PowerGroup off
21:27:00: PowerGroup._pdu_cmd(off, [2], 3) called
21:27:00: Waiting for pdu lock
21:27:00: ...lock acquired
21:27:00: HTTP POST was successfully executed
21:27:01: PowerGroup._pdu_cmd(status, [2], 3) called
21:27:01: Waiting for pdu lock
21:27:01: ...lock acquired
21:27:01: Current outlet status: {1: '0', 2: '0', 3: '0', 4: '0', 5: '0', 6: '0', 7: '0', 8: '0', 9: '1', 10: '0', 11: '0', 12: '0', 13: '0', 14: '0', 15: '0', 16: '0', 17: '1', 18: '0', 19: '0', 20: '0', 21: '0', 22: '0', 23: '0', 24: '0', 25: '5'}
21:27:01: ...lock released
21:27:01: Power outlets have been successfully turned off
21:27:01: ...lock released
21:27:01: Turning PowerGroup off: Success
21:27:17: ======== Turning PowerGroup on
21:27:17: PowerGroup._pdu_cmd(on, [2], 3) called
21:27:17: Waiting for pdu lock
21:27:18: ...lock acquired
21:27:18: Sleep 0 seconds to work around the x610 power supply issue
21:27:18: HTTP POST was successfully executed
21:27:21: PowerGroup._pdu_cmd(status, [2], 3) called
21:27:21: Waiting for pdu lock
21:27:21: ...lock acquired
21:27:21: Current outlet status: {1: '0', 2: '1', 3: '0', 4: '0', 5: '0', 6: '0', 7: '0', 8: '0', 9: '1', 10: '0', 11: '0', 12: '0', 13: '0', 14: '0', 15: '0', 16: '0', 17: '1', 18: '0', 19: '0', 20: '0', 21: '0', 22: '0', 23: '0', 24: '0', 25: '5'}
21:27:21: ...lock released
21:27:21: Power outlets have been successfully turned on
21:27:21: ...lock released
21:27:21: Turning PowerGroup on: Success
21:27:37: ======== Turning PowerGroup off
21:27:38: PowerGroup._pdu_cmd(off, [2], 3) called
21:27:38: Waiting for pdu lock
21:27:38: ...lock acquired
21:27:38: HTTP POST was successfully executed
21:27:39: PowerGroup._pdu_cmd(status, [2], 3) called
21:27:39: Waiting for pdu lock
21:27:39: ...lock acquired
21:27:39: Current outlet status: {1: '0', 2: '0', 3: '0', 4: '0', 5: '0', 6: '0', 7: '0', 8: '0', 9: '1', 10: '0', 11: '0', 12: '0', 13: '0', 14: '0', 15: '0', 16: '0', 17: '1', 18: '0', 19: '0', 20: '0', 21: '0', 22: '0', 23: '0', 24: '0', 25: '5'}
21:27:39: ...lock released
21:27:39: Power outlets have been successfully turned off
21:27:39: ...lock released
21:27:39: Turning PowerGroup off: Success
21:27:54: ======== Turning PowerGroup on
21:27:54: PowerGroup._pdu_cmd(on, [2], 3) called
21:27:54: Waiting for pdu lock
21:27:54: ...lock acquired
21:27:54: Sleep 0 seconds to work around the x610 power supply issue
21:27:54: HTTP POST was successfully executed
21:27:57: PowerGroup._pdu_cmd(status, [2], 3) called
21:27:57: Waiting for pdu lock
21:27:57: ...lock acquired
21:27:57: Current outlet status: {1: '0', 2: '1', 3: '0', 4: '0', 5: '0', 6: '0', 7: '0', 8: '0', 9: '1', 10: '0', 11: '0', 12: '0', 13: '0', 14: '0', 15: '0', 16: '0', 17: '1', 18: '0', 19: '0', 20: '0', 21: '0', 22: '0', 23: '0', 24: '0', 25: '5'}
21:27:57: ...lock released
21:27:57: Power outlets have been successfully turned on
21:27:57: ...lock released
21:27:57: Turning PowerGroup on: Success
21:31:00: ======== Turning PowerGroup off
21:31:00: PowerGroup._pdu_cmd(off, [2], 3) called
21:31:00: Waiting for pdu lock
21:31:00: ...lock acquired
21:31:00: HTTP POST was successfully executed
21:31:01: PowerGroup._pdu_cmd(status, [2], 3) called
21:31:01: Waiting for pdu lock
21:31:01: ...lock acquired
21:31:01: Current outlet status: {1: '0', 2: '0', 3: '0', 4: '0', 5: '0', 6: '0', 7: '0', 8: '0', 9: '1', 10: '0', 11: '0', 12: '0', 13: '0', 14: '0', 15: '0', 16: '0', 17: '1', 18: '0', 19: '0', 20: '0', 21: '0', 22: '0', 23: '0', 24: '0', 25: '5'}
21:31:01: ...lock released
21:31:01: Power outlets have been successfully turned off
21:31:01: ...lock released
21:31:01: Turning PowerGroup off: Success
21:31:18: ======== Turning PowerGroup on
21:31:18: PowerGroup._pdu_cmd(on, [2], 3) called
21:31:18: Waiting for pdu lock
21:31:18: ...lock acquired
21:31:18: Sleep 0 seconds to work around the x610 power supply issue
21:31:18: HTTP POST was successfully executed
21:31:21: PowerGroup._pdu_cmd(status, [2], 3) called
21:31:21: Waiting for pdu lock
21:31:21: ...lock acquired
21:31:21: Current outlet status: {1: '0', 2: '1', 3: '0', 4: '0', 5: '0', 6: '0', 7: '0', 8: '0', 9: '1', 10: '0', 11: '0', 12: '0', 13: '0', 14: '0', 15: '0', 16: '0', 17: '1', 18: '0', 19: '0', 20: '0', 21: '0', 22: '0', 23: '0', 24: '0', 25: '5'}
21:31:21: ...lock released
21:31:21: Power outlets have been successfully turned on
21:31:21: ...lock released
21:31:21: Turning PowerGroup on: Success
21:34:15: ======== Turning PowerGroup off
21:34:15: PowerGroup._pdu_cmd(off, [2], 3) called
21:34:15: Waiting for pdu lock
21:34:15: ...lock acquired
21:34:15: HTTP POST was successfully executed
21:34:16: PowerGroup._pdu_cmd(status, [2], 3) called
21:34:16: Waiting for pdu lock
21:34:16: ...lock acquired
21:34:16: Current outlet status: {1: '0', 2: '0', 3: '0', 4: '0', 5: '0', 6: '0', 7: '0', 8: '0', 9: '1', 10: '0', 11: '0', 12: '0', 13: '0', 14: '0', 15: '0', 16: '0', 17: '1', 18: '0', 19: '0', 20: '0', 21: '0', 22: '0', 23: '0', 24: '0', 25: '5'}
21:34:16: ...lock released
21:34:16: Power outlets have been successfully turned off
21:34:16: ...lock released
21:34:16: Turning PowerGroup off: Success
21:34:31: ======== Turning PowerGroup on
21:34:31: PowerGroup._pdu_cmd(on, [2], 3) called
21:34:31: Waiting for pdu lock
21:34:31: ...lock acquired
21:34:31: Sleep 0 seconds to work around the x610 power supply issue
21:34:31: HTTP POST was successfully executed
21:34:34: PowerGroup._pdu_cmd(status, [2], 3) called
21:34:34: Waiting for pdu lock
21:34:34: ...lock acquired
21:34:34: Current outlet status: {1: '0', 2: '1', 3: '0', 4: '0', 5: '0', 6: '0', 7: '0', 8: '0', 9: '1', 10: '0', 11: '0', 12: '0', 13: '0', 14: '0', 15: '0', 16: '0', 17: '1', 18: '0', 19: '0', 20: '0', 21: '0', 22: '0', 23: '0', 24: '0', 25: '5'}
21:34:34: ...lock released
21:34:34: Power outlets have been successfully turned on
21:34:35: ...lock released
21:34:35: Turning PowerGroup on: Success
21:37:33: ======== Turning PowerGroup off
21:37:33: PowerGroup._pdu_cmd(off, [2], 3) called
21:37:33: Waiting for pdu lock
21:37:33: ...lock acquired
21:37:33: HTTP POST was successfully executed
21:37:34: PowerGroup._pdu_cmd(status, [2], 3) called
21:37:34: Waiting for pdu lock
21:37:34: ...lock acquired
21:37:34: Current outlet status: {1: '0', 2: '0', 3: '0', 4: '0', 5: '0', 6: '0', 7: '0', 8: '0', 9: '1', 10: '0', 11: '0', 12: '0', 13: '0', 14: '0', 15: '0', 16: '0', 17: '1', 18: '0', 19: '0', 20: '0', 21: '0', 22: '0', 23: '0', 24: '0', 25: '5'}
21:37:34: ...lock released
21:37:34: Power outlets have been successfully turned off
21:37:34: ...lock released
21:37:34: Turning PowerGroup off: Success
21:37:49: ======== Turning PowerGroup on
21:37:49: PowerGroup._pdu_cmd(on, [2], 3) called
21:37:49: Waiting for pdu lock
21:37:49: ...lock acquired
21:37:49: Sleep 0 seconds to work around the x610 power supply issue
21:37:49: HTTP POST was successfully executed
21:37:52: PowerGroup._pdu_cmd(status, [2], 3) called
21:37:52: Waiting for pdu lock
21:37:52: ...lock acquired
21:37:52: Current outlet status: {1: '0', 2: '1', 3: '0', 4: '0', 5: '0', 6: '0', 7: '0', 8: '0', 9: '1', 10: '0', 11: '0', 12: '0', 13: '0', 14: '0', 15: '0', 16: '0', 17: '1', 18: '0', 19: '0', 20: '0', 21: '0', 22: '0', 23: '0', 24: '0', 25: '5'}
21:37:52: ...lock released
21:37:52: Power outlets have been successfully turned on
21:37:52: ...lock released
21:37:52: Turning PowerGroup on: Success
21:38:30: ======== Turning PowerGroup off
21:38:30: PowerGroup._pdu_cmd(off, [2], 3) called
21:38:30: Waiting for pdu lock
21:38:30: ...lock acquired
21:38:30: HTTP POST was successfully executed
21:38:31: PowerGroup._pdu_cmd(status, [2], 3) called
21:38:31: Waiting for pdu lock
21:38:31: ...lock acquired
21:38:31: Current outlet status: {1: '0', 2: '0', 3: '0', 4: '0', 5: '0', 6: '0', 7: '0', 8: '0', 9: '1', 10: '0', 11: '0', 12: '0', 13: '0', 14: '0', 15: '0', 16: '0', 17: '1', 18: '0', 19: '0', 20: '0', 21: '0', 22: '0', 23: '0', 24: '0', 25: '5'}
21:38:31: ...lock released
21:38:31: Power outlets have been successfully turned off
21:38:31: ...lock released
21:38:31: Turning PowerGroup off: Success
21:38:46: ======== Turning PowerGroup on
21:38:46: PowerGroup._pdu_cmd(on, [2], 3) called
21:38:46: Waiting for pdu lock
21:38:46: ...lock acquired
21:38:46: Sleep 0 seconds to work around the x610 power supply issue
21:38:46: HTTP POST was successfully executed
21:38:49: PowerGroup._pdu_cmd(status, [2], 3) called
21:38:49: Waiting for pdu lock
21:38:49: ...lock acquired
21:38:49: Current outlet status: {1: '0', 2: '1', 3: '0', 4: '0', 5: '0', 6: '0', 7: '0', 8: '0', 9: '1', 10: '0', 11: '0', 12: '0', 13: '0', 14: '0', 15: '0', 16: '0', 17: '1', 18: '0', 19: '0', 20: '0', 21: '0', 22: '0', 23: '0', 24: '0', 25: '5'}
21:38:49: ...lock released
21:38:49: Power outlets have been successfully turned on
21:38:49: ...lock released
21:38:49: Turning PowerGroup on: Success
21:41:43: ======== Turning PowerGroup off
21:41:43: PowerGroup._pdu_cmd(off, [2], 3) called
21:41:44: Waiting for pdu lock
21:41:44: ...lock acquired
21:41:44: HTTP POST was successfully executed
21:41:45: PowerGroup._pdu_cmd(status, [2], 3) called
21:41:45: Waiting for pdu lock
21:41:45: ...lock acquired
21:41:45: Current outlet status: {1: '0', 2: '0', 3: '0', 4: '0', 5: '0', 6: '0', 7: '0', 8: '0', 9: '1', 10: '0', 11: '0', 12: '0', 13: '0', 14: '0', 15: '0', 16: '0', 17: '1', 18: '0', 19: '0', 20: '0', 21: '0', 22: '0', 23: '0', 24: '0', 25: '5'}
21:41:45: ...lock released
21:41:45: Power outlets have been successfully turned off
21:41:45: ...lock released
21:41:45: Turning PowerGroup off: Success
21:42:00: ======== Turning PowerGroup on
21:42:00: PowerGroup._pdu_cmd(on, [2], 3) called
21:42:00: Waiting for pdu lock
21:42:00: ...lock acquired
21:42:00: Sleep 0 seconds to work around the x610 power supply issue
21:42:00: HTTP POST was successfully executed
21:42:03: PowerGroup._pdu_cmd(status, [2], 3) called
21:42:03: Waiting for pdu lock
21:42:03: ...lock acquired
21:42:03: Current outlet status: {1: '0', 2: '1', 3: '0', 4: '0', 5: '0', 6: '0', 7: '0', 8: '0', 9: '1', 10: '0', 11: '0', 12: '0', 13: '0', 14: '0', 15: '0', 16: '0', 17: '1', 18: '0', 19: '0', 20: '0', 21: '0', 22: '0', 23: '0', 24: '0', 25: '5'}
21:42:03: ...lock released
21:42:03: Power outlets have been successfully turned on
21:42:03: ...lock released
21:42:03: Turning PowerGroup on: Success
21:42:20: ======== Turning PowerGroup off
21:42:20: PowerGroup._pdu_cmd(off, [2], 3) called
21:42:20: Waiting for pdu lock
21:42:20: ...lock acquired
21:42:20: HTTP POST was successfully executed
21:42:21: PowerGroup._pdu_cmd(status, [2], 3) called
21:42:21: Waiting for pdu lock
21:42:21: ...lock acquired
21:42:21: Current outlet status: {1: '0', 2: '0', 3: '0', 4: '0', 5: '0', 6: '0', 7: '0', 8: '0', 9: '1', 10: '0', 11: '0', 12: '0', 13: '0', 14: '0', 15: '0', 16: '0', 17: '1', 18: '0', 19: '0', 20: '0', 21: '0', 22: '0', 23: '0', 24: '0', 25: '5'}
21:42:21: ...lock released
21:42:21: Power outlets have been successfully turned off
21:42:21: ...lock released
21:42:21: Turning PowerGroup off: Success
21:42:26: ======== Turning PowerGroup off
21:42:26: PowerGroup._pdu_cmd(off, [2], 3) called
21:42:26: Waiting for pdu lock
21:42:26: ...lock acquired
21:42:26: Power outlets are already in the desired state
21:42:26: ...lock released
21:42:26: Turning PowerGroup off: Success
21:42:31: ======== Turning PowerGroup off
21:42:31: PowerGroup._pdu_cmd(off, [2], 3) called
21:42:31: Waiting for pdu lock
21:42:31: ...lock acquired
21:42:31: Power outlets are already in the desired state
21:42:31: ...lock released
21:42:31: Turning PowerGroup off: Success
21:42:46: ======== Turning PowerGroup on
21:42:46: PowerGroup._pdu_cmd(on, [2], 3) called
21:42:46: Waiting for pdu lock
21:42:46: ...lock acquired
21:42:46: Sleep 0 seconds to work around the x610 power supply issue
21:42:46: HTTP POST was successfully executed
21:42:49: PowerGroup._pdu_cmd(status, [2], 3) called
21:42:49: Waiting for pdu lock
21:42:49: ...lock acquired
21:42:49: Current outlet status: {1: '0', 2: '1', 3: '0', 4: '0', 5: '0', 6: '0', 7: '0', 8: '0', 9: '1', 10: '0', 11: '0', 12: '0', 13: '0', 14: '0', 15: '0', 16: '0', 17: '1', 18: '0', 19: '0', 20: '0', 21: '0', 22: '0', 23: '0', 24: '0', 25: '5'}
21:42:49: ...lock released
21:42:49: Power outlets have been successfully turned on
21:42:49: ...lock released
21:42:49: Turning PowerGroup on: Success
21:47:29: ========= TestCase 100 Tear Down =========
21:47:36: ======== Turning PowerGroup off
21:47:36: PowerGroup._pdu_cmd(off, [2], 3) called
21:47:36: Waiting for pdu lock
21:47:36: ...lock acquired
21:47:37: HTTP POST was successfully executed
21:47:38: PowerGroup._pdu_cmd(status, [2], 3) called
21:47:38: Waiting for pdu lock
21:47:38: ...lock acquired
21:47:38: Current outlet status: {1: '0', 2: '0', 3: '0', 4: '0', 5: '0', 6: '0', 7: '0', 8: '0', 9: '1', 10: '0', 11: '0', 12: '0', 13: '0', 14: '0', 15: '0', 16: '0', 17: '1', 18: '0', 19: '0', 20: '0', 21: '0', 22: '0', 23: '0', 24: '0', 25: '5'}
21:47:38: ...lock released
21:47:38: Power outlets have been successfully turned off
21:47:38: ...lock released
21:47:38: Turning PowerGroup off: Success
21:47:43: ======== Turning PowerGroup off
21:47:43: PowerGroup._pdu_cmd(off, [2], 3) called
21:47:43: Waiting for pdu lock
21:47:43: ...lock acquired
21:47:43: Power outlets are already in the desired state
21:47:43: ...lock released
21:47:43: Turning PowerGroup off: Success
21:47:48: ======== Turning PowerGroup off
21:47:48: PowerGroup._pdu_cmd(off, [2], 3) called
21:47:48: Waiting for pdu lock
21:47:48: ...lock acquired
21:47:48: Power outlets are already in the desired state
21:47:48: ...lock released
21:47:48: Turning PowerGroup off: Success
21:48:03: ======== Turning PowerGroup on
21:48:03: PowerGroup._pdu_cmd(on, [2], 3) called
21:48:03: Waiting for pdu lock
21:48:03: ...lock acquired
21:48:03: Sleep 0 seconds to work around the x610 power supply issue
21:48:03: HTTP POST was successfully executed
21:48:06: PowerGroup._pdu_cmd(status, [2], 3) called
21:48:06: Waiting for pdu lock
21:48:06: ...lock acquired
21:48:06: Current outlet status: {1: '0', 2: '1', 3: '0', 4: '0', 5: '0', 6: '0', 7: '0', 8: '0', 9: '1', 10: '0', 11: '0', 12: '0', 13: '0', 14: '0', 15: '0', 16: '0', 17: '1', 18: '0', 19: '0', 20: '0', 21: '0', 22: '0', 23: '0', 24: '0', 25: '5'}
21:48:06: ...lock released
21:48:06: Power outlets have been successfully turned on
21:48:06: ...lock released
21:48:06: Turning PowerGroup on: Success
21:52:56: ======== Turning PowerGroup off
21:52:56: PowerGroup._pdu_cmd(off, [2], 3) called
21:52:56: Waiting for pdu lock
21:52:56: ...lock acquired
21:52:56: HTTP POST was successfully executed
21:52:57: PowerGroup._pdu_cmd(status, [2], 3) called
21:52:57: Waiting for pdu lock
21:52:57: ...lock acquired
21:52:57: Current outlet status: {1: '0', 2: '0', 3: '0', 4: '0', 5: '0', 6: '0', 7: '0', 8: '0', 9: '1', 10: '0', 11: '0', 12: '0', 13: '0', 14: '0', 15: '0', 16: '0', 17: '1', 18: '0', 19: '0', 20: '0', 21: '0', 22: '0', 23: '0', 24: '0', 25: '5'}
21:52:57: ...lock released
21:52:57: Power outlets have been successfully turned off
21:52:57: ...lock released
21:52:57: Turning PowerGroup off: Success
21:53:04: ======== Turning PowerGroup on
21:53:04: PowerGroup._pdu_cmd(on, [2], 3) called
21:53:04: Waiting for pdu lock
21:53:04: ...lock acquired
21:53:04: Sleep 7.576093673706055 seconds to work around the x610 power supply issue
21:53:11: HTTP POST was successfully executed
21:53:14: PowerGroup._pdu_cmd(status, [2], 3) called
21:53:14: Waiting for pdu lock
21:53:14: ...lock acquired
21:53:14: Current outlet status: {1: '0', 2: '1', 3: '0', 4: '0', 5: '0', 6: '0', 7: '0', 8: '0', 9: '1', 10: '0', 11: '0', 12: '0', 13: '0', 14: '0', 15: '0', 16: '0', 17: '1', 18: '0', 19: '0', 20: '0', 21: '0', 22: '0', 23: '0', 24: '0', 25: '5'}
21:53:14: ...lock released
21:53:14: Power outlets have been successfully turned on
21:53:14: ...lock released
21:53:14: Turning PowerGroup on: Success
21:55:37: ========= TestCase 101 Starting =========
21:55:45: ========= TestCase 101 Tear Down =========
21:56:00: ========= TestCase 102 Starting =========
21:58:02: ======== Turning PowerGroup off
21:58:02: PowerGroup._pdu_cmd(off, [2], 3) called
21:58:02: Waiting for pdu lock
21:58:02: ...lock acquired
21:58:02: HTTP POST was successfully executed
21:58:03: PowerGroup._pdu_cmd(status, [2], 3) called
21:58:03: Waiting for pdu lock
21:58:03: ...lock acquired
21:58:03: Current outlet status: {1: '0', 2: '0', 3: '0', 4: '0', 5: '0', 6: '0', 7: '0', 8: '0', 9: '1', 10: '0', 11: '0', 12: '0', 13: '0', 14: '0', 15: '0', 16: '0', 17: '1', 18: '0', 19: '0', 20: '0', 21: '0', 22: '0', 23: '0', 24: '0', 25: '5'}
21:58:03: ...lock released
21:58:03: Power outlets have been successfully turned off
21:58:03: ...lock released
21:58:03: Turning PowerGroup off: Success
21:58:22: ======== Turning PowerGroup on
21:58:22: PowerGroup._pdu_cmd(on, [2], 3) called
21:58:22: Waiting for pdu lock
21:58:22: ...lock acquired
21:58:22: Sleep 0 seconds to work around the x610 power supply issue
21:58:22: HTTP POST was successfully executed
21:58:25: PowerGroup._pdu_cmd(status, [2], 3) called
21:58:25: Waiting for pdu lock
21:58:25: ...lock acquired
21:58:25: Current outlet status: {1: '0', 2: '1', 3: '0', 4: '0', 5: '0', 6: '0', 7: '0', 8: '0', 9: '1', 10: '0', 11: '0', 12: '0', 13: '0', 14: '0', 15: '0', 16: '0', 17: '1', 18: '0', 19: '0', 20: '0', 21: '0', 22: '0', 23: '0', 24: '0', 25: '5'}
21:58:25: ...lock released
21:58:25: Power outlets have been successfully turned on
21:58:25: ...lock released
21:58:25: Turning PowerGroup on: Success
21:58:36: ======== Turning PowerGroup off
21:58:36: PowerGroup._pdu_cmd(off, [2], 3) called
21:58:36: Waiting for pdu lock
21:58:36: ...lock acquired
21:58:36: HTTP POST was successfully executed
21:58:37: PowerGroup._pdu_cmd(status, [2], 3) called
21:58:37: Waiting for pdu lock
21:58:37: ...lock acquired
21:58:37: Current outlet status: {1: '0', 2: '0', 3: '0', 4: '0', 5: '0', 6: '0', 7: '0', 8: '0', 9: '1', 10: '0', 11: '0', 12: '0', 13: '0', 14: '0', 15: '0', 16: '0', 17: '1', 18: '0', 19: '0', 20: '0', 21: '0', 22: '0', 23: '0', 24: '0', 25: '5'}
21:58:37: ...lock released
21:58:37: Power outlets have been successfully turned off
21:58:37: ...lock released
21:58:37: Turning PowerGroup off: Success
21:58:52: ======== Turning PowerGroup on
21:58:52: PowerGroup._pdu_cmd(on, [2], 3) called
21:58:52: Waiting for pdu lock
21:58:52: ...lock acquired
21:58:52: Sleep 0 seconds to work around the x610 power supply issue
21:58:52: HTTP POST was successfully executed
21:58:55: PowerGroup._pdu_cmd(status, [2], 3) called
21:58:55: Waiting for pdu lock
21:58:55: ...lock acquired
21:58:55: Current outlet status: {1: '0', 2: '1', 3: '0', 4: '0', 5: '0', 6: '0', 7: '0', 8: '0', 9: '1', 10: '0', 11: '0', 12: '0', 13: '0', 14: '0', 15: '0', 16: '0', 17: '1', 18: '0', 19: '0', 20: '0', 21: '0', 22: '0', 23: '0', 24: '0', 25: '5'}
21:58:55: ...lock released
21:58:55: Power outlets have been successfully turned on
21:58:55: ...lock released
21:58:55: Turning PowerGroup on: Success
21:59:05: ======== Turning PowerGroup off
21:59:05: PowerGroup._pdu_cmd(off, [2], 3) called
21:59:05: Waiting for pdu lock
21:59:05: ...lock acquired
21:59:05: HTTP POST was successfully executed
21:59:06: PowerGroup._pdu_cmd(status, [2], 3) called
21:59:06: Waiting for pdu lock
21:59:06: ...lock acquired
21:59:06: Current outlet status: {1: '0', 2: '0', 3: '0', 4: '0', 5: '0', 6: '0', 7: '0', 8: '0', 9: '1', 10: '0', 11: '0', 12: '0', 13: '0', 14: '0', 15: '0', 16: '0', 17: '1', 18: '0', 19: '0', 20: '0', 21: '0', 22: '0', 23: '0', 24: '0', 25: '5'}
21:59:06: ...lock released
21:59:06: Power outlets have been successfully turned off
21:59:06: ...lock released
21:59:06: Turning PowerGroup off: Success
21:59:21: ======== Turning PowerGroup on
21:59:21: PowerGroup._pdu_cmd(on, [2], 3) called
21:59:21: Waiting for pdu lock
21:59:21: ...lock acquired
21:59:21: Sleep 0 seconds to work around the x610 power supply issue
21:59:22: HTTP POST was successfully executed
21:59:25: PowerGroup._pdu_cmd(status, [2], 3) called
21:59:25: Waiting for pdu lock
21:59:25: ...lock acquired
21:59:25: Current outlet status: {1: '0', 2: '1', 3: '0', 4: '0', 5: '0', 6: '0', 7: '0', 8: '0', 9: '1', 10: '0', 11: '0', 12: '0', 13: '0', 14: '0', 15: '0', 16: '0', 17: '1', 18: '0', 19: '0', 20: '0', 21: '0', 22: '0', 23: '0', 24: '0', 25: '5'}
21:59:25: ...lock released
21:59:25: Power outlets have been successfully turned on
21:59:25: ...lock released
21:59:25: Turning PowerGroup on: Success
21:59:36: ======== Turning PowerGroup off
21:59:36: PowerGroup._pdu_cmd(off, [2], 3) called
21:59:36: Waiting for pdu lock
21:59:36: ...lock acquired
21:59:36: HTTP POST was successfully executed
21:59:37: PowerGroup._pdu_cmd(status, [2], 3) called
21:59:37: Waiting for pdu lock
21:59:37: ...lock acquired
21:59:38: Current outlet status: {1: '0', 2: '0', 3: '0', 4: '0', 5: '0', 6: '0', 7: '0', 8: '0', 9: '1', 10: '0', 11: '0', 12: '0', 13: '0', 14: '0', 15: '0', 16: '0', 17: '1', 18: '0', 19: '0', 20: '0', 21: '0', 22: '0', 23: '0', 24: '0', 25: '5'}
21:59:38: ...lock released
21:59:38: Power outlets have been successfully turned off
21:59:38: ...lock released
21:59:38: Turning PowerGroup off: Success
21:59:54: ======== Turning PowerGroup on
21:59:54: PowerGroup._pdu_cmd(on, [2], 3) called
21:59:54: Waiting for pdu lock
21:59:54: ...lock acquired
21:59:54: Sleep 0 seconds to work around the x610 power supply issue
21:59:54: HTTP POST was successfully executed
21:59:57: PowerGroup._pdu_cmd(status, [2], 3) called
21:59:57: Waiting for pdu lock
21:59:57: ...lock acquired
21:59:57: Current outlet status: {1: '0', 2: '1', 3: '0', 4: '0', 5: '0', 6: '0', 7: '0', 8: '0', 9: '1', 10: '0', 11: '0', 12: '0', 13: '0', 14: '0', 15: '0', 16: '0', 17: '1', 18: '0', 19: '0', 20: '0', 21: '0', 22: '0', 23: '0', 24: '0', 25: '5'}
21:59:57: ...lock released
21:59:57: Power outlets have been successfully turned on
21:59:57: ...lock released
21:59:57: Turning PowerGroup on: Success
22:00:10: ======== Turning PowerGroup off
22:00:10: PowerGroup._pdu_cmd(off, [2], 3) called
22:00:10: Waiting for pdu lock
22:00:10: ...lock acquired
22:00:10: HTTP POST was successfully executed
22:00:11: PowerGroup._pdu_cmd(status, [2], 3) called
22:00:11: Waiting for pdu lock
22:00:11: ...lock acquired
22:00:11: Current outlet status: {1: '0', 2: '0', 3: '0', 4: '0', 5: '0', 6: '0', 7: '0', 8: '0', 9: '1', 10: '0', 11: '0', 12: '0', 13: '0', 14: '0', 15: '0', 16: '0', 17: '1', 18: '0', 19: '0', 20: '0', 21: '0', 22: '0', 23: '0', 24: '0', 25: '5'}
22:00:11: ...lock released
22:00:11: Power outlets have been successfully turned off
22:00:11: ...lock released
22:00:11: Turning PowerGroup off: Success
22:00:26: ======== Turning PowerGroup on
22:00:26: PowerGroup._pdu_cmd(on, [2], 3) called
22:00:26: Waiting for pdu lock
22:00:26: ...lock acquired
22:00:26: Sleep 0 seconds to work around the x610 power supply issue
22:00:26: HTTP POST was successfully executed
22:00:29: PowerGroup._pdu_cmd(status, [2], 3) called
22:00:29: Waiting for pdu lock
22:00:29: ...lock acquired
22:00:29: Current outlet status: {1: '0', 2: '1', 3: '0', 4: '0', 5: '0', 6: '0', 7: '0', 8: '0', 9: '1', 10: '0', 11: '0', 12: '0', 13: '0', 14: '0', 15: '0', 16: '0', 17: '1', 18: '0', 19: '0', 20: '0', 21: '0', 22: '0', 23: '0', 24: '0', 25: '5'}
22:00:29: ...lock released
22:00:29: Power outlets have been successfully turned on
22:00:29: ...lock released
22:00:29: Turning PowerGroup on: Success
22:00:41: ======== Turning PowerGroup off
22:00:41: PowerGroup._pdu_cmd(off, [2], 3) called
22:00:41: Waiting for pdu lock
22:00:41: ...lock acquired
22:00:42: HTTP POST was successfully executed
22:00:43: PowerGroup._pdu_cmd(status, [2], 3) called
22:00:43: Waiting for pdu lock
22:00:43: ...lock acquired
22:00:43: Current outlet status: {1: '0', 2: '0', 3: '0', 4: '0', 5: '0', 6: '0', 7: '0', 8: '0', 9: '1', 10: '0', 11: '0', 12: '0', 13: '0', 14: '0', 15: '0', 16: '0', 17: '1', 18: '0', 19: '0', 20: '0', 21: '0', 22: '0', 23: '0', 24: '0', 25: '5'}
22:00:43: ...lock released
22:00:43: Power outlets have been successfully turned off
22:00:43: ...lock released
22:00:43: Turning PowerGroup off: Success
22:00:59: ======== Turning PowerGroup on
22:00:59: PowerGroup._pdu_cmd(on, [2], 3) called
22:00:59: Waiting for pdu lock
22:00:59: ...lock acquired
22:00:59: Sleep 0 seconds to work around the x610 power supply issue
22:00:59: HTTP POST was successfully executed
22:01:02: PowerGroup._pdu_cmd(status, [2], 3) called
22:01:02: Waiting for pdu lock
22:01:02: ...lock acquired
22:01:02: Current outlet status: {1: '0', 2: '1', 3: '0', 4: '0', 5: '0', 6: '0', 7: '0', 8: '0', 9: '1', 10: '0', 11: '0', 12: '0', 13: '0', 14: '0', 15: '0', 16: '0', 17: '1', 18: '0', 19: '0', 20: '0', 21: '0', 22: '0', 23: '0', 24: '0', 25: '5'}
22:01:02: ...lock released
22:01:02: Power outlets have been successfully turned on
22:01:02: ...lock released
22:01:02: Turning PowerGroup on: Success
22:05:39: ======== Turning PowerGroup off
22:05:39: PowerGroup._pdu_cmd(off, [2], 3) called
22:05:39: Waiting for pdu lock
22:05:39: ...lock acquired
22:05:39: HTTP POST was successfully executed
22:05:40: PowerGroup._pdu_cmd(status, [2], 3) called
22:05:40: Waiting for pdu lock
22:05:40: ...lock acquired
22:05:40: Current outlet status: {1: '0', 2: '0', 3: '0', 4: '0', 5: '0', 6: '0', 7: '0', 8: '0', 9: '1', 10: '0', 11: '0', 12: '0', 13: '0', 14: '0', 15: '0', 16: '0', 17: '1', 18: '0', 19: '0', 20: '0', 21: '0', 22: '0', 23: '0', 24: '0', 25: '5'}
22:05:40: ...lock released
22:05:40: Power outlets have been successfully turned off
22:05:40: ...lock released
22:05:40: Turning PowerGroup off: Success
22:05:57: ======== Turning PowerGroup on
22:05:57: PowerGroup._pdu_cmd(on, [2], 3) called
22:05:57: Waiting for pdu lock
22:05:57: ...lock acquired
22:05:57: Sleep 0 seconds to work around the x610 power supply issue
22:05:57: HTTP POST was successfully executed
22:06:00: PowerGroup._pdu_cmd(status, [2], 3) called
22:06:01: Waiting for pdu lock
22:06:01: ...lock acquired
22:06:01: Current outlet status: {1: '0', 2: '1', 3: '0', 4: '0', 5: '0', 6: '0', 7: '0', 8: '0', 9: '1', 10: '0', 11: '0', 12: '0', 13: '0', 14: '0', 15: '0', 16: '0', 17: '1', 18: '0', 19: '0', 20: '0', 21: '0', 22: '0', 23: '0', 24: '0', 25: '5'}
22:06:01: ...lock released
22:06:01: Power outlets have been successfully turned on
22:06:01: ...lock released
22:06:01: Turning PowerGroup on: Success
22:06:10: ======== Turning PowerGroup off
22:06:10: PowerGroup._pdu_cmd(off, [2], 3) called
22:06:10: Waiting for pdu lock
22:06:10: ...lock acquired
22:06:10: HTTP POST was successfully executed
22:06:11: PowerGroup._pdu_cmd(status, [2], 3) called
22:06:11: Waiting for pdu lock
22:06:11: ...lock acquired
22:06:11: Current outlet status: {1: '0', 2: '0', 3: '0', 4: '0', 5: '0', 6: '0', 7: '0', 8: '0', 9: '1', 10: '0', 11: '0', 12: '0', 13: '0', 14: '0', 15: '0', 16: '0', 17: '1', 18: '0', 19: '0', 20: '0', 21: '0', 22: '0', 23: '0', 24: '0', 25: '5'}
22:06:11: ...lock released
22:06:11: Power outlets have been successfully turned off
22:06:11: ...lock released
22:06:11: Turning PowerGroup off: Success
22:06:27: ======== Turning PowerGroup on
22:06:27: PowerGroup._pdu_cmd(on, [2], 3) called
22:06:27: Waiting for pdu lock
22:06:27: ...lock acquired
22:06:28: Sleep 0 seconds to work around the x610 power supply issue
22:06:28: HTTP POST was successfully executed
22:06:31: PowerGroup._pdu_cmd(status, [2], 3) called
22:06:31: Waiting for pdu lock
22:06:31: ...lock acquired
22:06:31: Current outlet status: {1: '0', 2: '1', 3: '0', 4: '0', 5: '0', 6: '0', 7: '0', 8: '0', 9: '1', 10: '0', 11: '0', 12: '0', 13: '0', 14: '0', 15: '0', 16: '0', 17: '1', 18: '0', 19: '0', 20: '0', 21: '0', 22: '0', 23: '0', 24: '0', 25: '5'}
22:06:32: ...lock released
22:06:32: Power outlets have been successfully turned on
22:06:32: ...lock released
22:06:32: Turning PowerGroup on: Success
22:06:44: ======== Turning PowerGroup off
22:06:44: PowerGroup._pdu_cmd(off, [2], 3) called
22:06:44: Waiting for pdu lock
22:06:44: ...lock acquired
22:06:44: HTTP POST was successfully executed
22:06:45: PowerGroup._pdu_cmd(status, [2], 3) called
22:06:45: Waiting for pdu lock
22:06:45: ...lock acquired
22:06:45: Current outlet status: {1: '0', 2: '0', 3: '0', 4: '0', 5: '0', 6: '0', 7: '0', 8: '0', 9: '1', 10: '0', 11: '0', 12: '0', 13: '0', 14: '0', 15: '0', 16: '0', 17: '1', 18: '0', 19: '0', 20: '0', 21: '0', 22: '0', 23: '0', 24: '0', 25: '5'}
22:06:45: ...lock released
22:06:45: Power outlets have been successfully turned off
22:06:45: ...lock released
22:06:45: Turning PowerGroup off: Success
22:07:00: ======== Turning PowerGroup on
22:07:00: PowerGroup._pdu_cmd(on, [2], 3) called
22:07:00: Waiting for pdu lock
22:07:00: ...lock acquired
22:07:00: Sleep 0 seconds to work around the x610 power supply issue
22:07:00: HTTP POST was successfully executed
22:07:03: PowerGroup._pdu_cmd(status, [2], 3) called
22:07:03: Waiting for pdu lock
22:07:03: ...lock acquired
22:07:03: Current outlet status: {1: '0', 2: '1', 3: '0', 4: '0', 5: '0', 6: '0', 7: '0', 8: '0', 9: '1', 10: '0', 11: '0', 12: '0', 13: '0', 14: '0', 15: '0', 16: '0', 17: '1', 18: '0', 19: '0', 20: '0', 21: '0', 22: '0', 23: '0', 24: '0', 25: '5'}
22:07:03: ...lock released
22:07:03: Power outlets have been successfully turned on
22:07:03: ...lock released
22:07:03: Turning PowerGroup on: Success
22:07:14: ======== Turning PowerGroup off
22:07:14: PowerGroup._pdu_cmd(off, [2], 3) called
22:07:14: Waiting for pdu lock
22:07:14: ...lock acquired
22:07:14: HTTP POST was successfully executed
22:07:15: PowerGroup._pdu_cmd(status, [2], 3) called
22:07:17: Waiting for pdu lock
22:07:17: ...lock acquired
22:07:17: Current outlet status: {1: '0', 2: '0', 3: '0', 4: '0', 5: '0', 6: '0', 7: '0', 8: '0', 9: '1', 10: '0', 11: '0', 12: '0', 13: '0', 14: '0', 15: '0', 16: '0', 17: '1', 18: '0', 19: '0', 20: '0', 21: '0', 22: '0', 23: '0', 24: '0', 25: '5'}
22:07:17: ...lock released
22:07:17: Power outlets have been successfully turned off
22:07:17: ...lock released
22:07:17: Turning PowerGroup off: Success
22:07:33: ======== Turning PowerGroup on
22:07:33: PowerGroup._pdu_cmd(on, [2], 3) called
22:07:33: Waiting for pdu lock
22:07:33: ...lock acquired
22:07:33: Sleep 0 seconds to work around the x610 power supply issue
22:07:33: HTTP POST was successfully executed
22:07:36: PowerGroup._pdu_cmd(status, [2], 3) called
22:07:36: Waiting for pdu lock
22:07:36: ...lock acquired
22:07:36: Current outlet status: {1: '0', 2: '1', 3: '0', 4: '0', 5: '0', 6: '0', 7: '0', 8: '0', 9: '1', 10: '0', 11: '0', 12: '0', 13: '0', 14: '0', 15: '0', 16: '0', 17: '1', 18: '0', 19: '0', 20: '0', 21: '0', 22: '0', 23: '0', 24: '0', 25: '5'}
22:07:36: ...lock released
22:07:36: Power outlets have been successfully turned on
22:07:36: ...lock released
22:07:36: Turning PowerGroup on: Success
22:07:47: ======== Turning PowerGroup off
22:07:47: PowerGroup._pdu_cmd(off, [2], 3) called
22:07:47: Waiting for pdu lock
22:07:47: ...lock acquired
22:07:47: HTTP POST was successfully executed
22:07:49: PowerGroup._pdu_cmd(status, [2], 3) called
22:07:49: Waiting for pdu lock
22:07:49: ...lock acquired
22:07:49: Current outlet status: {1: '0', 2: '0', 3: '0', 4: '0', 5: '0', 6: '0', 7: '0', 8: '0', 9: '1', 10: '0', 11: '0', 12: '0', 13: '0', 14: '0', 15: '0', 16: '0', 17: '1', 18: '0', 19: '0', 20: '0', 21: '0', 22: '0', 23: '0', 24: '0', 25: '5'}
22:07:49: ...lock released
22:07:49: Power outlets have been successfully turned off
22:07:49: ...lock released
22:07:49: Turning PowerGroup off: Success
22:08:05: ======== Turning PowerGroup on
22:08:05: PowerGroup._pdu_cmd(on, [2], 3) called
22:08:05: Waiting for pdu lock
22:08:05: ...lock acquired
22:08:05: Sleep 0 seconds to work around the x610 power supply issue
22:08:05: HTTP POST was successfully executed
22:08:08: PowerGroup._pdu_cmd(status, [2], 3) called
22:08:08: Waiting for pdu lock
22:08:08: ...lock acquired
22:08:08: Current outlet status: {1: '0', 2: '1', 3: '0', 4: '0', 5: '0', 6: '0', 7: '0', 8: '0', 9: '1', 10: '0', 11: '0', 12: '0', 13: '0', 14: '0', 15: '0', 16: '0', 17: '1', 18: '0', 19: '0', 20: '0', 21: '0', 22: '0', 23: '0', 24: '0', 25: '5'}
22:08:08: ...lock released
22:08:08: Power outlets have been successfully turned on
22:08:08: ...lock released
22:08:08: Turning PowerGroup on: Success
22:08:19: ======== Turning PowerGroup off
22:08:19: PowerGroup._pdu_cmd(off, [2], 3) called
22:08:19: Waiting for pdu lock
22:08:19: ...lock acquired
22:08:19: HTTP POST was successfully executed
22:08:20: PowerGroup._pdu_cmd(status, [2], 3) called
22:08:20: Waiting for pdu lock
22:08:20: ...lock acquired
22:08:20: Current outlet status: {1: '0', 2: '0', 3: '0', 4: '0', 5: '0', 6: '0', 7: '0', 8: '0', 9: '1', 10: '0', 11: '0', 12: '0', 13: '0', 14: '0', 15: '0', 16: '0', 17: '1', 18: '0', 19: '0', 20: '0', 21: '0', 22: '0', 23: '0', 24: '0', 25: '5'}
22:08:20: ...lock released
22:08:20: Power outlets have been successfully turned off
22:08:20: ...lock released
22:08:20: Turning PowerGroup off: Success
22:08:38: ======== Turning PowerGroup on
22:08:38: PowerGroup._pdu_cmd(on, [2], 3) called
22:08:38: Waiting for pdu lock
22:08:38: ...lock acquired
22:08:38: Sleep 0 seconds to work around the x610 power supply issue
22:08:38: HTTP POST was successfully executed
22:08:41: PowerGroup._pdu_cmd(status, [2], 3) called
22:08:41: Waiting for pdu lock
22:08:41: ...lock acquired
22:08:41: Current outlet status: {1: '0', 2: '1', 3: '0', 4: '0', 5: '0', 6: '0', 7: '0', 8: '0', 9: '1', 10: '0', 11: '0', 12: '0', 13: '0', 14: '0', 15: '0', 16: '0', 17: '1', 18: '0', 19: '0', 20: '0', 21: '0', 22: '0', 23: '0', 24: '0', 25: '5'}
22:08:41: ...lock released
22:08:41: Power outlets have been successfully turned on
22:08:41: ...lock released
22:08:41: Turning PowerGroup on: Success
22:11:30: ========= TestCase 102 Tear Down =========
22:11:40: ======== Turning PowerGroup off
22:11:40: PowerGroup._pdu_cmd(off, [2], 3) called
22:11:40: Waiting for pdu lock
22:11:40: ...lock acquired
22:11:40: HTTP POST was successfully executed
22:11:41: PowerGroup._pdu_cmd(status, [2], 3) called
22:11:41: Waiting for pdu lock
22:11:41: ...lock acquired
22:11:41: Current outlet status: {1: '0', 2: '0', 3: '0', 4: '0', 5: '0', 6: '0', 7: '0', 8: '0', 9: '1', 10: '0', 11: '0', 12: '0', 13: '0', 14: '0', 15: '0', 16: '0', 17: '1', 18: '0', 19: '0', 20: '0', 21: '0', 22: '0', 23: '0', 24: '0', 25: '5'}
22:11:41: ...lock released
22:11:41: Power outlets have been successfully turned off
22:11:41: ...lock released
22:11:41: Turning PowerGroup off: Success
22:11:46: ======== Turning PowerGroup off
22:11:46: PowerGroup._pdu_cmd(off, [2], 3) called
22:11:46: Waiting for pdu lock
22:11:46: ...lock acquired
22:11:46: Power outlets are already in the desired state
22:11:46: ...lock released
22:11:46: Turning PowerGroup off: Success
22:11:52: ======== Turning PowerGroup off
22:11:52: PowerGroup._pdu_cmd(off, [2], 3) called
22:11:52: Waiting for pdu lock
22:11:52: ...lock acquired
22:11:52: Power outlets are already in the desired state
22:11:52: ...lock released
22:11:52: Turning PowerGroup off: Success
22:12:07: ======== Turning PowerGroup on
22:12:07: PowerGroup._pdu_cmd(on, [2], 3) called
22:12:07: Waiting for pdu lock
22:12:07: ...lock acquired
22:12:07: Sleep 0 seconds to work around the x610 power supply issue
22:12:07: HTTP POST was successfully executed
22:12:10: PowerGroup._pdu_cmd(status, [2], 3) called
22:12:11: Waiting for pdu lock
22:12:11: ...lock acquired
22:12:11: Current outlet status: {1: '0', 2: '1', 3: '0', 4: '0', 5: '0', 6: '0', 7: '0', 8: '0', 9: '1', 10: '0', 11: '0', 12: '0', 13: '0', 14: '0', 15: '0', 16: '0', 17: '1', 18: '0', 19: '0', 20: '0', 21: '0', 22: '0', 23: '0', 24: '0', 25: '5'}
22:12:11: ...lock released
22:12:11: Power outlets have been successfully turned on
22:12:11: ...lock released
22:12:11: Turning PowerGroup on: Success
22:17:00: ======== Turning PowerGroup off
22:17:00: PowerGroup._pdu_cmd(off, [2], 3) called
22:17:00: Waiting for pdu lock
22:17:00: ...lock acquired
22:17:00: HTTP POST was successfully executed
22:17:01: PowerGroup._pdu_cmd(status, [2], 3) called
22:17:01: Waiting for pdu lock
22:17:01: ...lock acquired
22:17:01: Current outlet status: {1: '0', 2: '0', 3: '0', 4: '0', 5: '0', 6: '0', 7: '0', 8: '0', 9: '1', 10: '0', 11: '0', 12: '0', 13: '0', 14: '0', 15: '0', 16: '0', 17: '1', 18: '0', 19: '0', 20: '0', 21: '0', 22: '0', 23: '0', 24: '0', 25: '5'}
22:17:01: ...lock released
22:17:01: Power outlets have been successfully turned off
22:17:01: ...lock released
22:17:01: Turning PowerGroup off: Success
22:17:06: ======== Turning PowerGroup on
22:17:06: PowerGroup._pdu_cmd(on, [2], 3) called
22:17:06: Waiting for pdu lock
22:17:06: ...lock acquired
22:17:06: Sleep 8.441885232925415 seconds to work around the x610 power supply issue
22:17:15: HTTP POST was successfully executed
22:17:18: PowerGroup._pdu_cmd(status, [2], 3) called
22:17:18: Waiting for pdu lock
22:17:18: ...lock acquired
22:17:18: Current outlet status: {1: '0', 2: '1', 3: '0', 4: '0', 5: '0', 6: '0', 7: '0', 8: '0', 9: '1', 10: '0', 11: '0', 12: '0', 13: '0', 14: '0', 15: '0', 16: '0', 17: '1', 18: '0', 19: '0', 20: '0', 21: '0', 22: '0', 23: '0', 24: '0', 25: '5'}
22:17:18: ...lock released
22:17:18: Power outlets have been successfully turned on
22:17:18: ...lock released
22:17:18: Turning PowerGroup on: Success
22:19:40: ========= TestCase 110 Starting =========
22:19:55: ======== Turning PowerGroup off
22:19:55: PowerGroup._pdu_cmd(off, [2], 3) called
22:19:55: Waiting for pdu lock
22:19:55: ...lock acquired
22:19:56: HTTP POST was successfully executed
22:19:57: PowerGroup._pdu_cmd(status, [2], 3) called
22:19:57: Waiting for pdu lock
22:19:57: ...lock acquired
22:19:57: Current outlet status: {1: '0', 2: '0', 3: '0', 4: '0', 5: '0', 6: '0', 7: '0', 8: '0', 9: '1', 10: '0', 11: '0', 12: '0', 13: '0', 14: '0', 15: '0', 16: '0', 17: '1', 18: '0', 19: '0', 20: '0', 21: '0', 22: '0', 23: '0', 24: '0', 25: '5'}
22:19:57: ...lock released
22:19:57: Power outlets have been successfully turned off
22:19:57: ...lock released
22:19:57: Turning PowerGroup off: Success
22:20:13: ======== Turning PowerGroup on
22:20:13: PowerGroup._pdu_cmd(on, [2], 3) called
22:20:13: Waiting for pdu lock
22:20:13: ...lock acquired
22:20:13: Sleep 0 seconds to work around the x610 power supply issue
22:20:13: HTTP POST was successfully executed
22:20:16: PowerGroup._pdu_cmd(status, [2], 3) called
22:20:16: Waiting for pdu lock
22:20:16: ...lock acquired
22:20:16: Current outlet status: {1: '0', 2: '1', 3: '0', 4: '0', 5: '0', 6: '0', 7: '0', 8: '0', 9: '1', 10: '0', 11: '0', 12: '0', 13: '0', 14: '0', 15: '0', 16: '0', 17: '1', 18: '0', 19: '0', 20: '0', 21: '0', 22: '0', 23: '0', 24: '0', 25: '5'}
22:20:19: ...lock released
22:20:19: Power outlets have been successfully turned on
22:20:19: ...lock released
22:20:19: Turning PowerGroup on: Success
22:21:34: ======== Turning PowerGroup off
22:21:34: PowerGroup._pdu_cmd(off, [2], 3) called
22:21:35: Waiting for pdu lock
22:21:35: ...lock acquired
22:21:35: HTTP POST was successfully executed
22:21:36: PowerGroup._pdu_cmd(status, [2], 3) called
22:21:36: Waiting for pdu lock
22:21:36: ...lock acquired
22:21:36: Current outlet status: {1: '0', 2: '0', 3: '0', 4: '0', 5: '0', 6: '0', 7: '0', 8: '0', 9: '1', 10: '0', 11: '0', 12: '0', 13: '0', 14: '0', 15: '0', 16: '0', 17: '1', 18: '0', 19: '0', 20: '0', 21: '0', 22: '0', 23: '0', 24: '0', 25: '5'}
22:21:36: ...lock released
22:21:36: Power outlets have been successfully turned off
22:21:36: ...lock released
22:21:36: Turning PowerGroup off: Success
22:21:52: ======== Turning PowerGroup on
22:21:52: PowerGroup._pdu_cmd(on, [2], 3) called
22:21:52: Waiting for pdu lock
22:21:52: ...lock acquired
22:21:52: Sleep 0 seconds to work around the x610 power supply issue
22:21:52: HTTP POST was successfully executed
22:21:55: PowerGroup._pdu_cmd(status, [2], 3) called
22:21:55: Waiting for pdu lock
22:21:55: ...lock acquired
22:21:55: Current outlet status: {1: '0', 2: '1', 3: '0', 4: '0', 5: '0', 6: '0', 7: '0', 8: '0', 9: '1', 10: '0', 11: '0', 12: '0', 13: '0', 14: '0', 15: '0', 16: '0', 17: '1', 18: '0', 19: '0', 20: '0', 21: '0', 22: '0', 23: '0', 24: '0', 25: '5'}
22:21:55: ...lock released
22:21:55: Power outlets have been successfully turned on
22:21:55: ...lock released
22:21:55: Turning PowerGroup on: Success
22:22:06: ======== Turning PowerGroup off
22:22:06: PowerGroup._pdu_cmd(off, [2], 3) called
22:22:06: Waiting for pdu lock
22:22:06: ...lock acquired
22:22:06: HTTP POST was successfully executed
22:22:07: PowerGroup._pdu_cmd(status, [2], 3) called
22:22:07: Waiting for pdu lock
22:22:07: ...lock acquired
22:22:07: Current outlet status: {1: '0', 2: '0', 3: '0', 4: '0', 5: '0', 6: '0', 7: '0', 8: '0', 9: '1', 10: '0', 11: '0', 12: '0', 13: '0', 14: '0', 15: '0', 16: '0', 17: '1', 18: '0', 19: '0', 20: '0', 21: '0', 22: '0', 23: '0', 24: '0', 25: '5'}
22:22:07: ...lock released
22:22:07: Power outlets have been successfully turned off
22:22:07: ...lock released
22:22:07: Turning PowerGroup off: Success
22:22:12: ======== Turning PowerGroup off
22:22:12: PowerGroup._pdu_cmd(off, [2], 3) called
22:22:12: Waiting for pdu lock
22:22:12: ...lock acquired
22:22:12: Power outlets are already in the desired state
22:22:12: ...lock released
22:22:12: Turning PowerGroup off: Success
22:22:18: ======== Turning PowerGroup off
22:22:18: PowerGroup._pdu_cmd(off, [2], 3) called
22:22:18: Waiting for pdu lock
22:22:18: ...lock acquired
22:22:18: Power outlets are already in the desired state
22:22:18: ...lock released
22:22:18: Turning PowerGroup off: Success
22:22:33: ======== Turning PowerGroup on
22:22:33: PowerGroup._pdu_cmd(on, [2], 3) called
22:22:33: Waiting for pdu lock
22:22:33: ...lock acquired
22:22:33: Sleep 0 seconds to work around the x610 power supply issue
22:22:33: HTTP POST was successfully executed
22:22:36: PowerGroup._pdu_cmd(status, [2], 3) called
22:22:36: Waiting for pdu lock
22:22:36: ...lock acquired
22:22:36: Current outlet status: {1: '0', 2: '1', 3: '0', 4: '0', 5: '0', 6: '0', 7: '0', 8: '0', 9: '1', 10: '0', 11: '0', 12: '0', 13: '0', 14: '0', 15: '0', 16: '0', 17: '1', 18: '0', 19: '0', 20: '0', 21: '0', 22: '0', 23: '0', 24: '0', 25: '5'}
22:22:36: ...lock released
22:22:36: Power outlets have been successfully turned on
22:22:36: ...lock released
22:22:36: Turning PowerGroup on: Success
22:29:45: ======== Turning PowerGroup off
22:29:45: PowerGroup._pdu_cmd(off, [2], 3) called
22:29:45: Waiting for pdu lock
22:29:45: ...lock acquired
22:29:45: HTTP POST was successfully executed
22:29:46: PowerGroup._pdu_cmd(status, [2], 3) called
22:29:46: Waiting for pdu lock
22:29:46: ...lock acquired
22:29:46: Current outlet status: {1: '0', 2: '0', 3: '0', 4: '0', 5: '0', 6: '0', 7: '0', 8: '0', 9: '1', 10: '0', 11: '0', 12: '0', 13: '0', 14: '0', 15: '0', 16: '0', 17: '1', 18: '0', 19: '0', 20: '0', 21: '0', 22: '0', 23: '0', 24: '0', 25: '5'}
22:29:46: ...lock released
22:29:46: Power outlets have been successfully turned off
22:29:46: ...lock released
22:29:46: Turning PowerGroup off: Success
22:30:01: ======== Turning PowerGroup on
22:30:01: PowerGroup._pdu_cmd(on, [2], 3) called
22:30:01: Waiting for pdu lock
22:30:01: ...lock acquired
22:30:01: Sleep 0 seconds to work around the x610 power supply issue
22:30:01: HTTP POST was successfully executed
22:30:04: PowerGroup._pdu_cmd(status, [2], 3) called
22:30:04: Waiting for pdu lock
22:30:04: ...lock acquired
22:30:04: Current outlet status: {1: '0', 2: '1', 3: '0', 4: '0', 5: '0', 6: '0', 7: '0', 8: '0', 9: '1', 10: '0', 11: '0', 12: '0', 13: '0', 14: '0', 15: '0', 16: '0', 17: '1', 18: '0', 19: '0', 20: '0', 21: '0', 22: '0', 23: '0', 24: '0', 25: '5'}
22:30:04: ...lock released
22:30:04: Power outlets have been successfully turned on
22:30:04: ...lock released
22:30:04: Turning PowerGroup on: Success
22:30:14: ======== Turning PowerGroup off
22:30:14: PowerGroup._pdu_cmd(off, [2], 3) called
22:30:14: Waiting for pdu lock
22:30:14: ...lock acquired
22:30:14: HTTP POST was successfully executed
22:30:15: PowerGroup._pdu_cmd(status, [2], 3) called
22:30:15: Waiting for pdu lock
22:30:15: ...lock acquired
22:30:15: Current outlet status: {1: '0', 2: '0', 3: '0', 4: '0', 5: '0', 6: '0', 7: '0', 8: '0', 9: '1', 10: '0', 11: '0', 12: '0', 13: '0', 14: '0', 15: '0', 16: '0', 17: '1', 18: '0', 19: '0', 20: '0', 21: '0', 22: '0', 23: '0', 24: '0', 25: '5'}
22:30:15: ...lock released
22:30:15: Power outlets have been successfully turned off
22:30:15: ...lock released
22:30:15: Turning PowerGroup off: Success
22:30:20: ======== Turning PowerGroup off
22:30:20: PowerGroup._pdu_cmd(off, [2], 3) called
22:30:20: Waiting for pdu lock
22:30:20: ...lock acquired
22:30:20: Power outlets are already in the desired state
22:30:20: ...lock released
22:30:20: Turning PowerGroup off: Success
22:30:25: ======== Turning PowerGroup off
22:30:25: PowerGroup._pdu_cmd(off, [2], 3) called
22:30:25: Waiting for pdu lock
22:30:25: ...lock acquired
22:30:25: Power outlets are already in the desired state
22:30:25: ...lock released
22:30:25: Turning PowerGroup off: Success
22:30:40: ======== Turning PowerGroup on
22:30:40: PowerGroup._pdu_cmd(on, [2], 3) called
22:30:40: Waiting for pdu lock
22:30:40: ...lock acquired
22:30:40: Sleep 0 seconds to work around the x610 power supply issue
22:30:41: HTTP POST was successfully executed
22:30:44: PowerGroup._pdu_cmd(status, [2], 3) called
22:30:44: Waiting for pdu lock
22:30:44: ...lock acquired
22:30:44: Current outlet status: {1: '0', 2: '1', 3: '0', 4: '0', 5: '0', 6: '0', 7: '0', 8: '0', 9: '1', 10: '0', 11: '0', 12: '0', 13: '0', 14: '0', 15: '0', 16: '0', 17: '1', 18: '0', 19: '0', 20: '0', 21: '0', 22: '0', 23: '0', 24: '0', 25: '5'}
22:30:44: ...lock released
22:30:44: Power outlets have been successfully turned on
22:30:44: ...lock released
22:30:44: Turning PowerGroup on: Success
22:37:52: ======== Turning PowerGroup off
22:37:52: PowerGroup._pdu_cmd(off, [2], 3) called
22:37:52: Waiting for pdu lock
22:37:52: ...lock acquired
22:37:52: HTTP POST was successfully executed
22:37:53: PowerGroup._pdu_cmd(status, [2], 3) called
22:37:53: Waiting for pdu lock
22:37:53: ...lock acquired
22:37:53: Current outlet status: {1: '0', 2: '0', 3: '0', 4: '0', 5: '0', 6: '0', 7: '0', 8: '0', 9: '1', 10: '0', 11: '0', 12: '0', 13: '0', 14: '0', 15: '0', 16: '0', 17: '1', 18: '0', 19: '0', 20: '0', 21: '0', 22: '0', 23: '0', 24: '0', 25: '5'}
22:37:53: ...lock released
22:37:53: Power outlets have been successfully turned off
22:37:53: ...lock released
22:37:53: Turning PowerGroup off: Success
22:38:08: ======== Turning PowerGroup on
22:38:08: PowerGroup._pdu_cmd(on, [2], 3) called
22:38:08: Waiting for pdu lock
22:38:08: ...lock acquired
22:38:08: Sleep 0 seconds to work around the x610 power supply issue
22:38:08: HTTP POST was successfully executed
22:38:11: PowerGroup._pdu_cmd(status, [2], 3) called
22:38:11: Waiting for pdu lock
22:38:11: ...lock acquired
22:38:11: Current outlet status: {1: '0', 2: '1', 3: '0', 4: '0', 5: '0', 6: '0', 7: '0', 8: '0', 9: '1', 10: '0', 11: '0', 12: '0', 13: '0', 14: '0', 15: '0', 16: '0', 17: '1', 18: '0', 19: '0', 20: '0', 21: '0', 22: '0', 23: '0', 24: '0', 25: '5'}
22:38:11: ...lock released
22:38:11: Power outlets have been successfully turned on
22:38:11: ...lock released
22:38:11: Turning PowerGroup on: Success
22:45:05: ========= TestCase 110 Tear Down =========
22:45:23: ======== Turning PowerGroup off
22:45:23: PowerGroup._pdu_cmd(off, [2], 3) called
22:45:23: Waiting for pdu lock
22:45:23: ...lock acquired
22:45:23: HTTP POST was successfully executed
22:45:24: PowerGroup._pdu_cmd(status, [2], 3) called
22:45:24: Waiting for pdu lock
22:45:24: ...lock acquired
22:45:24: Current outlet status: {1: '0', 2: '0', 3: '0', 4: '0', 5: '0', 6: '0', 7: '0', 8: '0', 9: '1', 10: '0', 11: '0', 12: '0', 13: '0', 14: '0', 15: '0', 16: '0', 17: '1', 18: '0', 19: '0', 20: '0', 21: '0', 22: '0', 23: '0', 24: '0', 25: '5'}
22:45:24: ...lock released
22:45:24: Power outlets have been successfully turned off
22:45:24: ...lock released
22:45:24: Turning PowerGroup off: Success
22:45:30: ======== Turning PowerGroup on
22:45:30: PowerGroup._pdu_cmd(on, [2], 3) called
22:45:30: Waiting for pdu lock
22:45:30: ...lock acquired
22:45:30: Sleep 7.711567401885986 seconds to work around the x610 power supply issue
22:45:38: HTTP POST was successfully executed
22:45:41: PowerGroup._pdu_cmd(status, [2], 3) called
22:45:41: Waiting for pdu lock
22:45:41: ...lock acquired
22:45:41: Current outlet status: {1: '0', 2: '1', 3: '0', 4: '0', 5: '0', 6: '0', 7: '0', 8: '0', 9: '1', 10: '0', 11: '0', 12: '0', 13: '0', 14: '0', 15: '0', 16: '0', 17: '1', 18: '0', 19: '0', 20: '0', 21: '0', 22: '0', 23: '0', 24: '0', 25: '5'}
22:45:41: ...lock released
22:45:41: Power outlets have been successfully turned on
22:45:41: ...lock released
22:45:41: Turning PowerGroup on: Success
22:48:02: ========= TestCase 111 Starting =========
22:48:12: ========= TestCase 111 Tear Down =========
22:48:25: ========= TestCase 112 Starting =========
22:52:10: ======== Turning PowerGroup off
22:52:10: PowerGroup._pdu_cmd(off, [2], 3) called
22:52:10: Waiting for pdu lock
22:52:10: ...lock acquired
22:52:10: HTTP POST was successfully executed
22:52:11: PowerGroup._pdu_cmd(status, [2], 3) called
22:52:11: Waiting for pdu lock
22:52:11: ...lock acquired
22:52:11: Current outlet status: {1: '0', 2: '0', 3: '0', 4: '0', 5: '0', 6: '0', 7: '0', 8: '0', 9: '1', 10: '0', 11: '0', 12: '0', 13: '0', 14: '0', 15: '0', 16: '0', 17: '1', 18: '0', 19: '0', 20: '0', 21: '0', 22: '0', 23: '0', 24: '0', 25: '5'}
22:52:11: ...lock released
22:52:11: Power outlets have been successfully turned off
22:52:11: ...lock released
22:52:11: Turning PowerGroup off: Success
22:52:27: ======== Turning PowerGroup on
22:52:27: PowerGroup._pdu_cmd(on, [2], 3) called
22:52:27: Waiting for pdu lock
22:52:27: ...lock acquired
22:52:27: Sleep 0 seconds to work around the x610 power supply issue
22:52:27: HTTP POST was successfully executed
22:52:30: PowerGroup._pdu_cmd(status, [2], 3) called
22:52:30: Waiting for pdu lock
22:52:30: ...lock acquired
22:52:30: Current outlet status: {1: '0', 2: '1', 3: '0', 4: '0', 5: '0', 6: '0', 7: '0', 8: '0', 9: '1', 10: '0', 11: '0', 12: '0', 13: '0', 14: '0', 15: '0', 16: '0', 17: '1', 18: '0', 19: '0', 20: '0', 21: '0', 22: '0', 23: '0', 24: '0', 25: '5'}
22:52:30: ...lock released
22:52:30: Power outlets have been successfully turned on
22:52:30: ...lock released
22:52:30: Turning PowerGroup on: Success
22:54:45: ======== Turning PowerGroup off
22:54:45: PowerGroup._pdu_cmd(off, [2], 3) called
22:54:45: Waiting for pdu lock
22:54:45: ...lock acquired
22:54:45: HTTP POST was successfully executed
22:54:46: PowerGroup._pdu_cmd(status, [2], 3) called
22:54:46: Waiting for pdu lock
22:54:46: ...lock acquired
22:54:46: Current outlet status: {1: '0', 2: '0', 3: '0', 4: '0', 5: '0', 6: '0', 7: '0', 8: '0', 9: '1', 10: '0', 11: '0', 12: '0', 13: '0', 14: '0', 15: '0', 16: '0', 17: '1', 18: '0', 19: '0', 20: '0', 21: '0', 22: '0', 23: '0', 24: '0', 25: '5'}
22:54:46: ...lock released
22:54:46: Power outlets have been successfully turned off
22:54:46: ...lock released
22:54:46: Turning PowerGroup off: Success
22:55:01: ======== Turning PowerGroup on
22:55:01: PowerGroup._pdu_cmd(on, [2], 3) called
22:55:01: Waiting for pdu lock
22:55:01: ...lock acquired
22:55:02: Sleep 0 seconds to work around the x610 power supply issue
22:55:02: HTTP POST was successfully executed
22:55:05: PowerGroup._pdu_cmd(status, [2], 3) called
22:55:05: Waiting for pdu lock
22:55:05: ...lock acquired
22:55:05: Current outlet status: {1: '0', 2: '1', 3: '0', 4: '0', 5: '0', 6: '0', 7: '0', 8: '0', 9: '1', 10: '0', 11: '0', 12: '0', 13: '0', 14: '0', 15: '0', 16: '0', 17: '1', 18: '0', 19: '0', 20: '0', 21: '0', 22: '0', 23: '0', 24: '0', 25: '5'}
22:55:05: ...lock released
22:55:05: Power outlets have been successfully turned on
22:55:05: ...lock released
22:55:05: Turning PowerGroup on: Success
22:59:44: ========= TestCase 112 Tear Down =========
23:00:01: ========= TestCase 119 Starting =========
23:07:26: ======== Turning PowerGroup off
23:07:26: PowerGroup._pdu_cmd(off, [2], 3) called
23:07:26: Waiting for pdu lock
23:07:26: ...lock acquired
23:07:26: HTTP POST was successfully executed
23:07:27: PowerGroup._pdu_cmd(status, [2], 3) called
23:07:27: Waiting for pdu lock
23:07:27: ...lock acquired
23:07:27: Current outlet status: {1: '0', 2: '0', 3: '0', 4: '0', 5: '0', 6: '0', 7: '0', 8: '0', 9: '1', 10: '0', 11: '0', 12: '0', 13: '0', 14: '0', 15: '0', 16: '0', 17: '1', 18: '0', 19: '0', 20: '0', 21: '0', 22: '0', 23: '0', 24: '0', 25: '5'}
23:07:27: ...lock released
23:07:27: Power outlets have been successfully turned off
23:07:27: ...lock released
23:07:27: Turning PowerGroup off: Success
23:07:45: ======== Turning PowerGroup on
23:07:45: PowerGroup._pdu_cmd(on, [2], 3) called
23:07:45: Waiting for pdu lock
23:07:45: ...lock acquired
23:07:45: Sleep 0 seconds to work around the x610 power supply issue
23:07:45: HTTP POST was successfully executed
23:07:48: PowerGroup._pdu_cmd(status, [2], 3) called
23:07:48: Waiting for pdu lock
23:07:48: ...lock acquired
23:07:48: Current outlet status: {1: '0', 2: '1', 3: '0', 4: '0', 5: '0', 6: '0', 7: '0', 8: '0', 9: '1', 10: '0', 11: '0', 12: '0', 13: '0', 14: '0', 15: '0', 16: '0', 17: '1', 18: '0', 19: '0', 20: '0', 21: '0', 22: '0', 23: '0', 24: '0', 25: '5'}
23:07:48: ...lock released
23:07:48: Power outlets have been successfully turned on
23:07:48: ...lock released
23:07:48: Turning PowerGroup on: Success
23:08:03: ========= TestCase 119 Tear Down =========
23:10:43: ========= TestCase 120 Starting =========
23:17:28: ======== Turning PowerGroup off
23:17:28: PowerGroup._pdu_cmd(off, [2], 3) called
23:17:28: Waiting for pdu lock
23:17:28: ...lock acquired
23:17:28: HTTP POST was successfully executed
23:17:29: PowerGroup._pdu_cmd(status, [2], 3) called
23:17:29: Waiting for pdu lock
23:17:29: ...lock acquired
23:17:29: Current outlet status: {1: '0', 2: '0', 3: '0', 4: '0', 5: '0', 6: '0', 7: '0', 8: '0', 9: '1', 10: '0', 11: '0', 12: '0', 13: '0', 14: '0', 15: '0', 16: '0', 17: '1', 18: '0', 19: '0', 20: '0', 21: '0', 22: '0', 23: '0', 24: '0', 25: '5'}
23:17:29: ...lock released
23:17:29: Power outlets have been successfully turned off
23:17:29: ...lock released
23:17:29: Turning PowerGroup off: Success
23:17:45: ======== Turning PowerGroup on
23:17:45: PowerGroup._pdu_cmd(on, [2], 3) called
23:17:45: Waiting for pdu lock
23:17:45: ...lock acquired
23:17:45: Sleep 0 seconds to work around the x610 power supply issue
23:17:45: HTTP POST was successfully executed
23:17:48: PowerGroup._pdu_cmd(status, [2], 3) called
23:17:48: Waiting for pdu lock
23:17:48: ...lock acquired
23:17:48: Current outlet status: {1: '0', 2: '1', 3: '0', 4: '0', 5: '0', 6: '0', 7: '0', 8: '0', 9: '1', 10: '0', 11: '0', 12: '0', 13: '0', 14: '0', 15: '0', 16: '0', 17: '1', 18: '0', 19: '0', 20: '0', 21: '0', 22: '0', 23: '0', 24: '0', 25: '5'}
23:17:48: ...lock released
23:17:48: Power outlets have been successfully turned on
23:17:48: ...lock released
23:17:48: Turning PowerGroup on: Success
23:20:28: ======== Turning PowerGroup off
23:20:28: PowerGroup._pdu_cmd(off, [2], 3) called
23:20:28: Waiting for pdu lock
23:20:28: ...lock acquired
23:20:28: HTTP POST was successfully executed
23:20:29: PowerGroup._pdu_cmd(status, [2], 3) called
23:20:29: Waiting for pdu lock
23:20:29: ...lock acquired
23:20:29: Current outlet status: {1: '0', 2: '0', 3: '0', 4: '0', 5: '0', 6: '0', 7: '0', 8: '0', 9: '1', 10: '0', 11: '0', 12: '0', 13: '0', 14: '0', 15: '0', 16: '0', 17: '1', 18: '0', 19: '0', 20: '0', 21: '0', 22: '0', 23: '0', 24: '0', 25: '5'}
23:20:29: ...lock released
23:20:29: Power outlets have been successfully turned off
23:20:29: ...lock released
23:20:29: Turning PowerGroup off: Success
23:20:48: ======== Turning PowerGroup on
23:20:48: PowerGroup._pdu_cmd(on, [2], 3) called
23:20:48: Waiting for pdu lock
23:20:48: ...lock acquired
23:20:48: Sleep 0 seconds to work around the x610 power supply issue
23:20:48: HTTP POST was successfully executed
23:20:51: PowerGroup._pdu_cmd(status, [2], 3) called
23:20:52: Waiting for pdu lock
23:20:52: ...lock acquired
23:20:52: Current outlet status: {1: '0', 2: '1', 3: '0', 4: '0', 5: '0', 6: '0', 7: '0', 8: '0', 9: '1', 10: '0', 11: '0', 12: '0', 13: '0', 14: '0', 15: '0', 16: '0', 17: '1', 18: '0', 19: '0', 20: '0', 21: '0', 22: '0', 23: '0', 24: '0', 25: '5'}
23:20:52: ...lock released
23:20:52: Power outlets have been successfully turned on
23:20:52: ...lock released
23:20:52: Turning PowerGroup on: Success
23:21:02: ======== Turning PowerGroup off
23:21:02: PowerGroup._pdu_cmd(off, [2], 3) called
23:21:02: Waiting for pdu lock
23:21:02: ...lock acquired
23:21:02: HTTP POST was successfully executed
23:21:03: PowerGroup._pdu_cmd(status, [2], 3) called
23:21:03: Waiting for pdu lock
23:21:03: ...lock acquired
23:21:03: Current outlet status: {1: '0', 2: '0', 3: '0', 4: '0', 5: '0', 6: '0', 7: '0', 8: '0', 9: '1', 10: '0', 11: '0', 12: '0', 13: '0', 14: '0', 15: '0', 16: '0', 17: '1', 18: '0', 19: '0', 20: '0', 21: '0', 22: '0', 23: '0', 24: '0', 25: '5'}
23:21:03: ...lock released
23:21:03: Power outlets have been successfully turned off
23:21:03: ...lock released
23:21:03: Turning PowerGroup off: Success
23:21:09: ======== Turning PowerGroup off
23:21:09: PowerGroup._pdu_cmd(off, [2], 3) called
23:21:09: Waiting for pdu lock
23:21:09: ...lock acquired
23:21:09: Power outlets are already in the desired state
23:21:09: ...lock released
23:21:09: Turning PowerGroup off: Success
23:21:14: ======== Turning PowerGroup off
23:21:14: PowerGroup._pdu_cmd(off, [2], 3) called
23:21:14: Waiting for pdu lock
23:21:14: ...lock acquired
23:21:14: Power outlets are already in the desired state
23:21:14: ...lock released
23:21:14: Turning PowerGroup off: Success
23:21:29: ======== Turning PowerGroup on
23:21:29: PowerGroup._pdu_cmd(on, [2], 3) called
23:21:29: Waiting for pdu lock
23:21:29: ...lock acquired
23:21:29: Sleep 0 seconds to work around the x610 power supply issue
23:21:29: HTTP POST was successfully executed
23:21:32: PowerGroup._pdu_cmd(status, [2], 3) called
23:21:32: Waiting for pdu lock
23:21:32: ...lock acquired
23:21:32: Current outlet status: {1: '0', 2: '1', 3: '0', 4: '0', 5: '0', 6: '0', 7: '0', 8: '0', 9: '1', 10: '0', 11: '0', 12: '0', 13: '0', 14: '0', 15: '0', 16: '0', 17: '1', 18: '0', 19: '0', 20: '0', 21: '0', 22: '0', 23: '0', 24: '0', 25: '5'}
23:21:32: ...lock released
23:21:32: Power outlets have been successfully turned on
23:21:32: ...lock released
23:21:32: Turning PowerGroup on: Success
23:27:18: ======== Turning PowerGroup off
23:27:18: PowerGroup._pdu_cmd(off, [2], 3) called
23:27:18: Waiting for pdu lock
23:27:18: ...lock acquired
23:27:19: HTTP POST was successfully executed
23:27:20: PowerGroup._pdu_cmd(status, [2], 3) called
23:27:20: Waiting for pdu lock
23:27:20: ...lock acquired
23:27:22: Current outlet status: {1: '0', 2: '0', 3: '0', 4: '0', 5: '0', 6: '0', 7: '0', 8: '0', 9: '1', 10: '0', 11: '0', 12: '0', 13: '0', 14: '0', 15: '0', 16: '0', 17: '1', 18: '0', 19: '0', 20: '0', 21: '0', 22: '0', 23: '0', 24: '0', 25: '5'}
23:27:22: ...lock released
23:27:22: Power outlets have been successfully turned off
23:27:22: ...lock released
23:27:22: Turning PowerGroup off: Success
23:27:37: ======== Turning PowerGroup on
23:27:37: PowerGroup._pdu_cmd(on, [2], 3) called
23:27:37: Waiting for pdu lock
23:27:37: ...lock acquired
23:27:37: Sleep 0 seconds to work around the x610 power supply issue
23:27:37: HTTP POST was successfully executed
23:27:40: PowerGroup._pdu_cmd(status, [2], 3) called
23:27:40: Waiting for pdu lock
23:27:40: ...lock acquired
23:27:40: Current outlet status: {1: '0', 2: '1', 3: '0', 4: '0', 5: '0', 6: '0', 7: '0', 8: '0', 9: '1', 10: '0', 11: '0', 12: '0', 13: '0', 14: '0', 15: '0', 16: '0', 17: '1', 18: '0', 19: '0', 20: '0', 21: '0', 22: '0', 23: '0', 24: '0', 25: '5'}
23:27:40: ...lock released
23:27:40: Power outlets have been successfully turned on
23:27:40: ...lock released
23:27:40: Turning PowerGroup on: Success
23:27:51: ======== Turning PowerGroup off
23:27:51: PowerGroup._pdu_cmd(off, [2], 3) called
23:27:51: Waiting for pdu lock
23:27:51: ...lock acquired
23:27:51: HTTP POST was successfully executed
23:27:52: PowerGroup._pdu_cmd(status, [2], 3) called
23:27:52: Waiting for pdu lock
23:27:52: ...lock acquired
23:27:52: Current outlet status: {1: '0', 2: '0', 3: '0', 4: '0', 5: '0', 6: '0', 7: '0', 8: '0', 9: '1', 10: '0', 11: '0', 12: '0', 13: '0', 14: '0', 15: '0', 16: '0', 17: '1', 18: '0', 19: '0', 20: '0', 21: '0', 22: '0', 23: '0', 24: '0', 25: '5'}
23:27:52: ...lock released
23:27:52: Power outlets have been successfully turned off
23:27:52: ...lock released
23:27:52: Turning PowerGroup off: Success
23:27:57: ======== Turning PowerGroup off
23:27:57: PowerGroup._pdu_cmd(off, [2], 3) called
23:27:57: Waiting for pdu lock
23:27:57: ...lock acquired
23:27:57: Power outlets are already in the desired state
23:27:57: ...lock released
23:27:57: Turning PowerGroup off: Success
23:28:04: ======== Turning PowerGroup off
23:28:04: PowerGroup._pdu_cmd(off, [2], 3) called
23:28:04: Waiting for pdu lock
23:28:04: ...lock acquired
23:28:04: Power outlets are already in the desired state
23:28:04: ...lock released
23:28:04: Turning PowerGroup off: Success
23:28:20: ======== Turning PowerGroup on
23:28:20: PowerGroup._pdu_cmd(on, [2], 3) called
23:28:20: Waiting for pdu lock
23:28:20: ...lock acquired
23:28:20: Sleep 0 seconds to work around the x610 power supply issue
23:28:20: HTTP POST was successfully executed
23:28:23: PowerGroup._pdu_cmd(status, [2], 3) called
23:28:23: Waiting for pdu lock
23:28:23: ...lock acquired
23:28:23: Current outlet status: {1: '0', 2: '1', 3: '0', 4: '0', 5: '0', 6: '0', 7: '0', 8: '0', 9: '1', 10: '0', 11: '0', 12: '0', 13: '0', 14: '0', 15: '0', 16: '0', 17: '1', 18: '0', 19: '0', 20: '0', 21: '0', 22: '0', 23: '0', 24: '0', 25: '5'}
23:28:23: ...lock released
23:28:23: Power outlets have been successfully turned on
23:28:23: ...lock released
23:28:23: Turning PowerGroup on: Success
23:33:02: ========= TestCase 120 Tear Down =========
23:33:17: ======== Turning PowerGroup off
23:33:17: PowerGroup._pdu_cmd(off, [2], 3) called
23:33:17: Waiting for pdu lock
23:33:17: ...lock acquired
23:33:17: HTTP POST was successfully executed
23:33:18: PowerGroup._pdu_cmd(status, [2], 3) called
23:33:18: Waiting for pdu lock
23:33:18: ...lock acquired
23:33:18: Current outlet status: {1: '0', 2: '0', 3: '0', 4: '0', 5: '0', 6: '0', 7: '0', 8: '0', 9: '1', 10: '0', 11: '0', 12: '0', 13: '0', 14: '0', 15: '0', 16: '0', 17: '1', 18: '0', 19: '0', 20: '0', 21: '0', 22: '0', 23: '0', 24: '0', 25: '5'}
23:33:18: ...lock released
23:33:18: Power outlets have been successfully turned off
23:33:18: ...lock released
23:33:18: Turning PowerGroup off: Success
23:33:23: ======== Turning PowerGroup on
23:33:23: PowerGroup._pdu_cmd(on, [2], 3) called
23:33:23: Waiting for pdu lock
23:33:23: ...lock acquired
23:33:23: Sleep 8.903383731842041 seconds to work around the x610 power supply issue
23:33:32: HTTP POST was successfully executed
23:33:35: PowerGroup._pdu_cmd(status, [2], 3) called
23:33:35: Waiting for pdu lock
23:33:35: ...lock acquired
23:33:35: Current outlet status: {1: '0', 2: '1', 3: '0', 4: '0', 5: '0', 6: '0', 7: '0', 8: '0', 9: '1', 10: '0', 11: '0', 12: '0', 13: '0', 14: '0', 15: '0', 16: '0', 17: '1', 18: '0', 19: '0', 20: '0', 21: '0', 22: '0', 23: '0', 24: '0', 25: '5'}
23:33:35: ...lock released
23:33:35: Power outlets have been successfully turned on
23:33:35: ...lock released
23:33:35: Turning PowerGroup on: Success
23:35:55: ========= TestCase 121 Starting =========
23:36:03: ========= TestCase 121 Tear Down =========
23:36:18: ========= TestCase 122 Starting =========
23:40:03: ========= TestCase 122 Tear Down =========
23:40:03: ======== Turning PowerGroup off
23:40:03: PowerGroup._pdu_cmd(off, [2], 3) called
23:40:03: Waiting for pdu lock
23:40:03: ...lock acquired
23:40:03: HTTP POST was successfully executed
23:40:04: PowerGroup._pdu_cmd(status, [2], 3) called
23:40:04: Waiting for pdu lock
23:40:04: ...lock acquired
23:40:04: Current outlet status: {1: '0', 2: '0', 3: '0', 4: '0', 5: '0', 6: '0', 7: '0', 8: '0', 9: '1', 10: '0', 11: '0', 12: '0', 13: '0', 14: '0', 15: '0', 16: '0', 17: '1', 18: '0', 19: '0', 20: '0', 21: '0', 22: '0', 23: '0', 24: '0', 25: '5'}
23:40:04: ...lock released
23:40:04: Power outlets have been successfully turned off
23:40:04: ...lock released
23:40:04: Turning PowerGroup off: Success
23:40:10: ======== Turning PowerGroup off
23:40:10: PowerGroup._pdu_cmd(off, [2], 3) called
23:40:10: Waiting for pdu lock
23:40:10: ...lock acquired
23:40:10: Power outlets are already in the desired state
23:40:10: ...lock released
23:40:10: Turning PowerGroup off: Success
23:40:15: ======== Turning PowerGroup off
23:40:15: PowerGroup._pdu_cmd(off, [2], 3) called
23:40:15: Waiting for pdu lock
23:40:15: ...lock acquired
23:40:15: Power outlets are already in the desired state
23:40:15: ...lock released
23:40:15: Turning PowerGroup off: Success
23:40:30: ======== Turning PowerGroup on
23:40:30: PowerGroup._pdu_cmd(on, [2], 3) called
23:40:30: Waiting for pdu lock
23:40:30: ...lock acquired
23:40:30: Sleep 0 seconds to work around the x610 power supply issue
23:40:30: HTTP POST was successfully executed
23:40:33: PowerGroup._pdu_cmd(status, [2], 3) called
23:40:33: Waiting for pdu lock
23:40:33: ...lock acquired
23:40:33: Current outlet status: {1: '0', 2: '1', 3: '0', 4: '0', 5: '0', 6: '0', 7: '0', 8: '0', 9: '1', 10: '0', 11: '0', 12: '0', 13: '0', 14: '0', 15: '0', 16: '0', 17: '1', 18: '0', 19: '0', 20: '0', 21: '0', 22: '0', 23: '0', 24: '0', 25: '5'}
23:40:33: ...lock released
23:40:33: Power outlets have been successfully turned on
23:40:33: ...lock released
23:40:33: Turning PowerGroup on: Success
