
===== opened /dev/u5 at 2026-08-26 11:57:39 =====

awplus#
>>> terminal length 0
terminal length 0
awplus#
>>> terminal no monitor
terminal no monitor
awplus#
>>> show system
show system
System Status                                           Tue Aug 25 23:58:50 2026

Stack member 1

Board      ID   Bay     Board Name                        Rev   Serial number
--------------------------------------------------------------------------------
Base       717  Base    AT-IE520-28GSX                    X1-0  264A23066       
--------------------------------------------------------------------------------
RAM: Total: 506728 kB Free: 266508 kB
Flash: 106.3MB Used: 85.1MB Available: 21.3MB
--------------------------------------------------------------------------------
Environment Status : Normal
Uptime             : 0 days 01:24:05
Bootloader version : 9.1.0


Stack member 2

Board      ID   Bay     Board Name                        Rev   Serial number
--------------------------------------------------------------------------------
Base       717  Base    AT-IE520-28GSX                    X1-0  264A23052       
--------------------------------------------------------------------------------
RAM: Total: 506728 kB Free: 212496 kB
Flash: 106.3MB Used: 80.3MB Available: 26.0MB
--------------------------------------------------------------------------------
Environment Status : Normal
Uptime             : 0 days 19:48:31
Bootloader version : pauld


Current software   : IE520-20260825.rel
Software version   : tomahawk_ie520-continuous
Build date         : Wed Aug 19 02:20:43 UTC 2026

Current boot config: flash:/stack.cfg (file exists)

System Name
 awplus
System Contact

System Location

awplus#
>>> show stack
show stack
Virtual Chassis Stacking summary information

ID   Pending ID  MAC address        Priority  Status  Role
1    -           84e3.2787.0740     128       Ready   Backup Member
2    -           84e3.2787.09c0     128       Ready   Active Master

Operational Status                 Normal operation
Stack MAC address                  0000.cd37.0d6f (Virtual MAC)
awplus#
>>> show system pluggable
show system pluggable
System Pluggable Information

Port    Vendor           Device           Serial Number    Datecode Type
--------------------------------------------------------------------------------
1.0.1   ATI              AT-SP10T         A05330R185000464 18122001 10GBASE-T   
1.0.27  TE Connectivity  1-2127931-2      4P812YD21460F9   21111400 1xCOPPER PAS
1.0.28  TE Connectivity  1-2127931-2      17510045         17121800 1xCOPPER PAS
2.0.1   ATI              AT-SP10TM        A10321F233700150 23090401 10GBASE-TM  
2.0.5   ATI              AT-SP10SR        A05160R191700431 190423   10GBASE-SR  
2.0.6   ATR              SFP LOOPBACK V2  20080106-042720  080106   SFP LOOPBACK
2.0.7   ATI              AT-SPSX          A03240R111800014 11050701 1000BASE-SX 
2.0.8   ATR              SFP LOOPBACK V2  20080105-172237  080105   SFP LOOPBACK
2.0.9   ATI              AT-SPTXc         A10217F224400102 221020   1000BASE-T  
2.0.11  ATI              AT-SP10SR        A05160R231400831 230321   10GBASE-SR  
2.0.13  ATI              AT-SP10SR        A05160R191700237 190423   10GBASE-SR  
2.0.14  ATR              SFP LOOPBACK V2  20080106-054258  080106   SFP LOOPBACK
2.0.15  ATI              AT-SPSX          A03240R151300357 15032801 1000BASE-SX 
2.0.16  ATR              SFP LOOPBACK V2  20080105-144552  080105   SFP LOOPBACK
2.0.17  ATI              AT-SP10SR        A05160R202800633 200703   10GBASE-SR  
2.0.21  ATI              AT-SPSX          A03240F223800223 22090801 1000BASE-SX 
2.0.23  ATI              AT-SPSX          A03240F211201156 21030501 1000BASE-SX 
2.0.27  TE Connectivity  1-2127931-2      17510045         17121800 1xCOPPER PAS
2.0.28  TE Connectivity  1-2127931-2      4P812YD21460F9   21111400 1xCOPPER PAS
awplus#
>>> show system pluggable diagnostics
show system pluggable diagnostics
System Pluggable Information Diagnostics

port1.0.1
Diagnostics information is not supported by device

port1.0.27
Diagnostics information is not supported by device

port1.0.28
Diagnostics information is not supported by device

port2.0.1
Diagnostics information is not supported by device

port2.0.5          Status             Alarms                    Warnings
                  Reading   Alarm     Max     Min   Warning     Max     Min 
Temp: (Degrees C)  44.902       -  80.000  -5.000         -  70.000   0.000
Vcc: (Volts)       3.2781       -  3.4600  3.1400         -  3.4000  3.2000
Tx Bias: (mA)       5.708       -  12.000   0.000         -  10.000   2.000
Tx Power: (mW)     0.6283       -  1.0000  0.1778         -  0.8912  0.1995
Rx Power: (mW)     0.0000     Low  1.2589  0.0501       Low  1.1220  0.0562
Rx LOS:           Rx Down

port2.0.6
Diagnostics information is not supported by device

port2.0.7
Diagnostics information is not supported by device

port2.0.8
Diagnostics information is not supported by device

port2.0.9          Status             Alarms                    Warnings
                  Reading   Alarm     Max     Min   Warning     Max     Min 
Temp: (Degrees C)  43.625       -  80.000  -5.000         -  70.000   0.000
Vcc: (Volts)       3.2910       -  3.4600  3.0000         -  3.4000  3.2000
Tx Bias: (mA)      131.07       -       -       -         -       -       -
Tx Power: (mW)     6.5535       -       -       -         -       -       -
Rx Power: (mW)     6.5535       -       -       -         -       -       -
Rx LOS:             Rx Up

port2.0.11         Status             Alarms                    Warnings
                  Reading   Alarm     Max     Min   Warning     Max     Min 
Temp: (Degrees C)  39.445       -  80.000  -5.000         -  70.000   0.000
Vcc: (Volts)       3.3483       -  3.4600  3.1400         -  3.4000  3.2000
Tx Bias: (mA)       5.864       -  12.000   0.000         -  10.000   2.000
Tx Power: (mW)     0.5928       -  1.0000  0.1778         -  0.8912  0.1995
Rx Power: (mW)     0.0000     Low  1.2589  0.0501       Low  1.1220  0.0562
Rx LOS:           Rx Down

port2.0.13         Status             Alarms                    Warnings
                  Reading   Alarm     Max     Min   Warning     Max     Min 
Temp: (Degrees C)  41.437       -  80.000  -5.000         -  70.000   0.000
Vcc: (Volts)       3.3263       -  3.4600  3.1400         -  3.4000  3.2000
Tx Bias: (mA)       5.042       -  12.000   0.000         -  10.000   2.000
Tx Power: (mW)     0.5847       -  1.0000  0.1778         -  0.8912  0.1995
Rx Power: (mW)     0.0000     Low  1.2589  0.0501       Low  1.1220  0.0562
Rx LOS:           Rx Down

port2.0.14
Diagnostics information is not supported by device

port2.0.15
Diagnostics information is not supported by device

port2.0.16
Diagnostics information is not supported by device

port2.0.17         Status             Alarms                    Warnings
                  Reading   Alarm     Max     Min   Warning     Max     Min 
Temp: (Degrees C)  40.476       -  80.000  -5.000         -  70.000   0.000
Vcc: (Volts)       3.3366       -  3.4600  3.1400         -  3.4000  3.2000
Tx Bias: (mA)       5.310       -  12.000   0.000         -  10.000   2.000
Tx Power: (mW)     0.5984       -  1.0000  0.1778         -  0.8912  0.1995
Rx Power: (mW)     0.0000     Low  1.2589  0.0501       Low  1.1220  0.0562
Rx LOS:           Rx Down

port2.0.21
Diagnostics information is not supported by device

port2.0.23
Diagnostics information is not supported by device

port2.0.27
Diagnostics information is not supported by device

port2.0.28
Diagnostics information is not supported by device
awplus#
>>> show reboot history
show reboot history

Stack member 1:
<date> <time> <type> <description>
-------------------------------------------------------------------------
2026-08-25 22:35:44 Unexpected System reboot
2026-08-25 04:09:32 Expected   User Request
2026-08-25 02:20:55 Unexpected Rebooting due to VCS duplicate master
2026-08-24 19:22:42 Unexpected System reboot
2026-08-24 04:23:02 Unexpected System reboot
2026-08-23 19:59:08 Unexpected System reboot
2026-08-23 06:48:07 Unexpected System reboot
2026-08-23 05:54:17 Unexpected System reboot
2026-08-23 03:28:56 Unexpected System reboot
2026-08-23 00:15:38 Unexpected System reboot
2026-08-22 16:23:46 Unexpected System reboot
2026-08-21 17:59:05 Unexpected System reboot
2026-08-21 12:57:26 Unexpected System reboot
2026-08-20 10:16:24 Unexpected System reboot
2026-08-20 04:50:42 Unexpected System reboot
2026-08-19 21:20:07 Expected   CLI(user request)
2026-08-19 19:30:16 Unexpected System reboot
2026-08-19 19:06:46 Unexpected System reboot
2026-08-19 18:52:47 Unexpected System reboot
2026-08-19 09:24:03 Unexpected System reboot
2026-08-19 04:15:22 Unexpected System reboot
2026-08-19 03:21:00 Unexpected System reboot
2026-08-19 02:08:21 Unexpected System reboot
2026-08-19 01:03:18 Unexpected System reboot
2026-08-19 00:42:58 Unexpected System reboot
2026-08-18 23:35:58 Unexpected System reboot
2026-08-18 23:16:38 Unexpected System reboot
2026-08-18 23:11:26 Expected   User Request
2026-08-18 22:29:58 Expected   User Request
2026-08-18 21:37:39 Expected   User Request
2026-08-18 20:36:40 Unexpected System reboot
2026-08-18 20:30:33 Unexpected System reboot
2026-08-18 19:23:58 Unexpected Rebooting due to VCS duplicate master
2026-08-18 19:22:02 Unexpected System reboot
2026-08-18 19:17:03 Expected   User Request
2026-08-18 18:19:45 Unexpected System reboot
2026-08-18 04:51:19 Expected   User Request
2026-08-18 04:23:35 Expected   User Request
2026-08-18 04:00:52 Expected   User Request
2026-08-18 03:05:22 Unexpected System reboot
2026-08-18 03:00:24 Expected   User Request
2026-08-18 02:47:42 Unexpected Bootup failed, rebooting.
2026-08-18 02:45:57 Unexpected Bootup failed, rebooting.
2026-08-18 02:44:10 Expected   User Request
2026-08-18 02:11:51 Unexpected System reboot
2026-08-18 02:08:10 Unexpected System reboot
2026-08-18 02:02:33 Expected   User Request
2026-08-18 01:52:40 Unexpected System reboot
2026-08-18 01:49:38 Unexpected System reboot
2026-08-18 01:31:26 Expected   CLI(user request)
2026-08-17 23:45:43 Expected   User Request
2026-08-17 20:49:31 Unexpected System reboot
2026-08-17 20:44:41 Expected   User Request
2026-08-17 20:13:52 Expected   User Request
2026-08-17 02:58:29 Unexpected System reboot
2026-08-17 02:54:13 Expected   User Request
2026-08-17 02:34:41 Expected   User Request
2026-08-17 02:04:52 Expected   User Request
2026-08-13 02:27:21 Expected   User Request
2026-08-13 00:56:01 Expected   User Request
2026-08-12 23:51:57 Expected   User Request
2026-08-12 23:23:30 Expected   User Request
2026-08-12 21:59:22 Unexpected System reboot
2026-08-12 21:54:31 Expected   User Request
2026-08-12 20:31:24 Expected   CLI(user request)
2026-08-12 20:28:14 Unexpected System reboot
2026-08-11 07:37:35 Unexpected System reboot
-------------------------------------------------------------------------


Stack member 2:
<date> <time> <type> <description>
-------------------------------------------------------------------------
2026-08-25 04:09:32 Expected   User Request
2026-08-25 03:45:28 Expected   CLI(user request)
2026-08-24 05:46:47 Unexpected System reboot
2026-08-24 00:33:41 Unexpected System reboot
2026-08-23 18:24:17 Unexpected System reboot
2026-08-21 17:04:11 Unexpected System reboot
2026-08-21 13:44:25 Unexpected System reboot
2026-08-21 03:13:02 Unexpected System reboot
2026-08-20 23:42:56 Unexpected System reboot
2026-08-20 08:58:09 Unexpected System reboot
2026-08-20 02:34:24 Unexpected System reboot
2026-08-19 21:20:02 Expected   CLI(user request)
2026-08-19 20:39:04 Unexpected System reboot
2026-08-19 20:34:23 Unexpected System reboot
2026-08-19 20:30:36 Unexpected System reboot
2026-08-19 20:12:56 Unexpected System reboot
2026-08-19 19:49:52 Unexpected System reboot
2026-08-19 19:41:27 Unexpected System reboot
2026-08-19 19:28:06 Unexpected System reboot
2026-08-19 19:14:45 Unexpected System reboot
2026-08-18 23:53:43 Expected   User Request
2026-08-18 22:49:44 Expected   User Request
2026-08-18 21:55:13 Expected   User Request
2026-08-18 20:36:34 Expected   CLI(user request)
2026-08-18 20:14:49 Unexpected Rebooting due to VCS duplicate member-ID
2026-08-18 19:41:32 Unexpected System reboot
-------------------------------------------------------------------------

awplus#
>>> show platform port
show platform port

Stack member 1:
Phy address is: 01

PHY Registers for dev 0 (port 1)
  	hwMode (2 QSGMII to 1000BASE-X)

Fiber Auto Negotiation
  Enabled Incomplete
  Flow Control
    Advertised(None)
    Partner   (None)
  Speed, Duplex
    Advertised(1000BASEX(Full ) )
    Partner   ()
  remote fault (None)

Page 0 - Copper
  0 1940  1 7949  2 0141  3 0EC0  4 01E1  5 0000  6 0004  7 2001
  8 0000  9 0F00 10 4000 13 4007 14 0000 15 3000 16 3060 17 8000
 18 0000 19 0040 20 0020 21 0000 23 0000 26 0040
Page 1 - SGMII
  0 1140  1 014D  2 0141  3 0EC0  4 0020  5 0000  6 0004  7 2001
  8 0000 15 C000 16 4005 17 A420 18 0000 19 0410 21 0001 23 0000
 24 0000 25 0000 26 0062
Page 2 - Mac
 16 6008 18 0000 19 0000 21 1046
Page 3 - LED
 16 887F 17 8005 18 4905 19 0073 28 0003 29 0000
Page 4 - QSGMII
  0 1140  1 0020  4 9901  5 4001  6 0003 16 6224 17 BC20 18 0000
 19 1C00 20 0000 21 0000 23 0000 24 0000 25 0000 26 3002 27 3F80
 28 0000
Page 5 - VCT
 16 0000 17 0000 18 0000 19 0000 20 0000 21 2000 23 0603 24 0000
 25 0104 26 0F12 27 0A0C 28 0C06
Page 6 - Packet
 16 0000 17 0000 18 0000 19 000B 23 0000 24 0000 25 0000 26 190D
Page 7 - Cable
 16 0000 17 0000 18 0000 19 0000 20 0000 21 0000 25 0104 26 0F12
 27 0A0C 28 0006
Page 18 - Common
  0 0000  1 0000  2 0000 16 0000 17 0000 19 000B 20 0002 25 0001
 26 0000 27 2002
Page 255 - Factory
  0 0000  1 0000  2 0000  3 0000  4 0000  5 0000  6 0000  7 0000
  8 0000  9 0000 10 0000 11 0000 12 0000 13 0000 14 0000 15 0000
 16 0159 17 0000 18 B141 19 0000 20 0000 21 0000 23 0000 24 0000
 25 0000 26 0000 27 0000 28 0000 29 0000 30 0000 31 0000

Clause 45 PHY Information for dev 0 port 1:

 Device 3 PCS registers: length 4 devNum 0
  0000=0000  0001=0042  0014=0006  0016=0000  
 Device 7 EEE autoneg registers: length 2 devNum 0
  003C=0000  003D=0000  


MacSec PHY Information for dev 0 port 1:

 Slice registers: length 87 devNum 0
  0800=88e58100  0801=00400030  0802=00000000  0803=00000000  0804=00000000  
  0805=00000000  0806=00000000  0807=00000001  0809=00001008  080B=0fb40000  
  080C=00000000  080D=00000000  080E=00000000  0810=00000005  0811=00000000  
  0812=00000000  0815=00000000  0816=00000000  0817=00000000  0818=00000000  
  0819=00000006  081A=00000000  081B=00000000  081C=00000000  081D=00000000  
  081E=00000000  081F=00000000  0820=00000000  0821=00000000  0822=00000000  
  0823=00000000  0824=00000000  0825=00000000  0826=00000000  0827=00000000  
  0828=00000000  0829=00000000  082A=00000000  082B=00000000  082C=00000000  
  082D=00000000  082E=00000000  082F=00000000  0830=888e8808  0831=00000000  
  0832=00000000  0833=00000000  0840=00011849  0841=00020081  0842=00000008  
  0843=00000020  0844=00000005  0845=00000000  0846=00000000  0847=0007fe43  
  0848=0009a520  0850=000117c9  0851=00010081  0852=00000000  0853=00000030  
  0854=00000005  0855=00000000  0856=00000000  0857=0007fe43  0858=0009a520  
  0870=00000077  0871=5a000000  0872=00000000  0873=00000000  0874=00000004  
  0876=00002006  0877=00000000  0878=00000000  0879=004050f0  087A=00010000  
  087B=00000000  087C=00000000  087D=00000000  087E=00000000  087F=00000000  
  0BC0=111e2020  0BC1=00000000  0BC2=00000000  0BC3=00000003  0BC4=000050f0  
  0BC6=00001400  0BC7=00005096  

MAC MIB Counters (Wire MAC):
 GoodOctetsReceived   0x2020:          4812750462
 BadOctetsReceived    0x2022:                   0
 TxFIFOunderrun/TxCRC 0x2023:                   0
 UnicastFramesReceive 0x2024:                   0
 SentDeferred         0x2025:                   0
 BroadcastFramesRecei 0x2026:            20667430
 MulticastFramesRecei 0x2027:            15833378
 Frames64Octets       0x2028:            15478249
 Frames65to127Octets  0x2029:                   0
 Frames128to255Octets 0x202a:            15835825
 Frames256to511Octets 0x202b:             5189243
 Frames512to1023Octet 0x202c:                   0
 Frames1024toMaxOctet 0x202d:                   0
 GoodOctetsSent       0x202e:              321152
 UnicastFramesSent    0x2030:                   0
 ExcessiveCollision   0x2031:                   0
 MulticastFramesSent  0x2032:                2509
 BroadcastFramesSent  0x2033:                   0
 SentMultiple         0x2034:                   0
 FCSent               0x2035:                   0
 FCReceived           0x2036:                   0
 RxFIFOOverrun        0x2037:                   0
 Undersize            0x2038:                   0
 Fragments            0x2039:                   0
 Oversize             0x203a:                   0
 Jabber               0x203b:                   0
 RxError              0x203c:                   0
 BadCrc               0x203d:                   0
 Collisions           0x203e:                   0
 LateCollisions       0x203f:                   0

MAC MIB Counters (System MAC, phyPorts 1/3):
 GoodOctetsReceived   0x20a0:              321152
 BadOctetsReceived    0x20a2:                   0
 TxFIFOunderrun/TxCRC 0x20a3:                   0
 UnicastFramesReceive 0x20a4:                   0
 SentDeferred         0x20a5:                   0
 BroadcastFramesRecei 0x20a6:                   0
 MulticastFramesRecei 0x20a7:                2509
 Frames64Octets       0x20a8:            15478249
 Frames65to127Octets  0x20a9:                   0
 Frames128to255Octets 0x20aa:            15835825
 Frames256to511Octets 0x20ab:             5189243
 Frames512to1023Octet 0x20ac:                   0
 Frames1024toMaxOctet 0x20ad:                   0
 GoodOctetsSent       0x20ae:          4812750462
 UnicastFramesSent    0x20b0:                   0
 ExcessiveCollision   0x20b1:                   0
 MulticastFramesSent  0x20b2:            15833378
 BroadcastFramesSent  0x20b3:            20667430
 SentMultiple         0x20b4:                   0
 FCSent               0x20b5:                   0
 FCReceived           0x20b6:                   0
 RxFIFOOverrun        0x20b7:                   0
 Undersize            0x20b8:                   0
 Fragments            0x20b9:                   0
 Oversize             0x20ba:                   0
 Jabber               0x20bb:                   0
 RxError              0x20bc:                   0
 BadCrc               0x20bd:                   0
 Collisions           0x20be:                   0
 LateCollisions       0x20bf:                   0


10G Pluggable PHY Registers for dev 0 port 1:

 10GBASE-T Device 1 - PMA: length 42 devNum 0
  0000=2040  0001=0082  0002=600d  0003=8542  0004=0071  0005=009b  0006=c000  
  0007=0009  0008=9701  0009=0000  000A=0000  000B=00a4  000C=00a4  000E=0000  
  000F=0000  0081=0000  0082=0003  0083=4800  0084=0000  0085=8000  0086=8000  
  0087=8000  0088=8000  0089=8000  008A=8000  008B=8000  008C=8000  008D=8000  
  008E=8000  008F=8000  0090=8000  0091=0000  0092=0000  0093=0011  A897=0000  
  A898=0000  A899=0000  A89A=0000  A89E=ffff  A89F=0000  A8A0=0000  A8A9=0000  
 10GBASE-T Device 3 - PCS: length 19 devNum 0
  0000=2040  0001=0082  0002=600d  0003=8542  0004=0001  0005=009b  0006=c000  
  0007=0003  0008=8408  0009=0000  000A=0000  000B=0000  000C=0000  000D=0000  
  000E=0000  000F=0000  0014=000e  0020=0000  0021=4000  
 10GBASE-T Device 7 - AN: length 36 devNum 0
  0000=3000  0001=0069  0002=0362  0003=0000  0005=009b  0006=c000  000E=0000  
  000F=0000  0010=9001  0013=c1e1  0016=2001  0017=0000  0018=0000  0019=0000  
  001A=0000  001B=0000  0020=0003  0021=0000  003C=0000  003D=0000  FFE0=1100  
  FFE1=796d  FFE4=9001  FFE5=c1e1  FFE6=006d  FFE7=0000  FFE8=6801  FFE9=0200  
  FFEA=3800  FFEF=3000  FFF0=0001  FFF1=0301  FFF2=0000  FFF3=0000  FFF4=0000  
  FFF7=0014  
 XFI Device 1 - PMD/PMA: length 11 devNum 0
  0000=2040  0001=0004  0002=0000  0004=0071  0005=0f8b  0006=2000  0007=0000  
  0008=b301  0009=0000  000A=0002  000B=0050  
 XFI Device 3 - PCS/PHY XS: length 9 devNum 0
  0000=2040  0001=0004  0004=0001  0005=0f8b  0006=2000  0007=0000  0008=8001  
  0020=0001  0021=8000  
 User Defined Device 30: length 10 devNum 0
  0000=0000  4005=0000  4006=0000  400D=6032  4011=0000  4037=0004  4038=0000  
  4110=2004  4111=2004  4113=2004  

  FWLoaded:              Good
  SystemLink:            UP
  LineLink:              UP
  LineSpeed:             1000Mps
  Temperature:           57 deg C

Port configuration:
  lport  1   macStatus:       0x12001010      value: 0x0000E80B
             macCtrl:         0x12001000      value: 0x00008BE5
             autoNegCtrl:     0x1200100C      value: 0x0000B0EC
             macCtrl1:        0x12001004      value: 0x00003783
             macCtrl2:        0x12001008      value: 0x0000C009
             macCtrl3:        0x12001048      value: 0x00000300
             macCtrl4:        0x12001090      value: 0x00000502
             portControl:     0x01001000      value: 0x00208001

Phy address is: 00

PHY Registers for dev 0 (port 0)
  	hwMode (4 QSGMII to SGMII)

SGMII link partner ()
  Enabled Incomplete
  Link
    link partner Down
  Flow Control
    Partner   ( )
  Duplex
    Partner   (Duplex half)
  Speed
    Partner   (Speed 10Mbps)

Page 0 - Copper
  0 1940  1 7949  2 0141  3 0EC0  4 01E1  5 0000  6 0004  7 2001
  8 0000  9 0F00 10 4000 13 0003 14 0000 15 3000 16 3060 17 8040
 18 0000 19 0040 20 0020 21 0000 23 0000 26 0040
Page 1 - SGMII
  0 1140  1 0149  2 0141  3 0EC0  4 0001  5 0000  6 0004  7 2001
  8 0000 15 C000 16 4207 17 8010 18 0000 19 0000 21 0000 23 0000
 24 0000 25 0000 26 0042
Page 2 - Mac
 16 6008 18 0000 19 0000 21 1046
Page 3 - LED
 16 887F 17 8005 18 4905 19 0073 28 0003 29 0000
Page 4 - QSGMII
  0 1140  1 0000  4 0901  5 0000  6 0000 16 6224 17 8000 18 0000
 19 0000 20 0000 21 0000 23 0000 24 0000 25 0000 26 3002 27 3F80
 28 0000
Page 5 - VCT
 16 0000 17 0000 18 0000 19 0000 20 0000 21 2000 23 0603 24 0000
 25 0104 26 0F12 27 0A0C 28 0C06
Page 6 - Packet
 16 0000 17 0000 18 0000 19 000B 23 0000 24 0000 25 0000 26 190D
Page 7 - Cable
 16 0000 17 0000 18 0000 19 0000 20 0000 21 0000 25 0104 26 0F12
 27 0A0C 28 0006
Page 18 - Common
  0 0000  1 0000  2 0000 16 0000 17 0000 19 000B 20 0004 25 0000
 26 0000 27 2000
Page 255 - Factory
  0 0000  1 0000  2 0000  3 0000  4 0000  5 0000  6 0000  7 0000
  8 0000  9 0000 10 0000 11 0000 12 0000 13 0000 14 0000 15 0000
 16 0159 17 DC0C 18 0000 19 0000 20 0000 21 0000 23 0000 24 0000
 25 0000 26 0000 27 0000 28 0000 29 0000 30 0000 31 0000

Clause 45 PHY Information for dev 0 port 0:

 Device 3 PCS registers: length 4 devNum 0
  0000=0000  0001=0042  0014=0006  0016=0000  
 Device 7 EEE autoneg registers: length 2 devNum 0
  003C=0000  003D=0000  


MacSec PHY Information for dev 0 port 0:

 Slice registers: length 87 devNum 0
  0000=88e58100  0001=00400030  0002=00000000  0003=00000000  0004=00000000  
  0005=00000000  0006=00000000  0007=00000001  0009=00001008  000B=0fb40000  
  000C=00000000  000D=00000000  000E=00000000  0010=00000005  0011=00000000  
  0012=00000000  0015=00000000  0016=00000000  0017=00000000  0018=00000000  
  0019=00000006  001A=00000000  001B=00000000  001C=00000000  001D=00000000  
  001E=00000000  001F=00000000  0020=00000000  0021=00000000  0022=00000000  
  0023=00000000  0024=00000000  0025=00000000  0026=00000000  0027=00000000  
  0028=00000000  0029=00000000  002A=00000000  002B=00000000  002C=00000000  
  002D=00000000  002E=00000000  002F=00000000  0030=888e8808  0031=00000000  
  0032=00000000  0033=00000000  0040=00011849  0041=00020081  0042=00000008  
  0043=00000020  0044=00000001  0045=00000000  0046=00000000  0047=0007fe43  
  0048=0009a520  0050=000117c9  0051=00010081  0052=00000000  0053=00000030  
  0054=00000005  0055=00000000  0056=00000000  0057=0007fe43  0058=0009a520  
  0070=00000077  0071=5a000000  0072=00000000  0073=00000000  0074=00000004  
  0076=00002006  0077=00000000  0078=00000000  0079=004050f0  007A=00010000  
  007B=00000000  007C=00000000  007D=00000000  007E=00000000  007F=00000000  
  03C0=111e2020  03C1=00000000  03C2=00000000  03C3=00000003  03C4=000050f0  
  03C6=00001400  03C7=00005096  

MAC MIB Counters (Wire MAC):
 GoodOctetsReceived   0x2000:                   0
 BadOctetsReceived    0x2002:                   0
 TxFIFOunderrun/TxCRC 0x2003:                   0
 UnicastFramesReceive 0x2004:                   0
 SentDeferred         0x2005:                   0
 BroadcastFramesRecei 0x2006:                   0
 MulticastFramesRecei 0x2007:                   0
 Frames64Octets       0x2008:                   0
 Frames65to127Octets  0x2009:                   0
 Frames128to255Octets 0x200a:                   0
 Frames256to511Octets 0x200b:                   0
 Frames512to1023Octet 0x200c:                   0
 Frames1024toMaxOctet 0x200d:                   0
 GoodOctetsSent       0x200e:                   0
 UnicastFramesSent    0x2010:                   0
 ExcessiveCollision   0x2011:                   0
 MulticastFramesSent  0x2012:                   0
 BroadcastFramesSent  0x2013:                   0
 SentMultiple         0x2014:                   0
 FCSent               0x2015:                   0
 FCReceived           0x2016:                   0
 RxFIFOOverrun        0x2017:                   0
 Undersize            0x2018:                   0
 Fragments            0x2019:                   0
 Oversize             0x201a:                   0
 Jabber               0x201b:                   0
 RxError              0x201c:                   0
 BadCrc               0x201d:                   0
 Collisions           0x201e:                   0
 LateCollisions       0x201f:                   0

MAC MIB Counters (System MAC, phyPorts 0/2):
 GoodOctetsReceived   0x2080:                   0
 BadOctetsReceived    0x2082:                   0
 TxFIFOunderrun/TxCRC 0x2083:                   0
 UnicastFramesReceive 0x2084:                   0
 SentDeferred         0x2085:                   0
 BroadcastFramesRecei 0x2086:                   0
 MulticastFramesRecei 0x2087:                   0
 Frames64Octets       0x2088:                   0
 Frames65to127Octets  0x2089:                   0
 Frames128to255Octets 0x208a:                   0
 Frames256to511Octets 0x208b:                   0
 Frames512to1023Octet 0x208c:                   0
 Frames1024toMaxOctet 0x208d:                   0
 GoodOctetsSent       0x208e:                   0
 UnicastFramesSent    0x2090:                   0
 ExcessiveCollision   0x2091:                   0
 MulticastFramesSent  0x2092:                   0
 BroadcastFramesSent  0x2093:                   0
 SentMultiple         0x2094:                   0
 FCSent               0x2095:                   0
 FCReceived           0x2096:                   0
 RxFIFOOverrun        0x2097:                   0
 Undersize            0x2098:                   0
 Fragments            0x2099:                   0
 Oversize             0x209a:                   0
 Jabber               0x209b:                   0
 RxError              0x209c:                   0
 BadCrc               0x209d:                   0
 Collisions           0x209e:                   0
 LateCollisions       0x209f:                   0


Port configuration:
  lport  0   macStatus:       0x12000010      value: 0x0000A400
             macCtrl:         0x12000000      value: 0x00008BE5
             autoNegCtrl:     0x1200000C      value: 0x0000B0E9
             macCtrl1:        0x12000004      value: 0x00003783
             macCtrl2:        0x12000008      value: 0x0000C008
             macCtrl3:        0x12000048      value: 0x00000300
             macCtrl4:        0x12000090      value: 0x00000002
             portControl:     0x01000000      value: 0x00208001

Phy address is: 03

PHY Registers for dev 0 (port 3)
  	hwMode (4 QSGMII to SGMII)

SGMII link partner ()
  Enabled Incomplete
  Link
    link partner Down
  Flow Control
    Partner   ( )
  Duplex
    Partner   (Duplex half)
  Speed
    Partner   (Speed 10Mbps)

Page 0 - Copper
  0 1940  1 7949  2 0141  3 0EC0  4 01E1  5 0000  6 0004  7 2001
  8 0000  9 0F00 10 4000 13 0003 14 0000 15 3000 16 3060 17 8000
 18 0000 19 0040 20 0020 21 0000 23 0000 26 0040
Page 1 - SGMII
  0 1140  1 0149  2 0141  3 0EC0  4 0001  5 0000  6 0004  7 2001
  8 0000 15 C000 16 4207 17 8010 18 0000 19 0000 21 0000 23 0000
 24 0000 25 0000 26 0042
Page 2 - Mac
 16 6008 18 0000 19 0000 21 1046
Page 3 - LED
 16 887F 17 8005 18 4905 19 0073 28 0003 29 0000
Page 4 - QSGMII
  0 1140  1 0000  4 0901  5 0000  6 0000 16 6224 17 8000 18 0000
 19 0000 20 0000 21 0000 23 0000 24 0000 25 0000 26 3002 27 3F80
 28 0000
Page 5 - VCT
 16 0000 17 0000 18 0000 19 0000 20 0000 21 2000 23 0603 24 0000
 25 0104 26 0F12 27 0A0C 28 0C06
Page 6 - Packet
 16 0000 17 0000 18 0000 19 000B 23 0000 24 0000 25 0000 26 190D
Page 7 - Cable
 16 0000 17 0000 18 0000 19 0000 20 0000 21 0000 25 0104 26 0F12
 27 0A0C 28 0006
Page 18 - Common
  0 0000  1 0000  2 0000 16 0000 17 0000 19 000B 20 0004 25 0000
 26 0000 27 2000
Page 255 - Factory
  0 0000  1 0000  2 0000  3 0000  4 0000  5 0000  6 0000  7 0000
  8 0000  9 0000 10 0000 11 0000 12 0000 13 0000 14 0000 15 0000
 16 0159 17 DC0C 18 2ADB 19 0000 20 0000 21 0000 23 0000 24 0000
 25 0000 26 0000 27 0000 28 0000 29 0000 30 0000 31 0000

Clause 45 PHY Information for dev 0 port 3:

 Device 3 PCS registers: length 4 devNum 0
  0000=0000  0001=0042  0014=0006  0016=0000  
 Device 7 EEE autoneg registers: length 2 devNum 0
  003C=0000  003D=0000  


MacSec PHY Information for dev 0 port 3:

 Slice registers: length 87 devNum 0
  1800=88e58100  1801=00400030  1802=00000000  1803=00000000  1804=00000000  
  1805=00000000  1806=00000000  1807=00000001  1809=00001008  180B=0fb40000  
  180C=00000000  180D=00000000  180E=00000000  1810=00000005  1811=00000000  
  1812=00000000  1815=00000000  1816=00000000  1817=00000000  1818=00000000  
  1819=00000006  181A=00000000  181B=00000000  181C=00000000  181D=00000000  
  181E=00000000  181F=00000000  1820=00000000  1821=00000000  1822=00000000  
  1823=00000000  1824=00000000  1825=00000000  1826=00000000  1827=00000000  
  1828=00000000  1829=00000000  182A=00000000  182B=00000000  182C=00000000  
  182D=00000000  182E=00000000  182F=00000000  1830=888e8808  1831=00000000  
  1832=00000000  1833=00000000  1840=00011849  1841=00020081  1842=00000008  
  1843=00000020  1844=00000001  1845=00000000  1846=00000000  1847=0007fe43  
  1848=0009a520  1850=000117c9  1851=00010081  1852=00000000  1853=00000030  
  1854=00000005  1855=00000000  1856=00000000  1857=0007fe43  1858=0009a520  
  1870=00000077  1871=5a000000  1872=00000000  1873=00000000  1874=00000004  
  1876=00002006  1877=00000000  1878=00000000  1879=004050f0  187A=00010000  
  187B=00000000  187C=00000000  187D=00000000  187E=00000000  187F=00000000  
  1BC0=111e2020  1BC1=00000000  1BC2=00000000  1BC3=00000003  1BC4=000050f0  
  1BC6=00001400  1BC7=00005096  

MAC MIB Counters (Wire MAC):
 GoodOctetsReceived   0x2060:                   0
 BadOctetsReceived    0x2062:                   0
 TxFIFOunderrun/TxCRC 0x2063:                   0
 UnicastFramesReceive 0x2064:                   0
 SentDeferred         0x2065:                   0
 BroadcastFramesRecei 0x2066:                   0
 MulticastFramesRecei 0x2067:                   0
 Frames64Octets       0x2068:                   0
 Frames65to127Octets  0x2069:                   0
 Frames128to255Octets 0x206a:                   0
 Frames256to511Octets 0x206b:                   0
 Frames512to1023Octet 0x206c:                   0
 Frames1024toMaxOctet 0x206d:                   0
 GoodOctetsSent       0x206e:                   0
 UnicastFramesSent    0x2070:                   0
 ExcessiveCollision   0x2071:                   0
 MulticastFramesSent  0x2072:                   0
 BroadcastFramesSent  0x2073:                   0
 SentMultiple         0x2074:                   0
 FCSent               0x2075:                   0
 FCReceived           0x2076:                   0
 RxFIFOOverrun        0x2077:                   0
 Undersize            0x2078:                   0
 Fragments            0x2079:                   0
 Oversize             0x207a:                   0
 Jabber               0x207b:                   0
 RxError              0x207c:                   0
 BadCrc               0x207d:                   0
 Collisions           0x207e:                   0
 LateCollisions       0x207f:                   0

MAC MIB Counters (System MAC, phyPorts 1/3):
 GoodOctetsReceived   0x20a0:                   0
 BadOctetsReceived    0x20a2:                   0
 TxFIFOunderrun/TxCRC 0x20a3:                   0
 UnicastFramesReceive 0x20a4:                   0
 SentDeferred         0x20a5:                   0
 BroadcastFramesRecei 0x20a6:                   0
 MulticastFramesRecei 0x20a7:                   0
 Frames64Octets       0x20a8:                   0
 Frames65to127Octets  0x20a9:                   0
 Frames128to255Octets 0x20aa:                   0
 Frames256to511Octets 0x20ab:                   0
 Frames512to1023Octet 0x20ac:                   0
 Frames1024toMaxOctet 0x20ad:                   0
 GoodOctetsSent       0x20ae:                   0
 UnicastFramesSent    0x20b0:                   0
 ExcessiveCollision   0x20b1:                   0
 MulticastFramesSent  0x20b2:                   0
 BroadcastFramesSent  0x20b3:                   0
 SentMultiple         0x20b4:                   0
 FCSent               0x20b5:                   0
 FCReceived           0x20b6:                   0
 RxFIFOOverrun        0x20b7:                   0
 Undersize            0x20b8:                   0
 Fragments            0x20b9:                   0
 Oversize             0x20ba:                   0
 Jabber               0x20bb:                   0
 RxError              0x20bc:                   0
 BadCrc               0x20bd:                   0
 Collisions           0x20be:                   0
 LateCollisions       0x20bf:                   0


Port configuration:
  lport  3   macStatus:       0x12003010      value: 0x0000A400
             macCtrl:         0x12003000      value: 0x00008BE5
             autoNegCtrl:     0x1200300C      value: 0x0000B0E9
             macCtrl1:        0x12003004      value: 0x00003783
             macCtrl2:        0x12003008      value: 0x0000C008
             macCtrl3:        0x12003048      value: 0x00000300
             macCtrl4:        0x12003090      value: 0x00000C02
             portControl:     0x01003000      value: 0x00208001

Phy address is: 02

PHY Registers for dev 0 (port 2)
  	hwMode (4 QSGMII to SGMII)

SGMII link partner ()
  Enabled Incomplete
  Link
    link partner Down
  Flow Control
    Partner   ( )
  Duplex
    Partner   (Duplex half)
  Speed
    Partner   (Speed 10Mbps)

Page 0 - Copper
  0 1940  1 7949  2 0141  3 0EC0  4 01E1  5 0000  6 0004  7 2001
  8 0000  9 0F00 10 4000 13 0003 14 0000 15 3000 16 3060 17 8040
 18 0000 19 0040 20 0020 21 0000 23 0000 26 0040
Page 1 - SGMII
  0 1140  1 0149  2 0141  3 0EC0  4 0001  5 0000  6 0004  7 2001
  8 0000 15 C000 16 4207 17 8010 18 0000 19 0000 21 0000 23 0000
 24 0000 25 0000 26 0042
Page 2 - Mac
 16 6008 18 0000 19 0000 21 1046
Page 3 - LED
 16 887F 17 8005 18 4905 19 0073 28 0003 29 0000
Page 4 - QSGMII
  0 1140  1 0000  4 0901  5 0000  6 0000 16 6224 17 8000 18 0000
 19 0000 20 0000 21 0000 23 0000 24 0000 25 0000 26 3002 27 3F80
 28 0000
Page 5 - VCT
 16 0000 17 0000 18 0000 19 0000 20 0000 21 2000 23 0603 24 0000
 25 0104 26 0F12 27 0A0C 28 0C06
Page 6 - Packet
 16 0000 17 0000 18 0000 19 000B 23 0000 24 0000 25 0000 26 190D
Page 7 - Cable
 16 0000 17 0000 18 0000 19 0000 20 0000 21 0000 25 0104 26 0F12
 27 0A0C 28 0006
Page 18 - Common
  0 0000  1 0000  2 0000 16 0000 17 0000 19 000B 20 0004 25 0000
 26 0000 27 2000
Page 255 - Factory
  0 0000  1 0000  2 0000  3 0000  4 0000  5 0000  6 0000  7 0000
  8 0000  9 0000 10 0000 11 0000 12 0000 13 0000 14 0000 15 0000
 16 0159 17 DC0C 18 4C0C 19 0000 20 0000 21 0000 23 0000 24 0000
 25 0000 26 0000 27 0000 28 0000 29 0000 30 0000 31 0000

Clause 45 PHY Information for dev 0 port 2:

 Device 3 PCS registers: length 4 devNum 0
  0000=0000  0001=0042  0014=0006  0016=0000  
 Device 7 EEE autoneg registers: length 2 devNum 0
  003C=0000  003D=0000  


MacSec PHY Information for dev 0 port 2:

 Slice registers: length 87 devNum 0
  1000=88e58100  1001=00400030  1002=00000000  1003=00000000  1004=00000000  
  1005=00000000  1006=00000000  1007=00000001  1009=00001008  100B=0fb40000  
  100C=00000000  100D=00000000  100E=00000000  1010=00000005  1011=00000000  
  1012=00000000  1015=00000000  1016=00000000  1017=00000000  1018=00000000  
  1019=00000006  101A=00000000  101B=00000000  101C=00000000  101D=00000000  
  101E=00000000  101F=00000000  1020=00000000  1021=00000000  1022=00000000  
  1023=00000000  1024=00000000  1025=00000000  1026=00000000  1027=00000000  
  1028=00000000  1029=00000000  102A=00000000  102B=00000000  102C=00000000  
  102D=00000000  102E=00000000  102F=00000000  1030=888e8808  1031=00000000  
  1032=00000000  1033=00000000  1040=00011849  1041=00020081  1042=00000008  
  1043=00000020  1044=00000001  1045=00000000  1046=00000000  1047=0007fe43  
  1048=0009a520  1050=000117c9  1051=00010081  1052=00000000  1053=00000030  
  1054=00000005  1055=00000000  1056=00000000  1057=0007fe43  1058=0009a520  
  1070=00000077  1071=5a000000  1072=00000000  1073=00000000  1074=00000004  
  1076=00002006  1077=00000000  1078=00000000  1079=004050f0  107A=00010000  
  107B=00000000  107C=00000000  107D=00000000  107E=00000000  107F=00000000  
  13C0=111e2020  13C1=00000000  13C2=00000000  13C3=00000003  13C4=000050f0  
  13C6=00001400  13C7=00005096  

MAC MIB Counters (Wire MAC):
 GoodOctetsReceived   0x2040:                   0
 BadOctetsReceived    0x2042:                   0
 TxFIFOunderrun/TxCRC 0x2043:                   0
 UnicastFramesReceive 0x2044:                   0
 SentDeferred         0x2045:                   0
 BroadcastFramesRecei 0x2046:                   0
 MulticastFramesRecei 0x2047:                   0
 Frames64Octets       0x2048:                   0
 Frames65to127Octets  0x2049:                   0
 Frames128to255Octets 0x204a:                   0
 Frames256to511Octets 0x204b:                   0
 Frames512to1023Octet 0x204c:                   0
 Frames1024toMaxOctet 0x204d:                   0
 GoodOctetsSent       0x204e:                   0
 UnicastFramesSent    0x2050:                   0
 ExcessiveCollision   0x2051:                   0
 MulticastFramesSent  0x2052:                   0
 BroadcastFramesSent  0x2053:                   0
 SentMultiple         0x2054:                   0
 FCSent               0x2055:                   0
 FCReceived           0x2056:                   0
 RxFIFOOverrun        0x2057:                   0
 Undersize            0x2058:                   0
 Fragments            0x2059:                   0
 Oversize             0x205a:                   0
 Jabber               0x205b:                   0
 RxError              0x205c:                   0
 BadCrc               0x205d:                   0
 Collisions           0x205e:                   0
 LateCollisions       0x205f:                   0

MAC MIB Counters (System MAC, phyPorts 0/2):
 GoodOctetsReceived   0x2080:                   0
 BadOctetsReceived    0x2082:                   0
 TxFIFOunderrun/TxCRC 0x2083:                   0
 UnicastFramesReceive 0x2084:                   0
 SentDeferred         0x2085:                   0
 BroadcastFramesRecei 0x2086:                   0
 MulticastFramesRecei 0x2087:                   0
 Frames64Octets       0x2088:                   0
 Frames65to127Octets  0x2089:                   0
 Frames128to255Octets 0x208a:                   0
 Frames256to511Octets 0x208b:                   0
 Frames512to1023Octet 0x208c:                   0
 Frames1024toMaxOctet 0x208d:                   0
 GoodOctetsSent       0x208e:                   0
 UnicastFramesSent    0x2090:                   0
 ExcessiveCollision   0x2091:                   0
 MulticastFramesSent  0x2092:                   0
 BroadcastFramesSent  0x2093:                   0
 SentMultiple         0x2094:                   0
 FCSent               0x2095:                   0
 FCReceived           0x2096:                   0
 RxFIFOOverrun        0x2097:                   0
 Undersize            0x2098:                   0
 Fragments            0x2099:                   0
 Oversize             0x209a:                   0
 Jabber               0x209b:                   0
 RxError              0x209c:                   0
 BadCrc               0x209d:                   0
 Collisions           0x209e:                   0
 LateCollisions       0x209f:                   0


Port configuration:
  lport  2   macStatus:       0x12002010      value: 0x0000A400
             macCtrl:         0x12002000      value: 0x00008BE5
             autoNegCtrl:     0x1200200C      value: 0x0000B0E9
             macCtrl1:        0x12002004      value: 0x00003783
             macCtrl2:        0x12002008      value: 0x0000C008
             macCtrl3:        0x12002048      value: 0x00000300
             macCtrl4:        0x12002090      value: 0x00000802
             portControl:     0x01002000      value: 0x00208001

Phy address is: 05

PHY Registers for dev 0 (port 5)
  	hwMode (4 QSGMII to SGMII)

SGMII link partner ()
  Enabled Incomplete
  Link
    link partner Down
  Flow Control
    Partner   ( )
  Duplex
    Partner   (Duplex half)
  Speed
    Partner   (Speed 10Mbps)

Page 0 - Copper
  0 1940  1 7949  2 0141  3 0EC0  4 01E1  5 0000  6 0004  7 2001
  8 0000  9 0F00 10 4000 13 0003 14 0000 15 3000 16 3060 17 8040
 18 0000 19 0040 20 0020 21 0000 23 0000 26 0040
Page 1 - SGMII
  0 1140  1 0149  2 0141  3 0EC0  4 0001  5 0000  6 0004  7 2001
  8 0000 15 C000 16 4207 17 8010 18 0000 19 0000 21 0000 23 0000
 24 0000 25 0000 26 0042
Page 2 - Mac
 16 6008 18 0000 19 0000 21 1046
Page 3 - LED
 16 887F 17 8005 18 4905 19 0073 28 0003 29 0000
Page 4 - QSGMII
  0 1140  1 0000  4 0901  5 0000  6 0000 16 6224 17 8000 18 0000
 19 0000 20 0000 21 0000 23 0000 24 0000 25 0000 26 3002 27 3F80
 28 0000
Page 5 - VCT
 16 0000 17 0000 18 0000 19 0000 20 0000 21 2000 23 0603 24 0000
 25 0104 26 0F12 27 0A0C 28 0C06
Page 6 - Packet
 16 0000 17 0000 18 0000 19 000B 23 0000 24 0000 25 0000 26 190D
Page 7 - Cable
 16 0000 17 0000 18 0000 19 0000 20 0000 21 0000 25 0104 26 0F12
 27 0A0C 28 0006
Page 18 - Common
  0 0000  1 0000  2 0000 16 0000 17 0000 19 000B 20 0004 25 0000
 26 0000 27 2000
Page 255 - Factory
  0 0000  1 0000  2 0000  3 0000  4 0000  5 0000  6 0000  7 0000
  8 0000  9 0000 10 0000 11 0000 12 0000 13 0000 14 0000 15 0000
 16 0159 17 DC0C 18 0001 19 0000 20 0000 21 0000 23 0000 24 0000
 25 0000 26 0000 27 0000 28 0000 29 0000 30 0000 31 0000

Clause 45 PHY Information for dev 0 port 5:

 Device 3 PCS registers: length 4 devNum 0
  0000=0000  0001=0042  0014=0006  0016=0000  
 Device 7 EEE autoneg registers: length 2 devNum 0
  003C=0000  003D=0000  


MacSec PHY Information for dev 0 port 5:

 Slice registers: length 87 devNum 0
  0800=88e58100  0801=00400030  0802=00000000  0803=00000000  0804=00000000  
  0805=00000000  0806=00000000  0807=00000001  0809=00001008  080B=0fb40000  
  080C=00000000  080D=00000000  080E=00000000  0810=00000005  0811=00000000  
  0812=00000000  0815=00000000  0816=00000000  0817=00000000  0818=00000000  
  0819=00000006  081A=00000000  081B=00000000  081C=00000000  081D=00000000  
  081E=00000000  081F=00000000  0820=00000000  0821=00000000  0822=00000000  
  0823=00000000  0824=00000000  0825=00000000  0826=00000000  0827=00000000  
  0828=00000000  0829=00000000  082A=00000000  082B=00000000  082C=00000000  
  082D=00000000  082E=00000000  082F=00000000  0830=888e8808  0831=00000000  
  0832=00000000  0833=00000000  0840=00011849  0841=00020081  0842=00000008  
  0843=00000020  0844=00000001  0845=00000000  0846=00000000  0847=0007fe43  
  0848=0009a520  0850=000117c9  0851=00010081  0852=00000000  0853=00000030  
  0854=00000005  0855=00000000  0856=00000000  0857=0007fe43  0858=0009a520  
  0870=00000077  0871=5a000000  0872=00000000  0873=00000000  0874=00000004  
  0876=00002006  0877=00000000  0878=00000000  0879=004050f0  087A=00010000  
  087B=00000000  087C=00000000  087D=00000000  087E=00000000  087F=00000000  
  0BC0=111e2020  0BC1=00000000  0BC2=00000000  0BC3=00000003  0BC4=000050f0  
  0BC6=00001400  0BC7=00005096  

MAC MIB Counters (Wire MAC):
 GoodOctetsReceived   0x2020:                   0
 BadOctetsReceived    0x2022:                   0
 TxFIFOunderrun/TxCRC 0x2023:                   0
 UnicastFramesReceive 0x2024:                   0
 SentDeferred         0x2025:                   0
 BroadcastFramesRecei 0x2026:                   0
 MulticastFramesRecei 0x2027:                   0
 Frames64Octets       0x2028:                   0
 Frames65to127Octets  0x2029:                   0
 Frames128to255Octets 0x202a:                   0
 Frames256to511Octets 0x202b:                   0
 Frames512to1023Octet 0x202c:                   0
 Frames1024toMaxOctet 0x202d:                   0
 GoodOctetsSent       0x202e:                   0
 UnicastFramesSent    0x2030:                   0
 ExcessiveCollision   0x2031:                   0
 MulticastFramesSent  0x2032:                   0
 BroadcastFramesSent  0x2033:                   0
 SentMultiple         0x2034:                   0
 FCSent               0x2035:                   0
 FCReceived           0x2036:                   0
 RxFIFOOverrun        0x2037:                   0
 Undersize            0x2038:                   0
 Fragments            0x2039:                   0
 Oversize             0x203a:                   0
 Jabber               0x203b:                   0
 RxError              0x203c:                   0
 BadCrc               0x203d:                   0
 Collisions           0x203e:                   0
 LateCollisions       0x203f:                   0

MAC MIB Counters (System MAC, phyPorts 1/3):
 GoodOctetsReceived   0x20a0:                   0
 BadOctetsReceived    0x20a2:                   0
 TxFIFOunderrun/TxCRC 0x20a3:                   0
 UnicastFramesReceive 0x20a4:                   0
 SentDeferred         0x20a5:                   0
 BroadcastFramesRecei 0x20a6:                   0
 MulticastFramesRecei 0x20a7:                   0
 Frames64Octets       0x20a8:                   0
 Frames65to127Octets  0x20a9:                   0
 Frames128to255Octets 0x20aa:                   0
 Frames256to511Octets 0x20ab:                   0
 Frames512to1023Octet 0x20ac:                   0
 Frames1024toMaxOctet 0x20ad:                   0
 GoodOctetsSent       0x20ae:                   0
 UnicastFramesSent    0x20b0:                   0
 ExcessiveCollision   0x20b1:                   0
 MulticastFramesSent  0x20b2:                   0
 BroadcastFramesSent  0x20b3:                   0
 SentMultiple         0x20b4:                   0
 FCSent               0x20b5:                   0
 FCReceived           0x20b6:                   0
 RxFIFOOverrun        0x20b7:                   0
 Undersize            0x20b8:                   0
 Fragments            0x20b9:                   0
 Oversize             0x20ba:                   0
 Jabber               0x20bb:                   0
 RxError              0x20bc:                   0
 BadCrc               0x20bd:                   0
 Collisions           0x20be:                   0
 LateCollisions       0x20bf:                   0


Port configuration:
  lport  5   macStatus:       0x12005010      value: 0x00000400
             macCtrl:         0x12005000      value: 0x00008BE5
             autoNegCtrl:     0x1200500C      value: 0x0000B0E9
             macCtrl1:        0x12005004      value: 0x00003783
             macCtrl2:        0x12005008      value: 0x0000C048
             macCtrl3:        0x12005048      value: 0x00000300
             macCtrl4:        0x12005090      value: 0x00001482
             portControl:     0x01005000      value: 0x00208001

Phy address is: 04

PHY Registers for dev 0 (port 4)
  	hwMode (4 QSGMII to SGMII)

SGMII link partner ()
  Enabled Incomplete
  Link
    link partner Down
  Flow Control
    Partner   ( )
  Duplex
    Partner   (Duplex half)
  Speed
    Partner   (Speed 10Mbps)

Page 0 - Copper
  0 1940  1 7949  2 0141  3 0EC0  4 01E1  5 0000  6 0004  7 2001
  8 0000  9 0F00 10 4000 13 0003 14 0000 15 3000 16 3060 17 8000
 18 0000 19 0040 20 0020 21 0000 23 0000 26 0040
Page 1 - SGMII
  0 1140  1 0149  2 0141  3 0EC0  4 0001  5 0000  6 0004  7 2001
  8 0000 15 C000 16 4207 17 8010 18 0000 19 0000 21 0000 23 0000
 24 0000 25 0000 26 0042
Page 2 - Mac
 16 6008 18 0000 19 0000 21 1046
Page 3 - LED
 16 887F 17 8005 18 4905 19 0073 28 0003 29 0000
Page 4 - QSGMII
  0 1140  1 0000  4 0901  5 0000  6 0000 16 6224 17 8000 18 0000
 19 0000 20 0000 21 0000 23 0000 24 0000 25 0000 26 3002 27 3F80
 28 0000
Page 5 - VCT
 16 0000 17 0000 18 0000 19 0000 20 0000 21 2000 23 0603 24 0000
 25 0104 26 0F12 27 0A0C 28 0C06
Page 6 - Packet
 16 0000 17 0000 18 0000 19 000B 23 0000 24 0000 25 0000 26 190D
Page 7 - Cable
 16 0000 17 0000 18 0000 19 0000 20 0000 21 0000 25 0104 26 0F12
 27 0A0C 28 0006
Page 18 - Common
  0 0000  1 0000  2 0000 16 0000 17 0000 19 000B 20 0004 25 0000
 26 0000 27 2000
Page 255 - Factory
  0 0000  1 0000  2 0000  3 0000  4 0000  5 0000  6 0000  7 0000
  8 0000  9 0000 10 0000 11 0000 12 0000 13 0000 14 0000 15 0000
 16 0159 17 DC0C 18 5955 19 0000 20 0000 21 0000 23 0000 24 0000
 25 0000 26 0000 27 0000 28 0000 29 0000 30 0000 31 0000

Clause 45 PHY Information for dev 0 port 4:

 Device 3 PCS registers: length 4 devNum 0
  0000=0000  0001=0042  0014=0006  0016=0000  
 Device 7 EEE autoneg registers: length 2 devNum 0
  003C=0000  003D=0000  


MacSec PHY Information for dev 0 port 4:

 Slice registers: length 87 devNum 0
  0000=88e58100  0001=00400030  0002=00000000  0003=00000000  0004=00000000  
  0005=00000000  0006=00000000  0007=00000001  0009=00001008  000B=0fb40000  
  000C=00000000  000D=00000000  000E=00000000  0010=00000005  0011=00000000  
  0012=00000000  0015=00000000  0016=00000000  0017=00000000  0018=00000000  
  0019=00000006  001A=00000000  001B=00000000  001C=00000000  001D=00000000  
  001E=00000000  001F=00000000  0020=00000000  0021=00000000  0022=00000000  
  0023=00000000  0024=00000000  0025=00000000  0026=00000000  0027=00000000  
  0028=00000000  0029=00000000  002A=00000000  002B=00000000  002C=00000000  
  002D=00000000  002E=00000000  002F=00000000  0030=888e8808  0031=00000000  
  0032=00000000  0033=00000000  0040=00011849  0041=00020081  0042=00000008  
  0043=00000020  0044=00000001  0045=00000000  0046=00000000  0047=0007fe43  
  0048=0009a520  0050=000117c9  0051=00010081  0052=00000000  0053=00000030  
  0054=00000005  0055=00000000  0056=00000000  0057=0007fe43  0058=0009a520  
  0070=00000077  0071=5a000000  0072=00000000  0073=00000000  0074=00000004  
  0076=00002006  0077=00000000  0078=00000000  0079=004050f0  007A=00010000  
  007B=00000000  007C=00000000  007D=00000000  007E=00000000  007F=00000000  
  03C0=111e2020  03C1=00000000  03C2=00000000  03C3=00000003  03C4=000050f0  
  03C6=00001400  03C7=00005096  

MAC MIB Counters (Wire MAC):
 GoodOctetsReceived   0x2000:                   0
 BadOctetsReceived    0x2002:                   0
 TxFIFOunderrun/TxCRC 0x2003:                   0
 UnicastFramesReceive 0x2004:                   0
 SentDeferred         0x2005:                   0
 BroadcastFramesRecei 0x2006:                   0
 MulticastFramesRecei 0x2007:                   0
 Frames64Octets       0x2008:                   0
 Frames65to127Octets  0x2009:                   0
 Frames128to255Octets 0x200a:                   0
 Frames256to511Octets 0x200b:                   0
 Frames512to1023Octet 0x200c:                   0
 Frames1024toMaxOctet 0x200d:                   0
 GoodOctetsSent       0x200e:                   0
 UnicastFramesSent    0x2010:                   0
 ExcessiveCollision   0x2011:                   0
 MulticastFramesSent  0x2012:                   0
 BroadcastFramesSent  0x2013:                   0
 SentMultiple         0x2014:                   0
 FCSent               0x2015:                   0
 FCReceived           0x2016:                   0
 RxFIFOOverrun        0x2017:                   0
 Undersize            0x2018:                   0
 Fragments            0x2019:                   0
 Oversize             0x201a:                   0
 Jabber               0x201b:                   0
 RxError              0x201c:                   0
 BadCrc               0x201d:                   0
 Collisions           0x201e:                   0
 LateCollisions       0x201f:                   0

MAC MIB Counters (System MAC, phyPorts 0/2):
 GoodOctetsReceived   0x2080:                   0
 BadOctetsReceived    0x2082:                   0
 TxFIFOunderrun/TxCRC 0x2083:                   0
 UnicastFramesReceive 0x2084:                   0
 SentDeferred         0x2085:                   0
 BroadcastFramesRecei 0x2086:                   0
 MulticastFramesRecei 0x2087:                   0
 Frames64Octets       0x2088:                   0
 Frames65to127Octets  0x2089:                   0
 Frames128to255Octets 0x208a:                   0
 Frames256to511Octets 0x208b:                   0
 Frames512to1023Octet 0x208c:                   0
 Frames1024toMaxOctet 0x208d:                   0
 GoodOctetsSent       0x208e:                   0
 UnicastFramesSent    0x2090:                   0
 ExcessiveCollision   0x2091:                   0
 MulticastFramesSent  0x2092:                   0
 BroadcastFramesSent  0x2093:                   0
 SentMultiple         0x2094:                   0
 FCSent               0x2095:                   0
 FCReceived           0x2096:                   0
 RxFIFOOverrun        0x2097:                   0
 Undersize            0x2098:                   0
 Fragments            0x2099:                   0
 Oversize             0x209a:                   0
 Jabber               0x209b:                   0
 RxError              0x209c:                   0
 BadCrc               0x209d:                   0
 Collisions           0x209e:                   0
 LateCollisions       0x209f:                   0


Port configuration:
  lport  4   macStatus:       0x12004010      value: 0x00000400
             macCtrl:         0x12004000      value: 0x00008BE5
             autoNegCtrl:     0x1200400C      value: 0x0000B0E9
             macCtrl1:        0x12004004      value: 0x00003783
             macCtrl2:        0x12004008      value: 0x0000C048
             macCtrl3:        0x12004048      value: 0x00000300
             macCtrl4:        0x12004090      value: 0x00001082
             portControl:     0x01004000      value: 0x00208001

Phy address is: 07

PHY Registers for dev 0 (port 7)
  	hwMode (4 QSGMII to SGMII)

SGMII link partner ()
  Enabled Incomplete
  Link
    link partner Down
  Flow Control
    Partner   ( )
  Duplex
    Partner   (Duplex half)
  Speed
    Partner   (Speed 10Mbps)

Page 0 - Copper
  0 1940  1 7949  2 0141  3 0EC0  4 01E1  5 0000  6 0004  7 2001
  8 0000  9 0F00 10 4000 13 0003 14 0000 15 3000 16 3060 17 8040
 18 0000 19 0040 20 0020 21 0000 23 0000 26 0040
Page 1 - SGMII
  0 1140  1 0149  2 0141  3 0EC0  4 0001  5 0000  6 0004  7 2001
  8 0000 15 C000 16 4207 17 8010 18 0000 19 0000 21 0000 23 0000
 24 0000 25 0000 26 0042
Page 2 - Mac
 16 6008 18 0000 19 0000 21 1046
Page 3 - LED
 16 887F 17 8005 18 4905 19 0073 28 0003 29 0000
Page 4 - QSGMII
  0 1140  1 0000  4 0901  5 0000  6 0000 16 6224 17 8000 18 0000
 19 0000 20 0000 21 0000 23 0000 24 0000 25 0000 26 3002 27 3F80
 28 0000
Page 5 - VCT
 16 0000 17 0000 18 0000 19 0000 20 0000 21 2000 23 0603 24 0000
 25 0104 26 0F12 27 0A0C 28 0C06
Page 6 - Packet
 16 0000 17 0000 18 0000 19 000B 23 0000 24 0000 25 0000 26 190D
Page 7 - Cable
 16 0000 17 0000 18 0000 19 0000 20 0000 21 0000 25 0104 26 0F12
 27 0A0C 28 0006
Page 18 - Common
  0 0000  1 0000  2 0000 16 0000 17 0000 19 000B 20 0004 25 0000
 26 0000 27 2000
Page 255 - Factory
  0 0000  1 0000  2 0000  3 0000  4 0000  5 0000  6 0000  7 0000
  8 0000  9 0000 10 0000 11 0000 12 0000 13 0000 14 0000 15 0000
 16 0159 17 DC0C 18 732D 19 0000 20 0000 21 0000 23 0000 24 0000
 25 0000 26 0000 27 0000 28 0000 29 0000 30 0000 31 0000

Clause 45 PHY Information for dev 0 port 7:

 Device 3 PCS registers: length 4 devNum 0
  0000=0000  0001=0042  0014=0006  0016=0000  
 Device 7 EEE autoneg registers: length 2 devNum 0
  003C=0000  003D=0000  


MacSec PHY Information for dev 0 port 7:

 Slice registers: length 87 devNum 0
  1800=88e58100  1801=00400030  1802=00000000  1803=00000000  1804=00000000  
  1805=00000000  1806=00000000  1807=00000001  1809=00001008  180B=0fb40000  
  180C=00000000  180D=00000000  180E=00000000  1810=00000005  1811=00000000  
  1812=00000000  1815=00000000  1816=00000000  1817=00000000  1818=00000000  
  1819=00000006  181A=00000000  181B=00000000  181C=00000000  181D=00000000  
  181E=00000000  181F=00000000  1820=00000000  1821=00000000  1822=00000000  
  1823=00000000  1824=00000000  1825=00000000  1826=00000000  1827=00000000  
  1828=00000000  1829=00000000  182A=00000000  182B=00000000  182C=00000000  
  182D=00000000  182E=00000000  182F=00000000  1830=888e8808  1831=00000000  
  1832=00000000  1833=00000000  1840=00011849  1841=00020081  1842=00000008  
  1843=00000020  1844=00000001  1845=00000000  1846=00000000  1847=0007fe43  
  1848=0009a520  1850=000117c9  1851=00010081  1852=00000000  1853=00000030  
  1854=00000005  1855=00000000  1856=00000000  1857=0007fe43  1858=0009a520  
  1870=00000077  1871=5a000000  1872=00000000  1873=00000000  1874=00000004  
  1876=00002006  1877=00000000  1878=00000000  1879=004050f0  187A=00010000  
  187B=00000000  187C=00000000  187D=00000000  187E=00000000  187F=00000000  
  1BC0=111e2020  1BC1=00000000  1BC2=00000000  1BC3=00000003  1BC4=000050f0  
  1BC6=00001400  1BC7=00005096  

MAC MIB Counters (Wire MAC):
 GoodOctetsReceived   0x2060:                   0
 BadOctetsReceived    0x2062:                   0
 TxFIFOunderrun/TxCRC 0x2063:                   0
 UnicastFramesReceive 0x2064:                   0
 SentDeferred         0x2065:                   0
 BroadcastFramesRecei 0x2066:                   0
 MulticastFramesRecei 0x2067:                   0
 Frames64Octets       0x2068:                   0
 Frames65to127Octets  0x2069:                   0
 Frames128to255Octets 0x206a:                   0
 Frames256to511Octets 0x206b:                   0
 Frames512to1023Octet 0x206c:                   0
 Frames1024toMaxOctet 0x206d:                   0
 GoodOctetsSent       0x206e:                   0
 UnicastFramesSent    0x2070:                   0
 ExcessiveCollision   0x2071:                   0
 MulticastFramesSent  0x2072:                   0
 BroadcastFramesSent  0x2073:                   0
 SentMultiple         0x2074:                   0
 FCSent               0x2075:                   0
 FCReceived           0x2076:                   0
 RxFIFOOverrun        0x2077:                   0
 Undersize            0x2078:                   0
 Fragments            0x2079:                   0
 Oversize             0x207a:                   0
 Jabber               0x207b:                   0
 RxError              0x207c:                   0
 BadCrc               0x207d:                   0
 Collisions           0x207e:                   0
 LateCollisions       0x207f:                   0

MAC MIB Counters (System MAC, phyPorts 1/3):
 GoodOctetsReceived   0x20a0:                   0
 BadOctetsReceived    0x20a2:                   0
 TxFIFOunderrun/TxCRC 0x20a3:                   0
 UnicastFramesReceive 0x20a4:                   0
 SentDeferred         0x20a5:                   0
 BroadcastFramesRecei 0x20a6:                   0
 MulticastFramesRecei 0x20a7:                   0
 Frames64Octets       0x20a8:                   0
 Frames65to127Octets  0x20a9:                   0
 Frames128to255Octets 0x20aa:                   0
 Frames256to511Octets 0x20ab:                   0
 Frames512to1023Octet 0x20ac:                   0
 Frames1024toMaxOctet 0x20ad:                   0
 GoodOctetsSent       0x20ae:                   0
 UnicastFramesSent    0x20b0:                   0
 ExcessiveCollision   0x20b1:                   0
 MulticastFramesSent  0x20b2:                   0
 BroadcastFramesSent  0x20b3:                   0
 SentMultiple         0x20b4:                   0
 FCSent               0x20b5:                   0
 FCReceived           0x20b6:                   0
 RxFIFOOverrun        0x20b7:                   0
 Undersize            0x20b8:                   0
 Fragments            0x20b9:                   0
 Oversize             0x20ba:                   0
 Jabber               0x20bb:                   0
 RxError              0x20bc:                   0
 BadCrc               0x20bd:                   0
 Collisions           0x20be:                   0
 LateCollisions       0x20bf:                   0


Port configuration:
  lport  7   macStatus:       0x12007010      value: 0x00000400
             macCtrl:         0x12007000      value: 0x00008BE5
             autoNegCtrl:     0x1200700C      value: 0x0000B0E9
             macCtrl1:        0x12007004      value: 0x00003783
             macCtrl2:        0x12007008      value: 0x0000C048
             macCtrl3:        0x12007048      value: 0x00000300
             macCtrl4:        0x12007090      value: 0x00001C82
             portControl:     0x01007000      value: 0x00208001

Phy address is: 06

PHY Registers for dev 0 (port 6)
  	hwMode (4 QSGMII to SGMII)

SGMII link partner ()
  Enabled Incomplete
  Link
    link partner Down
  Flow Control
    Partner   ( )
  Duplex
    Partner   (Duplex half)
  Speed
    Partner   (Speed 10Mbps)

Page 0 - Copper
  0 1940  1 7949  2 0141  3 0EC0  4 01E1  5 0000  6 0004  7 2001
  8 0000  9 0F00 10 4000 13 0003 14 0000 15 3000 16 3060 17 8000
 18 0000 19 0040 20 0020 21 0000 23 0000 26 0040
Page 1 - SGMII
  0 1140  1 0149  2 0141  3 0EC0  4 0001  5 0000  6 0004  7 2001
  8 0000 15 C000 16 4207 17 8010 18 0000 19 0000 21 0000 23 0000
 24 0000 25 0000 26 0042
Page 2 - Mac
 16 6008 18 0000 19 0000 21 1046
Page 3 - LED
 16 887F 17 8005 18 4905 19 0073 28 0003 29 0000
Page 4 - QSGMII
  0 1140  1 0000  4 0901  5 0000  6 0000 16 6224 17 8000 18 0000
 19 0000 20 0000 21 0000 23 0000 24 0000 25 0000 26 3002 27 3F80
 28 0000
Page 5 - VCT
 16 0000 17 0000 18 0000 19 0000 20 0000 21 2000 23 0603 24 0000
 25 0104 26 0F12 27 0A0C 28 0C06
Page 6 - Packet
 16 0000 17 0000 18 0000 19 000B 23 0000 24 0000 25 0000 26 190D
Page 7 - Cable
 16 0000 17 0000 18 0000 19 0000 20 0000 21 0000 25 0104 26 0F12
 27 0A0C 28 0006
Page 18 - Common
  0 0000  1 0000  2 0000 16 0000 17 0000 19 000B 20 0004 25 0000
 26 0000 27 2000
Page 255 - Factory
  0 0000  1 0000  2 0000  3 0000  4 0000  5 0000  6 0000  7 0000
  8 0000  9 0000 10 0000 11 0000 12 0000 13 0000 14 0000 15 0000
 16 0159 17 DC0C 18 BD7E 19 0000 20 0000 21 0000 23 0000 24 0000
 25 0000 26 0000 27 0000 28 0000 29 0000 30 0000 31 0000

Clause 45 PHY Information for dev 0 port 6:

 Device 3 PCS registers: length 4 devNum 0
  0000=0000  0001=0042  0014=0006  0016=0000  
 Device 7 EEE autoneg registers: length 2 devNum 0
  003C=0000  003D=0000  


MacSec PHY Information for dev 0 port 6:

 Slice registers: length 87 devNum 0
  1000=88e58100  1001=00400030  1002=00000000  1003=00000000  1004=00000000  
  1005=00000000  1006=00000000  1007=00000001  1009=00001008  100B=0fb40000  
  100C=00000000  100D=00000000  100E=00000000  1010=00000005  1011=00000000  
  1012=00000000  1015=00000000  1016=00000000  1017=00000000  1018=00000000  
  1019=00000006  101A=00000000  101B=00000000  101C=00000000  101D=00000000  
  101E=00000000  101F=00000000  1020=00000000  1021=00000000  1022=00000000  
  1023=00000000  1024=00000000  1025=00000000  1026=00000000  1027=00000000  
  1028=00000000  1029=00000000  102A=00000000  102B=00000000  102C=00000000  
  102D=00000000  102E=00000000  102F=00000000  1030=888e8808  1031=00000000  
  1032=00000000  1033=00000000  1040=00011849  1041=00020081  1042=00000008  
  1043=00000020  1044=00000001  1045=00000000  1046=00000000  1047=0007fe43  
  1048=0009a520  1050=000117c9  1051=00010081  1052=00000000  1053=00000030  
  1054=00000005  1055=00000000  1056=00000000  1057=0007fe43  1058=0009a520  
  1070=00000077  1071=5a000000  1072=00000000  1073=00000000  1074=00000004  
  1076=00002006  1077=00000000  1078=00000000  1079=004050f0  107A=00010000  
  107B=00000000  107C=00000000  107D=00000000  107E=00000000  107F=00000000  
  13C0=111e2020  13C1=00000000  13C2=00000000  13C3=00000003  13C4=000050f0  
  13C6=00001400  13C7=00005096  

MAC MIB Counters (Wire MAC):
 GoodOctetsReceived   0x2040:                   0
 BadOctetsReceived    0x2042:                   0
 TxFIFOunderrun/TxCRC 0x2043:                   0
 UnicastFramesReceive 0x2044:                   0
 SentDeferred         0x2045:                   0
 BroadcastFramesRecei 0x2046:                   0
 MulticastFramesRecei 0x2047:                   0
 Frames64Octets       0x2048:                   0
 Frames65to127Octets  0x2049:                   0
 Frames128to255Octets 0x204a:                   0
 Frames256to511Octets 0x204b:                   0
 Frames512to1023Octet 0x204c:                   0
 Frames1024toMaxOctet 0x204d:                   0
 GoodOctetsSent       0x204e:                   0
 UnicastFramesSent    0x2050:                   0
 ExcessiveCollision   0x2051:                   0
 MulticastFramesSent  0x2052:                   0
 BroadcastFramesSent  0x2053:                   0
 SentMultiple         0x2054:                   0
 FCSent               0x2055:                   0
 FCReceived           0x2056:                   0
 RxFIFOOverrun        0x2057:                   0
 Undersize            0x2058:                   0
 Fragments            0x2059:                   0
 Oversize             0x205a:                   0
 Jabber               0x205b:                   0
 RxError              0x205c:                   0
 BadCrc               0x205d:                   0
 Collisions           0x205e:                   0
 LateCollisions       0x205f:                   0

MAC MIB Counters (System MAC, phyPorts 0/2):
 GoodOctetsReceived   0x2080:                   0
 BadOctetsReceived    0x2082:                   0
 TxFIFOunderrun/TxCRC 0x2083:                   0
 UnicastFramesReceive 0x2084:                   0
 SentDeferred         0x2085:                   0
 BroadcastFramesRecei 0x2086:                   0
 MulticastFramesRecei 0x2087:                   0
 Frames64Octets       0x2088:                   0
 Frames65to127Octets  0x2089:                   0
 Frames128to255Octets 0x208a:                   0
 Frames256to511Octets 0x208b:                   0
 Frames512to1023Octet 0x208c:                   0
 Frames1024toMaxOctet 0x208d:                   0
 GoodOctetsSent       0x208e:                   0
 UnicastFramesSent    0x2090:                   0
 ExcessiveCollision   0x2091:                   0
 MulticastFramesSent  0x2092:                   0
 BroadcastFramesSent  0x2093:                   0
 SentMultiple         0x2094:                   0
 FCSent               0x2095:                   0
 FCReceived           0x2096:                   0
 RxFIFOOverrun        0x2097:                   0
 Undersize            0x2098:                   0
 Fragments            0x2099:                   0
 Oversize             0x209a:                   0
 Jabber               0x209b:                   0
 RxError              0x209c:                   0
 BadCrc               0x209d:                   0
 Collisions           0x209e:                   0
 LateCollisions       0x209f:                   0


Port configuration:
  lport  6   macStatus:       0x12006010      value: 0x00000400
             macCtrl:         0x12006000      value: 0x00008BE5
             autoNegCtrl:     0x1200600C      value: 0x0000B0E9
             macCtrl1:        0x12006004      value: 0x00003783
             macCtrl2:        0x12006008      value: 0x0000C048
             macCtrl3:        0x12006048      value: 0x00000300
             macCtrl4:        0x12006090      value: 0x00001882
             portControl:     0x01006000      value: 0x00208001

Phy address is: 09

PHY Registers for dev 0 (port 9)
  	hwMode (4 QSGMII to SGMII)

SGMII link partner ()
  Enabled Incomplete
  Link
    link partner Down
  Flow Control
    Partner   ( )
  Duplex
    Partner   (Duplex half)
  Speed
    Partner   (Speed 10Mbps)

Page 0 - Copper
  0 1940  1 7949  2 0141  3 0EC0  4 01E1  5 0000  6 0004  7 2001
  8 0000  9 0F00 10 4000 13 0003 14 0000 15 3000 16 3060 17 8000
 18 0000 19 0040 20 0020 21 0000 23 0000 26 0040
Page 1 - SGMII
  0 1140  1 0149  2 0141  3 0EC0  4 0001  5 0000  6 0004  7 2001
  8 0000 15 C000 16 4207 17 8010 18 0000 19 0000 21 0000 23 0000
 24 0000 25 0000 26 0042
Page 2 - Mac
 16 6008 18 0000 19 0000 21 1046
Page 3 - LED
 16 887F 17 8005 18 4905 19 0073 28 0003 29 0000
Page 4 - QSGMII
  0 1140  1 0000  4 0901  5 0000  6 0000 16 6224 17 8000 18 0000
 19 0000 20 0000 21 0000 23 0000 24 0000 25 0000 26 3002 27 3F80
 28 0000
Page 5 - VCT
 16 0000 17 0000 18 0000 19 0000 20 0000 21 2000 23 0603 24 0000
 25 0104 26 0F12 27 0A0C 28 0C06
Page 6 - Packet
 16 0000 17 0000 18 0000 19 000B 23 0000 24 0000 25 0000 26 190E
Page 7 - Cable
 16 0000 17 0000 18 0000 19 0000 20 0000 21 0000 25 0104 26 0F12
 27 0A0C 28 0006
Page 18 - Common
  0 0000  1 0000  2 0000 16 0000 17 0000 19 000B 20 0004 25 0000
 26 0000 27 2000
Page 255 - Factory
  0 0000  1 0000  2 0000  3 0000  4 0000  5 0000  6 0000  7 0000
  8 0000  9 0000 10 0000 11 0000 12 0000 13 0000 14 0000 15 0000
 16 0159 17 DC0C 18 0000 19 0000 20 0000 21 0000 23 0000 24 0000
 25 0000 26 0000 27 0000 28 0000 29 0000 30 0000 31 0000

Clause 45 PHY Information for dev 0 port 9:

 Device 3 PCS registers: length 4 devNum 0
  0000=0000  0001=0042  0014=0006  0016=0000  
 Device 7 EEE autoneg registers: length 2 devNum 0
  003C=0000  003D=0000  


MacSec PHY Information for dev 0 port 9:

 Slice registers: length 87 devNum 0
  0800=88e58100  0801=00400030  0802=00000000  0803=00000000  0804=00000000  
  0805=00000000  0806=00000000  0807=00000001  0809=00001008  080B=0fb40000  
  080C=00000000  080D=00000000  080E=00000000  0810=00000005  0811=00000000  
  0812=00000000  0815=00000000  0816=00000000  0817=00000000  0818=00000000  
  0819=00000006  081A=00000000  081B=00000000  081C=00000000  081D=00000000  
  081E=00000000  081F=00000000  0820=00000000  0821=00000000  0822=00000000  
  0823=00000000  0824=00000000  0825=00000000  0826=00000000  0827=00000000  
  0828=00000000  0829=00000000  082A=00000000  082B=00000000  082C=00000000  
  082D=00000000  082E=00000000  082F=00000000  0830=888e8808  0831=00000000  
  0832=00000000  0833=00000000  0840=00011849  0841=00020081  0842=00000008  
  0843=00000020  0844=00000001  0845=00000000  0846=00000000  0847=0007fe43  
  0848=0009a520  0850=000117c9  0851=00010081  0852=00000000  0853=00000030  
  0854=00000005  0855=00000000  0856=00000000  0857=0007fe43  0858=0009a520  
  0870=00000077  0871=5a000000  0872=00000000  0873=00000000  0874=00000004  
  0876=00002006  0877=00000000  0878=00000000  0879=004050f0  087A=00010000  
  087B=00000000  087C=00000000  087D=00000000  087E=00000000  087F=00000000  
  0BC0=111e2020  0BC1=00000000  0BC2=00000000  0BC3=00000003  0BC4=000050f0  
  0BC6=00001400  0BC7=00005096  

MAC MIB Counters (Wire MAC):
 GoodOctetsReceived   0x2020:                   0
 BadOctetsReceived    0x2022:                   0
 TxFIFOunderrun/TxCRC 0x2023:                   0
 UnicastFramesReceive 0x2024:                   0
 SentDeferred         0x2025:                   0
 BroadcastFramesRecei 0x2026:                   0
 MulticastFramesRecei 0x2027:                   0
 Frames64Octets       0x2028:                   0
 Frames65to127Octets  0x2029:                   0
 Frames128to255Octets 0x202a:                   0
 Frames256to511Octets 0x202b:                   0
 Frames512to1023Octet 0x202c:                   0
 Frames1024toMaxOctet 0x202d:                   0
 GoodOctetsSent       0x202e:                   0
 UnicastFramesSent    0x2030:                   0
 ExcessiveCollision   0x2031:                   0
 MulticastFramesSent  0x2032:                   0
 BroadcastFramesSent  0x2033:                   0
 SentMultiple         0x2034:                   0
 FCSent               0x2035:                   0
 FCReceived           0x2036:                   0
 RxFIFOOverrun        0x2037:                   0
 Undersize            0x2038:                   0
 Fragments            0x2039:                   0
 Oversize             0x203a:                   0
 Jabber               0x203b:                   0
 RxError              0x203c:                   0
 BadCrc               0x203d:                   0
 Collisions           0x203e:                   0
 LateCollisions       0x203f:                   0

MAC MIB Counters (System MAC, phyPorts 1/3):
 GoodOctetsReceived   0x20a0:                   0
 BadOctetsReceived    0x20a2:                   0
 TxFIFOunderrun/TxCRC 0x20a3:                   0
 UnicastFramesReceive 0x20a4:                   0
 SentDeferred         0x20a5:                   0
 BroadcastFramesRecei 0x20a6:                   0
 MulticastFramesRecei 0x20a7:                   0
 Frames64Octets       0x20a8:                   0
 Frames65to127Octets  0x20a9:                   0
 Frames128to255Octets 0x20aa:                   0
 Frames256to511Octets 0x20ab:                   0
 Frames512to1023Octet 0x20ac:                   0
 Frames1024toMaxOctet 0x20ad:                   0
 GoodOctetsSent       0x20ae:                   0
 UnicastFramesSent    0x20b0:                   0
 ExcessiveCollision   0x20b1:                   0
 MulticastFramesSent  0x20b2:                   0
 BroadcastFramesSent  0x20b3:                   0
 SentMultiple         0x20b4:                   0
 FCSent               0x20b5:                   0
 FCReceived           0x20b6:                   0
 RxFIFOOverrun        0x20b7:                   0
 Undersize            0x20b8:                   0
 Fragments            0x20b9:                   0
 Oversize             0x20ba:                   0
 Jabber               0x20bb:                   0
 RxError              0x20bc:                   0
 BadCrc               0x20bd:                   0
 Collisions           0x20be:                   0
 LateCollisions       0x20bf:                   0


Port configuration:
  lport  9   macStatus:       0x12009010      value: 0x00000C0A
             macCtrl:         0x12009000      value: 0x00008BE5
             autoNegCtrl:     0x1200900C      value: 0x0000B0E9
             macCtrl1:        0x12009004      value: 0x00003783
             macCtrl2:        0x12009008      value: 0x0000C048
             macCtrl3:        0x12009048      value: 0x00000300
             macCtrl4:        0x12009090      value: 0x00002482
             portControl:     0x01009000      value: 0x00208001

Phy address is: 08

PHY Registers for dev 0 (port 8)
  	hwMode (4 QSGMII to SGMII)

SGMII link partner ()
  Enabled Incomplete
  Link
    link partner Down
  Flow Control
    Partner   ( )
  Duplex
    Partner   (Duplex half)
  Speed
    Partner   (Speed 10Mbps)

Page 0 - Copper
  0 1940  1 7949  2 0141  3 0EC0  4 01E1  5 0000  6 0004  7 2001
  8 0000  9 0F00 10 4000 13 0003 14 0000 15 3000 16 3060 17 8040
 18 0000 19 0040 20 0020 21 0000 23 0000 26 0040
Page 1 - SGMII
  0 1140  1 0149  2 0141  3 0EC0  4 0001  5 0000  6 0004  7 2001
  8 0000 15 C000 16 4207 17 8010 18 0000 19 0000 21 0000 23 0000
 24 0000 25 0000 26 0042
Page 2 - Mac
 16 6008 18 0000 19 0000 21 1046
Page 3 - LED
 16 887F 17 8005 18 4905 19 0073 28 0003 29 0000
Page 4 - QSGMII
  0 1140  1 0000  4 0901  5 0000  6 0000 16 6224 17 8000 18 0000
 19 0000 20 0000 21 0000 23 0000 24 0000 25 0000 26 3002 27 3F80
 28 0000
Page 5 - VCT
 16 0000 17 0000 18 0000 19 0000 20 0000 21 2000 23 0603 24 0000
 25 0104 26 0F12 27 0A0C 28 0C06
Page 6 - Packet
 16 0000 17 0000 18 0000 19 000B 23 0000 24 0000 25 0000 26 190E
Page 7 - Cable
 16 0000 17 0000 18 0000 19 0000 20 0000 21 0000 25 0104 26 0F12
 27 0A0C 28 0006
Page 18 - Common
  0 0000  1 0000  2 0000 16 0000 17 0000 19 000B 20 0004 25 0000
 26 0000 27 2000
Page 255 - Factory
  0 0000  1 0000  2 0000  3 0000  4 0000  5 0000  6 0000  7 0000
  8 0000  9 0000 10 0000 11 0000 12 0000 13 0000 14 0000 15 0000
 16 0159 17 DC0C 18 2FFF 19 0000 20 0000 21 0000 23 0000 24 0000
 25 0000 26 0000 27 0000 28 0000 29 0000 30 0000 31 0000

Clause 45 PHY Information for dev 0 port 8:

 Device 3 PCS registers: length 4 devNum 0
  0000=0000  0001=0042  0014=0006  0016=0000  
 Device 7 EEE autoneg registers: length 2 devNum 0
  003C=0000  003D=0000  


MacSec PHY Information for dev 0 port 8:

 Slice registers: length 87 devNum 0
  0000=88e58100  0001=00400030  0002=00000000  0003=00000000  0004=00000000  
  0005=00000000  0006=00000000  0007=00000001  0009=00001008  000B=0fb40000  
  000C=00000000  000D=00000000  000E=00000000  0010=00000005  0011=00000000  
  0012=00000000  0015=00000000  0016=00000000  0017=00000000  0018=00000000  
  0019=00000006  001A=00000000  001B=00000000  001C=00000000  001D=00000000  
  001E=00000000  001F=00000000  0020=00000000  0021=00000000  0022=00000000  
  0023=00000000  0024=00000000  0025=00000000  0026=00000000  0027=00000000  
  0028=00000000  0029=00000000  002A=00000000  002B=00000000  002C=00000000  
  002D=00000000  002E=00000000  002F=00000000  0030=888e8808  0031=00000000  
  0032=00000000  0033=00000000  0040=00011849  0041=00020081  0042=00000008  
  0043=00000020  0044=00000001  0045=00000000  0046=00000000  0047=0007fe43  
  0048=0009a520  0050=000117c9  0051=00010081  0052=00000000  0053=00000030  
  0054=00000005  0055=00000000  0056=00000000  0057=0007fe43  0058=0009a520  
  0070=00000077  0071=5a000000  0072=00000000  0073=00000000  0074=00000004  
  0076=00002006  0077=00000000  0078=00000000  0079=004050f0  007A=00010000  
  007B=00000000  007C=00000000  007D=00000000  007E=00000000  007F=00000000  
  03C0=111e2020  03C1=00000000  03C2=00000000  03C3=00000003  03C4=000050f0  
  03C6=00001400  03C7=00005096  

MAC MIB Counters (Wire MAC):
 GoodOctetsReceived   0x2000:                   0
 BadOctetsReceived    0x2002:                   0
 TxFIFOunderrun/TxCRC 0x2003:                   0
 UnicastFramesReceive 0x2004:                   0
 SentDeferred         0x2005:                   0
 BroadcastFramesRecei 0x2006:                   0
 MulticastFramesRecei 0x2007:                   0
 Frames64Octets       0x2008:                   0
 Frames65to127Octets  0x2009:                   0
 Frames128to255Octets 0x200a:                   0
 Frames256to511Octets 0x200b:                   0
 Frames512to1023Octet 0x200c:                   0
 Frames1024toMaxOctet 0x200d:                   0
 GoodOctetsSent       0x200e:                   0
 UnicastFramesSent    0x2010:                   0
 ExcessiveCollision   0x2011:                   0
 MulticastFramesSent  0x2012:                   0
 BroadcastFramesSent  0x2013:                   0
 SentMultiple         0x2014:                   0
 FCSent               0x2015:                   0
 FCReceived           0x2016:                   0
 RxFIFOOverrun        0x2017:                   0
 Undersize            0x2018:                   0
 Fragments            0x2019:                   0
 Oversize             0x201a:                   0
 Jabber               0x201b:                   0
 RxError              0x201c:                   0
 BadCrc               0x201d:                   0
 Collisions           0x201e:                   0
 LateCollisions       0x201f:                   0

MAC MIB Counters (System MAC, phyPorts 0/2):
 GoodOctetsReceived   0x2080:                   0
 BadOctetsReceived    0x2082:                   0
 TxFIFOunderrun/TxCRC 0x2083:                   0
 UnicastFramesReceive 0x2084:                   0
 SentDeferred         0x2085:                   0
 BroadcastFramesRecei 0x2086:                   0
 MulticastFramesRecei 0x2087:                   0
 Frames64Octets       0x2088:                   0
 Frames65to127Octets  0x2089:                   0
 Frames128to255Octets 0x208a:                   0
 Frames256to511Octets 0x208b:                   0
 Frames512to1023Octet 0x208c:                   0
 Frames1024toMaxOctet 0x208d:                   0
 GoodOctetsSent       0x208e:                   0
 UnicastFramesSent    0x2090:                   0
 ExcessiveCollision   0x2091:                   0
 MulticastFramesSent  0x2092:                   0
 BroadcastFramesSent  0x2093:                   0
 SentMultiple         0x2094:                   0
 FCSent               0x2095:                   0
 FCReceived           0x2096:                   0
 RxFIFOOverrun        0x2097:                   0
 Undersize            0x2098:                   0
 Fragments            0x2099:                   0
 Oversize             0x209a:                   0
 Jabber               0x209b:                   0
 RxError              0x209c:                   0
 BadCrc               0x209d:                   0
 Collisions           0x209e:                   0
 LateCollisions       0x209f:                   0


Port configuration:
  lport  8   macStatus:       0x12008010      value: 0x00000C0A
             macCtrl:         0x12008000      value: 0x00008BE5
             autoNegCtrl:     0x1200800C      value: 0x0000B0E9
             macCtrl1:        0x12008004      value: 0x00003783
             macCtrl2:        0x12008008      value: 0x0000C048
             macCtrl3:        0x12008048      value: 0x00000300
             macCtrl4:        0x12008090      value: 0x00002082
             portControl:     0x01008000      value: 0x00208001

Phy address is: 0b

PHY Registers for dev 0 (port 11)
  	hwMode (4 QSGMII to SGMII)

SGMII link partner ()
  Enabled Incomplete
  Link
    link partner Down
  Flow Control
    Partner   ( )
  Duplex
    Partner   (Duplex half)
  Speed
    Partner   (Speed 10Mbps)

Page 0 - Copper
  0 1940  1 7949  2 0141  3 0EC0  4 01E1  5 0000  6 0004  7 2001
  8 0000  9 0F00 10 4000 13 0003 14 0000 15 3000 16 3060 17 8000
 18 0000 19 0040 20 0020 21 0000 23 0000 26 0040
Page 1 - SGMII
  0 1140  1 0149  2 0141  3 0EC0  4 0001  5 0000  6 0004  7 2001
  8 0000 15 C000 16 4207 17 8010 18 0000 19 0000 21 0000 23 0000
 24 0000 25 0000 26 0042
Page 2 - Mac
 16 6008 18 0000 19 0000 21 1046
Page 3 - LED
 16 887F 17 8005 18 4905 19 0073 28 0003 29 0000
Page 4 - QSGMII
  0 1140  1 0000  4 0901  5 0000  6 0000 16 6224 17 8000 18 0000
 19 0000 20 0000 21 0000 23 0000 24 0000 25 0000 26 3002 27 3F80
 28 0000
Page 5 - VCT
 16 0000 17 0000 18 0000 19 0000 20 0000 21 2000 23 0603 24 0000
 25 0104 26 0F12 27 0A0C 28 0C06
Page 6 - Packet
 16 0000 17 0000 18 0000 19 000B 23 0000 24 0000 25 0000 26 190E
Page 7 - Cable
 16 0000 17 0000 18 0000 19 0000 20 0000 21 0000 25 0104 26 0F12
 27 0A0C 28 0006
Page 18 - Common
  0 0000  1 0000  2 0000 16 0000 17 0000 19 000B 20 0004 25 0000
 26 0000 27 2000
Page 255 - Factory
  0 0000  1 0000  2 0000  3 0000  4 0000  5 0000  6 0000  7 0000
  8 0000  9 0000 10 0000 11 0000 12 0000 13 0000 14 0000 15 0000
 16 0159 17 DC0C 18 0000 19 0000 20 0000 21 0000 23 0000 24 0000
 25 0000 26 0000 27 0000 28 0000 29 0000 30 0000 31 0000

Clause 45 PHY Information for dev 0 port 11:

 Device 3 PCS registers: length 4 devNum 0
  0000=0000  0001=0042  0014=0006  0016=0000  
 Device 7 EEE autoneg registers: length 2 devNum 0
  003C=0000  003D=0000  


MacSec PHY Information for dev 0 port 11:

 Slice registers: length 87 devNum 0
  1800=88e58100  1801=00400030  1802=00000000  1803=00000000  1804=00000000  
  1805=00000000  1806=00000000  1807=00000001  1809=00001008  180B=0fb40000  
  180C=00000000  180D=00000000  180E=00000000  1810=00000005  1811=00000000  
  1812=00000000  1815=00000000  1816=00000000  1817=00000000  1818=00000000  
  1819=00000006  181A=00000000  181B=00000000  181C=00000000  181D=00000000  
  181E=00000000  181F=00000000  1820=00000000  1821=00000000  1822=00000000  
  1823=00000000  1824=00000000  1825=00000000  1826=00000000  1827=00000000  
  1828=00000000  1829=00000000  182A=00000000  182B=00000000  182C=00000000  
  182D=00000000  182E=00000000  182F=00000000  1830=888e8808  1831=00000000  
  1832=00000000  1833=00000000  1840=00011849  1841=00020081  1842=00000008  
  1843=00000020  1844=00000001  1845=00000000  1846=00000000  1847=0007fe43  
  1848=0009a520  1850=000117c9  1851=00010081  1852=00000000  1853=00000030  
  1854=00000005  1855=00000000  1856=00000000  1857=0007fe43  1858=0009a520  
  1870=00000077  1871=5a000000  1872=00000000  1873=00000000  1874=00000004  
  1876=00002006  1877=00000000  1878=00000000  1879=004050f0  187A=00010000  
  187B=00000000  187C=00000000  187D=00000000  187E=00000000  187F=00000000  
  1BC0=111e2020  1BC1=00000000  1BC2=00000000  1BC3=00000003  1BC4=000050f0  
  1BC6=00001400  1BC7=00005096  

MAC MIB Counters (Wire MAC):
 GoodOctetsReceived   0x2060:                   0
 BadOctetsReceived    0x2062:                   0
 TxFIFOunderrun/TxCRC 0x2063:                   0
 UnicastFramesReceive 0x2064:                   0
 SentDeferred         0x2065:                   0
 BroadcastFramesRecei 0x2066:                   0
 MulticastFramesRecei 0x2067:                   0
 Frames64Octets       0x2068:                   0
 Frames65to127Octets  0x2069:                   0
 Frames128to255Octets 0x206a:                   0
 Frames256to511Octets 0x206b:                   0
 Frames512to1023Octet 0x206c:                   0
 Frames1024toMaxOctet 0x206d:                   0
 GoodOctetsSent       0x206e:                   0
 UnicastFramesSent    0x2070:                   0
 ExcessiveCollision   0x2071:                   0
 MulticastFramesSent  0x2072:                   0
 BroadcastFramesSent  0x2073:                   0
 SentMultiple         0x2074:                   0
 FCSent               0x2075:                   0
 FCReceived           0x2076:                   0
 RxFIFOOverrun        0x2077:                   0
 Undersize            0x2078:                   0
 Fragments            0x2079:                   0
 Oversize             0x207a:                   0
 Jabber               0x207b:                   0
 RxError              0x207c:                   0
 BadCrc               0x207d:                   0
 Collisions           0x207e:                   0
 LateCollisions       0x207f:                   0

MAC MIB Counters (System MAC, phyPorts 1/3):
 GoodOctetsReceived   0x20a0:                   0
 BadOctetsReceived    0x20a2:                   0
 TxFIFOunderrun/TxCRC 0x20a3:                   0
 UnicastFramesReceive 0x20a4:                   0
 SentDeferred         0x20a5:                   0
 BroadcastFramesRecei 0x20a6:                   0
 MulticastFramesRecei 0x20a7:                   0
 Frames64Octets       0x20a8:                   0
 Frames65to127Octets  0x20a9:                   0
 Frames128to255Octets 0x20aa:                   0
 Frames256to511Octets 0x20ab:                   0
 Frames512to1023Octet 0x20ac:                   0
 Frames1024toMaxOctet 0x20ad:                   0
 GoodOctetsSent       0x20ae:                   0
 UnicastFramesSent    0x20b0:                   0
 ExcessiveCollision   0x20b1:                   0
 MulticastFramesSent  0x20b2:                   0
 BroadcastFramesSent  0x20b3:                   0
 SentMultiple         0x20b4:                   0
 FCSent               0x20b5:                   0
 FCReceived           0x20b6:                   0
 RxFIFOOverrun        0x20b7:                   0
 Undersize            0x20b8:                   0
 Fragments            0x20b9:                   0
 Oversize             0x20ba:                   0
 Jabber               0x20bb:                   0
 RxError              0x20bc:                   0
 BadCrc               0x20bd:                   0
 Collisions           0x20be:                   0
 LateCollisions       0x20bf:                   0


Port configuration:
  lport 11   macStatus:       0x1200B010      value: 0x00000C0A
             macCtrl:         0x1200B000      value: 0x00008BE5
             autoNegCtrl:     0x1200B00C      value: 0x0000B0E9
             macCtrl1:        0x1200B004      value: 0x00003783
             macCtrl2:        0x1200B008      value: 0x0000C048
             macCtrl3:        0x1200B048      value: 0x00000300
             macCtrl4:        0x1200B090      value: 0x00002C82
             portControl:     0x0100B000      value: 0x00208001

Phy address is: 0a

PHY Registers for dev 0 (port 10)
  	hwMode (4 QSGMII to SGMII)

SGMII link partner ()
  Enabled Incomplete
  Link
    link partner Down
  Flow Control
    Partner   ( )
  Duplex
    Partner   (Duplex half)
  Speed
    Partner   (Speed 10Mbps)

Page 0 - Copper
  0 1940  1 7949  2 0141  3 0EC0  4 01E1  5 0000  6 0004  7 2001
  8 0000  9 0F00 10 4000 13 0003 14 0000 15 3000 16 3060 17 8040
 18 0000 19 0040 20 0020 21 0000 23 0000 26 0040
Page 1 - SGMII
  0 1140  1 0149  2 0141  3 0EC0  4 0001  5 0000  6 0004  7 2001
  8 0000 15 C000 16 4207 17 8010 18 0000 19 0000 21 0000 23 0000
 24 0000 25 0000 26 0042
Page 2 - Mac
 16 6008 18 0000 19 0000 21 1046
Page 3 - LED
 16 887F 17 8005 18 4905 19 0073 28 0003 29 0000
Page 4 - QSGMII
  0 1140  1 0000  4 0901  5 0000  6 0000 16 6224 17 8000 18 0000
 19 0000 20 0000 21 0000 23 0000 24 0000 25 0000 26 3002 27 3F80
 28 0000
Page 5 - VCT
 16 0000 17 0000 18 0000 19 0000 20 0000 21 2000 23 0603 24 0000
 25 0104 26 0F12 27 0A0C 28 0C06
Page 6 - Packet
 16 0000 17 0000 18 0000 19 000B 23 0000 24 0000 25 0000 26 190F
Page 7 - Cable
 16 0000 17 0000 18 0000 19 0000 20 0000 21 0000 25 0104 26 0F12
 27 0A0C 28 0006
Page 18 - Common
  0 0000  1 0000  2 0000 16 0000 17 0000 19 000B 20 0004 25 0000
 26 0000 27 2000
Page 255 - Factory
  0 0000  1 0000  2 0000  3 0000  4 0000  5 0000  6 0000  7 0000
  8 0000  9 0000 10 0000 11 0000 12 0000 13 0000 14 0000 15 0000
 16 0159 17 DC0C 18 0000 19 0000 20 0000 21 0000 23 0000 24 0000
 25 0000 26 0000 27 0000 28 0000 29 0000 30 0000 31 0000

Clause 45 PHY Information for dev 0 port 10:

 Device 3 PCS registers: length 4 devNum 0
  0000=0000  0001=0042  0014=0006  0016=0000  
 Device 7 EEE autoneg registers: length 2 devNum 0
  003C=0000  003D=0000  


MacSec PHY Information for dev 0 port 10:

 Slice registers: length 87 devNum 0
  1000=88e58100  1001=00400030  1002=00000000  1003=00000000  1004=00000000  
  1005=00000000  1006=00000000  1007=00000001  1009=00001008  100B=0fb40000  
  100C=00000000  100D=00000000  100E=00000000  1010=00000005  1011=00000000  
  1012=00000000  1015=00000000  1016=00000000  1017=00000000  1018=00000000  
  1019=00000006  101A=00000000  101B=00000000  101C=00000000  101D=00000000  
  101E=00000000  101F=00000000  1020=00000000  1021=00000000  1022=00000000  
  1023=00000000  1024=00000000  1025=00000000  1026=00000000  1027=00000000  
  1028=00000000  1029=00000000  102A=00000000  102B=00000000  102C=00000000  
  102D=00000000  102E=00000000  102F=00000000  1030=888e8808  1031=00000000  
  1032=00000000  1033=00000000  1040=00011849  1041=00020081  1042=00000008  
  1043=00000020  1044=00000001  1045=00000000  1046=00000000  1047=0007fe43  
  1048=0009a520  1050=000117c9  1051=00010081  1052=00000000  1053=00000030  
  1054=00000005  1055=00000000  1056=00000000  1057=0007fe43  1058=0009a520  
  1070=00000077  1071=5a000000  1072=00000000  1073=00000000  1074=00000004  
  1076=00002006  1077=00000000  1078=00000000  1079=004050f0  107A=00010000  
  107B=00000000  107C=00000000  107D=00000000  107E=00000000  107F=00000000  
  13C0=111e2020  13C1=00000000  13C2=00000000  13C3=00000003  13C4=000050f0  
  13C6=00001400  13C7=00005096  

MAC MIB Counters (Wire MAC):
 GoodOctetsReceived   0x2040:                   0
 BadOctetsReceived    0x2042:                   0
 TxFIFOunderrun/TxCRC 0x2043:                   0
 UnicastFramesReceive 0x2044:                   0
 SentDeferred         0x2045:                   0
 BroadcastFramesRecei 0x2046:                   0
 MulticastFramesRecei 0x2047:                   0
 Frames64Octets       0x2048:                   0
 Frames65to127Octets  0x2049:                   0
 Frames128to255Octets 0x204a:                   0
 Frames256to511Octets 0x204b:                   0
 Frames512to1023Octet 0x204c:                   0
 Frames1024toMaxOctet 0x204d:                   0
 GoodOctetsSent       0x204e:                   0
 UnicastFramesSent    0x2050:                   0
 ExcessiveCollision   0x2051:                   0
 MulticastFramesSent  0x2052:                   0
 BroadcastFramesSent  0x2053:                   0
 SentMultiple         0x2054:                   0
 FCSent               0x2055:                   0
 FCReceived           0x2056:                   0
 RxFIFOOverrun        0x2057:                   0
 Undersize            0x2058:                   0
 Fragments            0x2059:                   0
 Oversize             0x205a:                   0
 Jabber               0x205b:                   0
 RxError              0x205c:                   0
 BadCrc               0x205d:                   0
 Collisions           0x205e:                   0
 LateCollisions       0x205f:                   0

MAC MIB Counters (System MAC, phyPorts 0/2):
 GoodOctetsReceived   0x2080:                   0
 BadOctetsReceived    0x2082:                   0
 TxFIFOunderrun/TxCRC 0x2083:                   0
 UnicastFramesReceive 0x2084:                   0
 SentDeferred         0x2085:                   0
 BroadcastFramesRecei 0x2086:                   0
 MulticastFramesRecei 0x2087:                   0
 Frames64Octets       0x2088:                   0
 Frames65to127Octets  0x2089:                   0
 Frames128to255Octets 0x208a:                   0
 Frames256to511Octets 0x208b:                   0
 Frames512to1023Octet 0x208c:                   0
 Frames1024toMaxOctet 0x208d:                   0
 GoodOctetsSent       0x208e:                   0
 UnicastFramesSent    0x2090:                   0
 ExcessiveCollision   0x2091:                   0
 MulticastFramesSent  0x2092:                   0
 BroadcastFramesSent  0x2093:                   0
 SentMultiple         0x2094:                   0
 FCSent               0x2095:                   0
 FCReceived           0x2096:                   0
 RxFIFOOverrun        0x2097:                   0
 Undersize            0x2098:                   0
 Fragments            0x2099:                   0
 Oversize             0x209a:                   0
 Jabber               0x209b:                   0
 RxError              0x209c:                   0
 BadCrc               0x209d:                   0
 Collisions           0x209e:                   0
 LateCollisions       0x209f:                   0


Port configuration:
  lport 10   macStatus:       0x1200A010      value: 0x00000C0A
             macCtrl:         0x1200A000      value: 0x00008BE5
             autoNegCtrl:     0x1200A00C      value: 0x0000B0E9
             macCtrl1:        0x1200A004      value: 0x00003783
             macCtrl2:        0x1200A008      value: 0x0000C048
             macCtrl3:        0x1200A048      value: 0x00000300
             macCtrl4:        0x1200A090      value: 0x00002882
             portControl:     0x0100A000      value: 0x00208001

Phy address is: 0d

PHY Registers for dev 0 (port 13)
  	hwMode (4 QSGMII to SGMII)

SGMII link partner ()
  Enabled Incomplete
  Link
    link partner Down
  Flow Control
    Partner   ( )
  Duplex
    Partner   (Duplex half)
  Speed
    Partner   (Speed 10Mbps)

Page 0 - Copper
  0 1940  1 7949  2 0141  3 0EC0  4 01E1  5 0000  6 0004  7 2001
  8 0000  9 0F00 10 4000 13 0003 14 0000 15 3000 16 3060 17 8000
 18 0000 19 0040 20 0020 21 0000 23 0000 26 0040
Page 1 - SGMII
  0 1140  1 0149  2 0141  3 0EC0  4 0001  5 0000  6 0004  7 2001
  8 0000 15 C000 16 4207 17 8010 18 0000 19 0000 21 0000 23 0000
 24 0000 25 0000 26 0042
Page 2 - Mac
 16 6008 18 0000 19 0000 21 1046
Page 3 - LED
 16 887F 17 8005 18 4905 19 0073 28 0003 29 0000
Page 4 - QSGMII
  0 1140  1 0000  4 0901  5 0000  6 0000 16 6224 17 8000 18 0000
 19 0000 20 0000 21 0000 23 0000 24 0000 25 0000 26 3002 27 3F80
 28 0000
Page 5 - VCT
 16 0000 17 0000 18 0000 19 0000 20 0000 21 2000 23 0603 24 0000
 25 0104 26 0F12 27 0A0C 28 0C06
Page 6 - Packet
 16 0000 17 0000 18 0000 19 000B 23 0000 24 0000 25 0000 26 190E
Page 7 - Cable
 16 0000 17 0000 18 0000 19 0000 20 0000 21 0000 25 0104 26 0F12
 27 0A0C 28 0006
Page 18 - Common
  0 0000  1 0000  2 0000 16 0000 17 0000 19 000B 20 0004 25 0000
 26 0000 27 2000
Page 255 - Factory
  0 0000  1 0000  2 0000  3 0000  4 0000  5 0000  6 0000  7 0000
  8 0000  9 0000 10 0000 11 0000 12 0000 13 0000 14 0000 15 0000
 16 0159 17 DC0C 18 0008 19 0000 20 0000 21 0000 23 0000 24 0000
 25 0000 26 0000 27 0000 28 0000 29 0000 30 0000 31 0000

Clause 45 PHY Information for dev 0 port 13:

 Device 3 PCS registers: length 4 devNum 0
  0000=0000  0001=0042  0014=0006  0016=0000  
 Device 7 EEE autoneg registers: length 2 devNum 0
  003C=0000  003D=0000  


MacSec PHY Information for dev 0 port 13:

 Slice registers: length 87 devNum 0
  0800=88e58100  0801=00400030  0802=00000000  0803=00000000  0804=00000000  
  0805=00000000  0806=00000000  0807=00000001  0809=00001008  080B=0fb40000  
  080C=00000000  080D=00000000  080E=00000000  0810=00000005  0811=00000000  
  0812=00000000  0815=00000000  0816=00000000  0817=00000000  0818=00000000  
  0819=00000006  081A=00000000  081B=00000000  081C=00000000  081D=00000000  
  081E=00000000  081F=00000000  0820=00000000  0821=00000000  0822=00000000  
  0823=00000000  0824=00000000  0825=00000000  0826=00000000  0827=00000000  
  0828=00000000  0829=00000000  082A=00000000  082B=00000000  082C=00000000  
  082D=00000000  082E=00000000  082F=00000000  0830=888e8808  0831=00000000  
  0832=00000000  0833=00000000  0840=00011849  0841=00020081  0842=00000008  
  0843=00000020  0844=00000001  0845=00000000  0846=00000000  0847=0007fe43  
  0848=0009a520  0850=000117c9  0851=00010081  0852=00000000  0853=00000030  
  0854=00000005  0855=00000000  0856=00000000  0857=0007fe43  0858=0009a520  
  0870=00000077  0871=5a000000  0872=00000000  0873=00000000  0874=00000004  
  0876=00002006  0877=00000000  0878=00000000  0879=004050f0  087A=00010000  
  087B=00000000  087C=00000000  087D=00000000  087E=00000000  087F=00000000  
  0BC0=111e2020  0BC1=00000000  0BC2=00000000  0BC3=00000003  0BC4=000050f0  
  0BC6=00001400  0BC7=00005096  

MAC MIB Counters (Wire MAC):
 GoodOctetsReceived   0x2020:                   0
 BadOctetsReceived    0x2022:                   0
 TxFIFOunderrun/TxCRC 0x2023:                   0
 UnicastFramesReceive 0x2024:                   0
 SentDeferred         0x2025:                   0
 BroadcastFramesRecei 0x2026:                   0
 MulticastFramesRecei 0x2027:                   0
 Frames64Octets       0x2028:                   0
 Frames65to127Octets  0x2029:                   0
 Frames128to255Octets 0x202a:                   0
 Frames256to511Octets 0x202b:                   0
 Frames512to1023Octet 0x202c:                   0
 Frames1024toMaxOctet 0x202d:                   0
 GoodOctetsSent       0x202e:                   0
 UnicastFramesSent    0x2030:                   0
 ExcessiveCollision   0x2031:                   0
 MulticastFramesSent  0x2032:                   0
 BroadcastFramesSent  0x2033:                   0
 SentMultiple         0x2034:                   0
 FCSent               0x2035:                   0
 FCReceived           0x2036:                   0
 RxFIFOOverrun        0x2037:                   0
 Undersize            0x2038:                   0
 Fragments            0x2039:                   0
 Oversize             0x203a:                   0
 Jabber               0x203b:                   0
 RxError              0x203c:                   0
 BadCrc               0x203d:                   0
 Collisions           0x203e:                   0
 LateCollisions       0x203f:                   0

MAC MIB Counters (System MAC, phyPorts 1/3):
 GoodOctetsReceived   0x20a0:                   0
 BadOctetsReceived    0x20a2:                   0
 TxFIFOunderrun/TxCRC 0x20a3:                   0
 UnicastFramesReceive 0x20a4:                   0
 SentDeferred         0x20a5:                   0
 BroadcastFramesRecei 0x20a6:                   0
 MulticastFramesRecei 0x20a7:                   0
 Frames64Octets       0x20a8:                   0
 Frames65to127Octets  0x20a9:                   0
 Frames128to255Octets 0x20aa:                   0
 Frames256to511Octets 0x20ab:                   0
 Frames512to1023Octet 0x20ac:                   0
 Frames1024toMaxOctet 0x20ad:                   0
 GoodOctetsSent       0x20ae:                   0
 UnicastFramesSent    0x20b0:                   0
 ExcessiveCollision   0x20b1:                   0
 MulticastFramesSent  0x20b2:                   0
 BroadcastFramesSent  0x20b3:                   0
 SentMultiple         0x20b4:                   0
 FCSent               0x20b5:                   0
 FCReceived           0x20b6:                   0
 RxFIFOOverrun        0x20b7:                   0
 Undersize            0x20b8:                   0
 Fragments            0x20b9:                   0
 Oversize             0x20ba:                   0
 Jabber               0x20bb:                   0
 RxError              0x20bc:                   0
 BadCrc               0x20bd:                   0
 Collisions           0x20be:                   0
 LateCollisions       0x20bf:                   0


Port configuration:
  lport 13   macStatus:       0x1200D010      value: 0x00000C0A
             macCtrl:         0x1200D000      value: 0x00008BE5
             autoNegCtrl:     0x1200D00C      value: 0x0000B0E9
             macCtrl1:        0x1200D004      value: 0x00003783
             macCtrl2:        0x1200D008      value: 0x0000C048
             macCtrl3:        0x1200D048      value: 0x00000300
             macCtrl4:        0x1200D090      value: 0x00003482
             portControl:     0x0100D000      value: 0x00208001

Phy address is: 0c

PHY Registers for dev 0 (port 12)
  	hwMode (4 QSGMII to SGMII)

SGMII link partner ()
  Enabled Incomplete
  Link
    link partner Down
  Flow Control
    Partner   ( )
  Duplex
    Partner   (Duplex half)
  Speed
    Partner   (Speed 10Mbps)

Page 0 - Copper
  0 1940  1 7949  2 0141  3 0EC0  4 01E1  5 0000  6 0004  7 2001
  8 0000  9 0F00 10 4000 13 0003 14 0000 15 3000 16 3060 17 8000
 18 0000 19 0040 20 0020 21 0000 23 0000 26 0040
Page 1 - SGMII
  0 1140  1 0149  2 0141  3 0EC0  4 0001  5 0000  6 0004  7 2001
  8 0000 15 C000 16 4207 17 8010 18 0000 19 0000 21 0000 23 0000
 24 0000 25 0000 26 0042
Page 2 - Mac
 16 6008 18 0000 19 0000 21 1046
Page 3 - LED
 16 887F 17 8005 18 4905 19 0073 28 0003 29 0000
Page 4 - QSGMII
  0 1140  1 0000  4 0901  5 0000  6 0000 16 6224 17 8000 18 0000
 19 0000 20 0000 21 0000 23 0000 24 0000 25 0000 26 3002 27 3F80
 28 0000
Page 5 - VCT
 16 0000 17 0000 18 0000 19 0000 20 0000 21 2000 23 0603 24 0000
 25 0104 26 0F12 27 0A0C 28 0C06
Page 6 - Packet
 16 0000 17 0000 18 0000 19 000B 23 0000 24 0000 25 0000 26 190E
Page 7 - Cable
 16 0000 17 0000 18 0000 19 0000 20 0000 21 0000 25 0104 26 0F12
 27 0A0C 28 0006
Page 18 - Common
  0 0000  1 0000  2 0000 16 0000 17 0000 19 000B 20 0004 25 0000
 26 0000 27 2000
Page 255 - Factory
  0 0000  1 0000  2 0000  3 0000  4 0000  5 0000  6 0000  7 0000
  8 0000  9 0000 10 0000 11 0000 12 0000 13 0000 14 0000 15 0000
 16 0159 17 DC0C 18 0A40 19 0000 20 0000 21 0000 23 0000 24 0000
 25 0000 26 0000 27 0000 28 0000 29 0000 30 0000 31 0000

Clause 45 PHY Information for dev 0 port 12:

 Device 3 PCS registers: length 4 devNum 0
  0000=0000  0001=0042  0014=0006  0016=0000  
 Device 7 EEE autoneg registers: length 2 devNum 0
  003C=0000  003D=0000  


MacSec PHY Information for dev 0 port 12:

 Slice registers: length 87 devNum 0
  0000=88e58100  0001=00400030  0002=00000000  0003=00000000  0004=00000000  
  0005=00000000  0006=00000000  0007=00000001  0009=00001008  000B=0fb40000  
  000C=00000000  000D=00000000  000E=00000000  0010=00000005  0011=00000000  
  0012=00000000  0015=00000000  0016=00000000  0017=00000000  0018=00000000  
  0019=00000006  001A=00000000  001B=00000000  001C=00000000  001D=00000000  
  001E=00000000  001F=00000000  0020=00000000  0021=00000000  0022=00000000  
  0023=00000000  0024=00000000  0025=00000000  0026=00000000  0027=00000000  
  0028=00000000  0029=00000000  002A=00000000  002B=00000000  002C=00000000  
  002D=00000000  002E=00000000  002F=00000000  0030=888e8808  0031=00000000  
  0032=00000000  0033=00000000  0040=00011849  0041=00020081  0042=00000008  
  0043=00000020  0044=00000001  0045=00000000  0046=00000000  0047=0007fe43  
  0048=0009a520  0050=000117c9  0051=00010081  0052=00000000  0053=00000030  
  0054=00000005  0055=00000000  0056=00000000  0057=0007fe43  0058=0009a520  
  0070=00000077  0071=5a000000  0072=00000000  0073=00000000  0074=00000004  
  0076=00002006  0077=00000000  0078=00000000  0079=004050f0  007A=00010000  
  007B=00000000  007C=00000000  007D=00000000  007E=00000000  007F=00000000  
  03C0=111e2020  03C1=00000000  03C2=00000000  03C3=00000003  03C4=000050f0  
  03C6=00001400  03C7=00005096  

MAC MIB Counters (Wire MAC):
 GoodOctetsReceived   0x2000:                   0
 BadOctetsReceived    0x2002:                   0
 TxFIFOunderrun/TxCRC 0x2003:                   0
 UnicastFramesReceive 0x2004:                   0
 SentDeferred         0x2005:                   0
 BroadcastFramesRecei 0x2006:                   0
 MulticastFramesRecei 0x2007:                   0
 Frames64Octets       0x2008:                   0
 Frames65to127Octets  0x2009:                   0
 Frames128to255Octets 0x200a:                   0
 Frames256to511Octets 0x200b:                   0
 Frames512to1023Octet 0x200c:                   0
 Frames1024toMaxOctet 0x200d:                   0
 GoodOctetsSent       0x200e:                   0
 UnicastFramesSent    0x2010:                   0
 ExcessiveCollision   0x2011:                   0
 MulticastFramesSent  0x2012:                   0
 BroadcastFramesSent  0x2013:                   0
 SentMultiple         0x2014:                   0
 FCSent               0x2015:                   0
 FCReceived           0x2016:                   0
 RxFIFOOverrun        0x2017:                   0
 Undersize            0x2018:                   0
 Fragments            0x2019:                   0
 Oversize             0x201a:                   0
 Jabber               0x201b:                   0
 RxError              0x201c:                   0
 BadCrc               0x201d:                   0
 Collisions           0x201e:                   0
 LateCollisions       0x201f:                   0

MAC MIB Counters (System MAC, phyPorts 0/2):
 GoodOctetsReceived   0x2080:                   0
 BadOctetsReceived    0x2082:                   0
 TxFIFOunderrun/TxCRC 0x2083:                   0
 UnicastFramesReceive 0x2084:                   0
 SentDeferred         0x2085:                   0
 BroadcastFramesRecei 0x2086:                   0
 MulticastFramesRecei 0x2087:                   0
 Frames64Octets       0x2088:                   0
 Frames65to127Octets  0x2089:                   0
 Frames128to255Octets 0x208a:                   0
 Frames256to511Octets 0x208b:                   0
 Frames512to1023Octet 0x208c:                   0
 Frames1024toMaxOctet 0x208d:                   0
 GoodOctetsSent       0x208e:                   0
 UnicastFramesSent    0x2090:                   0
 ExcessiveCollision   0x2091:                   0
 MulticastFramesSent  0x2092:                   0
 BroadcastFramesSent  0x2093:                   0
 SentMultiple         0x2094:                   0
 FCSent               0x2095:                   0
 FCReceived           0x2096:                   0
 RxFIFOOverrun        0x2097:                   0
 Undersize            0x2098:                   0
 Fragments            0x2099:                   0
 Oversize             0x209a:                   0
 Jabber               0x209b:                   0
 RxError              0x209c:                   0
 BadCrc               0x209d:                   0
 Collisions           0x209e:                   0
 LateCollisions       0x209f:                   0


Port configuration:
  lport 12   macStatus:       0x1200C010      value: 0x00000C0A
             macCtrl:         0x1200C000      value: 0x00008BE5
             autoNegCtrl:     0x1200C00C      value: 0x0000B0E9
             macCtrl1:        0x1200C004      value: 0x00003783
             macCtrl2:        0x1200C008      value: 0x0000C048
             macCtrl3:        0x1200C048      value: 0x00000300
             macCtrl4:        0x1200C090      value: 0x00003082
             portControl:     0x0100C000      value: 0x00208001

Phy address is: 0f

PHY Registers for dev 0 (port 15)
  	hwMode (4 QSGMII to SGMII)

SGMII link partner ()
  Enabled Incomplete
  Link
    link partner Down
  Flow Control
    Partner   ( )
  Duplex
    Partner   (Duplex half)
  Speed
    Partner   (Speed 10Mbps)

Page 0 - Copper
  0 1940  1 7949  2 0141  3 0EC0  4 01E1  5 0000  6 0004  7 2001
  8 0000  9 0F00 10 4000 13 0003 14 0000 15 3000 16 3060 17 8000
 18 0000 19 0040 20 0020 21 0000 23 0000 26 0040
Page 1 - SGMII
  0 1140  1 0149  2 0141  3 0EC0  4 0001  5 0000  6 0004  7 2001
  8 0000 15 C000 16 4207 17 8010 18 0000 19 0000 21 0000 23 0000
 24 0000 25 0000 26 0042
Page 2 - Mac
 16 6008 18 0000 19 0000 21 1046
Page 3 - LED
 16 887F 17 8005 18 4905 19 0073 28 0003 29 0000
Page 4 - QSGMII
  0 1140  1 0000  4 0901  5 0000  6 0000 16 6224 17 8000 18 0000
 19 0000 20 0000 21 0000 23 0000 24 0000 25 0000 26 3002 27 3F80
 28 0000
Page 5 - VCT
 16 0000 17 0000 18 0000 19 0000 20 0000 21 2000 23 0603 24 0000
 25 0104 26 0F12 27 0A0C 28 0C06
Page 6 - Packet
 16 0000 17 0000 18 0000 19 000B 23 0000 24 0000 25 0000 26 190E
Page 7 - Cable
 16 0000 17 0000 18 0000 19 0000 20 0000 21 0000 25 0104 26 0F12
 27 0A0C 28 0006
Page 18 - Common
  0 0000  1 0000  2 0000 16 0000 17 0000 19 000B 20 0004 25 0000
 26 0000 27 2000
Page 255 - Factory
  0 0000  1 0000  2 0000  3 0000  4 0000  5 0000  6 0000  7 0000
  8 0000  9 0000 10 0000 11 0000 12 0000 13 0000 14 0000 15 0000
 16 0159 17 DC0C 18 049A 19 0000 20 0000 21 0000 23 0000 24 0000
 25 0000 26 0000 27 0000 28 0000 29 0000 30 0000 31 0000

Clause 45 PHY Information for dev 0 port 15:

 Device 3 PCS registers: length 4 devNum 0
  0000=0000  0001=0042  0014=0006  0016=0000  
 Device 7 EEE autoneg registers: length 2 devNum 0
  003C=0000  003D=0000  


MacSec PHY Information for dev 0 port 15:

 Slice registers: length 87 devNum 0
  1800=88e58100  1801=00400030  1802=00000000  1803=00000000  1804=00000000  
  1805=00000000  1806=00000000  1807=00000001  1809=00001008  180B=0fb40000  
  180C=00000000  180D=00000000  180E=00000000  1810=00000005  1811=00000000  
  1812=00000000  1815=00000000  1816=00000000  1817=00000000  1818=00000000  
  1819=00000006  181A=00000000  181B=00000000  181C=00000000  181D=00000000  
  181E=00000000  181F=00000000  1820=00000000  1821=00000000  1822=00000000  
  1823=00000000  1824=00000000  1825=00000000  1826=00000000  1827=00000000  
  1828=00000000  1829=00000000  182A=00000000  182B=00000000  182C=00000000  
  182D=00000000  182E=00000000  182F=00000000  1830=888e8808  1831=00000000  
  1832=00000000  1833=00000000  1840=00011849  1841=00020081  1842=00000008  
  1843=00000020  1844=00000001  1845=00000000  1846=00000000  1847=0007fe43  
  1848=0009a520  1850=000117c9  1851=00010081  1852=00000000  1853=00000030  
  1854=00000005  1855=00000000  1856=00000000  1857=0007fe43  1858=0009a520  
  1870=00000077  1871=5a000000  1872=00000000  1873=00000000  1874=00000004  
  1876=00002006  1877=00000000  1878=00000000  1879=004050f0  187A=00010000  
  187B=00000000  187C=00000000  187D=00000000  187E=00000000  187F=00000000  
  1BC0=111e2020  1BC1=00000000  1BC2=00000000  1BC3=00000003  1BC4=000050f0  
  1BC6=00001400  1BC7=00005096  

MAC MIB Counters (Wire MAC):
 GoodOctetsReceived   0x2060:                   0
 BadOctetsReceived    0x2062:                   0
 TxFIFOunderrun/TxCRC 0x2063:                   0
 UnicastFramesReceive 0x2064:                   0
 SentDeferred         0x2065:                   0
 BroadcastFramesRecei 0x2066:                   0
 MulticastFramesRecei 0x2067:                   0
 Frames64Octets       0x2068:                   0
 Frames65to127Octets  0x2069:                   0
 Frames128to255Octets 0x206a:                   0
 Frames256to511Octets 0x206b:                   0
 Frames512to1023Octet 0x206c:                   0
 Frames1024toMaxOctet 0x206d:                   0
 GoodOctetsSent       0x206e:                   0
 UnicastFramesSent    0x2070:                   0
 ExcessiveCollision   0x2071:                   0
 MulticastFramesSent  0x2072:                   0
 BroadcastFramesSent  0x2073:                   0
 SentMultiple         0x2074:                   0
 FCSent               0x2075:                   0
 FCReceived           0x2076:                   0
 RxFIFOOverrun        0x2077:                   0
 Undersize            0x2078:                   0
 Fragments            0x2079:                   0
 Oversize             0x207a:                   0
 Jabber               0x207b:                   0
 RxError              0x207c:                   0
 BadCrc               0x207d:                   0
 Collisions           0x207e:                   0
 LateCollisions       0x207f:                   0

MAC MIB Counters (System MAC, phyPorts 1/3):
 GoodOctetsReceived   0x20a0:                   0
 BadOctetsReceived    0x20a2:                   0
 TxFIFOunderrun/TxCRC 0x20a3:                   0
 UnicastFramesReceive 0x20a4:                   0
 SentDeferred         0x20a5:                   0
 BroadcastFramesRecei 0x20a6:                   0
 MulticastFramesRecei 0x20a7:                   0
 Frames64Octets       0x20a8:                   0
 Frames65to127Octets  0x20a9:                   0
 Frames128to255Octets 0x20aa:                   0
 Frames256to511Octets 0x20ab:                   0
 Frames512to1023Octet 0x20ac:                   0
 Frames1024toMaxOctet 0x20ad:                   0
 GoodOctetsSent       0x20ae:                   0
 UnicastFramesSent    0x20b0:                   0
 ExcessiveCollision   0x20b1:                   0
 MulticastFramesSent  0x20b2:                   0
 BroadcastFramesSent  0x20b3:                   0
 SentMultiple         0x20b4:                   0
 FCSent               0x20b5:                   0
 FCReceived           0x20b6:                   0
 RxFIFOOverrun        0x20b7:                   0
 Undersize            0x20b8:                   0
 Fragments            0x20b9:                   0
 Oversize             0x20ba:                   0
 Jabber               0x20bb:                   0
 RxError              0x20bc:                   0
 BadCrc               0x20bd:                   0
 Collisions           0x20be:                   0
 LateCollisions       0x20bf:                   0


Port configuration:
  lport 15   macStatus:       0x1200F010      value: 0x00000C0A
             macCtrl:         0x1200F000      value: 0x00008BE5
             autoNegCtrl:     0x1200F00C      value: 0x0000B0E9
             macCtrl1:        0x1200F004      value: 0x00003783
             macCtrl2:        0x1200F008      value: 0x0000C048
             macCtrl3:        0x1200F048      value: 0x00000300
             macCtrl4:        0x1200F090      value: 0x00003C82
             portControl:     0x0100F000      value: 0x00208001

Phy address is: 0e

PHY Registers for dev 0 (port 14)
  	hwMode (4 QSGMII to SGMII)

SGMII link partner ()
  Enabled Incomplete
  Link
    link partner Down
  Flow Control
    Partner   ( )
  Duplex
    Partner   (Duplex half)
  Speed
    Partner   (Speed 10Mbps)

Page 0 - Copper
  0 1940  1 7949  2 0141  3 0EC0  4 01E1  5 0000  6 0004  7 2001
  8 0000  9 0F00 10 4000 13 0003 14 0000 15 3000 16 3060 17 8040
 18 0000 19 0040 20 0020 21 0000 23 0000 26 0040
Page 1 - SGMII
  0 1140  1 0149  2 0141  3 0EC0  4 0001  5 0000  6 0004  7 2001
  8 0000 15 C000 16 4207 17 8010 18 0000 19 0000 21 0000 23 0000
 24 0000 25 0000 26 0042
Page 2 - Mac
 16 6008 18 0000 19 0000 21 1046
Page 3 - LED
 16 887F 17 8005 18 4905 19 0073 28 0003 29 0000
Page 4 - QSGMII
  0 1140  1 0000  4 0901  5 0000  6 0000 16 6224 17 8000 18 0000
 19 0000 20 0000 21 0000 23 0000 24 0000 25 0000 26 3002 27 3F80
 28 0000
Page 5 - VCT
 16 0000 17 0000 18 0000 19 0000 20 0000 21 2000 23 0603 24 0000
 25 0104 26 0F12 27 0A0C 28 0C06
Page 6 - Packet
 16 0000 17 0000 18 0000 19 000B 23 0000 24 0000 25 0000 26 190E
Page 7 - Cable
 16 0000 17 0000 18 0000 19 0000 20 0000 21 0000 25 0104 26 0F12
 27 0A0C 28 0006
Page 18 - Common
  0 0000  1 0000  2 0000 16 0000 17 0000 19 000B 20 0004 25 0000
 26 0000 27 2000
Page 255 - Factory
  0 0000  1 0000  2 0000  3 0000  4 0000  5 0000  6 0000  7 0000
  8 0000  9 0000 10 0000 11 0000 12 0000 13 0000 14 0000 15 0000
 16 0159 17 DC0C 18 0000 19 0000 20 0000 21 0000 23 0000 24 0000
 25 0000 26 0000 27 0000 28 0000 29 0000 30 0000 31 0000

Clause 45 PHY Information for dev 0 port 14:

 Device 3 PCS registers: length 4 devNum 0
  0000=0000  0001=0042  0014=0006  0016=0000  
 Device 7 EEE autoneg registers: length 2 devNum 0
  003C=0000  003D=0000  


MacSec PHY Information for dev 0 port 14:

 Slice registers: length 87 devNum 0
  1000=88e58100  1001=00400030  1002=00000000  1003=00000000  1004=00000000  
  1005=00000000  1006=00000000  1007=00000001  1009=00001008  100B=0fb40000  
  100C=00000000  100D=00000000  100E=00000000  1010=00000005  1011=00000000  
  1012=00000000  1015=00000000  1016=00000000  1017=00000000  1018=00000000  
  1019=00000006  101A=00000000  101B=00000000  101C=00000000  101D=00000000  
  101E=00000000  101F=00000000  1020=00000000  1021=00000000  1022=00000000  
  1023=00000000  1024=00000000  1025=00000000  1026=00000000  1027=00000000  
  1028=00000000  1029=00000000  102A=00000000  102B=00000000  102C=00000000  
  102D=00000000  102E=00000000  102F=00000000  1030=888e8808  1031=00000000  
  1032=00000000  1033=00000000  1040=00011849  1041=00020081  1042=00000008  
  1043=00000020  1044=00000001  1045=00000000  1046=00000000  1047=0007fe43  
  1048=0009a520  1050=000117c9  1051=00010081  1052=00000000  1053=00000030  
  1054=00000005  1055=00000000  1056=00000000  1057=0007fe43  1058=0009a520  
  1070=00000077  1071=5a000000  1072=00000000  1073=00000000  1074=00000004  
  1076=00002006  1077=00000000  1078=00000000  1079=004050f0  107A=00010000  
  107B=00000000  107C=00000000  107D=00000000  107E=00000000  107F=00000000  
  13C0=111e2020  13C1=00000000  13C2=00000000  13C3=00000003  13C4=000050f0  
  13C6=00001400  13C7=00005096  

MAC MIB Counters (Wire MAC):
 GoodOctetsReceived   0x2040:                   0
 BadOctetsReceived    0x2042:                   0
 TxFIFOunderrun/TxCRC 0x2043:                   0
 UnicastFramesReceive 0x2044:                   0
 SentDeferred         0x2045:                   0
 BroadcastFramesRecei 0x2046:                   0
 MulticastFramesRecei 0x2047:                   0
 Frames64Octets       0x2048:                   0
 Frames65to127Octets  0x2049:                   0
 Frames128to255Octets 0x204a:                   0
 Frames256to511Octets 0x204b:                   0
 Frames512to1023Octet 0x204c:                   0
 Frames1024toMaxOctet 0x204d:                   0
 GoodOctetsSent       0x204e:                   0
 UnicastFramesSent    0x2050:                   0
 ExcessiveCollision   0x2051:                   0
 MulticastFramesSent  0x2052:                   0
 BroadcastFramesSent  0x2053:                   0
 SentMultiple         0x2054:                   0
 FCSent               0x2055:                   0
 FCReceived           0x2056:                   0
 RxFIFOOverrun        0x2057:                   0
 Undersize            0x2058:                   0
 Fragments            0x2059:                   0
 Oversize             0x205a:                   0
 Jabber               0x205b:                   0
 RxError              0x205c:                   0
 BadCrc               0x205d:                   0
 Collisions           0x205e:                   0
 LateCollisions       0x205f:                   0

MAC MIB Counters (System MAC, phyPorts 0/2):
 GoodOctetsReceived   0x2080:                   0
 BadOctetsReceived    0x2082:                   0
 TxFIFOunderrun/TxCRC 0x2083:                   0
 UnicastFramesReceive 0x2084:                   0
 SentDeferred         0x2085:                   0
 BroadcastFramesRecei 0x2086:                   0
 MulticastFramesRecei 0x2087:                   0
 Frames64Octets       0x2088:                   0
 Frames65to127Octets  0x2089:                   0
 Frames128to255Octets 0x208a:                   0
 Frames256to511Octets 0x208b:                   0
 Frames512to1023Octet 0x208c:                   0
 Frames1024toMaxOctet 0x208d:                   0
 GoodOctetsSent       0x208e:                   0
 UnicastFramesSent    0x2090:                   0
 ExcessiveCollision   0x2091:                   0
 MulticastFramesSent  0x2092:                   0
 BroadcastFramesSent  0x2093:                   0
 SentMultiple         0x2094:                   0
 FCSent               0x2095:                   0
 FCReceived           0x2096:                   0
 RxFIFOOverrun        0x2097:                   0
 Undersize            0x2098:                   0
 Fragments            0x2099:                   0
 Oversize             0x209a:                   0
 Jabber               0x209b:                   0
 RxError              0x209c:                   0
 BadCrc               0x209d:                   0
 Collisions           0x209e:                   0
 LateCollisions       0x209f:                   0


Port configuration:
  lport 14   macStatus:       0x1200E010      value: 0x00000C0A
             macCtrl:         0x1200E000      value: 0x00008BE5
             autoNegCtrl:     0x1200E00C      value: 0x0000B0E9
             macCtrl1:        0x1200E004      value: 0x00003783
             macCtrl2:        0x1200E008      value: 0x0000C048
             macCtrl3:        0x1200E048      value: 0x00000300
             macCtrl4:        0x1200E090      value: 0x00003882
             portControl:     0x0100E000      value: 0x00208001

Phy address is: 11

PHY Registers for dev 0 (port 17)
  	hwMode (4 QSGMII to SGMII)

SGMII link partner ()
  Enabled Incomplete
  Link
    link partner Down
  Flow Control
    Partner   ( )
  Duplex
    Partner   (Duplex half)
  Speed
    Partner   (Speed 10Mbps)

Page 0 - Copper
  0 1940  1 7949  2 0141  3 0EC0  4 01E1  5 0000  6 0004  7 2001
  8 0000  9 0F00 10 4000 13 0003 14 0000 15 3000 16 3060 17 8040
 18 0000 19 0040 20 0020 21 0000 23 0000 26 0040
Page 1 - SGMII
  0 1140  1 0149  2 0141  3 0EC0  4 0001  5 0000  6 0004  7 2001
  8 0000 15 C000 16 4207 17 8010 18 0000 19 0000 21 0000 23 0000
 24 0000 25 0000 26 0042
Page 2 - Mac
 16 6008 18 0000 19 0000 21 1046
Page 3 - LED
 16 887F 17 8005 18 4905 19 0073 28 0003 29 0000
Page 4 - QSGMII
  0 1140  1 0000  4 0901  5 0000  6 0000 16 6224 17 8000 18 0000
 19 0000 20 0000 21 0000 23 0000 24 0000 25 0000 26 3002 27 3F80
 28 0000
Page 5 - VCT
 16 0000 17 0000 18 0000 19 0000 20 0000 21 2000 23 0603 24 0000
 25 0104 26 0F12 27 0A0C 28 0C06
Page 6 - Packet
 16 0000 17 0000 18 0000 19 000B 23 0000 24 0000 25 0000 26 190F
Page 7 - Cable
 16 0000 17 0000 18 0000 19 0000 20 0000 21 0000 25 0104 26 0F12
 27 0A0C 28 0006
Page 18 - Common
  0 0000  1 0000  2 0000 16 0000 17 0000 19 000B 20 0004 25 0000
 26 0000 27 2000
Page 255 - Factory
  0 0000  1 0000  2 0000  3 0000  4 0000  5 0000  6 0000  7 0000
  8 0000  9 0000 10 0000 11 0000 12 0000 13 0000 14 0000 15 0000
 16 0159 17 DC0C 18 4AD0 19 0000 20 0000 21 0000 23 0000 24 0000
 25 0000 26 0000 27 0000 28 0000 29 0000 30 0000 31 0000

Clause 45 PHY Information for dev 0 port 17:

 Device 3 PCS registers: length 4 devNum 0
  0000=0000  0001=0042  0014=0006  0016=0000  
 Device 7 EEE autoneg registers: length 2 devNum 0
  003C=0000  003D=0000  


MacSec PHY Information for dev 0 port 17:

 Slice registers: length 87 devNum 0
  0800=88e58100  0801=00400030  0802=00000000  0803=00000000  0804=00000000  
  0805=00000000  0806=00000000  0807=00000001  0809=00001008  080B=0fb40000  
  080C=00000000  080D=00000000  080E=00000000  0810=00000005  0811=00000000  
  0812=00000000  0815=00000000  0816=00000000  0817=00000000  0818=00000000  
  0819=00000006  081A=00000000  081B=00000000  081C=00000000  081D=00000000  
  081E=00000000  081F=00000000  0820=00000000  0821=00000000  0822=00000000  
  0823=00000000  0824=00000000  0825=00000000  0826=00000000  0827=00000000  
  0828=00000000  0829=00000000  082A=00000000  082B=00000000  082C=00000000  
  082D=00000000  082E=00000000  082F=00000000  0830=888e8808  0831=00000000  
  0832=00000000  0833=00000000  0840=00011849  0841=00020081  0842=00000008  
  0843=00000020  0844=00000001  0845=00000000  0846=00000000  0847=0007fe43  
  0848=0009a520  0850=000117c9  0851=00010081  0852=00000000  0853=00000030  
  0854=00000005  0855=00000000  0856=00000000  0857=0007fe43  0858=0009a520  
  0870=00000077  0871=5a000000  0872=00000000  0873=00000000  0874=00000004  
  0876=00002006  0877=00000000  0878=00000000  0879=004050f0  087A=00010000  
  087B=00000000  087C=00000000  087D=00000000  087E=00000000  087F=00000000  
  0BC0=111e2020  0BC1=00000000  0BC2=00000000  0BC3=00000003  0BC4=000050f0  
  0BC6=00001400  0BC7=00005096  

MAC MIB Counters (Wire MAC):
 GoodOctetsReceived   0x2020:                   0
 BadOctetsReceived    0x2022:                   0
 TxFIFOunderrun/TxCRC 0x2023:                   0
 UnicastFramesReceive 0x2024:                   0
 SentDeferred         0x2025:                   0
 BroadcastFramesRecei 0x2026:                   0
 MulticastFramesRecei 0x2027:                   0
 Frames64Octets       0x2028:                   0
 Frames65to127Octets  0x2029:                   0
 Frames128to255Octets 0x202a:                   0
 Frames256to511Octets 0x202b:                   0
 Frames512to1023Octet 0x202c:                   0
 Frames1024toMaxOctet 0x202d:                   0
 GoodOctetsSent       0x202e:                   0
 UnicastFramesSent    0x2030:                   0
 ExcessiveCollision   0x2031:                   0
 MulticastFramesSent  0x2032:                   0
 BroadcastFramesSent  0x2033:                   0
 SentMultiple         0x2034:                   0
 FCSent               0x2035:                   0
 FCReceived           0x2036:                   0
 RxFIFOOverrun        0x2037:                   0
 Undersize            0x2038:                   0
 Fragments            0x2039:                   0
 Oversize             0x203a:                   0
 Jabber               0x203b:                   0
 RxError              0x203c:                   0
 BadCrc               0x203d:                   0
 Collisions           0x203e:                   0
 LateCollisions       0x203f:                   0

MAC MIB Counters (System MAC, phyPorts 1/3):
 GoodOctetsReceived   0x20a0:                   0
 BadOctetsReceived    0x20a2:                   0
 TxFIFOunderrun/TxCRC 0x20a3:                   0
 UnicastFramesReceive 0x20a4:                   0
 SentDeferred         0x20a5:                   0
 BroadcastFramesRecei 0x20a6:                   0
 MulticastFramesRecei 0x20a7:                   0
 Frames64Octets       0x20a8:                   0
 Frames65to127Octets  0x20a9:                   0
 Frames128to255Octets 0x20aa:                   0
 Frames256to511Octets 0x20ab:                   0
 Frames512to1023Octet 0x20ac:                   0
 Frames1024toMaxOctet 0x20ad:                   0
 GoodOctetsSent       0x20ae:                   0
 UnicastFramesSent    0x20b0:                   0
 ExcessiveCollision   0x20b1:                   0
 MulticastFramesSent  0x20b2:                   0
 BroadcastFramesSent  0x20b3:                   0
 SentMultiple         0x20b4:                   0
 FCSent               0x20b5:                   0
 FCReceived           0x20b6:                   0
 RxFIFOOverrun        0x20b7:                   0
 Undersize            0x20b8:                   0
 Fragments            0x20b9:                   0
 Oversize             0x20ba:                   0
 Jabber               0x20bb:                   0
 RxError              0x20bc:                   0
 BadCrc               0x20bd:                   0
 Collisions           0x20be:                   0
 LateCollisions       0x20bf:                   0


Port configuration:
  lport 17   macStatus:       0x12011010      value: 0x00000402
             macCtrl:         0x12011000      value: 0x00008BE5
             autoNegCtrl:     0x1201100C      value: 0x0000B0E9
             macCtrl1:        0x12011004      value: 0x00003783
             macCtrl2:        0x12011008      value: 0x0000C048
             macCtrl3:        0x12011048      value: 0x00000300
             macCtrl4:        0x12011090      value: 0x00004482
             portControl:     0x01011000      value: 0x00208001

Phy address is: 10

PHY Registers for dev 0 (port 16)
  	hwMode (4 QSGMII to SGMII)

SGMII link partner ()
  Enabled Incomplete
  Link
    link partner Down
  Flow Control
    Partner   ( )
  Duplex
    Partner   (Duplex half)
  Speed
    Partner   (Speed 10Mbps)

Page 0 - Copper
  0 1940  1 7949  2 0141  3 0EC0  4 01E1  5 0000  6 0004  7 2001
  8 0000  9 0F00 10 4000 13 0003 14 0000 15 3000 16 3060 17 8000
 18 0000 19 0040 20 0020 21 0000 23 0000 26 0040
Page 1 - SGMII
  0 1140  1 0149  2 0141  3 0EC0  4 0001  5 0000  6 0004  7 2001
  8 0000 15 C000 16 4207 17 8010 18 0000 19 0000 21 0000 23 0000
 24 0000 25 0000 26 0042
Page 2 - Mac
 16 6008 18 0000 19 0000 21 1046
Page 3 - LED
 16 887F 17 8005 18 4905 19 0073 28 0003 29 0000
Page 4 - QSGMII
  0 1140  1 0000  4 0901  5 0000  6 0000 16 6224 17 8000 18 0000
 19 0000 20 0000 21 0000 23 0000 24 0000 25 0000 26 3002 27 3F80
 28 0000
Page 5 - VCT
 16 0000 17 0000 18 0000 19 0000 20 0000 21 2000 23 0603 24 0000
 25 0104 26 0F12 27 0A0C 28 0C06
Page 6 - Packet
 16 0000 17 0000 18 0000 19 000B 23 0000 24 0000 25 0000 26 190F
Page 7 - Cable
 16 0000 17 0000 18 0000 19 0000 20 0000 21 0000 25 0104 26 0F12
 27 0A0C 28 0006
Page 18 - Common
  0 0000  1 0000  2 0000 16 0000 17 0000 19 000B 20 0004 25 0000
 26 0000 27 2000
Page 255 - Factory
  0 0000  1 0000  2 0000  3 0000  4 0000  5 0000  6 0000  7 0000
  8 0000  9 0000 10 0000 11 0000 12 0000 13 0000 14 0000 15 0000
 16 0159 17 DC0C 18 FC87 19 0000 20 0000 21 0000 23 0000 24 0000
 25 0000 26 0000 27 0000 28 0000 29 0000 30 0000 31 0000

Clause 45 PHY Information for dev 0 port 16:

 Device 3 PCS registers: length 4 devNum 0
  0000=0000  0001=0042  0014=0006  0016=0000  
 Device 7 EEE autoneg registers: length 2 devNum 0
  003C=0000  003D=0000  


MacSec PHY Information for dev 0 port 16:

 Slice registers: length 87 devNum 0
  0000=88e58100  0001=00400030  0002=00000000  0003=00000000  0004=00000000  
  0005=00000000  0006=00000000  0007=00000001  0009=00001008  000B=0fb40000  
  000C=00000000  000D=00000000  000E=00000000  0010=00000005  0011=00000000  
  0012=00000000  0015=00000000  0016=00000000  0017=00000000  0018=00000000  
  0019=00000006  001A=00000000  001B=00000000  001C=00000000  001D=00000000  
  001E=00000000  001F=00000000  0020=00000000  0021=00000000  0022=00000000  
  0023=00000000  0024=00000000  0025=00000000  0026=00000000  0027=00000000  
  0028=00000000  0029=00000000  002A=00000000  002B=00000000  002C=00000000  
  002D=00000000  002E=00000000  002F=00000000  0030=888e8808  0031=00000000  
  0032=00000000  0033=00000000  0040=00011849  0041=00020081  0042=00000008  
  0043=00000020  0044=00000001  0045=00000000  0046=00000000  0047=0007fe43  
  0048=0009a520  0050=000117c9  0051=00010081  0052=00000000  0053=00000030  
  0054=00000005  0055=00000000  0056=00000000  0057=0007fe43  0058=0009a520  
  0070=00000077  0071=5a000000  0072=00000000  0073=00000000  0074=00000004  
  0076=00002006  0077=00000000  0078=00000000  0079=004050f0  007A=00010000  
  007B=00000000  007C=00000000  007D=00000000  007E=00000000  007F=00000000  
  03C0=111e2020  03C1=00000000  03C2=00000000  03C3=00000003  03C4=000050f0  
  03C6=00001400  03C7=00005096  

MAC MIB Counters (Wire MAC):
 GoodOctetsReceived   0x2000:                   0
 BadOctetsReceived    0x2002:                   0
 TxFIFOunderrun/TxCRC 0x2003:                   0
 UnicastFramesReceive 0x2004:                   0
 SentDeferred         0x2005:                   0
 BroadcastFramesRecei 0x2006:                   0
 MulticastFramesRecei 0x2007:                   0
 Frames64Octets       0x2008:                   0
 Frames65to127Octets  0x2009:                   0
 Frames128to255Octets 0x200a:                   0
 Frames256to511Octets 0x200b:                   0
 Frames512to1023Octet 0x200c:                   0
 Frames1024toMaxOctet 0x200d:                   0
 GoodOctetsSent       0x200e:                   0
 UnicastFramesSent    0x2010:                   0
 ExcessiveCollision   0x2011:                   0
 MulticastFramesSent  0x2012:                   0
 BroadcastFramesSent  0x2013:                   0
 SentMultiple         0x2014:                   0
 FCSent               0x2015:                   0
 FCReceived           0x2016:                   0
 RxFIFOOverrun        0x2017:                   0
 Undersize            0x2018:                   0
 Fragments            0x2019:                   0
 Oversize             0x201a:                   0
 Jabber               0x201b:                   0
 RxError              0x201c:                   0
 BadCrc               0x201d:                   0
 Collisions           0x201e:                   0
 LateCollisions       0x201f:                   0

MAC MIB Counters (System MAC, phyPorts 0/2):
 GoodOctetsReceived   0x2080:                   0
 BadOctetsReceived    0x2082:                   0
 TxFIFOunderrun/TxCRC 0x2083:                   0
 UnicastFramesReceive 0x2084:                   0
 SentDeferred         0x2085:                   0
 BroadcastFramesRecei 0x2086:                   0
 MulticastFramesRecei 0x2087:                   0
 Frames64Octets       0x2088:                   0
 Frames65to127Octets  0x2089:                   0
 Frames128to255Octets 0x208a:                   0
 Frames256to511Octets 0x208b:                   0
 Frames512to1023Octet 0x208c:                   0
 Frames1024toMaxOctet 0x208d:                   0
 GoodOctetsSent       0x208e:                   0
 UnicastFramesSent    0x2090:                   0
 ExcessiveCollision   0x2091:                   0
 MulticastFramesSent  0x2092:                   0
 BroadcastFramesSent  0x2093:                   0
 SentMultiple         0x2094:                   0
 FCSent               0x2095:                   0
 FCReceived           0x2096:                   0
 RxFIFOOverrun        0x2097:                   0
 Undersize            0x2098:                   0
 Fragments            0x2099:                   0
 Oversize             0x209a:                   0
 Jabber               0x209b:                   0
 RxError              0x209c:                   0
 BadCrc               0x209d:                   0
 Collisions           0x209e:                   0
 LateCollisions       0x209f:                   0


Port configuration:
  lport 16   macStatus:       0x12010010      value: 0x00000402
             macCtrl:         0x12010000      value: 0x00008BE5
             autoNegCtrl:     0x1201000C      value: 0x0000B0E9
             macCtrl1:        0x12010004      value: 0x00003783
             macCtrl2:        0x12010008      value: 0x0000C048
             macCtrl3:        0x12010048      value: 0x00000300
             macCtrl4:        0x12010090      value: 0x00004082
             portControl:     0x01010000      value: 0x00208001

Phy address is: 13

PHY Registers for dev 0 (port 19)
  	hwMode (4 QSGMII to SGMII)

SGMII link partner ()
  Enabled Incomplete
  Link
    link partner Down
  Flow Control
    Partner   ( )
  Duplex
    Partner   (Duplex half)
  Speed
    Partner   (Speed 10Mbps)

Page 0 - Copper
  0 1940  1 7949  2 0141  3 0EC0  4 01E1  5 0000  6 0004  7 2001
  8 0000  9 0F00 10 4000 13 0003 14 0000 15 3000 16 3060 17 8040
 18 0000 19 0040 20 0020 21 0000 23 0000 26 0040
Page 1 - SGMII
  0 1140  1 0149  2 0141  3 0EC0  4 0001  5 0000  6 0004  7 2001
  8 0000 15 C000 16 4207 17 8010 18 0000 19 0000 21 0000 23 0000
 24 0000 25 0000 26 0042
Page 2 - Mac
 16 6008 18 0000 19 0000 21 1046
Page 3 - LED
 16 887F 17 8005 18 4905 19 0073 28 0003 29 0000
Page 4 - QSGMII
  0 1140  1 0000  4 0901  5 0000  6 0000 16 6224 17 8000 18 0000
 19 0000 20 0000 21 0000 23 0000 24 0000 25 0000 26 3002 27 3F80
 28 0000
Page 5 - VCT
 16 0000 17 0000 18 0000 19 0000 20 0000 21 2000 23 0603 24 0000
 25 0104 26 0F12 27 0A0C 28 0C06
Page 6 - Packet
 16 0000 17 0000 18 0000 19 000B 23 0000 24 0000 25 0000 26 190F
Page 7 - Cable
 16 0000 17 0000 18 0000 19 0000 20 0000 21 0000 25 0104 26 0F12
 27 0A0C 28 0006
Page 18 - Common
  0 0000  1 0000  2 0000 16 0000 17 0000 19 000B 20 0004 25 0000
 26 0000 27 2000
Page 255 - Factory
  0 0000  1 0000  2 0000  3 0000  4 0000  5 0000  6 0000  7 0000
  8 0000  9 0000 10 0000 11 0000 12 0000 13 0000 14 0000 15 0000
 16 0159 17 DC0C 18 0000 19 0000 20 0000 21 0000 23 0000 24 0000
 25 0000 26 0000 27 0000 28 0000 29 0000 30 0000 31 0000

Clause 45 PHY Information for dev 0 port 19:

 Device 3 PCS registers: length 4 devNum 0
  0000=0000  0001=0042  0014=0006  0016=0000  
 Device 7 EEE autoneg registers: length 2 devNum 0
  003C=0000  003D=0000  


MacSec PHY Information for dev 0 port 19:

 Slice registers: length 87 devNum 0
  1800=88e58100  1801=00400030  1802=00000000  1803=00000000  1804=00000000  
  1805=00000000  1806=00000000  1807=00000001  1809=00001008  180B=0fb40000  
  180C=00000000  180D=00000000  180E=00000000  1810=00000005  1811=00000000  
  1812=00000000  1815=00000000  1816=00000000  1817=00000000  1818=00000000  
  1819=00000006  181A=00000000  181B=00000000  181C=00000000  181D=00000000  
  181E=00000000  181F=00000000  1820=00000000  1821=00000000  1822=00000000  
  1823=00000000  1824=00000000  1825=00000000  1826=00000000  1827=00000000  
  1828=00000000  1829=00000000  182A=00000000  182B=00000000  182C=00000000  
  182D=00000000  182E=00000000  182F=00000000  1830=888e8808  1831=00000000  
  1832=00000000  1833=00000000  1840=00011849  1841=00020081  1842=00000008  
  1843=00000020  1844=00000001  1845=00000000  1846=00000000  1847=0007fe43  
  1848=0009a520  1850=000117c9  1851=00010081  1852=00000000  1853=00000030  
  1854=00000005  1855=00000000  1856=00000000  1857=0007fe43  1858=0009a520  
  1870=00000077  1871=5a000000  1872=00000000  1873=00000000  1874=00000004  
  1876=00002006  1877=00000000  1878=00000000  1879=004050f0  187A=00010000  
  187B=00000000  187C=00000000  187D=00000000  187E=00000000  187F=00000000  
  1BC0=111e2020  1BC1=00000000  1BC2=00000000  1BC3=00000003  1BC4=000050f0  
  1BC6=00001400  1BC7=00005096  

MAC MIB Counters (Wire MAC):
 GoodOctetsReceived   0x2060:                   0
 BadOctetsReceived    0x2062:                   0
 TxFIFOunderrun/TxCRC 0x2063:                   0
 UnicastFramesReceive 0x2064:                   0
 SentDeferred         0x2065:                   0
 BroadcastFramesRecei 0x2066:                   0
 MulticastFramesRecei 0x2067:                   0
 Frames64Octets       0x2068:                   0
 Frames65to127Octets  0x2069:                   0
 Frames128to255Octets 0x206a:                   0
 Frames256to511Octets 0x206b:                   0
 Frames512to1023Octet 0x206c:                   0
 Frames1024toMaxOctet 0x206d:                   0
 GoodOctetsSent       0x206e:                   0
 UnicastFramesSent    0x2070:                   0
 ExcessiveCollision   0x2071:                   0
 MulticastFramesSent  0x2072:                   0
 BroadcastFramesSent  0x2073:                   0
 SentMultiple         0x2074:                   0
 FCSent               0x2075:                   0
 FCReceived           0x2076:                   0
 RxFIFOOverrun        0x2077:                   0
 Undersize            0x2078:                   0
 Fragments            0x2079:                   0
 Oversize             0x207a:                   0
 Jabber               0x207b:                   0
 RxError              0x207c:                   0
 BadCrc               0x207d:                   0
 Collisions           0x207e:                   0
 LateCollisions       0x207f:                   0

MAC MIB Counters (System MAC, phyPorts 1/3):
 GoodOctetsReceived   0x20a0:                   0
 BadOctetsReceived    0x20a2:                   0
 TxFIFOunderrun/TxCRC 0x20a3:                   0
 UnicastFramesReceive 0x20a4:                   0
 SentDeferred         0x20a5:                   0
 BroadcastFramesRecei 0x20a6:                   0
 MulticastFramesRecei 0x20a7:                   0
 Frames64Octets       0x20a8:                   0
 Frames65to127Octets  0x20a9:                   0
 Frames128to255Octets 0x20aa:                   0
 Frames256to511Octets 0x20ab:                   0
 Frames512to1023Octet 0x20ac:                   0
 Frames1024toMaxOctet 0x20ad:                   0
 GoodOctetsSent       0x20ae:                   0
 UnicastFramesSent    0x20b0:                   0
 ExcessiveCollision   0x20b1:                   0
 MulticastFramesSent  0x20b2:                   0
 BroadcastFramesSent  0x20b3:                   0
 SentMultiple         0x20b4:                   0
 FCSent               0x20b5:                   0
 FCReceived           0x20b6:                   0
 RxFIFOOverrun        0x20b7:                   0
 Undersize            0x20b8:                   0
 Fragments            0x20b9:                   0
 Oversize             0x20ba:                   0
 Jabber               0x20bb:                   0
 RxError              0x20bc:                   0
 BadCrc               0x20bd:                   0
 Collisions           0x20be:                   0
 LateCollisions       0x20bf:                   0


Port configuration:
  lport 19   macStatus:       0x12013010      value: 0x00000402
             macCtrl:         0x12013000      value: 0x00008BE5
             autoNegCtrl:     0x1201300C      value: 0x0000B0E9
             macCtrl1:        0x12013004      value: 0x00003783
             macCtrl2:        0x12013008      value: 0x0000C048
             macCtrl3:        0x12013048      value: 0x00000300
             macCtrl4:        0x12013090      value: 0x00004C82
             portControl:     0x01013000      value: 0x00208001

Phy address is: 12

PHY Registers for dev 0 (port 18)
  	hwMode (4 QSGMII to SGMII)

SGMII link partner ()
  Enabled Incomplete
  Link
    link partner Down
  Flow Control
    Partner   ( )
  Duplex
    Partner   (Duplex half)
  Speed
    Partner   (Speed 10Mbps)

Page 0 - Copper
  0 1940  1 7949  2 0141  3 0EC0  4 01E1  5 0000  6 0004  7 2001
  8 0000  9 0F00 10 4000 13 0003 14 0000 15 3000 16 3060 17 8040
 18 0000 19 0040 20 0020 21 0000 23 0000 26 0040
Page 1 - SGMII
  0 1140  1 0149  2 0141  3 0EC0  4 0001  5 0000  6 0004  7 2001
  8 0000 15 C000 16 4207 17 8010 18 0000 19 0000 21 0000 23 0000
 24 0000 25 0000 26 0042
Page 2 - Mac
 16 6008 18 0000 19 0000 21 1046
Page 3 - LED
 16 887F 17 8005 18 4905 19 0073 28 0003 29 0000
Page 4 - QSGMII
  0 1140  1 0000  4 0901  5 0000  6 0000 16 6224 17 8000 18 0000
 19 0000 20 0000 21 0000 23 0000 24 0000 25 0000 26 3002 27 3F80
 28 0000
Page 5 - VCT
 16 0000 17 0000 18 0000 19 0000 20 0000 21 2000 23 0603 24 0000
 25 0104 26 0F12 27 0A0C 28 0C06
Page 6 - Packet
 16 0000 17 0000 18 0000 19 000B 23 0000 24 0000 25 0000 26 190F
Page 7 - Cable
 16 0000 17 0000 18 0000 19 0000 20 0000 21 0000 25 0104 26 0F12
 27 0A0C 28 0006
Page 18 - Common
  0 0000  1 0000  2 0000 16 0000 17 0000 19 000B 20 0004 25 0000
 26 0000 27 2000
Page 255 - Factory
  0 0000  1 0000  2 0000  3 0000  4 0000  5 0000  6 0000  7 0000
  8 0000  9 0000 10 0000 11 0000 12 0000 13 0000 14 0000 15 0000
 16 0159 17 DC0C 18 0008 19 0000 20 0000 21 0000 23 0000 24 0000
 25 0000 26 0000 27 0000 28 0000 29 0000 30 0000 31 0000

Clause 45 PHY Information for dev 0 port 18:

 Device 3 PCS registers: length 4 devNum 0
  0000=0000  0001=0042  0014=0006  0016=0000  
 Device 7 EEE autoneg registers: length 2 devNum 0
  003C=0000  003D=0000  


MacSec PHY Information for dev 0 port 18:

 Slice registers: length 87 devNum 0
  1000=88e58100  1001=00400030  1002=00000000  1003=00000000  1004=00000000  
  1005=00000000  1006=00000000  1007=00000001  1009=00001008  100B=0fb40000  
  100C=00000000  100D=00000000  100E=00000000  1010=00000005  1011=00000000  
  1012=00000000  1015=00000000  1016=00000000  1017=00000000  1018=00000000  
  1019=00000006  101A=00000000  101B=00000000  101C=00000000  101D=00000000  
  101E=00000000  101F=00000000  1020=00000000  1021=00000000  1022=00000000  
  1023=00000000  1024=00000000  1025=00000000  1026=00000000  1027=00000000  
  1028=00000000  1029=00000000  102A=00000000  102B=00000000  102C=00000000  
  102D=00000000  102E=00000000  102F=00000000  1030=888e8808  1031=00000000  
  1032=00000000  1033=00000000  1040=00011849  1041=00020081  1042=00000008  
  1043=00000020  1044=00000001  1045=00000000  1046=00000000  1047=0007fe43  
  1048=0009a520  1050=000117c9  1051=00010081  1052=00000000  1053=00000030  
  1054=00000005  1055=00000000  1056=00000000  1057=0007fe43  1058=0009a520  
  1070=00000077  1071=5a000000  1072=00000000  1073=00000000  1074=00000004  
  1076=00002006  1077=00000000  1078=00000000  1079=004050f0  107A=00010000  
  107B=00000000  107C=00000000  107D=00000000  107E=00000000  107F=00000000  
  13C0=111e2020  13C1=00000000  13C2=00000000  13C3=00000003  13C4=000050f0  
  13C6=00001400  13C7=00005096  

MAC MIB Counters (Wire MAC):
 GoodOctetsReceived   0x2040:                   0
 BadOctetsReceived    0x2042:                   0
 TxFIFOunderrun/TxCRC 0x2043:                   0
 UnicastFramesReceive 0x2044:                   0
 SentDeferred         0x2045:                   0
 BroadcastFramesRecei 0x2046:                   0
 MulticastFramesRecei 0x2047:                   0
 Frames64Octets       0x2048:                   0
 Frames65to127Octets  0x2049:                   0
 Frames128to255Octets 0x204a:                   0
 Frames256to511Octets 0x204b:                   0
 Frames512to1023Octet 0x204c:                   0
 Frames1024toMaxOctet 0x204d:                   0
 GoodOctetsSent       0x204e:                   0
 UnicastFramesSent    0x2050:                   0
 ExcessiveCollision   0x2051:                   0
 MulticastFramesSent  0x2052:                   0
 BroadcastFramesSent  0x2053:                   0
 SentMultiple         0x2054:                   0
 FCSent               0x2055:                   0
 FCReceived           0x2056:                   0
 RxFIFOOverrun        0x2057:                   0
 Undersize            0x2058:                   0
 Fragments            0x2059:                   0
 Oversize             0x205a:                   0
 Jabber               0x205b:                   0
 RxError              0x205c:                   0
 BadCrc               0x205d:                   0
 Collisions           0x205e:                   0
 LateCollisions       0x205f:                   0

MAC MIB Counters (System MAC, phyPorts 0/2):
 GoodOctetsReceived   0x2080:                   0
 BadOctetsReceived    0x2082:                   0
 TxFIFOunderrun/TxCRC 0x2083:                   0
 UnicastFramesReceive 0x2084:                   0
 SentDeferred         0x2085:                   0
 BroadcastFramesRecei 0x2086:                   0
 MulticastFramesRecei 0x2087:                   0
 Frames64Octets       0x2088:                   0
 Frames65to127Octets  0x2089:                   0
 Frames128to255Octets 0x208a:                   0
 Frames256to511Octets 0x208b:                   0
 Frames512to1023Octet 0x208c:                   0
 Frames1024toMaxOctet 0x208d:                   0
 GoodOctetsSent       0x208e:                   0
 UnicastFramesSent    0x2090:                   0
 ExcessiveCollision   0x2091:                   0
 MulticastFramesSent  0x2092:                   0
 BroadcastFramesSent  0x2093:                   0
 SentMultiple         0x2094:                   0
 FCSent               0x2095:                   0
 FCReceived           0x2096:                   0
 RxFIFOOverrun        0x2097:                   0
 Undersize            0x2098:                   0
 Fragments            0x2099:                   0
 Oversize             0x209a:                   0
 Jabber               0x209b:                   0
 RxError              0x209c:                   0
 BadCrc               0x209d:                   0
 Collisions           0x209e:                   0
 LateCollisions       0x209f:                   0


Port configuration:
  lport 18   macStatus:       0x12012010      value: 0x00000402
             macCtrl:         0x12012000      value: 0x00008BE5
             autoNegCtrl:     0x1201200C      value: 0x0000B0E9
             macCtrl1:        0x12012004      value: 0x00003783
             macCtrl2:        0x12012008      value: 0x0000C048
             macCtrl3:        0x12012048      value: 0x00000300
             macCtrl4:        0x12012090      value: 0x00004882
             portControl:     0x01012000      value: 0x00208001

Phy address is: 15

PHY Registers for dev 0 (port 21)
  	hwMode (4 QSGMII to SGMII)

SGMII link partner ()
  Enabled Incomplete
  Link
    link partner Down
  Flow Control
    Partner   ( )
  Duplex
    Partner   (Duplex half)
  Speed
    Partner   (Speed 10Mbps)

Page 0 - Copper
  0 1940  1 7949  2 0141  3 0EC0  4 01E1  5 0000  6 0004  7 2001
  8 0000  9 0F00 10 4000 13 0003 14 0000 15 3000 16 3060 17 8040
 18 0000 19 0040 20 0020 21 0000 23 0000 26 0040
Page 1 - SGMII
  0 1140  1 0149  2 0141  3 0EC0  4 0001  5 0000  6 0004  7 2001
  8 0000 15 C000 16 4207 17 8010 18 0000 19 0000 21 0000 23 0000
 24 0000 25 0000 26 0042
Page 2 - Mac
 16 6008 18 0000 19 0000 21 1046
Page 3 - LED
 16 887F 17 8005 18 4905 19 0073 28 0003 29 0000
Page 4 - QSGMII
  0 1140  1 0000  4 0901  5 0000  6 0000 16 6224 17 8000 18 0000
 19 0000 20 0000 21 0000 23 0000 24 0000 25 0000 26 3002 27 3F80
 28 0000
Page 5 - VCT
 16 0000 17 0000 18 0000 19 0000 20 0000 21 2000 23 0603 24 0000
 25 0104 26 0F12 27 0A0C 28 0C06
Page 6 - Packet
 16 0000 17 0000 18 0000 19 000B 23 0000 24 0000 25 0000 26 190D
Page 7 - Cable
 16 0000 17 0000 18 0000 19 0000 20 0000 21 0000 25 0104 26 0F12
 27 0A0C 28 0006
Page 18 - Common
  0 0000  1 0000  2 0000 16 0000 17 0000 19 000B 20 0004 25 0000
 26 0000 27 2000
Page 255 - Factory
  0 0000  1 0000  2 0000  3 0000  4 0000  5 0000  6 0000  7 0000
  8 0000  9 0000 10 0000 11 0000 12 0000 13 0000 14 0000 15 0000
 16 0159 17 DC0C 18 3807 19 0000 20 0000 21 0000 23 0000 24 0000
 25 0000 26 0000 27 0000 28 0000 29 0000 30 0000 31 0000

Clause 45 PHY Information for dev 0 port 21:

 Device 3 PCS registers: length 4 devNum 0
  0000=0000  0001=0042  0014=0006  0016=0000  
 Device 7 EEE autoneg registers: length 2 devNum 0
  003C=0000  003D=0000  


MacSec PHY Information for dev 0 port 21:

 Slice registers: length 87 devNum 0
  0800=88e58100  0801=00400030  0802=00000000  0803=00000000  0804=00000000  
  0805=00000000  0806=00000000  0807=00000001  0809=00001008  080B=0fb40000  
  080C=00000000  080D=00000000  080E=00000000  0810=00000005  0811=00000000  
  0812=00000000  0815=00000000  0816=00000000  0817=00000000  0818=00000000  
  0819=00000006  081A=00000000  081B=00000000  081C=00000000  081D=00000000  
  081E=00000000  081F=00000000  0820=00000000  0821=00000000  0822=00000000  
  0823=00000000  0824=00000000  0825=00000000  0826=00000000  0827=00000000  
  0828=00000000  0829=00000000  082A=00000000  082B=00000000  082C=00000000  
  082D=00000000  082E=00000000  082F=00000000  0830=888e8808  0831=00000000  
  0832=00000000  0833=00000000  0840=00011849  0841=00020081  0842=00000008  
  0843=00000020  0844=00000001  0845=00000000  0846=00000000  0847=0007fe43  
  0848=0009a520  0850=000117c9  0851=00010081  0852=00000000  0853=00000030  
  0854=00000005  0855=00000000  0856=00000000  0857=0007fe43  0858=0009a520  
  0870=00000077  0871=5a000000  0872=00000000  0873=00000000  0874=00000004  
  0876=00002006  0877=00000000  0878=00000000  0879=004050f0  087A=00010000  
  087B=00000000  087C=00000000  087D=00000000  087E=00000000  087F=00000000  
  0BC0=111e2020  0BC1=00000000  0BC2=00000000  0BC3=00000003  0BC4=000050f0  
  0BC6=00001400  0BC7=00005096  

MAC MIB Counters (Wire MAC):
 GoodOctetsReceived   0x2020:                   0
 BadOctetsReceived    0x2022:                   0
 TxFIFOunderrun/TxCRC 0x2023:                   0
 UnicastFramesReceive 0x2024:                   0
 SentDeferred         0x2025:                   0
 BroadcastFramesRecei 0x2026:                   0
 MulticastFramesRecei 0x2027:                   0
 Frames64Octets       0x2028:                   0
 Frames65to127Octets  0x2029:                   0
 Frames128to255Octets 0x202a:                   0
 Frames256to511Octets 0x202b:                   0
 Frames512to1023Octet 0x202c:                   0
 Frames1024toMaxOctet 0x202d:                   0
 GoodOctetsSent       0x202e:                   0
 UnicastFramesSent    0x2030:                   0
 ExcessiveCollision   0x2031:                   0
 MulticastFramesSent  0x2032:                   0
 BroadcastFramesSent  0x2033:                   0
 SentMultiple         0x2034:                   0
 FCSent               0x2035:                   0
 FCReceived           0x2036:                   0
 RxFIFOOverrun        0x2037:                   0
 Undersize            0x2038:                   0
 Fragments            0x2039:                   0
 Oversize             0x203a:                   0
 Jabber               0x203b:                   0
 RxError              0x203c:                   0
 BadCrc               0x203d:                   0
 Collisions           0x203e:                   0
 LateCollisions       0x203f:                   0

MAC MIB Counters (System MAC, phyPorts 1/3):
 GoodOctetsReceived   0x20a0:                   0
 BadOctetsReceived    0x20a2:                   0
 TxFIFOunderrun/TxCRC 0x20a3:                   0
 UnicastFramesReceive 0x20a4:                   0
 SentDeferred         0x20a5:                   0
 BroadcastFramesRecei 0x20a6:                   0
 MulticastFramesRecei 0x20a7:                   0
 Frames64Octets       0x20a8:                   0
 Frames65to127Octets  0x20a9:                   0
 Frames128to255Octets 0x20aa:                   0
 Frames256to511Octets 0x20ab:                   0
 Frames512to1023Octet 0x20ac:                   0
 Frames1024toMaxOctet 0x20ad:                   0
 GoodOctetsSent       0x20ae:                   0
 UnicastFramesSent    0x20b0:                   0
 ExcessiveCollision   0x20b1:                   0
 MulticastFramesSent  0x20b2:                   0
 BroadcastFramesSent  0x20b3:                   0
 SentMultiple         0x20b4:                   0
 FCSent               0x20b5:                   0
 FCReceived           0x20b6:                   0
 RxFIFOOverrun        0x20b7:                   0
 Undersize            0x20b8:                   0
 Fragments            0x20b9:                   0
 Oversize             0x20ba:                   0
 Jabber               0x20bb:                   0
 RxError              0x20bc:                   0
 BadCrc               0x20bd:                   0
 Collisions           0x20be:                   0
 LateCollisions       0x20bf:                   0


Port configuration:
  lport 21   macStatus:       0x12015010      value: 0x00000402
             macCtrl:         0x12015000      value: 0x00008BE5
             autoNegCtrl:     0x1201500C      value: 0x0000B0E9
             macCtrl1:        0x12015004      value: 0x00003783
             macCtrl2:        0x12015008      value: 0x0000C048
             macCtrl3:        0x12015048      value: 0x00000300
             macCtrl4:        0x12015090      value: 0x00005482
             portControl:     0x01015000      value: 0x00208001

Phy address is: 14

PHY Registers for dev 0 (port 20)
  	hwMode (4 QSGMII to SGMII)

SGMII link partner ()
  Enabled Incomplete
  Link
    link partner Down
  Flow Control
    Partner   ( )
  Duplex
    Partner   (Duplex half)
  Speed
    Partner   (Speed 10Mbps)

Page 0 - Copper
  0 1940  1 7949  2 0141  3 0EC0  4 01E1  5 0000  6 0004  7 2001
  8 0000  9 0F00 10 4000 13 0003 14 0000 15 3000 16 3060 17 8000
 18 0000 19 0040 20 0020 21 0000 23 0000 26 0040
Page 1 - SGMII
  0 1140  1 0149  2 0141  3 0EC0  4 0001  5 0000  6 0004  7 2001
  8 0000 15 C000 16 4207 17 8010 18 0000 19 0000 21 0000 23 0000
 24 0000 25 0000 26 0042
Page 2 - Mac
 16 6008 18 0000 19 0000 21 1046
Page 3 - LED
 16 887F 17 8005 18 4905 19 0073 28 0003 29 0000
Page 4 - QSGMII
  0 1140  1 0000  4 0901  5 0000  6 0000 16 6224 17 8000 18 0000
 19 0000 20 0000 21 0000 23 0000 24 0000 25 0000 26 3002 27 3F80
 28 0000
Page 5 - VCT
 16 0000 17 0000 18 0000 19 0000 20 0000 21 2000 23 0603 24 0000
 25 0104 26 0F12 27 0A0C 28 0C06
Page 6 - Packet
 16 0000 17 0000 18 0000 19 000B 23 0000 24 0000 25 0000 26 190D
Page 7 - Cable
 16 0000 17 0000 18 0000 19 0000 20 0000 21 0000 25 0104 26 0F12
 27 0A0C 28 0006
Page 18 - Common
  0 0000  1 0000  2 0000 16 0000 17 0000 19 000B 20 0004 25 0000
 26 0000 27 2000
Page 255 - Factory
  0 0000  1 0000  2 0000  3 0000  4 0000  5 0000  6 0000  7 0000
  8 0000  9 0000 10 0000 11 0000 12 0000 13 0000 14 0000 15 0000
 16 0159 17 DC0C 18 1663 19 0000 20 0000 21 0000 23 0000 24 0000
 25 0000 26 0000 27 0000 28 0000 29 0000 30 0000 31 0000

Clause 45 PHY Information for dev 0 port 20:

 Device 3 PCS registers: length 4 devNum 0
  0000=0000  0001=0042  0014=0006  0016=0000  
 Device 7 EEE autoneg registers: length 2 devNum 0
  003C=0000  003D=0000  


MacSec PHY Information for dev 0 port 20:

 Slice registers: length 87 devNum 0
  0000=88e58100  0001=00400030  0002=00000000  0003=00000000  0004=00000000  
  0005=00000000  0006=00000000  0007=00000001  0009=00001008  000B=0fb40000  
  000C=00000000  000D=00000000  000E=00000000  0010=00000005  0011=00000000  
  0012=00000000  0015=00000000  0016=00000000  0017=00000000  0018=00000000  
  0019=00000006  001A=00000000  001B=00000000  001C=00000000  001D=00000000  
  001E=00000000  001F=00000000  0020=00000000  0021=00000000  0022=00000000  
  0023=00000000  0024=00000000  0025=00000000  0026=00000000  0027=00000000  
  0028=00000000  0029=00000000  002A=00000000  002B=00000000  002C=00000000  
  002D=00000000  002E=00000000  002F=00000000  0030=888e8808  0031=00000000  
  0032=00000000  0033=00000000  0040=00011849  0041=00020081  0042=00000008  
  0043=00000020  0044=00000001  0045=00000000  0046=00000000  0047=0007fe43  
  0048=0009a520  0050=000117c9  0051=00010081  0052=00000000  0053=00000030  
  0054=00000005  0055=00000000  0056=00000000  0057=0007fe43  0058=0009a520  
  0070=00000077  0071=5a000000  0072=00000000  0073=00000000  0074=00000004  
  0076=00002006  0077=00000000  0078=00000000  0079=004050f0  007A=00010000  
  007B=00000000  007C=00000000  007D=00000000  007E=00000000  007F=00000000  
  03C0=111e2020  03C1=00000000  03C2=00000000  03C3=00000003  03C4=000050f0  
  03C6=00001400  03C7=00005096  

MAC MIB Counters (Wire MAC):
 GoodOctetsReceived   0x2000:                   0
 BadOctetsReceived    0x2002:                   0
 TxFIFOunderrun/TxCRC 0x2003:                   0
 UnicastFramesReceive 0x2004:                   0
 SentDeferred         0x2005:                   0
 BroadcastFramesRecei 0x2006:                   0
 MulticastFramesRecei 0x2007:                   0
 Frames64Octets       0x2008:                   0
 Frames65to127Octets  0x2009:                   0
 Frames128to255Octets 0x200a:                   0
 Frames256to511Octets 0x200b:                   0
 Frames512to1023Octet 0x200c:                   0
 Frames1024toMaxOctet 0x200d:                   0
 GoodOctetsSent       0x200e:                   0
 UnicastFramesSent    0x2010:                   0
 ExcessiveCollision   0x2011:                   0
 MulticastFramesSent  0x2012:                   0
 BroadcastFramesSent  0x2013:                   0
 SentMultiple         0x2014:                   0
 FCSent               0x2015:                   0
 FCReceived           0x2016:                   0
 RxFIFOOverrun        0x2017:                   0
 Undersize            0x2018:                   0
 Fragments            0x2019:                   0
 Oversize             0x201a:                   0
 Jabber               0x201b:                   0
 RxError              0x201c:                   0
 BadCrc               0x201d:                   0
 Collisions           0x201e:                   0
 LateCollisions       0x201f:                   0

MAC MIB Counters (System MAC, phyPorts 0/2):
 GoodOctetsReceived   0x2080:                   0
 BadOctetsReceived    0x2082:                   0
 TxFIFOunderrun/TxCRC 0x2083:                   0
 UnicastFramesReceive 0x2084:                   0
 SentDeferred         0x2085:                   0
 BroadcastFramesRecei 0x2086:                   0
 MulticastFramesRecei 0x2087:                   0
 Frames64Octets       0x2088:                   0
 Frames65to127Octets  0x2089:                   0
 Frames128to255Octets 0x208a:                   0
 Frames256to511Octets 0x208b:                   0
 Frames512to1023Octet 0x208c:                   0
 Frames1024toMaxOctet 0x208d:                   0
 GoodOctetsSent       0x208e:                   0
 UnicastFramesSent    0x2090:                   0
 ExcessiveCollision   0x2091:                   0
 MulticastFramesSent  0x2092:                   0
 BroadcastFramesSent  0x2093:                   0
 SentMultiple         0x2094:                   0
 FCSent               0x2095:                   0
 FCReceived           0x2096:                   0
 RxFIFOOverrun        0x2097:                   0
 Undersize            0x2098:                   0
 Fragments            0x2099:                   0
 Oversize             0x209a:                   0
 Jabber               0x209b:                   0
 RxError              0x209c:                   0
 BadCrc               0x209d:                   0
 Collisions           0x209e:                   0
 LateCollisions       0x209f:                   0


Port configuration:
  lport 20   macStatus:       0x12014010      value: 0x00000402
             macCtrl:         0x12014000      value: 0x00008BE5
             autoNegCtrl:     0x1201400C      value: 0x0000B0E9
             macCtrl1:        0x12014004      value: 0x00003783
             macCtrl2:        0x12014008      value: 0x0000C048
             macCtrl3:        0x12014048      value: 0x00000300
             macCtrl4:        0x12014090      value: 0x00005082
             portControl:     0x01014000      value: 0x00208001

Phy address is: 17

PHY Registers for dev 0 (port 23)
  	hwMode (4 QSGMII to SGMII)

SGMII link partner ()
  Enabled Incomplete
  Link
    link partner Down
  Flow Control
    Partner   ( )
  Duplex
    Partner   (Duplex half)
  Speed
    Partner   (Speed 10Mbps)

Page 0 - Copper
  0 1940  1 7949  2 0141  3 0EC0  4 01E1  5 0000  6 0004  7 2001
  8 0000  9 0F00 10 4000 13 0003 14 0000 15 3000 16 3060 17 8040
 18 0000 19 0040 20 0020 21 0000 23 0000 26 0040
Page 1 - SGMII
  0 1140  1 0149  2 0141  3 0EC0  4 0001  5 0000  6 0004  7 2001
  8 0000 15 C000 16 4207 17 8010 18 0000 19 0000 21 0000 23 0000
 24 0000 25 0000 26 0042
Page 2 - Mac
 16 6008 18 0000 19 0000 21 1046
Page 3 - LED
 16 887F 17 8005 18 4905 19 0073 28 0003 29 0000
Page 4 - QSGMII
  0 1140  1 0000  4 0901  5 0000  6 0000 16 6224 17 8000 18 0000
 19 0000 20 0000 21 0000 23 0000 24 0000 25 0000 26 3002 27 3F80
 28 0000
Page 5 - VCT
 16 0000 17 0000 18 0000 19 0000 20 0000 21 2000 23 0603 24 0000
 25 0104 26 0F12 27 0A0C 28 0C06
Page 6 - Packet
 16 0000 17 0000 18 0000 19 000B 23 0000 24 0000 25 0000 26 190D
Page 7 - Cable
 16 0000 17 0000 18 0000 19 0000 20 0000 21 0000 25 0104 26 0F12
 27 0A0C 28 0006
Page 18 - Common
  0 0000  1 0000  2 0000 16 0000 17 0000 19 000B 20 0004 25 0000
 26 0000 27 2000
Page 255 - Factory
  0 0000  1 0000  2 0000  3 0000  4 0000  5 0000  6 0000  7 0000
  8 0000  9 0000 10 0000 11 0000 12 0000 13 0000 14 0000 15 0000
 16 0159 17 DC0C 18 A3B9 19 0000 20 0000 21 0000 23 0000 24 0000
 25 0000 26 0000 27 0000 28 0000 29 0000 30 0000 31 0000

Clause 45 PHY Information for dev 0 port 23:

 Device 3 PCS registers: length 4 devNum 0
  0000=0000  0001=0042  0014=0006  0016=0000  
 Device 7 EEE autoneg registers: length 2 devNum 0
  003C=0000  003D=0000  


MacSec PHY Information for dev 0 port 23:

 Slice registers: length 87 devNum 0
  1800=88e58100  1801=00400030  1802=00000000  1803=00000000  1804=00000000  
  1805=00000000  1806=00000000  1807=00000001  1809=00001008  180B=0fb40000  
  180C=00000000  180D=00000000  180E=00000000  1810=00000005  1811=00000000  
  1812=00000000  1815=00000000  1816=00000000  1817=00000000  1818=00000000  
  1819=00000006  181A=00000000  181B=00000000  181C=00000000  181D=00000000  
  181E=00000000  181F=00000000  1820=00000000  1821=00000000  1822=00000000  
  1823=00000000  1824=00000000  1825=00000000  1826=00000000  1827=00000000  
  1828=00000000  1829=00000000  182A=00000000  182B=00000000  182C=00000000  
  182D=00000000  182E=00000000  182F=00000000  1830=888e8808  1831=00000000  
  1832=00000000  1833=00000000  1840=00011849  1841=00020081  1842=00000008  
  1843=00000020  1844=00000001  1845=00000000  1846=00000000  1847=0007fe43  
  1848=0009a520  1850=000117c9  1851=00010081  1852=00000000  1853=00000030  
  1854=00000005  1855=00000000  1856=00000000  1857=0007fe43  1858=0009a520  
  1870=00000077  1871=5a000000  1872=00000000  1873=00000000  1874=00000004  
  1876=00002006  1877=00000000  1878=00000000  1879=004050f0  187A=00010000  
  187B=00000000  187C=00000000  187D=00000000  187E=00000000  187F=00000000  
  1BC0=111e2020  1BC1=00000000  1BC2=00000000  1BC3=00000003  1BC4=000050f0  
  1BC6=00001400  1BC7=00005096  

MAC MIB Counters (Wire MAC):
 GoodOctetsReceived   0x2060:                   0
 BadOctetsReceived    0x2062:                   0
 TxFIFOunderrun/TxCRC 0x2063:                   0
 UnicastFramesReceive 0x2064:                   0
 SentDeferred         0x2065:                   0
 BroadcastFramesRecei 0x2066:                   0
 MulticastFramesRecei 0x2067:                   0
 Frames64Octets       0x2068:                   0
 Frames65to127Octets  0x2069:                   0
 Frames128to255Octets 0x206a:                   0
 Frames256to511Octets 0x206b:                   0
 Frames512to1023Octet 0x206c:                   0
 Frames1024toMaxOctet 0x206d:                   0
 GoodOctetsSent       0x206e:                   0
 UnicastFramesSent    0x2070:                   0
 ExcessiveCollision   0x2071:                   0
 MulticastFramesSent  0x2072:                   0
 BroadcastFramesSent  0x2073:                   0
 SentMultiple         0x2074:                   0
 FCSent               0x2075:                   0
 FCReceived           0x2076:                   0
 RxFIFOOverrun        0x2077:                   0
 Undersize            0x2078:                   0
 Fragments            0x2079:                   0
 Oversize             0x207a:                   0
 Jabber               0x207b:                   0
 RxError              0x207c:                   0
 BadCrc               0x207d:                   0
 Collisions           0x207e:                   0
 LateCollisions       0x207f:                   0

MAC MIB Counters (System MAC, phyPorts 1/3):
 GoodOctetsReceived   0x20a0:                   0
 BadOctetsReceived    0x20a2:                   0
 TxFIFOunderrun/TxCRC 0x20a3:                   0
 UnicastFramesReceive 0x20a4:                   0
 SentDeferred         0x20a5:                   0
 BroadcastFramesRecei 0x20a6:                   0
 MulticastFramesRecei 0x20a7:                   0
 Frames64Octets       0x20a8:                   0
 Frames65to127Octets  0x20a9:                   0
 Frames128to255Octets 0x20aa:                   0
 Frames256to511Octets 0x20ab:                   0
 Frames512to1023Octet 0x20ac:                   0
 Frames1024toMaxOctet 0x20ad:                   0
 GoodOctetsSent       0x20ae:                   0
 UnicastFramesSent    0x20b0:                   0
 ExcessiveCollision   0x20b1:                   0
 MulticastFramesSent  0x20b2:                   0
 BroadcastFramesSent  0x20b3:                   0
 SentMultiple         0x20b4:                   0
 FCSent               0x20b5:                   0
 FCReceived           0x20b6:                   0
 RxFIFOOverrun        0x20b7:                   0
 Undersize            0x20b8:                   0
 Fragments            0x20b9:                   0
 Oversize             0x20ba:                   0
 Jabber               0x20bb:                   0
 RxError              0x20bc:                   0
 BadCrc               0x20bd:                   0
 Collisions           0x20be:                   0
 LateCollisions       0x20bf:                   0


Port configuration:
  lport 23   macStatus:       0x12017010      value: 0x00000402
             macCtrl:         0x12017000      value: 0x00008BE5
             autoNegCtrl:     0x1201700C      value: 0x0000B0E9
             macCtrl1:        0x12017004      value: 0x00003783
             macCtrl2:        0x12017008      value: 0x0000C048
             macCtrl3:        0x12017048      value: 0x00000300
             macCtrl4:        0x12017090      value: 0x00005C82
             portControl:     0x01017000      value: 0x00208001

Phy address is: 16

PHY Registers for dev 0 (port 22)
  	hwMode (4 QSGMII to SGMII)

SGMII link partner ()
  Enabled Incomplete
  Link
    link partner Down
  Flow Control
    Partner   ( )
  Duplex
    Partner   (Duplex half)
  Speed
    Partner   (Speed 10Mbps)

Page 0 - Copper
  0 1940  1 7949  2 0141  3 0EC0  4 01E1  5 0000  6 0004  7 2001
  8 0000  9 0F00 10 4000 13 0003 14 0000 15 3000 16 3060 17 8000
 18 0000 19 0040 20 0020 21 0000 23 0000 26 0040
Page 1 - SGMII
  0 1140  1 0149  2 0141  3 0EC0  4 0001  5 0000  6 0004  7 2001
  8 0000 15 C000 16 4207 17 8010 18 0000 19 0000 21 0000 23 0000
 24 0000 25 0000 26 0042
Page 2 - Mac
 16 6008 18 0000 19 0000 21 1046
Page 3 - LED
 16 887F 17 8005 18 4905 19 0073 28 0003 29 0000
Page 4 - QSGMII
  0 1140  1 0000  4 0901  5 0000  6 0000 16 6224 17 8000 18 0000
 19 0000 20 0000 21 0000 23 0000 24 0000 25 0000 26 3002 27 3F80
 28 0000
Page 5 - VCT
 16 0000 17 0000 18 0000 19 0000 20 0000 21 2000 23 0603 24 0000
 25 0104 26 0F12 27 0A0C 28 0C06
Page 6 - Packet
 16 0000 17 0000 18 0000 19 000B 23 0000 24 0000 25 0000 26 190D
Page 7 - Cable
 16 0000 17 0000 18 0000 19 0000 20 0000 21 0000 25 0104 26 0F12
 27 0A0C 28 0006
Page 18 - Common
  0 0000  1 0000  2 0000 16 0000 17 0000 19 000B 20 0004 25 0000
 26 0000 27 2000
Page 255 - Factory
  0 0000  1 0000  2 0000  3 0000  4 0000  5 0000  6 0000  7 0000
  8 0000  9 0000 10 0000 11 0000 12 0000 13 0000 14 0000 15 0000
 16 0159 17 DC0C 18 4923 19 0000 20 0000 21 0000 23 0000 24 0000
 25 0000 26 0000 27 0000 28 0000 29 0000 30 0000 31 0000

Clause 45 PHY Information for dev 0 port 22:

 Device 3 PCS registers: length 4 devNum 0
  0000=0000  0001=0042  0014=0006  0016=0000  
 Device 7 EEE autoneg registers: length 2 devNum 0
  003C=0000  003D=0000  


MacSec PHY Information for dev 0 port 22:

 Slice registers: length 87 devNum 0
  1000=88e58100  1001=00400030  1002=00000000  1003=00000000  1004=00000000  
  1005=00000000  1006=00000000  1007=00000001  1009=00001008  100B=0fb40000  
  100C=00000000  100D=00000000  100E=00000000  1010=00000005  1011=00000000  
  1012=00000000  1015=00000000  1016=00000000  1017=00000000  1018=00000000  
  1019=00000006  101A=00000000  101B=00000000  101C=00000000  101D=00000000  
  101E=00000000  101F=00000000  1020=00000000  1021=00000000  1022=00000000  
  1023=00000000  1024=00000000  1025=00000000  1026=00000000  1027=00000000  
  1028=00000000  1029=00000000  102A=00000000  102B=00000000  102C=00000000  
  102D=00000000  102E=00000000  102F=00000000  1030=888e8808  1031=00000000  
  1032=00000000  1033=00000000  1040=00011849  1041=00020081  1042=00000008  
  1043=00000020  1044=00000001  1045=00000000  1046=00000000  1047=0007fe43  
  1048=0009a520  1050=000117c9  1051=00010081  1052=00000000  1053=00000030  
  1054=00000005  1055=00000000  1056=00000000  1057=0007fe43  1058=0009a520  
  1070=00000077  1071=5a000000  1072=00000000  1073=00000000  1074=00000004  
  1076=00002006  1077=00000000  1078=00000000  1079=004050f0  107A=00010000  
  107B=00000000  107C=00000000  107D=00000000  107E=00000000  107F=00000000  
  13C0=111e2020  13C1=00000000  13C2=00000000  13C3=00000003  13C4=000050f0  
  13C6=00001400  13C7=00005096  

MAC MIB Counters (Wire MAC):
 GoodOctetsReceived   0x2040:                   0
 BadOctetsReceived    0x2042:                   0
 TxFIFOunderrun/TxCRC 0x2043:                   0
 UnicastFramesReceive 0x2044:                   0
 SentDeferred         0x2045:                   0
 BroadcastFramesRecei 0x2046:                   0
 MulticastFramesRecei 0x2047:                   0
 Frames64Octets       0x2048:                   0
 Frames65to127Octets  0x2049:                   0
 Frames128to255Octets 0x204a:                   0
 Frames256to511Octets 0x204b:                   0
 Frames512to1023Octet 0x204c:                   0
 Frames1024toMaxOctet 0x204d:                   0
 GoodOctetsSent       0x204e:                   0
 UnicastFramesSent    0x2050:                   0
 ExcessiveCollision   0x2051:                   0
 MulticastFramesSent  0x2052:                   0
 BroadcastFramesSent  0x2053:                   0
 SentMultiple         0x2054:                   0
 FCSent               0x2055:                   0
 FCReceived           0x2056:                   0
 RxFIFOOverrun        0x2057:                   0
 Undersize            0x2058:                   0
 Fragments            0x2059:                   0
 Oversize             0x205a:                   0
 Jabber               0x205b:                   0
 RxError              0x205c:                   0
 BadCrc               0x205d:                   0
 Collisions           0x205e:                   0
 LateCollisions       0x205f:                   0

MAC MIB Counters (System MAC, phyPorts 0/2):
 GoodOctetsReceived   0x2080:                   0
 BadOctetsReceived    0x2082:                   0
 TxFIFOunderrun/TxCRC 0x2083:                   0
 UnicastFramesReceive 0x2084:                   0
 SentDeferred         0x2085:                   0
 BroadcastFramesRecei 0x2086:                   0
 MulticastFramesRecei 0x2087:                   0
 Frames64Octets       0x2088:                   0
 Frames65to127Octets  0x2089:                   0
 Frames128to255Octets 0x208a:                   0
 Frames256to511Octets 0x208b:                   0
 Frames512to1023Octet 0x208c:                   0
 Frames1024toMaxOctet 0x208d:                   0
 GoodOctetsSent       0x208e:                   0
 UnicastFramesSent    0x2090:                   0
 ExcessiveCollision   0x2091:                   0
 MulticastFramesSent  0x2092:                   0
 BroadcastFramesSent  0x2093:                   0
 SentMultiple         0x2094:                   0
 FCSent               0x2095:                   0
 FCReceived           0x2096:                   0
 RxFIFOOverrun        0x2097:                   0
 Undersize            0x2098:                   0
 Fragments            0x2099:                   0
 Oversize             0x209a:                   0
 Jabber               0x209b:                   0
 RxError              0x209c:                   0
 BadCrc               0x209d:                   0
 Collisions           0x209e:                   0
 LateCollisions       0x209f:                   0


Port configuration:
  lport 22   macStatus:       0x12016010      value: 0x00000402
             macCtrl:         0x12016000      value: 0x00008BE5
             autoNegCtrl:     0x1201600C      value: 0x0000B0E9
             macCtrl1:        0x12016004      value: 0x00003783
             macCtrl2:        0x12016008      value: 0x0000C048
             macCtrl3:        0x12016048      value: 0x00000300
             macCtrl4:        0x12016090      value: 0x00005882
             portControl:     0x01016000      value: 0x00208001


Port configuration:
  lport 25   macStatus:       0x120D900C      value: 0x00000008
             macCtrl:         0x120D9000      value: 0x00000205
             macCtrl1:        0x120D9004      value: 0x000002F9
             macCtrl2:        0x120D9008      value: 0x0000046F
             macCtrl3:        0x120D901C      value: 0x00002000
             macCtrl4:        0x120D9084      value: 0x00000210
             macCtrl5:        0x120D9088      value: 0x0000900C
             portControl:     0x01019000      value: 0x00208001


Port configuration:
  lport 24   macStatus:       0x120D800C      value: 0x00000008
             macCtrl:         0x120D8000      value: 0x00000205
             macCtrl1:        0x120D8004      value: 0x000002F9
             macCtrl2:        0x120D8008      value: 0x0000046F
             macCtrl3:        0x120D801C      value: 0x00002000
             macCtrl4:        0x120D8084      value: 0x00000210
             macCtrl5:        0x120D8088      value: 0x0000900C
             portControl:     0x01018000      value: 0x00208001


Port configuration:
  lport 27   macStatus:       0x120DB00C      value: 0x00000009
             macCtrl:         0x120DB000      value: 0x00000203
             macCtrl1:        0x120DB004      value: 0x00000330
             macCtrl2:        0x120DB008      value: 0x0000046F
             macCtrl3:        0x120DB01C      value: 0x00002000
             macCtrl4:        0x120DB084      value: 0x00000210
             macCtrl5:        0x120DB088      value: 0x0000924C
             portControl:     0x0101B000      value: 0x00008000


Port configuration:
  lport 26   macStatus:       0x120DA00C      value: 0x00000009
             macCtrl:         0x120DA000      value: 0x00000203
             macCtrl1:        0x120DA004      value: 0x00000330
             macCtrl2:        0x120DA008      value: 0x0000046F
             macCtrl3:        0x120DA01C      value: 0x00002000
             macCtrl4:        0x120DA084      value: 0x00000210
             macCtrl5:        0x120DA088      value: 0x0000924C
             portControl:     0x0101A000      value: 0x00008000


Stack member 2:
Phy address is: 01

PHY Registers for dev 1 (port 1)
  	hwMode (2 QSGMII to 1000BASE-X)

Fiber Auto Negotiation
  Enabled Incomplete
  Flow Control
    Advertised(None)
    Partner   (None)
  Speed, Duplex
    Advertised(1000BASEX(Full ) )
    Partner   ()
  remote fault (None)

Page 0 - Copper
  0 1940  1 7949  2 0141  3 0EC0  4 01E1  5 0000  6 0004  7 2001
  8 0000  9 0F00 10 4000 13 4007 14 0000 15 3000 16 3060 17 8000
 18 0000 19 0040 20 0020 21 0000 23 0000 26 0040
Page 1 - SGMII
  0 1140  1 014D  2 0141  3 0EC0  4 0020  5 0000  6 0004  7 2001
  8 0000 15 C000 16 4005 17 A420 18 0000 19 0510 21 0001 23 0000
 24 0000 25 0000 26 0062
Page 2 - Mac
 16 6008 18 0000 19 0000 21 1046
Page 3 - LED
 16 887F 17 8005 18 4905 19 0073 28 0003 29 0000
Page 4 - QSGMII
  0 1140  1 0020  4 9901  5 4001  6 0003 16 6224 17 BC20 18 0000
 19 1C00 20 0000 21 0000 23 0000 24 0000 25 0000 26 3002 27 3F80
 28 0000
Page 5 - VCT
 16 0000 17 0000 18 0000 19 0000 20 0000 21 2000 23 0603 24 0000
 25 0104 26 0F12 27 0A0C 28 0C06
Page 6 - Packet
 16 0000 17 0000 18 0000 19 000B 23 0000 24 0000 25 0000 26 190E
Page 7 - Cable
 16 0000 17 0000 18 0000 19 0000 20 0000 21 0000 25 0104 26 0F12
 27 0A0C 28 0006
Page 18 - Common
  0 0000  1 0000  2 0000 16 0000 17 0000 19 000B 20 0002 25 0001
 26 8000 27 2002
Page 255 - Factory
  0 0000  1 0000  2 0000  3 0000  4 0000  5 0000  6 0000  7 0000
  8 0000  9 0000 10 0000 11 0000 12 0000 13 0000 14 0000 15 0000
 16 0159 17 0000 18 D41E 19 0000 20 0000 21 0000 23 0000 24 0000
 25 0000 26 0000 27 0000 28 0000 29 0000 30 0000 31 0000

Clause 45 PHY Information for dev 1 port 1:

 Device 3 PCS registers: length 4 devNum 1
  0000=0000  0001=0042  0014=0006  0016=0000  
 Device 7 EEE autoneg registers: length 2 devNum 1
  003C=0000  003D=0000  


MacSec PHY Information for dev 1 port 1:

 Slice registers: length 87 devNum 1
  0800=88e58100  0801=00400030  0802=00000000  0803=00000000  0804=00000000  
  0805=00000000  0806=00000000  0807=00000001  0809=00001008  080B=0fb40000  
  080C=00000000  080D=00000000  080E=00000000  0810=00000005  0811=00000000  
  0812=00000000  0815=00000000  0816=00000000  0817=00000000  0818=00000000  
  0819=00000006  081A=00000000  081B=00000000  081C=00000000  081D=00000000  
  081E=00000000  081F=00000000  0820=00000000  0821=00000000  0822=00000000  
  0823=00000000  0824=00000000  0825=00000000  0826=00000000  0827=00000000  
  0828=00000000  0829=00000000  082A=00000000  082B=00000000  082C=00000000  
  082D=00000000  082E=00000000  082F=00000000  0830=888e8808  0831=00000000  
  0832=00000000  0833=00000000  0840=00011849  0841=00020081  0842=00000008  
  0843=00000020  0844=00000005  0845=00000000  0846=00000000  0847=0007fe43  
  0848=0009a520  0850=000117c9  0851=00010081  0852=00000000  0853=00000030  
  0854=00000005  0855=00000000  0856=00000000  0857=0007fe43  0858=0009a520  
  0870=00000077  0871=5a000000  0872=00000000  0873=000000a2  0874=00000004  
  0876=00002006  0877=00000000  0878=00000000  0879=004050f0  087A=00010000  
  087B=00000000  087C=00000000  087D=00000000  087E=00000000  087F=00000000  
  0BC0=111e2020  0BC1=00000000  0BC2=00000000  0BC3=00000003  0BC4=000050f0  
  0BC6=00001400  0BC7=00005096  

MAC MIB Counters (Wire MAC):
 GoodOctetsReceived   0x2020:       1644593923259
 BadOctetsReceived    0x2022:                   0
 TxFIFOunderrun/TxCRC 0x2023:                   0
 UnicastFramesReceive 0x2024:            56359060
 SentDeferred         0x2025:                   0
 BroadcastFramesRecei 0x2026:          2106046072
 MulticastFramesRecei 0x2027:           894173663
 Frames64Octets       0x2028:           181633331
 Frames65to127Octets  0x2029:             9967546
 Frames128to255Octets 0x202a:          1701461615
 Frames256to511Octets 0x202b:          3996194805
 Frames512to1023Octet 0x202c:                   2
 Frames1024toMaxOctet 0x202d:                 594
 GoodOctetsSent       0x202e:       1617507006823
 UnicastFramesSent    0x2030:             1771884
 ExcessiveCollision   0x2031:                   0
 MulticastFramesSent  0x2032:           817303553
 BroadcastFramesSent  0x2033:          2013604514
 SentMultiple         0x2034:                   0
 FCSent               0x2035:                   0
 FCReceived           0x2036:                   0
 RxFIFOOverrun        0x2037:                   0
 Undersize            0x2038:                   0
 Fragments            0x2039:                   0
 Oversize             0x203a:                   0
 Jabber               0x203b:                   0
 RxError              0x203c:                   0
 BadCrc               0x203d:                   0
 Collisions           0x203e:                   0
 LateCollisions       0x203f:                   0

MAC MIB Counters (System MAC, phyPorts 1/3):
 GoodOctetsReceived   0x20a0:       1617507328601
 BadOctetsReceived    0x20a2:                   0
 TxFIFOunderrun/TxCRC 0x20a3:                   0
 UnicastFramesReceive 0x20a4:             1771884
 SentDeferred         0x20a5:                   0
 BroadcastFramesRecei 0x20a6:          2013606052
 MulticastFramesRecei 0x20a7:           817304822
 Frames64Octets       0x20a8:           181637137
 Frames65to127Octets  0x20a9:             9967546
 Frames128to255Octets 0x20aa:          1701465422
 Frames256to511Octets 0x20ab:          3996196075
 Frames512to1023Octet 0x20ac:                   2
 Frames1024toMaxOctet 0x20ad:                 594
 GoodOctetsSent       0x20ae:       1644594755825
 UnicastFramesSent    0x20b0:            56359060
 ExcessiveCollision   0x20b1:                   0
 MulticastFramesSent  0x20b2:           894176198
 BroadcastFramesSent  0x20b3:          2106049610
 SentMultiple         0x20b4:                   0
 FCSent               0x20b5:                   0
 FCReceived           0x20b6:                   0
 RxFIFOOverrun        0x20b7:                   0
 Undersize            0x20b8:                   0
 Fragments            0x20b9:                   0
 Oversize             0x20ba:                   0
 Jabber               0x20bb:                   0
 RxError              0x20bc:                   0
 BadCrc               0x20bd:                   0
 Collisions           0x20be:                   0
 LateCollisions       0x20bf:                   0


10G Pluggable PHY Registers for dev 1 port 1:

 10GBASE-T Device 1 - PMA: length 42 devNum 1
  0000=2040  0001=0082  0002=ae02  0003=5151  0004=6031  0005=009b  0006=c000  
  0007=0009  0008=9701  0009=0000  000A=0000  000B=41a4  000C=41a4  000E=0000  
  000F=0000  0081=0000  0082=0003  0083=4800  0084=0000  0085=8080  0086=8080  
  0087=8080  0088=8080  0089=8080  008A=8080  008B=8080  008C=8080  008D=8000  
  008E=8000  008F=8000  0090=8000  0091=0000  0092=0000  0093=0011  A897=0000  
  A898=0000  A899=0000  A89A=0000  A89E=ffff  A89F=0000  A8A0=0000  A8A9=0000  
 10GBASE-T Device 3 - PCS: length 19 devNum 1
  0000=2040  0001=0082  0002=ae02  0003=5151  0004=00c1  0005=009b  0006=c000  
  0007=0003  0008=b408  0009=0000  000A=0000  000B=0000  000C=0000  000D=0000  
  000E=0000  000F=0000  0014=000e  0020=0000  0021=4000  
 10GBASE-T Device 7 - AN: length 36 devNum 1
  0000=3000  0001=0069  0002=0362  0003=0000  0005=009b  0006=c000  000E=0000  
  000F=0000  0010=9001  0013=c1e1  0016=2001  0017=0000  0018=0000  0019=0000  
  001A=0000  001B=0000  0020=0003  0021=0000  003C=0000  003D=0000  FFE0=1100  
  FFE1=796d  FFE4=9001  FFE5=c1e1  FFE6=006d  FFE7=0000  FFE8=6801  FFE9=0200  
  FFEA=3800  FFEF=3000  FFF0=0001  FFF1=2301  FFF2=0000  FFF3=0000  FFF4=0000  
  FFF7=6000  
 XFI Device 1 - PMD/PMA: length 11 devNum 1
  0000=2040  0001=0000  0002=0000  0004=0071  0005=0f8b  0006=2000  0007=0000  
  0008=8301  0009=0000  000A=0002  000B=0050  
 XFI Device 3 - PCS/PHY XS: length 9 devNum 1
  0000=2040  0001=0004  0004=0001  0005=0f8b  0006=2000  0007=0000  0008=8001  
  0020=100d  0021=8000  
 User Defined Device 30: length 10 devNum 1
  0000=0000  4005=0006  4006=0000  400D=6032  4011=0005  4037=0004  4038=0002  
  4110=2004  4111=2004  4113=2004  

  FWLoaded:              Good
  SystemLink:            UP
  LineLink:              UP
  LineSpeed:             1000Mps
  Temperature:           50 deg C
  Voltage Readings
    1.0V measurement1 :   1007mV
    1.0V measurement2 :   1004mV
    1.88V measurement3:   1866mV
  Limited Reach: Disabled

Port configuration:
  lport  1   macStatus:       0x12001010      value: 0x0000E80B
             macCtrl:         0x12001000      value: 0x00008BE5
             autoNegCtrl:     0x1200100C      value: 0x0000B0EC
             macCtrl1:        0x12001004      value: 0x00003783
             macCtrl2:        0x12001008      value: 0x0000C009
             macCtrl3:        0x12001048      value: 0x00000300
             macCtrl4:        0x12001090      value: 0x00000502
             portControl:     0x01001000      value: 0x00208041

Phy address is: 00

PHY Registers for dev 1 (port 0)
  	hwMode (4 QSGMII to SGMII)

SGMII link partner ()
  Enabled Incomplete
  Link
    link partner Down
  Flow Control
    Partner   ( )
  Duplex
    Partner   (Duplex half)
  Speed
    Partner   (Speed 10Mbps)

Page 0 - Copper
  0 1940  1 7949  2 0141  3 0EC0  4 01E1  5 0000  6 0004  7 2001
  8 0000  9 0F00 10 4000 13 0003 14 0000 15 3000 16 3060 17 8040
 18 0000 19 0040 20 0020 21 0000 23 0000 26 0040
Page 1 - SGMII
  0 1140  1 0149  2 0141  3 0EC0  4 0001  5 0000  6 0004  7 2001
  8 0000 15 C000 16 4207 17 8010 18 0000 19 0000 21 0000 23 0000
 24 0000 25 0000 26 0042
Page 2 - Mac
 16 6008 18 0000 19 0000 21 1046
Page 3 - LED
 16 887F 17 8005 18 4905 19 0073 28 0003 29 0000
Page 4 - QSGMII
  0 1140  1 0000  4 0901  5 0000  6 0000 16 6224 17 8000 18 0000
 19 0000 20 0000 21 0000 23 0000 24 0000 25 0000 26 3002 27 3F80
 28 0000
Page 5 - VCT
 16 0000 17 0000 18 0000 19 0000 20 0000 21 2000 23 0603 24 0000
 25 0104 26 0F12 27 0A0C 28 0C06
Page 6 - Packet
 16 0000 17 0000 18 0000 19 000B 23 0000 24 0000 25 0000 26 190E
Page 7 - Cable
 16 0000 17 0000 18 0000 19 0000 20 0000 21 0000 25 0104 26 0F12
 27 0A0C 28 0006
Page 18 - Common
  0 0000  1 0000  2 0000 16 0000 17 0000 19 000B 20 0004 25 0000
 26 0000 27 2000
Page 255 - Factory
  0 0000  1 0000  2 0000  3 0000  4 0000  5 0000  6 0000  7 0000
  8 0000  9 0000 10 0000 11 0000 12 0000 13 0000 14 0000 15 0000
 16 0159 17 0000 18 AE36 19 0000 20 0000 21 0000 23 0000 24 0000
 25 0000 26 0000 27 0000 28 0000 29 0000 30 0000 31 0000

Clause 45 PHY Information for dev 1 port 0:

 Device 3 PCS registers: length 4 devNum 1
  0000=0000  0001=0042  0014=0006  0016=0000  
 Device 7 EEE autoneg registers: length 2 devNum 1
  003C=0000  003D=0000  


MacSec PHY Information for dev 1 port 0:

 Slice registers: length 87 devNum 1
  0000=88e58100  0001=00400030  0002=00000000  0003=00000000  0004=00000000  
  0005=00000000  0006=00000000  0007=00000001  0009=00001008  000B=0fb40000  
  000C=00000000  000D=00000000  000E=00000000  0010=00000005  0011=00000000  
  0012=00000000  0015=00000000  0016=00000000  0017=00000000  0018=00000000  
  0019=00000006  001A=00000000  001B=00000000  001C=00000000  001D=00000000  
  001E=00000000  001F=00000000  0020=00000000  0021=00000000  0022=00000000  
  0023=00000000  0024=00000000  0025=00000000  0026=00000000  0027=00000000  
  0028=00000000  0029=00000000  002A=00000000  002B=00000000  002C=00000000  
  002D=00000000  002E=00000000  002F=00000000  0030=888e8808  0031=00000000  
  0032=00000000  0033=00000000  0040=00011849  0041=00020081  0042=00000008  
  0043=00000020  0044=00000001  0045=00000000  0046=00000000  0047=0007fe43  
  0048=0009a520  0050=000117c9  0051=00010081  0052=00000000  0053=00000030  
  0054=00000005  0055=00000000  0056=00000000  0057=0007fe43  0058=0009a520  
  0070=00000077  0071=5a000000  0072=00000000  0073=00000000  0074=00000004  
  0076=00002006  0077=00000000  0078=00000000  0079=004050f0  007A=00010000  
  007B=00000000  007C=00000000  007D=00000000  007E=00000000  007F=00000000  
  03C0=111e2020  03C1=00000000  03C2=00000000  03C3=00000003  03C4=000050f0  
  03C6=00001400  03C7=00005096  

MAC MIB Counters (Wire MAC):
 GoodOctetsReceived   0x2000:                   0
 BadOctetsReceived    0x2002:                   0
 TxFIFOunderrun/TxCRC 0x2003:                   0
 UnicastFramesReceive 0x2004:                   0
 SentDeferred         0x2005:                   0
 BroadcastFramesRecei 0x2006:                   0
 MulticastFramesRecei 0x2007:                   0
 Frames64Octets       0x2008:                   0
 Frames65to127Octets  0x2009:                   0
 Frames128to255Octets 0x200a:                   0
 Frames256to511Octets 0x200b:                   0
 Frames512to1023Octet 0x200c:                   0
 Frames1024toMaxOctet 0x200d:                   0
 GoodOctetsSent       0x200e:                   0
 UnicastFramesSent    0x2010:                   0
 ExcessiveCollision   0x2011:                   0
 MulticastFramesSent  0x2012:                   0
 BroadcastFramesSent  0x2013:                   0
 SentMultiple         0x2014:                   0
 FCSent               0x2015:                   0
 FCReceived           0x2016:                   0
 RxFIFOOverrun        0x2017:                   0
 Undersize            0x2018:                   0
 Fragments            0x2019:                   0
 Oversize             0x201a:                   0
 Jabber               0x201b:                   0
 RxError              0x201c:                   0
 BadCrc               0x201d:                   0
 Collisions           0x201e:                   0
 LateCollisions       0x201f:                   0

MAC MIB Counters (System MAC, phyPorts 0/2):
 GoodOctetsReceived   0x2080:                   0
 BadOctetsReceived    0x2082:                   0
 TxFIFOunderrun/TxCRC 0x2083:                   0
 UnicastFramesReceive 0x2084:                   0
 SentDeferred         0x2085:                   0
 BroadcastFramesRecei 0x2086:                   0
 MulticastFramesRecei 0x2087:                   0
 Frames64Octets       0x2088:                   0
 Frames65to127Octets  0x2089:                   0
 Frames128to255Octets 0x208a:                   0
 Frames256to511Octets 0x208b:                   0
 Frames512to1023Octet 0x208c:                   0
 Frames1024toMaxOctet 0x208d:                   0
 GoodOctetsSent       0x208e:                   0
 UnicastFramesSent    0x2090:                   0
 ExcessiveCollision   0x2091:                   0
 MulticastFramesSent  0x2092:                   0
 BroadcastFramesSent  0x2093:                   0
 SentMultiple         0x2094:                   0
 FCSent               0x2095:                   0
 FCReceived           0x2096:                   0
 RxFIFOOverrun        0x2097:                   0
 Undersize            0x2098:                   0
 Fragments            0x2099:                   0
 Oversize             0x209a:                   0
 Jabber               0x209b:                   0
 RxError              0x209c:                   0
 BadCrc               0x209d:                   0
 Collisions           0x209e:                   0
 LateCollisions       0x209f:                   0


Port configuration:
  lport  0   macStatus:       0x12000010      value: 0x0000A400
             macCtrl:         0x12000000      value: 0x00008BE5
             autoNegCtrl:     0x1200000C      value: 0x0000B0E8
             macCtrl1:        0x12000004      value: 0x00003783
             macCtrl2:        0x12000008      value: 0x0000C008
             macCtrl3:        0x12000048      value: 0x00000300
             macCtrl4:        0x12000090      value: 0x00000002
             portControl:     0x01000000      value: 0x00208041

Phy address is: 03

PHY Registers for dev 1 (port 3)
  	hwMode (4 QSGMII to SGMII)

SGMII link partner ()
  Enabled Incomplete
  Link
    link partner Down
  Flow Control
    Partner   ( )
  Duplex
    Partner   (Duplex half)
  Speed
    Partner   (Speed 10Mbps)

Page 0 - Copper
  0 1940  1 7949  2 0141  3 0EC0  4 01E1  5 0000  6 0004  7 2001
  8 0000  9 0F00 10 4000 13 0003 14 0000 15 3000 16 3060 17 8040
 18 0000 19 0040 20 0020 21 0000 23 0000 26 0040
Page 1 - SGMII
  0 1140  1 0149  2 0141  3 0EC0  4 0001  5 0000  6 0004  7 2001
  8 0000 15 C000 16 4207 17 8010 18 0000 19 0000 21 0000 23 0000
 24 0000 25 0000 26 0042
Page 2 - Mac
 16 6008 18 0000 19 0000 21 1046
Page 3 - LED
 16 887F 17 8005 18 4905 19 0073 28 0003 29 0000
Page 4 - QSGMII
  0 1140  1 0000  4 0901  5 0000  6 0000 16 6224 17 8000 18 0000
 19 0000 20 0000 21 0000 23 0000 24 0000 25 0000 26 3002 27 3F80
 28 0000
Page 5 - VCT
 16 0000 17 0000 18 0000 19 0000 20 0000 21 2000 23 0603 24 0000
 25 0104 26 0F12 27 0A0C 28 0C06
Page 6 - Packet
 16 0000 17 0000 18 0000 19 000B 23 0000 24 0000 25 0000 26 190E
Page 7 - Cable
 16 0000 17 0000 18 0000 19 0000 20 0000 21 0000 25 0104 26 0F12
 27 0A0C 28 0006
Page 18 - Common
  0 0000  1 0000  2 0000 16 0000 17 0000 19 000B 20 0004 25 0000
 26 0000 27 2000
Page 255 - Factory
  0 0000  1 0000  2 0000  3 0000  4 0000  5 0000  6 0000  7 0000
  8 0000  9 0000 10 0000 11 0000 12 0000 13 0000 14 0000 15 0000
 16 0159 17 0000 18 0000 19 0000 20 0000 21 0000 23 0000 24 0000
 25 0000 26 0000 27 0000 28 0000 29 0000 30 0000 31 0000

Clause 45 PHY Information for dev 1 port 3:

 Device 3 PCS registers: length 4 devNum 1
  0000=0000  0001=0042  0014=0006  0016=0000  
 Device 7 EEE autoneg registers: length 2 devNum 1
  003C=0000  003D=0000  


MacSec PHY Information for dev 1 port 3:

 Slice registers: length 87 devNum 1
  1800=88e58100  1801=00400030  1802=00000000  1803=00000000  1804=00000000  
  1805=00000000  1806=00000000  1807=00000001  1809=00001008  180B=0fb40000  
  180C=00000000  180D=00000000  180E=00000000  1810=00000005  1811=00000000  
  1812=00000000  1815=00000000  1816=00000000  1817=00000000  1818=00000000  
  1819=00000006  181A=00000000  181B=00000000  181C=00000000  181D=00000000  
  181E=00000000  181F=00000000  1820=00000000  1821=00000000  1822=00000000  
  1823=00000000  1824=00000000  1825=00000000  1826=00000000  1827=00000000  
  1828=00000000  1829=00000000  182A=00000000  182B=00000000  182C=00000000  
  182D=00000000  182E=00000000  182F=00000000  1830=888e8808  1831=00000000  
  1832=00000000  1833=00000000  1840=00011849  1841=00020081  1842=00000008  
  1843=00000020  1844=00000001  1845=00000000  1846=00000000  1847=0007fe43  
  1848=0009a520  1850=000117c9  1851=00010081  1852=00000000  1853=00000030  
  1854=00000005  1855=00000000  1856=00000000  1857=0007fe43  1858=0009a520  
  1870=00000077  1871=5a000000  1872=00000000  1873=00000000  1874=00000004  
  1876=00002006  1877=00000000  1878=00000000  1879=004050f0  187A=00010000  
  187B=00000000  187C=00000000  187D=00000000  187E=00000000  187F=00000000  
  1BC0=111e2020  1BC1=00000000  1BC2=00000000  1BC3=00000003  1BC4=000050f0  
  1BC6=00001400  1BC7=00005096  

MAC MIB Counters (Wire MAC):
 GoodOctetsReceived   0x2060:                   0
 BadOctetsReceived    0x2062:                   0
 TxFIFOunderrun/TxCRC 0x2063:                   0
 UnicastFramesReceive 0x2064:                   0
 SentDeferred         0x2065:                   0
 BroadcastFramesRecei 0x2066:                   0
 MulticastFramesRecei 0x2067:                   0
 Frames64Octets       0x2068:                   0
 Frames65to127Octets  0x2069:                   0
 Frames128to255Octets 0x206a:                   0
 Frames256to511Octets 0x206b:                   0
 Frames512to1023Octet 0x206c:                   0
 Frames1024toMaxOctet 0x206d:                   0
 GoodOctetsSent       0x206e:                   0
 UnicastFramesSent    0x2070:                   0
 ExcessiveCollision   0x2071:                   0
 MulticastFramesSent  0x2072:                   0
 BroadcastFramesSent  0x2073:                   0
 SentMultiple         0x2074:                   0
 FCSent               0x2075:                   0
 FCReceived           0x2076:                   0
 RxFIFOOverrun        0x2077:                   0
 Undersize            0x2078:                   0
 Fragments            0x2079:                   0
 Oversize             0x207a:                   0
 Jabber               0x207b:                   0
 RxError              0x207c:                   0
 BadCrc               0x207d:                   0
 Collisions           0x207e:                   0
 LateCollisions       0x207f:                   0

MAC MIB Counters (System MAC, phyPorts 1/3):
 GoodOctetsReceived   0x20a0:            12368630
 BadOctetsReceived    0x20a2:                   0
 TxFIFOunderrun/TxCRC 0x20a3:                   0
 UnicastFramesReceive 0x20a4:                   0
 SentDeferred         0x20a5:                   0
 BroadcastFramesRecei 0x20a6:               53584
 MulticastFramesRecei 0x20a7:               40188
 Frames64Octets       0x20a8:               80930
 Frames65to127Octets  0x20a9:                   0
 Frames128to255Octets 0x20aa:               80930
 Frames256to511Octets 0x20ab:               26976
 Frames512to1023Octet 0x20ac:                   0
 Frames1024toMaxOctet 0x20ad:                   0
 GoodOctetsSent       0x20ae:            12521170
 UnicastFramesSent    0x20b0:                   0
 ExcessiveCollision   0x20b1:                   0
 MulticastFramesSent  0x20b2:               40797
 BroadcastFramesSent  0x20b3:               54398
 SentMultiple         0x20b4:                   0
 FCSent               0x20b5:                   0
 FCReceived           0x20b6:                   0
 RxFIFOOverrun        0x20b7:                   0
 Undersize            0x20b8:                   0
 Fragments            0x20b9:                   0
 Oversize             0x20ba:                   0
 Jabber               0x20bb:                   0
 RxError              0x20bc:                   0
 BadCrc               0x20bd:                   0
 Collisions           0x20be:                   0
 LateCollisions       0x20bf:                   0


Port configuration:
  lport  3   macStatus:       0x12003010      value: 0x0000A400
             macCtrl:         0x12003000      value: 0x00008BE5
             autoNegCtrl:     0x1200300C      value: 0x0000B0E8
             macCtrl1:        0x12003004      value: 0x00003783
             macCtrl2:        0x12003008      value: 0x0000C008
             macCtrl3:        0x12003048      value: 0x00000300
             macCtrl4:        0x12003090      value: 0x00000C02
             portControl:     0x01003000      value: 0x00208041

Phy address is: 02

PHY Registers for dev 1 (port 2)
  	hwMode (4 QSGMII to SGMII)

SGMII link partner ()
  Enabled Incomplete
  Link
    link partner Down
  Flow Control
    Partner   ( )
  Duplex
    Partner   (Duplex half)
  Speed
    Partner   (Speed 10Mbps)

Page 0 - Copper
  0 1940  1 7949  2 0141  3 0EC0  4 01E1  5 0000  6 0004  7 2001
  8 0000  9 0F00 10 4000 13 0003 14 0000 15 3000 16 3060 17 8000
 18 0000 19 0040 20 0020 21 0000 23 0000 26 0040
Page 1 - SGMII
  0 1140  1 0149  2 0141  3 0EC0  4 0001  5 0000  6 0004  7 2001
  8 0000 15 C000 16 4207 17 8010 18 0000 19 0000 21 0000 23 0000
 24 0000 25 0000 26 0042
Page 2 - Mac
 16 6008 18 0000 19 0000 21 1046
Page 3 - LED
 16 887F 17 8005 18 4905 19 0073 28 0003 29 0000
Page 4 - QSGMII
  0 1140  1 0000  4 0901  5 0000  6 0000 16 6224 17 8000 18 0000
 19 0000 20 0000 21 0000 23 0000 24 0000 25 0000 26 3002 27 3F80
 28 0000
Page 5 - VCT
 16 0000 17 0000 18 0000 19 0000 20 0000 21 2000 23 0603 24 0000
 25 0104 26 0F12 27 0A0C 28 0C06
Page 6 - Packet
 16 0000 17 0000 18 0000 19 000B 23 0000 24 0000 25 0000 26 190E
Page 7 - Cable
 16 0000 17 0000 18 0000 19 0000 20 0000 21 0000 25 0104 26 0F12
 27 0A0C 28 0006
Page 18 - Common
  0 0000  1 0000  2 0000 16 0000 17 0000 19 000B 20 0004 25 0000
 26 0000 27 2000
Page 255 - Factory
  0 0000  1 0000  2 0000  3 0000  4 0000  5 0000  6 0000  7 0000
  8 0000  9 0000 10 0000 11 0000 12 0000 13 0000 14 0000 15 0000
 16 0159 17 0000 18 5A54 19 0000 20 0000 21 0000 23 0000 24 0000
 25 0000 26 0000 27 0000 28 0000 29 0000 30 0000 31 0000

Clause 45 PHY Information for dev 1 port 2:

 Device 3 PCS registers: length 4 devNum 1
  0000=0000  0001=0042  0014=0006  0016=0000  
 Device 7 EEE autoneg registers: length 2 devNum 1
  003C=0000  003D=0000  


MacSec PHY Information for dev 1 port 2:

 Slice registers: length 87 devNum 1
  1000=88e58100  1001=00400030  1002=00000000  1003=00000000  1004=00000000  
  1005=00000000  1006=00000000  1007=00000001  1009=00001008  100B=0fb40000  
  100C=00000000  100D=00000000  100E=00000000  1010=00000005  1011=00000000  
  1012=00000000  1015=00000000  1016=00000000  1017=00000000  1018=00000000  
  1019=00000006  101A=00000000  101B=00000000  101C=00000000  101D=00000000  
  101E=00000000  101F=00000000  1020=00000000  1021=00000000  1022=00000000  
  1023=00000000  1024=00000000  1025=00000000  1026=00000000  1027=00000000  
  1028=00000000  1029=00000000  102A=00000000  102B=00000000  102C=00000000  
  102D=00000000  102E=00000000  102F=00000000  1030=888e8808  1031=00000000  
  1032=00000000  1033=00000000  1040=00011849  1041=00020081  1042=00000008  
  1043=00000020  1044=00000001  1045=00000000  1046=00000000  1047=0007fe43  
  1048=0009a520  1050=000117c9  1051=00010081  1052=00000000  1053=00000030  
  1054=00000005  1055=00000000  1056=00000000  1057=0007fe43  1058=0009a520  
  1070=00000077  1071=5a000000  1072=00000000  1073=00000000  1074=00000004  
  1076=00002006  1077=00000000  1078=00000000  1079=004050f0  107A=00010000  
  107B=00000000  107C=00000000  107D=00000000  107E=00000000  107F=00000000  
  13C0=111e2020  13C1=00000000  13C2=00000000  13C3=00000003  13C4=000050f0  
  13C6=00001400  13C7=00005096  

MAC MIB Counters (Wire MAC):
 GoodOctetsReceived   0x2040:                   0
 BadOctetsReceived    0x2042:                   0
 TxFIFOunderrun/TxCRC 0x2043:                   0
 UnicastFramesReceive 0x2044:                   0
 SentDeferred         0x2045:                   0
 BroadcastFramesRecei 0x2046:                   0
 MulticastFramesRecei 0x2047:                   0
 Frames64Octets       0x2048:                   0
 Frames65to127Octets  0x2049:                   0
 Frames128to255Octets 0x204a:                   0
 Frames256to511Octets 0x204b:                   0
 Frames512to1023Octet 0x204c:                   0
 Frames1024toMaxOctet 0x204d:                   0
 GoodOctetsSent       0x204e:                   0
 UnicastFramesSent    0x2050:                   0
 ExcessiveCollision   0x2051:                   0
 MulticastFramesSent  0x2052:                   0
 BroadcastFramesSent  0x2053:                   0
 SentMultiple         0x2054:                   0
 FCSent               0x2055:                   0
 FCReceived           0x2056:                   0
 RxFIFOOverrun        0x2057:                   0
 Undersize            0x2058:                   0
 Fragments            0x2059:                   0
 Oversize             0x205a:                   0
 Jabber               0x205b:                   0
 RxError              0x205c:                   0
 BadCrc               0x205d:                   0
 Collisions           0x205e:                   0
 LateCollisions       0x205f:                   0

MAC MIB Counters (System MAC, phyPorts 0/2):
 GoodOctetsReceived   0x2080:                   0
 BadOctetsReceived    0x2082:                   0
 TxFIFOunderrun/TxCRC 0x2083:                   0
 UnicastFramesReceive 0x2084:                   0
 SentDeferred         0x2085:                   0
 BroadcastFramesRecei 0x2086:                   0
 MulticastFramesRecei 0x2087:                   0
 Frames64Octets       0x2088:                   0
 Frames65to127Octets  0x2089:                   0
 Frames128to255Octets 0x208a:                   0
 Frames256to511Octets 0x208b:                   0
 Frames512to1023Octet 0x208c:                   0
 Frames1024toMaxOctet 0x208d:                   0
 GoodOctetsSent       0x208e:                   0
 UnicastFramesSent    0x2090:                   0
 ExcessiveCollision   0x2091:                   0
 MulticastFramesSent  0x2092:                   0
 BroadcastFramesSent  0x2093:                   0
 SentMultiple         0x2094:                   0
 FCSent               0x2095:                   0
 FCReceived           0x2096:                   0
 RxFIFOOverrun        0x2097:                   0
 Undersize            0x2098:                   0
 Fragments            0x2099:                   0
 Oversize             0x209a:                   0
 Jabber               0x209b:                   0
 RxError              0x209c:                   0
 BadCrc               0x209d:                   0
 Collisions           0x209e:                   0
 LateCollisions       0x209f:                   0


Port configuration:
  lport  2   macStatus:       0x12002010      value: 0x0000A400
             macCtrl:         0x12002000      value: 0x00008BE5
             autoNegCtrl:     0x1200200C      value: 0x0000B0E8
             macCtrl1:        0x12002004      value: 0x00003783
             macCtrl2:        0x12002008      value: 0x0000C008
             macCtrl3:        0x12002048      value: 0x00000300
             macCtrl4:        0x12002090      value: 0x00000802
             portControl:     0x01002000      value: 0x00208041

Phy address is: 05

PHY Registers for dev 1 (port 5)
  	hwMode (2 QSGMII to 1000BASE-X)

Fiber Auto Negotiation
  Enabled Incomplete
  Flow Control
    Advertised(None)
    Partner   (None)
  Speed, Duplex
    Advertised(1000BASEX(Full ) )
    Partner   ()
  remote fault (None)

Page 0 - Copper
  0 1940  1 7949  2 0141  3 0EC0  4 01E1  5 0000  6 0004  7 2001
  8 0000  9 0F00 10 4000 13 0003 14 0000 15 3000 16 3060 17 8040
 18 0000 19 0040 20 0020 21 0000 23 0000 26 0040
Page 1 - SGMII
  0 1140  1 0149  2 0141  3 0EC0  4 0020  5 0000  6 0004  7 2001
  8 0000 15 C000 16 4005 17 8010 18 0000 19 0000 21 0000 23 0000
 24 0000 25 0000 26 0042
Page 2 - Mac
 16 6008 18 0000 19 0000 21 1046
Page 3 - LED
 16 887F 17 8005 18 4905 19 0073 28 0003 29 0000
Page 4 - QSGMII
  0 1140  1 0000  4 0901  5 0000  6 0000 16 6224 17 8000 18 0000
 19 0000 20 0000 21 0000 23 0000 24 0000 25 0000 26 3002 27 3F80
 28 0000
Page 5 - VCT
 16 0000 17 0000 18 0000 19 0000 20 0000 21 2000 23 0603 24 0000
 25 0104 26 0F12 27 0A0C 28 0C06
Page 6 - Packet
 16 0000 17 0000 18 0000 19 000B 23 0000 24 0000 25 0000 26 190E
Page 7 - Cable
 16 0000 17 0000 18 0000 19 0000 20 0000 21 0000 25 0104 26 0F12
 27 0A0C 28 0006
Page 18 - Common
  0 0000  1 0000  2 0000 16 0000 17 0000 19 000B 20 0002 25 0000
 26 0000 27 2000
Page 255 - Factory
  0 0000  1 0000  2 0000  3 0000  4 0000  5 0000  6 0000  7 0000
  8 0000  9 0000 10 0000 11 0000 12 0000 13 0000 14 0000 15 0000
 16 0159 17 0000 18 FC04 19 0000 20 0000 21 0000 23 0000 24 0000
 25 0000 26 0000 27 0000 28 0000 29 0000 30 0000 31 0000

Clause 45 PHY Information for dev 1 port 5:

 Device 3 PCS registers: length 4 devNum 1
  0000=0000  0001=0042  0014=0006  0016=0000  
 Device 7 EEE autoneg registers: length 2 devNum 1
  003C=0000  003D=0000  


MacSec PHY Information for dev 1 port 5:

 Slice registers: length 87 devNum 1
  0800=88e58100  0801=00400030  0802=00000000  0803=00000000  0804=00000000  
  0805=00000000  0806=00000000  0807=00000001  0809=00001008  080B=0fb40000  
  080C=00000000  080D=00000000  080E=00000000  0810=00000005  0811=00000000  
  0812=00000000  0815=00000000  0816=00000000  0817=00000000  0818=00000000  
  0819=00000006  081A=00000000  081B=00000000  081C=00000000  081D=00000000  
  081E=00000000  081F=00000000  0820=00000000  0821=00000000  0822=00000000  
  0823=00000000  0824=00000000  0825=00000000  0826=00000000  0827=00000000  
  0828=00000000  0829=00000000  082A=00000000  082B=00000000  082C=00000000  
  082D=00000000  082E=00000000  082F=00000000  0830=888e8808  0831=00000000  
  0832=00000000  0833=00000000  0840=00011849  0841=00020081  0842=00000008  
  0843=00000020  0844=00000001  0845=00000000  0846=00000000  0847=0007fe43  
  0848=0009a520  0850=000117c9  0851=00010081  0852=00000000  0853=00000030  
  0854=00000005  0855=00000000  0856=00000000  0857=0007fe43  0858=0009a520  
  0870=00000077  0871=5a000000  0872=00000000  0873=00000000  0874=00000004  
  0876=00002006  0877=00000000  0878=00000000  0879=004050f0  087A=00010000  
  087B=00000000  087C=00000000  087D=00000000  087E=00000000  087F=00000000  
  0BC0=111e2020  0BC1=00000000  0BC2=00000000  0BC3=00000003  0BC4=000050f0  
  0BC6=00001400  0BC7=00005096  

MAC MIB Counters (Wire MAC):
 GoodOctetsReceived   0x2020:                   0
 BadOctetsReceived    0x2022:                   0
 TxFIFOunderrun/TxCRC 0x2023:                   0
 UnicastFramesReceive 0x2024:                   0
 SentDeferred         0x2025:                   0
 BroadcastFramesRecei 0x2026:                   0
 MulticastFramesRecei 0x2027:                   0
 Frames64Octets       0x2028:                   0
 Frames65to127Octets  0x2029:                   0
 Frames128to255Octets 0x202a:                   0
 Frames256to511Octets 0x202b:                   0
 Frames512to1023Octet 0x202c:                   0
 Frames1024toMaxOctet 0x202d:                   0
 GoodOctetsSent       0x202e:                   0
 UnicastFramesSent    0x2030:                   0
 ExcessiveCollision   0x2031:                   0
 MulticastFramesSent  0x2032:                   0
 BroadcastFramesSent  0x2033:                   0
 SentMultiple         0x2034:                   0
 FCSent               0x2035:                   0
 FCReceived           0x2036:                   0
 RxFIFOOverrun        0x2037:                   0
 Undersize            0x2038:                   0
 Fragments            0x2039:                   0
 Oversize             0x203a:                   0
 Jabber               0x203b:                   0
 RxError              0x203c:                   0
 BadCrc               0x203d:                   0
 Collisions           0x203e:                   0
 LateCollisions       0x203f:                   0

MAC MIB Counters (System MAC, phyPorts 1/3):
 GoodOctetsReceived   0x20a0:                   0
 BadOctetsReceived    0x20a2:                   0
 TxFIFOunderrun/TxCRC 0x20a3:                   0
 UnicastFramesReceive 0x20a4:                   0
 SentDeferred         0x20a5:                   0
 BroadcastFramesRecei 0x20a6:                   0
 MulticastFramesRecei 0x20a7:                   0
 Frames64Octets       0x20a8:                   0
 Frames65to127Octets  0x20a9:                   0
 Frames128to255Octets 0x20aa:                   0
 Frames256to511Octets 0x20ab:                   0
 Frames512to1023Octet 0x20ac:                   0
 Frames1024toMaxOctet 0x20ad:                   0
 GoodOctetsSent       0x20ae:                   0
 UnicastFramesSent    0x20b0:                   0
 ExcessiveCollision   0x20b1:                   0
 MulticastFramesSent  0x20b2:                   0
 BroadcastFramesSent  0x20b3:                   0
 SentMultiple         0x20b4:                   0
 FCSent               0x20b5:                   0
 FCReceived           0x20b6:                   0
 RxFIFOOverrun        0x20b7:                   0
 Undersize            0x20b8:                   0
 Fragments            0x20b9:                   0
 Oversize             0x20ba:                   0
 Jabber               0x20bb:                   0
 RxError              0x20bc:                   0
 BadCrc               0x20bd:                   0
 Collisions           0x20be:                   0
 LateCollisions       0x20bf:                   0


Port configuration:
  lport  5   macStatus:       0x12005010      value: 0x0000A400
             macCtrl:         0x12005000      value: 0x00008BE5
             autoNegCtrl:     0x1200500C      value: 0x0000B0EC
             macCtrl1:        0x12005004      value: 0x00003783
             macCtrl2:        0x12005008      value: 0x0000C009
             macCtrl3:        0x12005048      value: 0x00000300
             macCtrl4:        0x12005090      value: 0x00001502
             portControl:     0x01005000      value: 0x00208041

Phy address is: 04

PHY Registers for dev 1 (port 4)
  	hwMode (2 QSGMII to 1000BASE-X)

Fiber Auto Negotiation
  Enabled Complete
  Flow Control
    Advertised(None)
    Partner   (None)
  Speed, Duplex
    Advertised(1000BASEX(Full Half) )
    Partner   (1000BASEX(Full Half) )
  remote fault (None)

Page 0 - Copper
  0 1940  1 7949  2 0141  3 0EC0  4 01E1  5 0000  6 0004  7 2001
  8 0000  9 0F00 10 4000 13 4007 14 0000 15 3000 16 3060 17 8040
 18 0000 19 0040 20 0020 21 0000 23 0000 26 0040
Page 1 - SGMII
  0 1140  1 016D  2 0141  3 0EC0  4 0060  5 4060  6 0007  7 2801
  8 0000 15 C000 16 4005 17 AC20 18 0000 19 1C00 21 0000 23 0000
 24 0000 25 0000 26 0042
Page 2 - Mac
 16 6008 18 0000 19 0000 21 1046
Page 3 - LED
 16 887F 17 8005 18 4905 19 0073 28 0003 29 0000
Page 4 - QSGMII
  0 1140  1 0024  4 9901  5 4001  6 0003 16 6224 17 BC20 18 0000
 19 1C00 20 0000 21 0000 23 0000 24 0000 25 0000 26 3002 27 3F80
 28 0000
Page 5 - VCT
 16 0000 17 0000 18 0000 19 0000 20 0000 21 2000 23 0603 24 0000
 25 0104 26 0F12 27 0A0C 28 0C06
Page 6 - Packet
 16 0000 17 0000 18 0000 19 000B 23 0000 24 0000 25 0000 26 190E
Page 7 - Cable
 16 0000 17 0000 18 0000 19 0000 20 0000 21 0000 25 0104 26 0F12
 27 0A0C 28 0006
Page 18 - Common
  0 0000  1 0000  2 0000 16 0000 17 0000 19 000B 20 0002 25 0000
 26 0000 27 2002
Page 255 - Factory
  0 0000  1 0000  2 0000  3 0000  4 0000  5 0000  6 0000  7 0000
  8 0000  9 0000 10 0000 11 0000 12 0000 13 0000 14 0000 15 0000
 16 0159 17 0000 18 AF3B 19 0000 20 0000 21 0000 23 0000 24 0000
 25 0000 26 0000 27 0000 28 0000 29 0000 30 0000 31 0000

Clause 45 PHY Information for dev 1 port 4:

 Device 3 PCS registers: length 4 devNum 1
  0000=0000  0001=0042  0014=0006  0016=0000  
 Device 7 EEE autoneg registers: length 2 devNum 1
  003C=0000  003D=0000  


MacSec PHY Information for dev 1 port 4:

 Slice registers: length 87 devNum 1
  0000=88e58100  0001=00400030  0002=00000000  0003=00000000  0004=00000000  
  0005=00000000  0006=00000000  0007=00000001  0009=00001008  000B=0fb40000  
  000C=00000000  000D=00000000  000E=00000000  0010=00000005  0011=00000000  
  0012=00000000  0015=00000000  0016=00000000  0017=00000000  0018=00000000  
  0019=00000006  001A=00000000  001B=00000000  001C=00000000  001D=00000000  
  001E=00000000  001F=00000000  0020=00000000  0021=00000000  0022=00000000  
  0023=00000000  0024=00000000  0025=00000000  0026=00000000  0027=00000000  
  0028=00000000  0029=00000000  002A=00000000  002B=00000000  002C=00000000  
  002D=00000000  002E=00000000  002F=00000000  0030=888e8808  0031=00000000  
  0032=00000000  0033=00000000  0040=00011849  0041=00020081  0042=00000008  
  0043=00000020  0044=00000005  0045=00000000  0046=00000000  0047=0007fe43  
  0048=0009a520  0050=000117c9  0051=00010081  0052=00000000  0053=00000030  
  0054=00000005  0055=00000000  0056=00000000  0057=0007fe43  0058=0009a520  
  0070=00000077  0071=5a000000  0072=00000000  0073=00000000  0074=00000004  
  0076=00002006  0077=00000000  0078=00000000  0079=004050f0  007A=00010000  
  007B=00000000  007C=00000000  007D=00000000  007E=00000000  007F=00000000  
  03C0=111e2020  03C1=00000000  03C2=00000000  03C3=00000003  03C4=000050f0  
  03C6=00001400  03C7=00005096  

MAC MIB Counters (Wire MAC):
 GoodOctetsReceived   0x2000:             2349888
 BadOctetsReceived    0x2002:                   0
 TxFIFOunderrun/TxCRC 0x2003:                   0
 UnicastFramesReceive 0x2004:                   0
 SentDeferred         0x2005:                   0
 BroadcastFramesRecei 0x2006:                   0
 MulticastFramesRecei 0x2007:               36717
 Frames64Octets       0x2008:               73434
 Frames65to127Octets  0x2009:                   0
 Frames128to255Octets 0x200a:                   0
 Frames256to511Octets 0x200b:                   0
 Frames512to1023Octet 0x200c:                   0
 Frames1024toMaxOctet 0x200d:                   0
 GoodOctetsSent       0x200e:             2349888
 UnicastFramesSent    0x2010:                   0
 ExcessiveCollision   0x2011:                   0
 MulticastFramesSent  0x2012:               36717
 BroadcastFramesSent  0x2013:                   0
 SentMultiple         0x2014:                   0
 FCSent               0x2015:                   0
 FCReceived           0x2016:                   0
 RxFIFOOverrun        0x2017:                   0
 Undersize            0x2018:                   0
 Fragments            0x2019:                   0
 Oversize             0x201a:                   0
 Jabber               0x201b:                   0
 RxError              0x201c:                   0
 BadCrc               0x201d:                   0
 Collisions           0x201e:                   0
 LateCollisions       0x201f:                   0

MAC MIB Counters (System MAC, phyPorts 0/2):
 GoodOctetsReceived   0x2080:             4618304
 BadOctetsReceived    0x2082:                   0
 TxFIFOunderrun/TxCRC 0x2083:                   0
 UnicastFramesReceive 0x2084:                   0
 SentDeferred         0x2085:                   0
 BroadcastFramesRecei 0x2086:                   0
 MulticastFramesRecei 0x2087:               72161
 Frames64Octets       0x2088:              144322
 Frames65to127Octets  0x2089:                   0
 Frames128to255Octets 0x208a:                   0
 Frames256to511Octets 0x208b:                   0
 Frames512to1023Octet 0x208c:                   0
 Frames1024toMaxOctet 0x208d:                   0
 GoodOctetsSent       0x208e:             4618304
 UnicastFramesSent    0x2090:                   0
 ExcessiveCollision   0x2091:                   0
 MulticastFramesSent  0x2092:               72161
 BroadcastFramesSent  0x2093:                   0
 SentMultiple         0x2094:                   0
 FCSent               0x2095:                   0
 FCReceived           0x2096:                   0
 RxFIFOOverrun        0x2097:                   0
 Undersize            0x2098:                   0
 Fragments            0x2099:                   0
 Oversize             0x209a:                   0
 Jabber               0x209b:                   0
 RxError              0x209c:                   0
 BadCrc               0x209d:                   0
 Collisions           0x209e:                   0
 LateCollisions       0x209f:                   0


Port configuration:
  lport  4   macStatus:       0x12004010      value: 0x0000E80F
             macCtrl:         0x12004000      value: 0x00008BE5
             autoNegCtrl:     0x1200400C      value: 0x0000906C
             macCtrl1:        0x12004004      value: 0x00003783
             macCtrl2:        0x12004008      value: 0x0000C009
             macCtrl3:        0x12004048      value: 0x00000300
             macCtrl4:        0x12004090      value: 0x00001102
             portControl:     0x01004000      value: 0x00208041

Phy address is: 07

PHY Registers for dev 1 (port 7)
  	hwMode (2 QSGMII to 1000BASE-X)

Fiber Auto Negotiation
  Enabled Incomplete
  Flow Control
    Advertised(None)
    Partner   (None)
  Speed, Duplex
    Advertised(1000BASEX(Full ) )
    Partner   ()
  remote fault (None)

Page 0 - Copper
  0 1940  1 7949  2 0141  3 0EC0  4 01E1  5 0000  6 0004  7 2001
  8 0000  9 0F00 10 4000 13 0003 14 0000 15 3000 16 3060 17 8040
 18 0000 19 0040 20 0020 21 0000 23 0000 26 0040
Page 1 - SGMII
  0 1140  1 0149  2 0141  3 0EC0  4 0020  5 0000  6 0004  7 2001
  8 0000 15 C000 16 4005 17 8010 18 0000 19 0000 21 0000 23 0000
 24 0000 25 0000 26 0042
Page 2 - Mac
 16 6008 18 0000 19 0000 21 1046
Page 3 - LED
 16 887F 17 8005 18 4905 19 0073 28 0003 29 0000
Page 4 - QSGMII
  0 1140  1 0000  4 0901  5 0000  6 0000 16 6224 17 8000 18 0000
 19 0000 20 0000 21 0000 23 0000 24 0000 25 0000 26 3002 27 3F80
 28 0000
Page 5 - VCT
 16 0000 17 0000 18 0000 19 0000 20 0000 21 2000 23 0603 24 0000
 25 0104 26 0F12 27 0A0C 28 0C06
Page 6 - Packet
 16 0000 17 0000 18 0000 19 000B 23 0000 24 0000 25 0000 26 190E
Page 7 - Cable
 16 0000 17 0000 18 0000 19 0000 20 0000 21 0000 25 0104 26 0F12
 27 0A0C 28 0006
Page 18 - Common
  0 0000  1 0000  2 0000 16 0000 17 0000 19 000B 20 0002 25 0000
 26 0000 27 2000
Page 255 - Factory
  0 0000  1 0000  2 0000  3 0000  4 0000  5 0000  6 0000  7 0000
  8 0000  9 0000 10 0000 11 0000 12 0000 13 0000 14 0000 15 0000
 16 0159 17 0000 18 5282 19 0000 20 0000 21 0000 23 0000 24 0000
 25 0000 26 0000 27 0000 28 0000 29 0000 30 0000 31 0000

Clause 45 PHY Information for dev 1 port 7:

 Device 3 PCS registers: length 4 devNum 1
  0000=0000  0001=0042  0014=0006  0016=0000  
 Device 7 EEE autoneg registers: length 2 devNum 1
  003C=0000  003D=0000  


MacSec PHY Information for dev 1 port 7:

 Slice registers: length 87 devNum 1
  1800=88e58100  1801=00400030  1802=00000000  1803=00000000  1804=00000000  
  1805=00000000  1806=00000000  1807=00000001  1809=00001008  180B=0fb40000  
  180C=00000000  180D=00000000  180E=00000000  1810=00000005  1811=00000000  
  1812=00000000  1815=00000000  1816=00000000  1817=00000000  1818=00000000  
  1819=00000006  181A=00000000  181B=00000000  181C=00000000  181D=00000000  
  181E=00000000  181F=00000000  1820=00000000  1821=00000000  1822=00000000  
  1823=00000000  1824=00000000  1825=00000000  1826=00000000  1827=00000000  
  1828=00000000  1829=00000000  182A=00000000  182B=00000000  182C=00000000  
  182D=00000000  182E=00000000  182F=00000000  1830=888e8808  1831=00000000  
  1832=00000000  1833=00000000  1840=00011849  1841=00020081  1842=00000008  
  1843=00000020  1844=00000001  1845=00000000  1846=00000000  1847=0007fe43  
  1848=0009a520  1850=000117c9  1851=00010081  1852=00000000  1853=00000030  
  1854=00000005  1855=00000000  1856=00000000  1857=0007fe43  1858=0009a520  
  1870=00000077  1871=5a000000  1872=00000000  1873=00000000  1874=00000004  
  1876=00002006  1877=00000000  1878=00000000  1879=004050f0  187A=00010000  
  187B=00000000  187C=00000000  187D=00000000  187E=00000000  187F=00000000  
  1BC0=111e2020  1BC1=00000000  1BC2=00000000  1BC3=00000003  1BC4=000050f0  
  1BC6=00001400  1BC7=00005096  

MAC MIB Counters (Wire MAC):
 GoodOctetsReceived   0x2060:                   0
 BadOctetsReceived    0x2062:                   0
 TxFIFOunderrun/TxCRC 0x2063:                   0
 UnicastFramesReceive 0x2064:                   0
 SentDeferred         0x2065:                   0
 BroadcastFramesRecei 0x2066:                   0
 MulticastFramesRecei 0x2067:                   0
 Frames64Octets       0x2068:                   0
 Frames65to127Octets  0x2069:                   0
 Frames128to255Octets 0x206a:                   0
 Frames256to511Octets 0x206b:                   0
 Frames512to1023Octet 0x206c:                   0
 Frames1024toMaxOctet 0x206d:                   0
 GoodOctetsSent       0x206e:                   0
 UnicastFramesSent    0x2070:                   0
 ExcessiveCollision   0x2071:                   0
 MulticastFramesSent  0x2072:                   0
 BroadcastFramesSent  0x2073:                   0
 SentMultiple         0x2074:                   0
 FCSent               0x2075:                   0
 FCReceived           0x2076:                   0
 RxFIFOOverrun        0x2077:                   0
 Undersize            0x2078:                   0
 Fragments            0x2079:                   0
 Oversize             0x207a:                   0
 Jabber               0x207b:                   0
 RxError              0x207c:                   0
 BadCrc               0x207d:                   0
 Collisions           0x207e:                   0
 LateCollisions       0x207f:                   0

MAC MIB Counters (System MAC, phyPorts 1/3):
 GoodOctetsReceived   0x20a0:                   0
 BadOctetsReceived    0x20a2:                   0
 TxFIFOunderrun/TxCRC 0x20a3:                   0
 UnicastFramesReceive 0x20a4:                   0
 SentDeferred         0x20a5:                   0
 BroadcastFramesRecei 0x20a6:                   0
 MulticastFramesRecei 0x20a7:                   0
 Frames64Octets       0x20a8:                   0
 Frames65to127Octets  0x20a9:                   0
 Frames128to255Octets 0x20aa:                   0
 Frames256to511Octets 0x20ab:                   0
 Frames512to1023Octet 0x20ac:                   0
 Frames1024toMaxOctet 0x20ad:                   0
 GoodOctetsSent       0x20ae:                   0
 UnicastFramesSent    0x20b0:                   0
 ExcessiveCollision   0x20b1:                   0
 MulticastFramesSent  0x20b2:                   0
 BroadcastFramesSent  0x20b3:                   0
 SentMultiple         0x20b4:                   0
 FCSent               0x20b5:                   0
 FCReceived           0x20b6:                   0
 RxFIFOOverrun        0x20b7:                   0
 Undersize            0x20b8:                   0
 Fragments            0x20b9:                   0
 Oversize             0x20ba:                   0
 Jabber               0x20bb:                   0
 RxError              0x20bc:                   0
 BadCrc               0x20bd:                   0
 Collisions           0x20be:                   0
 LateCollisions       0x20bf:                   0


Port configuration:
  lport  7   macStatus:       0x12007010      value: 0x0000A400
             macCtrl:         0x12007000      value: 0x00008BE5
             autoNegCtrl:     0x1200700C      value: 0x0000B0EC
             macCtrl1:        0x12007004      value: 0x00003783
             macCtrl2:        0x12007008      value: 0x0000C009
             macCtrl3:        0x12007048      value: 0x00000300
             macCtrl4:        0x12007090      value: 0x00001D02
             portControl:     0x01007000      value: 0x00208041

Phy address is: 06

PHY Registers for dev 1 (port 6)
  	hwMode (2 QSGMII to 1000BASE-X)

Fiber Auto Negotiation
  Enabled Complete
  Flow Control
    Advertised(None)
    Partner   (None)
  Speed, Duplex
    Advertised(1000BASEX(Full Half) )
    Partner   (1000BASEX(Full Half) )
  remote fault (None)

Page 0 - Copper
  0 1940  1 7949  2 0141  3 0EC0  4 01E1  5 0000  6 0004  7 2001
  8 0000  9 0F00 10 4000 13 4007 14 0000 15 3000 16 3060 17 8000
 18 0000 19 0040 20 0020 21 0000 23 0000 26 0040
Page 1 - SGMII
  0 1140  1 016D  2 0141  3 0EC0  4 0060  5 4060  6 0007  7 2801
  8 0000 15 C000 16 4005 17 AC20 18 0000 19 1C00 21 0000 23 0000
 24 0000 25 0000 26 0042
Page 2 - Mac
 16 6008 18 0000 19 0000 21 1046
Page 3 - LED
 16 887F 17 8005 18 4905 19 0073 28 0003 29 0000
Page 4 - QSGMII
  0 1140  1 0020  4 9901  5 4001  6 0003 16 6224 17 BC20 18 0000
 19 1C00 20 0000 21 0000 23 0000 24 0000 25 0000 26 3002 27 3F80
 28 0000
Page 5 - VCT
 16 0000 17 0000 18 0000 19 0000 20 0000 21 2000 23 0603 24 0000
 25 0104 26 0F12 27 0A0C 28 0C06
Page 6 - Packet
 16 0000 17 0000 18 0000 19 000B 23 0000 24 0000 25 0000 26 190E
Page 7 - Cable
 16 0000 17 0000 18 0000 19 0000 20 0000 21 0000 25 0104 26 0F12
 27 0A0C 28 0006
Page 18 - Common
  0 0000  1 0000  2 0000 16 0000 17 0000 19 000B 20 0002 25 0000
 26 0000 27 2002
Page 255 - Factory
  0 0000  1 0000  2 0000  3 0000  4 0000  5 0000  6 0000  7 0000
  8 0000  9 0000 10 0000 11 0000 12 0000 13 0000 14 0000 15 0000
 16 0159 17 0000 18 8CD0 19 0000 20 0000 21 0000 23 0000 24 0000
 25 0000 26 0000 27 0000 28 0000 29 0000 30 0000 31 0000

Clause 45 PHY Information for dev 1 port 6:

 Device 3 PCS registers: length 4 devNum 1
  0000=0000  0001=0042  0014=0006  0016=0000  
 Device 7 EEE autoneg registers: length 2 devNum 1
  003C=0000  003D=0000  


MacSec PHY Information for dev 1 port 6:

 Slice registers: length 87 devNum 1
  1000=88e58100  1001=00400030  1002=00000000  1003=00000000  1004=00000000  
  1005=00000000  1006=00000000  1007=00000001  1009=00001008  100B=0fb40000  
  100C=00000000  100D=00000000  100E=00000000  1010=00000005  1011=00000000  
  1012=00000000  1015=00000000  1016=00000000  1017=00000000  1018=00000000  
  1019=00000006  101A=00000000  101B=00000000  101C=00000000  101D=00000000  
  101E=00000000  101F=00000000  1020=00000000  1021=00000000  1022=00000000  
  1023=00000000  1024=00000000  1025=00000000  1026=00000000  1027=00000000  
  1028=00000000  1029=00000000  102A=00000000  102B=00000000  102C=00000000  
  102D=00000000  102E=00000000  102F=00000000  1030=888e8808  1031=00000000  
  1032=00000000  1033=00000000  1040=00011849  1041=00020081  1042=00000008  
  1043=00000020  1044=00000005  1045=00000000  1046=00000000  1047=0007fe43  
  1048=0009a520  1050=000117c9  1051=00010081  1052=00000000  1053=00000030  
  1054=00000005  1055=00000000  1056=00000000  1057=0007fe43  1058=0009a520  
  1070=00000077  1071=5a000000  1072=00000000  1073=00000000  1074=00000004  
  1076=00002006  1077=00000000  1078=00000000  1079=004050f0  107A=00010000  
  107B=00000000  107C=00000000  107D=00000000  107E=00000000  107F=00000000  
  13C0=111e2020  13C1=00000000  13C2=00000000  13C3=00000003  13C4=000050f0  
  13C6=00001400  13C7=00005096  

MAC MIB Counters (Wire MAC):
 GoodOctetsReceived   0x2040:             2268480
 BadOctetsReceived    0x2042:                   0
 TxFIFOunderrun/TxCRC 0x2043:                   0
 UnicastFramesReceive 0x2044:                   0
 SentDeferred         0x2045:                   0
 BroadcastFramesRecei 0x2046:                   0
 MulticastFramesRecei 0x2047:               35445
 Frames64Octets       0x2048:               70890
 Frames65to127Octets  0x2049:                   0
 Frames128to255Octets 0x204a:                   0
 Frames256to511Octets 0x204b:                   0
 Frames512to1023Octet 0x204c:                   0
 Frames1024toMaxOctet 0x204d:                   0
 GoodOctetsSent       0x204e:             2268480
 UnicastFramesSent    0x2050:                   0
 ExcessiveCollision   0x2051:                   0
 MulticastFramesSent  0x2052:               35445
 BroadcastFramesSent  0x2053:                   0
 SentMultiple         0x2054:                   0
 FCSent               0x2055:                   0
 FCReceived           0x2056:                   0
 RxFIFOOverrun        0x2057:                   0
 Undersize            0x2058:                   0
 Fragments            0x2059:                   0
 Oversize             0x205a:                   0
 Jabber               0x205b:                   0
 RxError              0x205c:                   0
 BadCrc               0x205d:                   0
 Collisions           0x205e:                   0
 LateCollisions       0x205f:                   0

MAC MIB Counters (System MAC, phyPorts 0/2):
 GoodOctetsReceived   0x2080:                 192
 BadOctetsReceived    0x2082:                   0
 TxFIFOunderrun/TxCRC 0x2083:                   0
 UnicastFramesReceive 0x2084:                   0
 SentDeferred         0x2085:                   0
 BroadcastFramesRecei 0x2086:                   0
 MulticastFramesRecei 0x2087:                   3
 Frames64Octets       0x2088:                   6
 Frames65to127Octets  0x2089:                   0
 Frames128to255Octets 0x208a:                   0
 Frames256to511Octets 0x208b:                   0
 Frames512to1023Octet 0x208c:                   0
 Frames1024toMaxOctet 0x208d:                   0
 GoodOctetsSent       0x208e:                 192
 UnicastFramesSent    0x2090:                   0
 ExcessiveCollision   0x2091:                   0
 MulticastFramesSent  0x2092:                   3
 BroadcastFramesSent  0x2093:                   0
 SentMultiple         0x2094:                   0
 FCSent               0x2095:                   0
 FCReceived           0x2096:                   0
 RxFIFOOverrun        0x2097:                   0
 Undersize            0x2098:                   0
 Fragments            0x2099:                   0
 Oversize             0x209a:                   0
 Jabber               0x209b:                   0
 RxError              0x209c:                   0
 BadCrc               0x209d:                   0
 Collisions           0x209e:                   0
 LateCollisions       0x209f:                   0


Port configuration:
  lport  6   macStatus:       0x12006010      value: 0x0000E80F
             macCtrl:         0x12006000      value: 0x00008BE5
             autoNegCtrl:     0x1200600C      value: 0x0000906C
             macCtrl1:        0x12006004      value: 0x00003783
             macCtrl2:        0x12006008      value: 0x0000C009
             macCtrl3:        0x12006048      value: 0x00000300
             macCtrl4:        0x12006090      value: 0x00001902
             portControl:     0x01006000      value: 0x00208041

Phy address is: 09

PHY Registers for dev 1 (port 9)
  	hwMode (4 QSGMII to SGMII)

SGMII link partner (Acknowledge)
  Enabled Complete
  Link
    link partner Up
  Flow Control
    Partner   ( Receive)
  Duplex
    Partner   (Duplex full)
  Speed
    Partner   (Speed 1000Mbps)

Page 0 - Copper
  0 1940  1 7949  2 0141  3 0EC0  4 01E1  5 0000  6 0004  7 2001
  8 0000  9 0F00 10 4000 13 4007 14 0000 15 3000 16 3060 17 8000
 18 0000 19 0040 20 0020 21 0000 23 0000 26 0040
Page 1 - SGMII
  0 1140  1 016D  2 0141  3 0EC0  4 0001  5 D901  6 0007  7 2001
  8 0000 15 C000 16 4207 17 AC24 18 0000 19 1D10 21 0001 23 0000
 24 0000 25 0000 26 0042
Page 2 - Mac
 16 6008 18 0000 19 0000 21 1046
Page 3 - LED
 16 887F 17 8005 18 4905 19 0073 28 0003 29 0000
Page 4 - QSGMII
  0 1140  1 0020  4 9901  5 4001  6 0003 16 6224 17 BC24 18 0000
 19 3C00 20 0000 21 0000 23 0000 24 0000 25 0000 26 3002 27 3F80
 28 0000
Page 5 - VCT
 16 0000 17 0000 18 0000 19 0000 20 0000 21 2000 23 0603 24 0000
 25 0104 26 0F12 27 0A0C 28 0C06
Page 6 - Packet
 16 0000 17 0000 18 0000 19 000B 23 0000 24 0000 25 0000 26 1910
Page 7 - Cable
 16 0000 17 0000 18 0000 19 0000 20 0000 21 0000 25 0104 26 0F12
 27 0A0C 28 0006
Page 18 - Common
  0 0000  1 0000  2 0000 16 0000 17 0000 19 000B 20 0004 25 0000
 26 8548 27 2002
Page 255 - Factory
  0 0000  1 0000  2 0000  3 0000  4 0000  5 0000  6 0000  7 0000
  8 0000  9 0000 10 0000 11 0000 12 0000 13 0000 14 0000 15 0000
 16 0159 17 0000 18 21EE 19 0000 20 0000 21 0000 23 0000 24 0000
 25 0000 26 0000 27 0000 28 0000 29 0000 30 0000 31 0000

Clause 45 PHY Information for dev 1 port 9:

 Device 3 PCS registers: length 4 devNum 1
  0000=0000  0001=0042  0014=0006  0016=0000  
 Device 7 EEE autoneg registers: length 2 devNum 1
  003C=0000  003D=0000  


MacSec PHY Information for dev 1 port 9:

 Slice registers: length 87 devNum 1
  0800=88e58100  0801=00400030  0802=00000000  0803=00000000  0804=00000000  
  0805=00000000  0806=00000000  0807=00000001  0809=00001008  080B=0fb40000  
  080C=00000000  080D=00000000  080E=00000000  0810=00000005  0811=00000000  
  0812=00000000  0815=00000000  0816=00000000  0817=00000000  0818=00000000  
  0819=00000006  081A=00000000  081B=00000000  081C=00000000  081D=00000000  
  081E=00000000  081F=00000000  0820=00000000  0821=00000000  0822=00000000  
  0823=00000000  0824=00000000  0825=00000000  0826=00000000  0827=00000000  
  0828=00000000  0829=00000000  082A=00000000  082B=00000000  082C=00000000  
  082D=00000000  082E=00000000  082F=00000000  0830=888e8808  0831=00000000  
  0832=00000000  0833=00000000  0840=00011849  0841=00020081  0842=00000008  
  0843=00000020  0844=00000005  0845=00000000  0846=00000000  0847=0007fe43  
  0848=0009a520  0850=000117c9  0851=00010081  0852=00000000  0853=00000030  
  0854=00000005  0855=00000000  0856=00000000  0857=0007fe43  0858=0009a520  
  0870=00000077  0871=5a000000  0872=00000000  0873=001d4000  0874=00000004  
  0876=00002006  0877=00000000  0878=00000000  0879=004050f0  087A=00010000  
  087B=00000000  087C=00000000  087D=00000000  087E=00000000  087F=00000000  
  0BC0=111e2020  0BC1=00000000  0BC2=00000000  0BC3=00000003  0BC4=000050f0  
  0BC6=00001400  0BC7=00005096  

MAC MIB Counters (Wire MAC):
 GoodOctetsReceived   0x2020:       1618976709665
 BadOctetsReceived    0x2022:                   0
 TxFIFOunderrun/TxCRC 0x2023:                   0
 UnicastFramesReceive 0x2024:            24007219
 SentDeferred         0x2025:                   0
 BroadcastFramesRecei 0x2026:          2013795371
 MulticastFramesRecei 0x2027:           817405718
 Frames64Octets       0x2028:           153772393
 Frames65to127Octets  0x2029:             9967549
 Frames128to255Octets 0x202a:          1701752659
 Frames256to511Octets 0x202b:          3996299554
 Frames512to1023Octet 0x202c:                   4
 Frames1024toMaxOctet 0x202d:                 674
 GoodOctetsSent       0x202e:       1641414788079
 UnicastFramesSent    0x2030:             5985077
 ExcessiveCollision   0x2031:                   0
 MulticastFramesSent  0x2032:           894356519
 BroadcastFramesSent  0x2033:          2106243907
 SentMultiple         0x2034:                   0
 FCSent               0x2035:                   0
 FCReceived           0x2036:                   0
 RxFIFOOverrun        0x2037:                   0
 Undersize            0x2038:                   0
 Fragments            0x2039:                   0
 Oversize             0x203a:                   0
 Jabber               0x203b:                   0
 RxError              0x203c:                   0
 BadCrc               0x203d:                   0
 Collisions           0x203e:                   0
 LateCollisions       0x203f:                   0

MAC MIB Counters (System MAC, phyPorts 1/3):
 GoodOctetsReceived   0x20a0:       1641415103403
 BadOctetsReceived    0x20a2:                   0
 TxFIFOunderrun/TxCRC 0x20a3:                   0
 UnicastFramesReceive 0x20a4:             5985077
 SentDeferred         0x20a5:                   0
 BroadcastFramesRecei 0x20a6:          2106248511
 MulticastFramesRecei 0x20a7:           894360098
 Frames64Octets       0x20a8:           153780900
 Frames65to127Octets  0x20a9:             9967549
 Frames128to255Octets 0x20aa:          1701761179
 Frames256to511Octets 0x20ab:          3996302378
 Frames512to1023Octet 0x20ac:                   4
 Frames1024toMaxOctet 0x20ad:                 674
 GoodOctetsSent       0x20ae:       1618978265079
 UnicastFramesSent    0x20b0:            24007219
 ExcessiveCollision   0x20b1:                   0
 MulticastFramesSent  0x20b2:           817410575
 BroadcastFramesSent  0x20b3:          2013802019
 SentMultiple         0x20b4:                   0
 FCSent               0x20b5:                   0
 FCReceived           0x20b6:                   0
 RxFIFOOverrun        0x20b7:                   0
 Undersize            0x20b8:                   0
 Fragments            0x20b9:                   0
 Oversize             0x20ba:                   0
 Jabber               0x20bb:                   0
 RxError              0x20bc:                   0
 BadCrc               0x20bd:                   0
 Collisions           0x20be:                   0
 LateCollisions       0x20bf:                   0


SFP internal PHY:
 Auto negotiation
  Enabled Complete
  Flow Control
    Advertised()
    Partner   ()
  10M/100M Speed, Duplex
    Advertised(100BASE-TX(Full ) )
    Partner   (100BASE-TX(Full Half) 10BASE-TX(Full Half))
  1G Speed, Duplex
    Advertised(1000BASE-T(Full ))
    Partner   (1000BASE-T(Full ))
Page 0:
   0 1140  1 796d  2 0141  3 0dd1  4 0101  5 c1e1  6 000f  7 2001 
   8 485a  9 0200 10 3800 13 0003 14 0000 15 3000 16 3060 17 ac48 
  18 0000 19 1c40 20 0020 21 0000 22 0000 23 0000 26 0040 
Page 1:
   0 1140  1 0169  2 0141  3 0dd1  4 9901  5 4001  6 0007  7 2001 
   8 0000 15 c000 16 400e 17 ac20 18 0000 19 3c10 21 0000 22 0001 
  23 0000 24 0000 25 0000 26 0042 
Page 2:
  16 4448 18 0000 19 000c 20 0000 21 1076 22 0002 24 4709 25 0013 
Page 4:
  20 0000 22 0004 
Page 5:
  20 0000 21 1070 22 0005 
Page 6:
  16 0000 17 0000 18 0000 19 000b 20 0200 22 0006 23 0000 24 0000 
  25 0000 26 1910 27 0c54 
Page 18:
   0 0c00  1 111e  2 111e 16 0000 17 0000 18 0000 19 000b 20 0001 
  22 0012 25 0002 26 0000 

Port configuration:
  lport  9   macStatus:       0x12009010      value: 0x0000E80B
             macCtrl:         0x12009000      value: 0x00008BE5
             autoNegCtrl:     0x1200900C      value: 0x0000B0EC
             macCtrl1:        0x12009004      value: 0x00003783
             macCtrl2:        0x12009008      value: 0x0000C009
             macCtrl3:        0x12009048      value: 0x00000300
             macCtrl4:        0x12009090      value: 0x00002502
             portControl:     0x01009000      value: 0x00208041

Phy address is: 08

PHY Registers for dev 1 (port 8)
  	hwMode (4 QSGMII to SGMII)

SGMII link partner ()
  Enabled Incomplete
  Link
    link partner Down
  Flow Control
    Partner   ( )
  Duplex
    Partner   (Duplex half)
  Speed
    Partner   (Speed 10Mbps)

Page 0 - Copper
  0 1940  1 7949  2 0141  3 0EC0  4 01E1  5 0000  6 0004  7 2001
  8 0000  9 0F00 10 4000 13 0003 14 0000 15 3000 16 3060 17 8000
 18 0000 19 0040 20 0020 21 0000 23 0000 26 0040
Page 1 - SGMII
  0 1140  1 0149  2 0141  3 0EC0  4 0001  5 0000  6 0004  7 2001
  8 0000 15 C000 16 4207 17 8010 18 0000 19 0000 21 0000 23 0000
 24 0000 25 0000 26 0042
Page 2 - Mac
 16 6008 18 0000 19 0000 21 1046
Page 3 - LED
 16 887F 17 8005 18 4905 19 0073 28 0003 29 0000
Page 4 - QSGMII
  0 1140  1 0000  4 0901  5 0000  6 0000 16 6224 17 8000 18 0000
 19 0000 20 0000 21 0000 23 0000 24 0000 25 0000 26 3002 27 3F80
 28 0000
Page 5 - VCT
 16 0000 17 0000 18 0000 19 0000 20 0000 21 2000 23 0603 24 0000
 25 0104 26 0F12 27 0A0C 28 0C06
Page 6 - Packet
 16 0000 17 0000 18 0000 19 000B 23 0000 24 0000 25 0000 26 1910
Page 7 - Cable
 16 0000 17 0000 18 0000 19 0000 20 0000 21 0000 25 0104 26 0F12
 27 0A0C 28 0006
Page 18 - Common
  0 0000  1 0000  2 0000 16 0000 17 0000 19 000B 20 0004 25 0000
 26 0000 27 2000
Page 255 - Factory
  0 0000  1 0000  2 0000  3 0000  4 0000  5 0000  6 0000  7 0000
  8 0000  9 0000 10 0000 11 0000 12 0000 13 0000 14 0000 15 0000
 16 0159 17 0000 18 0000 19 0000 20 0000 21 0000 23 0000 24 0000
 25 0000 26 0000 27 0000 28 0000 29 0000 30 0000 31 0000

Clause 45 PHY Information for dev 1 port 8:

 Device 3 PCS registers: length 4 devNum 1
  0000=0000  0001=0042  0014=0006  0016=0000  
 Device 7 EEE autoneg registers: length 2 devNum 1
  003C=0000  003D=0000  


MacSec PHY Information for dev 1 port 8:

 Slice registers: length 87 devNum 1
  0000=88e58100  0001=00400030  0002=00000000  0003=00000000  0004=00000000  
  0005=00000000  0006=00000000  0007=00000001  0009=00001008  000B=0fb40000  
  000C=00000000  000D=00000000  000E=00000000  0010=00000005  0011=00000000  
  0012=00000000  0015=00000000  0016=00000000  0017=00000000  0018=00000000  
  0019=00000006  001A=00000000  001B=00000000  001C=00000000  001D=00000000  
  001E=00000000  001F=00000000  0020=00000000  0021=00000000  0022=00000000  
  0023=00000000  0024=00000000  0025=00000000  0026=00000000  0027=00000000  
  0028=00000000  0029=00000000  002A=00000000  002B=00000000  002C=00000000  
  002D=00000000  002E=00000000  002F=00000000  0030=888e8808  0031=00000000  
  0032=00000000  0033=00000000  0040=00011849  0041=00020081  0042=00000008  
  0043=00000020  0044=00000001  0045=00000000  0046=00000000  0047=0007fe43  
  0048=0009a520  0050=000117c9  0051=00010081  0052=00000000  0053=00000030  
  0054=00000005  0055=00000000  0056=00000000  0057=0007fe43  0058=0009a520  
  0070=00000077  0071=5a000000  0072=00000000  0073=00000000  0074=00000004  
  0076=00002006  0077=00000000  0078=00000000  0079=004050f0  007A=00010000  
  007B=00000000  007C=00000000  007D=00000000  007E=00000000  007F=00000000  
  03C0=111e2020  03C1=00000000  03C2=00000000  03C3=00000003  03C4=000050f0  
  03C6=00001400  03C7=00005096  

MAC MIB Counters (Wire MAC):
 GoodOctetsReceived   0x2000:                   0
 BadOctetsReceived    0x2002:                   0
 TxFIFOunderrun/TxCRC 0x2003:                   0
 UnicastFramesReceive 0x2004:                   0
 SentDeferred         0x2005:                   0
 BroadcastFramesRecei 0x2006:                   0
 MulticastFramesRecei 0x2007:                   0
 Frames64Octets       0x2008:                   0
 Frames65to127Octets  0x2009:                   0
 Frames128to255Octets 0x200a:                   0
 Frames256to511Octets 0x200b:                   0
 Frames512to1023Octet 0x200c:                   0
 Frames1024toMaxOctet 0x200d:                   0
 GoodOctetsSent       0x200e:                   0
 UnicastFramesSent    0x2010:                   0
 ExcessiveCollision   0x2011:                   0
 MulticastFramesSent  0x2012:                   0
 BroadcastFramesSent  0x2013:                   0
 SentMultiple         0x2014:                   0
 FCSent               0x2015:                   0
 FCReceived           0x2016:                   0
 RxFIFOOverrun        0x2017:                   0
 Undersize            0x2018:                   0
 Fragments            0x2019:                   0
 Oversize             0x201a:                   0
 Jabber               0x201b:                   0
 RxError              0x201c:                   0
 BadCrc               0x201d:                   0
 Collisions           0x201e:                   0
 LateCollisions       0x201f:                   0

MAC MIB Counters (System MAC, phyPorts 0/2):
 GoodOctetsReceived   0x2080:                   0
 BadOctetsReceived    0x2082:                   0
 TxFIFOunderrun/TxCRC 0x2083:                   0
 UnicastFramesReceive 0x2084:                   0
 SentDeferred         0x2085:                   0
 BroadcastFramesRecei 0x2086:                   0
 MulticastFramesRecei 0x2087:                   0
 Frames64Octets       0x2088:                   0
 Frames65to127Octets  0x2089:                   0
 Frames128to255Octets 0x208a:                   0
 Frames256to511Octets 0x208b:                   0
 Frames512to1023Octet 0x208c:                   0
 Frames1024toMaxOctet 0x208d:                   0
 GoodOctetsSent       0x208e:                   0
 UnicastFramesSent    0x2090:                   0
 ExcessiveCollision   0x2091:                   0
 MulticastFramesSent  0x2092:                   0
 BroadcastFramesSent  0x2093:                   0
 SentMultiple         0x2094:                   0
 FCSent               0x2095:                   0
 FCReceived           0x2096:                   0
 RxFIFOOverrun        0x2097:                   0
 Undersize            0x2098:                   0
 Fragments            0x2099:                   0
 Oversize             0x209a:                   0
 Jabber               0x209b:                   0
 RxError              0x209c:                   0
 BadCrc               0x209d:                   0
 Collisions           0x209e:                   0
 LateCollisions       0x209f:                   0


Port configuration:
  lport  8   macStatus:       0x12008010      value: 0x0000AC0A
             macCtrl:         0x12008000      value: 0x00008BE5
             autoNegCtrl:     0x1200800C      value: 0x0000B0E8
             macCtrl1:        0x12008004      value: 0x00003783
             macCtrl2:        0x12008008      value: 0x0000C008
             macCtrl3:        0x12008048      value: 0x00000300
             macCtrl4:        0x12008090      value: 0x00002002
             portControl:     0x01008000      value: 0x00208041

Phy address is: 0b

PHY Registers for dev 1 (port 11)
  	hwMode (2 QSGMII to 1000BASE-X)

Fiber Auto Negotiation
  Enabled Incomplete
  Flow Control
    Advertised(None)
    Partner   (None)
  Speed, Duplex
    Advertised(1000BASEX(Full ) )
    Partner   ()
  remote fault (None)

Page 0 - Copper
  0 1940  1 7949  2 0141  3 0EC0  4 01E1  5 0000  6 0004  7 2001
  8 0000  9 0F00 10 4000 13 0003 14 0000 15 3000 16 3060 17 8040
 18 0000 19 0040 20 0020 21 0000 23 0000 26 0040
Page 1 - SGMII
  0 1140  1 0149  2 0141  3 0EC0  4 0020  5 0000  6 0004  7 2001
  8 0000 15 C000 16 4005 17 8010 18 0000 19 0000 21 0000 23 0000
 24 0000 25 0000 26 0042
Page 2 - Mac
 16 6008 18 0000 19 0000 21 1046
Page 3 - LED
 16 887F 17 8005 18 4905 19 0073 28 0003 29 0000
Page 4 - QSGMII
  0 1140  1 0000  4 0901  5 0000  6 0000 16 6224 17 8000 18 0000
 19 0000 20 0000 21 0000 23 0000 24 0000 25 0000 26 3002 27 3F80
 28 0000
Page 5 - VCT
 16 0000 17 0000 18 0000 19 0000 20 0000 21 2000 23 0603 24 0000
 25 0104 26 0F12 27 0A0C 28 0C06
Page 6 - Packet
 16 0000 17 0000 18 0000 19 000B 23 0000 24 0000 25 0000 26 1910
Page 7 - Cable
 16 0000 17 0000 18 0000 19 0000 20 0000 21 0000 25 0104 26 0F12
 27 0A0C 28 0006
Page 18 - Common
  0 0000  1 0000  2 0000 16 0000 17 0000 19 000B 20 0002 25 0000
 26 0000 27 2000
Page 255 - Factory
  0 0000  1 0000  2 0000  3 0000  4 0000  5 0000  6 0000  7 0000
  8 0000  9 0000 10 0000 11 0000 12 0000 13 0000 14 0000 15 0000
 16 0159 17 0000 18 1030 19 0000 20 0000 21 0000 23 0000 24 0000
 25 0000 26 0000 27 0000 28 0000 29 0000 30 0000 31 0000

Clause 45 PHY Information for dev 1 port 11:

 Device 3 PCS registers: length 4 devNum 1
  0000=0000  0001=0042  0014=0006  0016=0000  
 Device 7 EEE autoneg registers: length 2 devNum 1
  003C=0000  003D=0000  


MacSec PHY Information for dev 1 port 11:

 Slice registers: length 87 devNum 1
  1800=88e58100  1801=00400030  1802=00000000  1803=00000000  1804=00000000  
  1805=00000000  1806=00000000  1807=00000001  1809=00001008  180B=0fb40000  
  180C=00000000  180D=00000000  180E=00000000  1810=00000005  1811=00000000  
  1812=00000000  1815=00000000  1816=00000000  1817=00000000  1818=00000000  
  1819=00000006  181A=00000000  181B=00000000  181C=00000000  181D=00000000  
  181E=00000000  181F=00000000  1820=00000000  1821=00000000  1822=00000000  
  1823=00000000  1824=00000000  1825=00000000  1826=00000000  1827=00000000  
  1828=00000000  1829=00000000  182A=00000000  182B=00000000  182C=00000000  
  182D=00000000  182E=00000000  182F=00000000  1830=888e8808  1831=00000000  
  1832=00000000  1833=00000000  1840=00011849  1841=00020081  1842=00000008  
  1843=00000020  1844=00000001  1845=00000000  1846=00000000  1847=0007fe43  
  1848=0009a520  1850=000117c9  1851=00010081  1852=00000000  1853=00000030  
  1854=00000005  1855=00000000  1856=00000000  1857=0007fe43  1858=0009a520  
  1870=00000077  1871=5a000000  1872=00000000  1873=00000000  1874=00000004  
  1876=00002006  1877=00000000  1878=00000000  1879=004050f0  187A=00010000  
  187B=00000000  187C=00000000  187D=00000000  187E=00000000  187F=00000000  
  1BC0=111e2020  1BC1=00000000  1BC2=00000000  1BC3=00000003  1BC4=000050f0  
  1BC6=00001400  1BC7=00005096  

MAC MIB Counters (Wire MAC):
 GoodOctetsReceived   0x2060:                   0
 BadOctetsReceived    0x2062:                   0
 TxFIFOunderrun/TxCRC 0x2063:                   0
 UnicastFramesReceive 0x2064:                   0
 SentDeferred         0x2065:                   0
 BroadcastFramesRecei 0x2066:                   0
 MulticastFramesRecei 0x2067:                   0
 Frames64Octets       0x2068:                   0
 Frames65to127Octets  0x2069:                   0
 Frames128to255Octets 0x206a:                   0
 Frames256to511Octets 0x206b:                   0
 Frames512to1023Octet 0x206c:                   0
 Frames1024toMaxOctet 0x206d:                   0
 GoodOctetsSent       0x206e:                   0
 UnicastFramesSent    0x2070:                   0
 ExcessiveCollision   0x2071:                   0
 MulticastFramesSent  0x2072:                   0
 BroadcastFramesSent  0x2073:                   0
 SentMultiple         0x2074:                   0
 FCSent               0x2075:                   0
 FCReceived           0x2076:                   0
 RxFIFOOverrun        0x2077:                   0
 Undersize            0x2078:                   0
 Fragments            0x2079:                   0
 Oversize             0x207a:                   0
 Jabber               0x207b:                   0
 RxError              0x207c:                   0
 BadCrc               0x207d:                   0
 Collisions           0x207e:                   0
 LateCollisions       0x207f:                   0

MAC MIB Counters (System MAC, phyPorts 1/3):
 GoodOctetsReceived   0x20a0:            18375524
 BadOctetsReceived    0x20a2:                   0
 TxFIFOunderrun/TxCRC 0x20a3:                   0
 UnicastFramesReceive 0x20a4:                   0
 SentDeferred         0x20a5:                   0
 BroadcastFramesRecei 0x20a6:               77648
 MulticastFramesRecei 0x20a7:               58228
 Frames64Octets       0x20a8:              117380
 Frames65to127Octets  0x20a9:                   0
 Frames128to255Octets 0x20aa:              117366
 Frames256to511Octets 0x20ab:               39122
 Frames512to1023Octet 0x20ac:                   0
 Frames1024toMaxOctet 0x20ad:                   0
 GoodOctetsSent       0x20ae:            17912616
 UnicastFramesSent    0x20b0:                   0
 ExcessiveCollision   0x20b1:                   0
 MulticastFramesSent  0x20b2:               58297
 BroadcastFramesSent  0x20b3:               77732
 SentMultiple         0x20b4:                   0
 FCSent               0x20b5:                   0
 FCReceived           0x20b6:                   0
 RxFIFOOverrun        0x20b7:                   0
 Undersize            0x20b8:                   0
 Fragments            0x20b9:                   0
 Oversize             0x20ba:                   0
 Jabber               0x20bb:                   0
 RxError              0x20bc:                   0
 BadCrc               0x20bd:                   0
 Collisions           0x20be:                   0
 LateCollisions       0x20bf:                   0


Port configuration:
  lport 11   macStatus:       0x1200B010      value: 0x0000A400
             macCtrl:         0x1200B000      value: 0x00008BE5
             autoNegCtrl:     0x1200B00C      value: 0x0000B0EC
             macCtrl1:        0x1200B004      value: 0x00003783
             macCtrl2:        0x1200B008      value: 0x0000C009
             macCtrl3:        0x1200B048      value: 0x00000300
             macCtrl4:        0x1200B090      value: 0x00002D02
             portControl:     0x0100B000      value: 0x00208041

Phy address is: 0a

PHY Registers for dev 1 (port 10)
  	hwMode (4 QSGMII to SGMII)

SGMII link partner ()
  Enabled Incomplete
  Link
    link partner Down
  Flow Control
    Partner   ( )
  Duplex
    Partner   (Duplex half)
  Speed
    Partner   (Speed 10Mbps)

Page 0 - Copper
  0 1940  1 7949  2 0141  3 0EC0  4 01E1  5 0000  6 0004  7 2001
  8 0000  9 0F00 10 4000 13 0003 14 0000 15 3000 16 3060 17 8040
 18 0000 19 0040 20 0020 21 0000 23 0000 26 0040
Page 1 - SGMII
  0 1140  1 0149  2 0141  3 0EC0  4 0001  5 0000  6 0004  7 2001
  8 0000 15 C000 16 4207 17 8010 18 0000 19 0000 21 0000 23 0000
 24 0000 25 0000 26 0042
Page 2 - Mac
 16 6008 18 0000 19 0000 21 1046
Page 3 - LED
 16 887F 17 8005 18 4905 19 0073 28 0003 29 0000
Page 4 - QSGMII
  0 1140  1 0000  4 0901  5 0000  6 0000 16 6224 17 8000 18 0000
 19 0000 20 0000 21 0000 23 0000 24 0000 25 0000 26 3002 27 3F80
 28 0000
Page 5 - VCT
 16 0000 17 0000 18 0000 19 0000 20 0000 21 2000 23 0603 24 0000
 25 0104 26 0F12 27 0A0C 28 0C06
Page 6 - Packet
 16 0000 17 0000 18 0000 19 000B 23 0000 24 0000 25 0000 26 1910
Page 7 - Cable
 16 0000 17 0000 18 0000 19 0000 20 0000 21 0000 25 0104 26 0F12
 27 0A0C 28 0006
Page 18 - Common
  0 0000  1 0000  2 0000 16 0000 17 0000 19 000B 20 0004 25 0000
 26 0000 27 2000
Page 255 - Factory
  0 0000  1 0000  2 0000  3 0000  4 0000  5 0000  6 0000  7 0000
  8 0000  9 0000 10 0000 11 0000 12 0000 13 0000 14 0000 15 0000
 16 0159 17 0000 18 4B2C 19 0000 20 0000 21 0000 23 0000 24 0000
 25 0000 26 0000 27 0000 28 0000 29 0000 30 0000 31 0000

Clause 45 PHY Information for dev 1 port 10:

 Device 3 PCS registers: length 4 devNum 1
  0000=0000  0001=0042  0014=0006  0016=0000  
 Device 7 EEE autoneg registers: length 2 devNum 1
  003C=0000  003D=0000  


MacSec PHY Information for dev 1 port 10:

 Slice registers: length 87 devNum 1
  1000=88e58100  1001=00400030  1002=00000000  1003=00000000  1004=00000000  
  1005=00000000  1006=00000000  1007=00000001  1009=00001008  100B=0fb40000  
  100C=00000000  100D=00000000  100E=00000000  1010=00000005  1011=00000000  
  1012=00000000  1015=00000000  1016=00000000  1017=00000000  1018=00000000  
  1019=00000006  101A=00000000  101B=00000000  101C=00000000  101D=00000000  
  101E=00000000  101F=00000000  1020=00000000  1021=00000000  1022=00000000  
  1023=00000000  1024=00000000  1025=00000000  1026=00000000  1027=00000000  
  1028=00000000  1029=00000000  102A=00000000  102B=00000000  102C=00000000  
  102D=00000000  102E=00000000  102F=00000000  1030=888e8808  1031=00000000  
  1032=00000000  1033=00000000  1040=00011849  1041=00020081  1042=00000008  
  1043=00000020  1044=00000001  1045=00000000  1046=00000000  1047=0007fe43  
  1048=0009a520  1050=000117c9  1051=00010081  1052=00000000  1053=00000030  
  1054=00000005  1055=00000000  1056=00000000  1057=0007fe43  1058=0009a520  
  1070=00000077  1071=5a000000  1072=00000000  1073=00000000  1074=00000004  
  1076=00002006  1077=00000000  1078=00000000  1079=004050f0  107A=00010000  
  107B=00000000  107C=00000000  107D=00000000  107E=00000000  107F=00000000  
  13C0=111e2020  13C1=00000000  13C2=00000000  13C3=00000003  13C4=000050f0  
  13C6=00001400  13C7=00005096  

MAC MIB Counters (Wire MAC):
 GoodOctetsReceived   0x2040:                   0
 BadOctetsReceived    0x2042:                   0
 TxFIFOunderrun/TxCRC 0x2043:                   0
 UnicastFramesReceive 0x2044:                   0
 SentDeferred         0x2045:                   0
 BroadcastFramesRecei 0x2046:                   0
 MulticastFramesRecei 0x2047:                   0
 Frames64Octets       0x2048:                   0
 Frames65to127Octets  0x2049:                   0
 Frames128to255Octets 0x204a:                   0
 Frames256to511Octets 0x204b:                   0
 Frames512to1023Octet 0x204c:                   0
 Frames1024toMaxOctet 0x204d:                   0
 GoodOctetsSent       0x204e:                   0
 UnicastFramesSent    0x2050:                   0
 ExcessiveCollision   0x2051:                   0
 MulticastFramesSent  0x2052:                   0
 BroadcastFramesSent  0x2053:                   0
 SentMultiple         0x2054:                   0
 FCSent               0x2055:                   0
 FCReceived           0x2056:                   0
 RxFIFOOverrun        0x2057:                   0
 Undersize            0x2058:                   0
 Fragments            0x2059:                   0
 Oversize             0x205a:                   0
 Jabber               0x205b:                   0
 RxError              0x205c:                   0
 BadCrc               0x205d:                   0
 Collisions           0x205e:                   0
 LateCollisions       0x205f:                   0

MAC MIB Counters (System MAC, phyPorts 0/2):
 GoodOctetsReceived   0x2080:                   0
 BadOctetsReceived    0x2082:                   0
 TxFIFOunderrun/TxCRC 0x2083:                   0
 UnicastFramesReceive 0x2084:                   0
 SentDeferred         0x2085:                   0
 BroadcastFramesRecei 0x2086:                   0
 MulticastFramesRecei 0x2087:                   0
 Frames64Octets       0x2088:                   0
 Frames65to127Octets  0x2089:                   0
 Frames128to255Octets 0x208a:                   0
 Frames256to511Octets 0x208b:                   0
 Frames512to1023Octet 0x208c:                   0
 Frames1024toMaxOctet 0x208d:                   0
 GoodOctetsSent       0x208e:                   0
 UnicastFramesSent    0x2090:                   0
 ExcessiveCollision   0x2091:                   0
 MulticastFramesSent  0x2092:                   0
 BroadcastFramesSent  0x2093:                   0
 SentMultiple         0x2094:                   0
 FCSent               0x2095:                   0
 FCReceived           0x2096:                   0
 RxFIFOOverrun        0x2097:                   0
 Undersize            0x2098:                   0
 Fragments            0x2099:                   0
 Oversize             0x209a:                   0
 Jabber               0x209b:                   0
 RxError              0x209c:                   0
 BadCrc               0x209d:                   0
 Collisions           0x209e:                   0
 LateCollisions       0x209f:                   0


Port configuration:
  lport 10   macStatus:       0x1200A010      value: 0x0000AC0A
             macCtrl:         0x1200A000      value: 0x00008BE5
             autoNegCtrl:     0x1200A00C      value: 0x0000B0E8
             macCtrl1:        0x1200A004      value: 0x00003783
             macCtrl2:        0x1200A008      value: 0x0000C008
             macCtrl3:        0x1200A048      value: 0x00000300
             macCtrl4:        0x1200A090      value: 0x00002802
             portControl:     0x0100A000      value: 0x00208041

Phy address is: 0d

PHY Registers for dev 1 (port 13)
  	hwMode (2 QSGMII to 1000BASE-X)

Fiber Auto Negotiation
  Enabled Incomplete
  Flow Control
    Advertised(None)
    Partner   (None)
  Speed, Duplex
    Advertised(1000BASEX(Full ) )
    Partner   ()
  remote fault (None)

Page 0 - Copper
  0 1940  1 7949  2 0141  3 0EC0  4 01E1  5 0000  6 0004  7 2001
  8 0000  9 0F00 10 4000 13 0003 14 0000 15 3000 16 3060 17 8040
 18 0000 19 0040 20 0020 21 0000 23 0000 26 0040
Page 1 - SGMII
  0 1140  1 0149  2 0141  3 0EC0  4 0020  5 0000  6 0004  7 2001
  8 0000 15 C000 16 4005 17 8010 18 0000 19 0000 21 0000 23 0000
 24 0000 25 0000 26 0042
Page 2 - Mac
 16 6008 18 0000 19 0000 21 1046
Page 3 - LED
 16 887F 17 8005 18 4905 19 0073 28 0003 29 0000
Page 4 - QSGMII
  0 1140  1 0000  4 0901  5 0000  6 0000 16 6224 17 8000 18 0000
 19 0000 20 0000 21 0000 23 0000 24 0000 25 0000 26 3002 27 3F80
 28 0000
Page 5 - VCT
 16 0000 17 0000 18 0000 19 0000 20 0000 21 2000 23 0603 24 0000
 25 0104 26 0F12 27 0A0C 28 0C06
Page 6 - Packet
 16 0000 17 0000 18 0000 19 000B 23 0000 24 0000 25 0000 26 190F
Page 7 - Cable
 16 0000 17 0000 18 0000 19 0000 20 0000 21 0000 25 0104 26 0F12
 27 0A0C 28 0006
Page 18 - Common
  0 0000  1 0000  2 0000 16 0000 17 0000 19 000B 20 0002 25 0000
 26 0000 27 2000
Page 255 - Factory
  0 0000  1 0000  2 0000  3 0000  4 0000  5 0000  6 0000  7 0000
  8 0000  9 0000 10 0000 11 0000 12 0000 13 0000 14 0000 15 0000
 16 0159 17 0000 18 0000 19 0000 20 0000 21 0000 23 0000 24 0000
 25 0000 26 0000 27 0000 28 0000 29 0000 30 0000 31 0000

Clause 45 PHY Information for dev 1 port 13:

 Device 3 PCS registers: length 4 devNum 1
  0000=0000  0001=0042  0014=0006  0016=0000  
 Device 7 EEE autoneg registers: length 2 devNum 1
  003C=0000  003D=0000  


MacSec PHY Information for dev 1 port 13:

 Slice registers: length 87 devNum 1
  0800=88e58100  0801=00400030  0802=00000000  0803=00000000  0804=00000000  
  0805=00000000  0806=00000000  0807=00000001  0809=00001008  080B=0fb40000  
  080C=00000000  080D=00000000  080E=00000000  0810=00000005  0811=00000000  
  0812=00000000  0815=00000000  0816=00000000  0817=00000000  0818=00000000  
  0819=00000006  081A=00000000  081B=00000000  081C=00000000  081D=00000000  
  081E=00000000  081F=00000000  0820=00000000  0821=00000000  0822=00000000  
  0823=00000000  0824=00000000  0825=00000000  0826=00000000  0827=00000000  
  0828=00000000  0829=00000000  082A=00000000  082B=00000000  082C=00000000  
  082D=00000000  082E=00000000  082F=00000000  0830=888e8808  0831=00000000  
  0832=00000000  0833=00000000  0840=00011849  0841=00020081  0842=00000008  
  0843=00000020  0844=00000001  0845=00000000  0846=00000000  0847=0007fe43  
  0848=0009a520  0850=000117c9  0851=00010081  0852=00000000  0853=00000030  
  0854=00000005  0855=00000000  0856=00000000  0857=0007fe43  0858=0009a520  
  0870=00000077  0871=5a000000  0872=00000000  0873=00000000  0874=00000004  
  0876=00002006  0877=00000000  0878=00000000  0879=004050f0  087A=00010000  
  087B=00000000  087C=00000000  087D=00000000  087E=00000000  087F=00000000  
  0BC0=111e2020  0BC1=00000000  0BC2=00000000  0BC3=00000003  0BC4=000050f0  
  0BC6=00001400  0BC7=00005096  

MAC MIB Counters (Wire MAC):
 GoodOctetsReceived   0x2020:                   0
 BadOctetsReceived    0x2022:                   0
 TxFIFOunderrun/TxCRC 0x2023:                   0
 UnicastFramesReceive 0x2024:                   0
 SentDeferred         0x2025:                   0
 BroadcastFramesRecei 0x2026:                   0
 MulticastFramesRecei 0x2027:                   0
 Frames64Octets       0x2028:                   0
 Frames65to127Octets  0x2029:                   0
 Frames128to255Octets 0x202a:                   0
 Frames256to511Octets 0x202b:                   0
 Frames512to1023Octet 0x202c:                   0
 Frames1024toMaxOctet 0x202d:                   0
 GoodOctetsSent       0x202e:                   0
 UnicastFramesSent    0x2030:                   0
 ExcessiveCollision   0x2031:                   0
 MulticastFramesSent  0x2032:                   0
 BroadcastFramesSent  0x2033:                   0
 SentMultiple         0x2034:                   0
 FCSent               0x2035:                   0
 FCReceived           0x2036:                   0
 RxFIFOOverrun        0x2037:                   0
 Undersize            0x2038:                   0
 Fragments            0x2039:                   0
 Oversize             0x203a:                   0
 Jabber               0x203b:                   0
 RxError              0x203c:                   0
 BadCrc               0x203d:                   0
 Collisions           0x203e:                   0
 LateCollisions       0x203f:                   0

MAC MIB Counters (System MAC, phyPorts 1/3):
 GoodOctetsReceived   0x20a0:                   0
 BadOctetsReceived    0x20a2:                   0
 TxFIFOunderrun/TxCRC 0x20a3:                   0
 UnicastFramesReceive 0x20a4:                   0
 SentDeferred         0x20a5:                   0
 BroadcastFramesRecei 0x20a6:                   0
 MulticastFramesRecei 0x20a7:                   0
 Frames64Octets       0x20a8:                   0
 Frames65to127Octets  0x20a9:                   0
 Frames128to255Octets 0x20aa:                   0
 Frames256to511Octets 0x20ab:                   0
 Frames512to1023Octet 0x20ac:                   0
 Frames1024toMaxOctet 0x20ad:                   0
 GoodOctetsSent       0x20ae:                   0
 UnicastFramesSent    0x20b0:                   0
 ExcessiveCollision   0x20b1:                   0
 MulticastFramesSent  0x20b2:                   0
 BroadcastFramesSent  0x20b3:                   0
 SentMultiple         0x20b4:                   0
 FCSent               0x20b5:                   0
 FCReceived           0x20b6:                   0
 RxFIFOOverrun        0x20b7:                   0
 Undersize            0x20b8:                   0
 Fragments            0x20b9:                   0
 Oversize             0x20ba:                   0
 Jabber               0x20bb:                   0
 RxError              0x20bc:                   0
 BadCrc               0x20bd:                   0
 Collisions           0x20be:                   0
 LateCollisions       0x20bf:                   0


Port configuration:
  lport 13   macStatus:       0x1200D010      value: 0x0000A400
             macCtrl:         0x1200D000      value: 0x00008BE5
             autoNegCtrl:     0x1200D00C      value: 0x0000B0EC
             macCtrl1:        0x1200D004      value: 0x00003783
             macCtrl2:        0x1200D008      value: 0x0000C009
             macCtrl3:        0x1200D048      value: 0x00000300
             macCtrl4:        0x1200D090      value: 0x00003502
             portControl:     0x0100D000      value: 0x00208041

Phy address is: 0c

PHY Registers for dev 1 (port 12)
  	hwMode (2 QSGMII to 1000BASE-X)

Fiber Auto Negotiation
  Enabled Complete
  Flow Control
    Advertised(None)
    Partner   (None)
  Speed, Duplex
    Advertised(1000BASEX(Full Half) )
    Partner   (1000BASEX(Full Half) )
  remote fault (None)

Page 0 - Copper
  0 1940  1 7949  2 0141  3 0EC0  4 01E1  5 0000  6 0004  7 2001
  8 0000  9 0F00 10 4000 13 4007 14 0000 15 3000 16 3060 17 8040
 18 0000 19 0040 20 0020 21 0000 23 0000 26 0040
Page 1 - SGMII
  0 1140  1 016D  2 0141  3 0EC0  4 0060  5 4060  6 0007  7 2801
  8 0000 15 C000 16 4005 17 AC20 18 0000 19 1C00 21 0000 23 0000
 24 0000 25 0000 26 0042
Page 2 - Mac
 16 6008 18 0000 19 0000 21 1046
Page 3 - LED
 16 887F 17 8005 18 4905 19 0073 28 0003 29 0000
Page 4 - QSGMII
  0 1140  1 0020  4 9901  5 4001  6 0003 16 6224 17 BC20 18 0000
 19 1C00 20 0000 21 0000 23 0000 24 0000 25 0000 26 3002 27 3F80
 28 0000
Page 5 - VCT
 16 0000 17 0000 18 0000 19 0000 20 0000 21 2000 23 0603 24 0000
 25 0104 26 0F12 27 0A0C 28 0C06
Page 6 - Packet
 16 0000 17 0000 18 0000 19 000B 23 0000 24 0000 25 0000 26 190F
Page 7 - Cable
 16 0000 17 0000 18 0000 19 0000 20 0000 21 0000 25 0104 26 0F12
 27 0A0C 28 0006
Page 18 - Common
  0 0000  1 0000  2 0000 16 0000 17 0000 19 000B 20 0002 25 0000
 26 0000 27 2002
Page 255 - Factory
  0 0000  1 0000  2 0000  3 0000  4 0000  5 0000  6 0000  7 0000
  8 0000  9 0000 10 0000 11 0000 12 0000 13 0000 14 0000 15 0000
 16 0159 17 0000 18 6820 19 0000 20 0000 21 0000 23 0000 24 0000
 25 0000 26 0000 27 0000 28 0000 29 0000 30 0000 31 0000

Clause 45 PHY Information for dev 1 port 12:

 Device 3 PCS registers: length 4 devNum 1
  0000=0000  0001=0042  0014=0006  0016=0000  
 Device 7 EEE autoneg registers: length 2 devNum 1
  003C=0000  003D=0000  


MacSec PHY Information for dev 1 port 12:

 Slice registers: length 87 devNum 1
  0000=88e58100  0001=00400030  0002=00000000  0003=00000000  0004=00000000  
  0005=00000000  0006=00000000  0007=00000001  0009=00001008  000B=0fb40000  
  000C=00000000  000D=00000000  000E=00000000  0010=00000005  0011=00000000  
  0012=00000000  0015=00000000  0016=00000000  0017=00000000  0018=00000000  
  0019=00000006  001A=00000000  001B=00000000  001C=00000000  001D=00000000  
  001E=00000000  001F=00000000  0020=00000000  0021=00000000  0022=00000000  
  0023=00000000  0024=00000000  0025=00000000  0026=00000000  0027=00000000  
  0028=00000000  0029=00000000  002A=00000000  002B=00000000  002C=00000000  
  002D=00000000  002E=00000000  002F=00000000  0030=888e8808  0031=00000000  
  0032=00000000  0033=00000000  0040=00011849  0041=00020081  0042=00000008  
  0043=00000020  0044=00000005  0045=00000000  0046=00000000  0047=0007fe43  
  0048=0009a520  0050=000117c9  0051=00010081  0052=00000000  0053=00000030  
  0054=00000005  0055=00000000  0056=00000000  0057=0007fe43  0058=0009a520  
  0070=00000077  0071=5a000000  0072=00000000  0073=00000000  0074=00000004  
  0076=00002006  0077=00000000  0078=00000000  0079=004050f0  007A=00010000  
  007B=00000000  007C=00000000  007D=00000000  007E=00000000  007F=00000000  
  03C0=111e2020  03C1=00000000  03C2=00000000  03C3=00000003  03C4=000050f0  
  03C6=00001400  03C7=00005096  

MAC MIB Counters (Wire MAC):
 GoodOctetsReceived   0x2000:             2350144
 BadOctetsReceived    0x2002:                   0
 TxFIFOunderrun/TxCRC 0x2003:                   0
 UnicastFramesReceive 0x2004:                   0
 SentDeferred         0x2005:                   0
 BroadcastFramesRecei 0x2006:                   0
 MulticastFramesRecei 0x2007:               36721
 Frames64Octets       0x2008:               73442
 Frames65to127Octets  0x2009:                   0
 Frames128to255Octets 0x200a:                   0
 Frames256to511Octets 0x200b:                   0
 Frames512to1023Octet 0x200c:                   0
 Frames1024toMaxOctet 0x200d:                   0
 GoodOctetsSent       0x200e:             2350144
 UnicastFramesSent    0x2010:                   0
 ExcessiveCollision   0x2011:                   0
 MulticastFramesSent  0x2012:               36721
 BroadcastFramesSent  0x2013:                   0
 SentMultiple         0x2014:                   0
 FCSent               0x2015:                   0
 FCReceived           0x2016:                   0
 RxFIFOOverrun        0x2017:                   0
 Undersize            0x2018:                   0
 Fragments            0x2019:                   0
 Oversize             0x201a:                   0
 Jabber               0x201b:                   0
 RxError              0x201c:                   0
 BadCrc               0x201d:                   0
 Collisions           0x201e:                   0
 LateCollisions       0x201f:                   0

MAC MIB Counters (System MAC, phyPorts 0/2):
 GoodOctetsReceived   0x2080:             4700224
 BadOctetsReceived    0x2082:                   0
 TxFIFOunderrun/TxCRC 0x2083:                   0
 UnicastFramesReceive 0x2084:                   0
 SentDeferred         0x2085:                   0
 BroadcastFramesRecei 0x2086:                   0
 MulticastFramesRecei 0x2087:               73441
 Frames64Octets       0x2088:              146882
 Frames65to127Octets  0x2089:                   0
 Frames128to255Octets 0x208a:                   0
 Frames256to511Octets 0x208b:                   0
 Frames512to1023Octet 0x208c:                   0
 Frames1024toMaxOctet 0x208d:                   0
 GoodOctetsSent       0x208e:             4700224
 UnicastFramesSent    0x2090:                   0
 ExcessiveCollision   0x2091:                   0
 MulticastFramesSent  0x2092:               73441
 BroadcastFramesSent  0x2093:                   0
 SentMultiple         0x2094:                   0
 FCSent               0x2095:                   0
 FCReceived           0x2096:                   0
 RxFIFOOverrun        0x2097:                   0
 Undersize            0x2098:                   0
 Fragments            0x2099:                   0
 Oversize             0x209a:                   0
 Jabber               0x209b:                   0
 RxError              0x209c:                   0
 BadCrc               0x209d:                   0
 Collisions           0x209e:                   0
 LateCollisions       0x209f:                   0


Port configuration:
  lport 12   macStatus:       0x1200C010      value: 0x0000E80F
             macCtrl:         0x1200C000      value: 0x00008BE5
             autoNegCtrl:     0x1200C00C      value: 0x0000906C
             macCtrl1:        0x1200C004      value: 0x00003783
             macCtrl2:        0x1200C008      value: 0x0000C009
             macCtrl3:        0x1200C048      value: 0x00000300
             macCtrl4:        0x1200C090      value: 0x00003102
             portControl:     0x0100C000      value: 0x00208041

Phy address is: 0f

PHY Registers for dev 1 (port 15)
  	hwMode (2 QSGMII to 1000BASE-X)

Fiber Auto Negotiation
  Enabled Incomplete
  Flow Control
    Advertised(None)
    Partner   (None)
  Speed, Duplex
    Advertised(1000BASEX(Full ) )
    Partner   ()
  remote fault (None)

Page 0 - Copper
  0 1940  1 7949  2 0141  3 0EC0  4 01E1  5 0000  6 0004  7 2001
  8 0000  9 0F00 10 4000 13 0003 14 0000 15 3000 16 3060 17 8040
 18 0000 19 0040 20 0020 21 0000 23 0000 26 0040
Page 1 - SGMII
  0 1140  1 0149  2 0141  3 0EC0  4 0020  5 0000  6 0004  7 2001
  8 0000 15 C000 16 4005 17 8010 18 0000 19 0000 21 0000 23 0000
 24 0000 25 0000 26 0042
Page 2 - Mac
 16 6008 18 0000 19 0000 21 1046
Page 3 - LED
 16 887F 17 8005 18 4905 19 0073 28 0003 29 0000
Page 4 - QSGMII
  0 1140  1 0000  4 0901  5 0000  6 0000 16 6224 17 8000 18 0000
 19 0000 20 0000 21 0000 23 0000 24 0000 25 0000 26 3002 27 3F80
 28 0000
Page 5 - VCT
 16 0000 17 0000 18 0000 19 0000 20 0000 21 2000 23 0603 24 0000
 25 0104 26 0F12 27 0A0C 28 0C06
Page 6 - Packet
 16 0000 17 0000 18 0000 19 000B 23 0000 24 0000 25 0000 26 190F
Page 7 - Cable
 16 0000 17 0000 18 0000 19 0000 20 0000 21 0000 25 0104 26 0F12
 27 0A0C 28 0006
Page 18 - Common
  0 0000  1 0000  2 0000 16 0000 17 0000 19 000B 20 0002 25 0000
 26 0000 27 2000
Page 255 - Factory
  0 0000  1 0000  2 0000  3 0000  4 0000  5 0000  6 0000  7 0000
  8 0000  9 0000 10 0000 11 0000 12 0000 13 0000 14 0000 15 0000
 16 0159 17 0000 18 9882 19 0000 20 0000 21 0000 23 0000 24 0000
 25 0000 26 0000 27 0000 28 0000 29 0000 30 0000 31 0000

Clause 45 PHY Information for dev 1 port 15:

 Device 3 PCS registers: length 4 devNum 1
  0000=0000  0001=0042  0014=0006  0016=0000  
 Device 7 EEE autoneg registers: length 2 devNum 1
  003C=0000  003D=0000  


MacSec PHY Information for dev 1 port 15:

 Slice registers: length 87 devNum 1
  1800=88e58100  1801=00400030  1802=00000000  1803=00000000  1804=00000000  
  1805=00000000  1806=00000000  1807=00000001  1809=00001008  180B=0fb40000  
  180C=00000000  180D=00000000  180E=00000000  1810=00000005  1811=00000000  
  1812=00000000  1815=00000000  1816=00000000  1817=00000000  1818=00000000  
  1819=00000006  181A=00000000  181B=00000000  181C=00000000  181D=00000000  
  181E=00000000  181F=00000000  1820=00000000  1821=00000000  1822=00000000  
  1823=00000000  1824=00000000  1825=00000000  1826=00000000  1827=00000000  
  1828=00000000  1829=00000000  182A=00000000  182B=00000000  182C=00000000  
  182D=00000000  182E=00000000  182F=00000000  1830=888e8808  1831=00000000  
  1832=00000000  1833=00000000  1840=00011849  1841=00020081  1842=00000008  
  1843=00000020  1844=00000001  1845=00000000  1846=00000000  1847=0007fe43  
  1848=0009a520  1850=000117c9  1851=00010081  1852=00000000  1853=00000030  
  1854=00000005  1855=00000000  1856=00000000  1857=0007fe43  1858=0009a520  
  1870=00000077  1871=5a000000  1872=00000000  1873=00000000  1874=00000004  
  1876=00002006  1877=00000000  1878=00000000  1879=004050f0  187A=00010000  
  187B=00000000  187C=00000000  187D=00000000  187E=00000000  187F=00000000  
  1BC0=111e2020  1BC1=00000000  1BC2=00000000  1BC3=00000003  1BC4=000050f0  
  1BC6=00001400  1BC7=00005096  

MAC MIB Counters (Wire MAC):
 GoodOctetsReceived   0x2060:                   0
 BadOctetsReceived    0x2062:                   0
 TxFIFOunderrun/TxCRC 0x2063:                   0
 UnicastFramesReceive 0x2064:                   0
 SentDeferred         0x2065:                   0
 BroadcastFramesRecei 0x2066:                   0
 MulticastFramesRecei 0x2067:                   0
 Frames64Octets       0x2068:                   0
 Frames65to127Octets  0x2069:                   0
 Frames128to255Octets 0x206a:                   0
 Frames256to511Octets 0x206b:                   0
 Frames512to1023Octet 0x206c:                   0
 Frames1024toMaxOctet 0x206d:                   0
 GoodOctetsSent       0x206e:                   0
 UnicastFramesSent    0x2070:                   0
 ExcessiveCollision   0x2071:                   0
 MulticastFramesSent  0x2072:                   0
 BroadcastFramesSent  0x2073:                   0
 SentMultiple         0x2074:                   0
 FCSent               0x2075:                   0
 FCReceived           0x2076:                   0
 RxFIFOOverrun        0x2077:                   0
 Undersize            0x2078:                   0
 Fragments            0x2079:                   0
 Oversize             0x207a:                   0
 Jabber               0x207b:                   0
 RxError              0x207c:                   0
 BadCrc               0x207d:                   0
 Collisions           0x207e:                   0
 LateCollisions       0x207f:                   0

MAC MIB Counters (System MAC, phyPorts 1/3):
 GoodOctetsReceived   0x20a0:                   0
 BadOctetsReceived    0x20a2:                   0
 TxFIFOunderrun/TxCRC 0x20a3:                   0
 UnicastFramesReceive 0x20a4:                   0
 SentDeferred         0x20a5:                   0
 BroadcastFramesRecei 0x20a6:                   0
 MulticastFramesRecei 0x20a7:                   0
 Frames64Octets       0x20a8:                   0
 Frames65to127Octets  0x20a9:                   0
 Frames128to255Octets 0x20aa:                   0
 Frames256to511Octets 0x20ab:                   0
 Frames512to1023Octet 0x20ac:                   0
 Frames1024toMaxOctet 0x20ad:                   0
 GoodOctetsSent       0x20ae:                   0
 UnicastFramesSent    0x20b0:                   0
 ExcessiveCollision   0x20b1:                   0
 MulticastFramesSent  0x20b2:                   0
 BroadcastFramesSent  0x20b3:                   0
 SentMultiple         0x20b4:                   0
 FCSent               0x20b5:                   0
 FCReceived           0x20b6:                   0
 RxFIFOOverrun        0x20b7:                   0
 Undersize            0x20b8:                   0
 Fragments            0x20b9:                   0
 Oversize             0x20ba:                   0
 Jabber               0x20bb:                   0
 RxError              0x20bc:                   0
 BadCrc               0x20bd:                   0
 Collisions           0x20be:                   0
 LateCollisions       0x20bf:                   0


Port configuration:
  lport 15   macStatus:       0x1200F010      value: 0x0000A400
             macCtrl:         0x1200F000      value: 0x00008BE5
             autoNegCtrl:     0x1200F00C      value: 0x0000B0EC
             macCtrl1:        0x1200F004      value: 0x00003783
             macCtrl2:        0x1200F008      value: 0x0000C009
             macCtrl3:        0x1200F048      value: 0x00000300
             macCtrl4:        0x1200F090      value: 0x00003D02
             portControl:     0x0100F000      value: 0x00208041

Phy address is: 0e

PHY Registers for dev 1 (port 14)
  	hwMode (2 QSGMII to 1000BASE-X)

Fiber Auto Negotiation
  Enabled Complete
  Flow Control
    Advertised(None)
    Partner   (None)
  Speed, Duplex
    Advertised(1000BASEX(Full Half) )
    Partner   (1000BASEX(Full Half) )
  remote fault (None)

Page 0 - Copper
  0 1940  1 7949  2 0141  3 0EC0  4 01E1  5 0000  6 0004  7 2001
  8 0000  9 0F00 10 4000 13 4007 14 0000 15 3000 16 3060 17 8000
 18 0000 19 0040 20 0020 21 0000 23 0000 26 0040
Page 1 - SGMII
  0 1140  1 016D  2 0141  3 0EC0  4 0060  5 4060  6 0007  7 2801
  8 0000 15 C000 16 4005 17 AC20 18 0000 19 1C00 21 0000 23 0000
 24 0000 25 0000 26 0042
Page 2 - Mac
 16 6008 18 0000 19 0000 21 1046
Page 3 - LED
 16 887F 17 8005 18 4905 19 0073 28 0003 29 0000
Page 4 - QSGMII
  0 1140  1 0020  4 9901  5 4001  6 0003 16 6224 17 BC20 18 0000
 19 1C00 20 0000 21 0000 23 0000 24 0000 25 0000 26 3002 27 3F80
 28 0000
Page 5 - VCT
 16 0000 17 0000 18 0000 19 0000 20 0000 21 2000 23 0603 24 0000
 25 0104 26 0F12 27 0A0C 28 0C06
Page 6 - Packet
 16 0000 17 0000 18 0000 19 000B 23 0000 24 0000 25 0000 26 190F
Page 7 - Cable
 16 0000 17 0000 18 0000 19 0000 20 0000 21 0000 25 0104 26 0F12
 27 0A0C 28 0006
Page 18 - Common
  0 0000  1 0000  2 0000 16 0000 17 0000 19 000B 20 0002 25 0001
 26 0000 27 2002
Page 255 - Factory
  0 0000  1 0000  2 0000  3 0000  4 0000  5 0000  6 0000  7 0000
  8 0000  9 0000 10 0000 11 0000 12 0000 13 0000 14 0000 15 0000
 16 0159 17 0000 18 484C 19 0000 20 0000 21 0000 23 0000 24 0000
 25 0000 26 0000 27 0000 28 0000 29 0000 30 0000 31 0000

Clause 45 PHY Information for dev 1 port 14:

 Device 3 PCS registers: length 4 devNum 1
  0000=0000  0001=0042  0014=0006  0016=0000  
 Device 7 EEE autoneg registers: length 2 devNum 1
  003C=0000  003D=0000  


MacSec PHY Information for dev 1 port 14:

 Slice registers: length 87 devNum 1
  1000=88e58100  1001=00400030  1002=00000000  1003=00000000  1004=00000000  
  1005=00000000  1006=00000000  1007=00000001  1009=00001008  100B=0fb40000  
  100C=00000000  100D=00000000  100E=00000000  1010=00000005  1011=00000000  
  1012=00000000  1015=00000000  1016=00000000  1017=00000000  1018=00000000  
  1019=00000006  101A=00000000  101B=00000000  101C=00000000  101D=00000000  
  101E=00000000  101F=00000000  1020=00000000  1021=00000000  1022=00000000  
  1023=00000000  1024=00000000  1025=00000000  1026=00000000  1027=00000000  
  1028=00000000  1029=00000000  102A=00000000  102B=00000000  102C=00000000  
  102D=00000000  102E=00000000  102F=00000000  1030=888e8808  1031=00000000  
  1032=00000000  1033=00000000  1040=00011849  1041=00020081  1042=00000008  
  1043=00000020  1044=00000005  1045=00000000  1046=00000000  1047=0007fe43  
  1048=0009a520  1050=000117c9  1051=00010081  1052=00000000  1053=00000030  
  1054=00000005  1055=00000000  1056=00000000  1057=0007fe43  1058=0009a520  
  1070=00000077  1071=5a000000  1072=00000000  1073=00000000  1074=00000004  
  1076=00002006  1077=00000000  1078=00000000  1079=004050f0  107A=00010000  
  107B=00000000  107C=00000000  107D=00000000  107E=00000000  107F=00000000  
  13C0=111e2020  13C1=00000000  13C2=00000000  13C3=00000003  13C4=000050f0  
  13C6=00001400  13C7=00005096  

MAC MIB Counters (Wire MAC):
 GoodOctetsReceived   0x2040:             2350080
 BadOctetsReceived    0x2042:                   0
 TxFIFOunderrun/TxCRC 0x2043:                   0
 UnicastFramesReceive 0x2044:                   0
 SentDeferred         0x2045:                   0
 BroadcastFramesRecei 0x2046:                   0
 MulticastFramesRecei 0x2047:               36720
 Frames64Octets       0x2048:               73440
 Frames65to127Octets  0x2049:                   0
 Frames128to255Octets 0x204a:                   0
 Frames256to511Octets 0x204b:                   0
 Frames512to1023Octet 0x204c:                   0
 Frames1024toMaxOctet 0x204d:                   0
 GoodOctetsSent       0x204e:             2350080
 UnicastFramesSent    0x2050:                   0
 ExcessiveCollision   0x2051:                   0
 MulticastFramesSent  0x2052:               36720
 BroadcastFramesSent  0x2053:                   0
 SentMultiple         0x2054:                   0
 FCSent               0x2055:                   0
 FCReceived           0x2056:                   0
 RxFIFOOverrun        0x2057:                   0
 Undersize            0x2058:                   0
 Fragments            0x2059:                   0
 Oversize             0x205a:                   0
 Jabber               0x205b:                   0
 RxError              0x205c:                   0
 BadCrc               0x205d:                   0
 Collisions           0x205e:                   0
 LateCollisions       0x205f:                   0

MAC MIB Counters (System MAC, phyPorts 0/2):
 GoodOctetsReceived   0x2080:                   0
 BadOctetsReceived    0x2082:                   0
 TxFIFOunderrun/TxCRC 0x2083:                   0
 UnicastFramesReceive 0x2084:                   0
 SentDeferred         0x2085:                   0
 BroadcastFramesRecei 0x2086:                   0
 MulticastFramesRecei 0x2087:                   0
 Frames64Octets       0x2088:                   0
 Frames65to127Octets  0x2089:                   0
 Frames128to255Octets 0x208a:                   0
 Frames256to511Octets 0x208b:                   0
 Frames512to1023Octet 0x208c:                   0
 Frames1024toMaxOctet 0x208d:                   0
 GoodOctetsSent       0x208e:                   0
 UnicastFramesSent    0x2090:                   0
 ExcessiveCollision   0x2091:                   0
 MulticastFramesSent  0x2092:                   0
 BroadcastFramesSent  0x2093:                   0
 SentMultiple         0x2094:                   0
 FCSent               0x2095:                   0
 FCReceived           0x2096:                   0
 RxFIFOOverrun        0x2097:                   0
 Undersize            0x2098:                   0
 Fragments            0x2099:                   0
 Oversize             0x209a:                   0
 Jabber               0x209b:                   0
 RxError              0x209c:                   0
 BadCrc               0x209d:                   0
 Collisions           0x209e:                   0
 LateCollisions       0x209f:                   0


Port configuration:
  lport 14   macStatus:       0x1200E010      value: 0x0000E80F
             macCtrl:         0x1200E000      value: 0x00008BE5
             autoNegCtrl:     0x1200E00C      value: 0x0000906C
             macCtrl1:        0x1200E004      value: 0x00003783
             macCtrl2:        0x1200E008      value: 0x0000C009
             macCtrl3:        0x1200E048      value: 0x00000300
             macCtrl4:        0x1200E090      value: 0x00003902
             portControl:     0x0100E000      value: 0x00208041

Phy address is: 11

PHY Registers for dev 1 (port 17)
  	hwMode (2 QSGMII to 1000BASE-X)

Fiber Auto Negotiation
  Enabled Incomplete
  Flow Control
    Advertised(None)
    Partner   (None)
  Speed, Duplex
    Advertised(1000BASEX(Full ) )
    Partner   ()
  remote fault (None)

Page 0 - Copper
  0 1940  1 7949  2 0141  3 0EC0  4 01E1  5 0000  6 0004  7 2001
  8 0000  9 0F00 10 4000 13 0003 14 0000 15 3000 16 3060 17 8040
 18 0000 19 0040 20 0020 21 0000 23 0000 26 0040
Page 1 - SGMII
  0 1140  1 0149  2 0141  3 0EC0  4 0020  5 0000  6 0004  7 2001
  8 0000 15 C000 16 4005 17 8010 18 0000 19 0000 21 0000 23 0000
 24 0000 25 0000 26 0042
Page 2 - Mac
 16 6008 18 0000 19 0000 21 1046
Page 3 - LED
 16 887F 17 8005 18 4905 19 0073 28 0003 29 0000
Page 4 - QSGMII
  0 1140  1 0000  4 0901  5 0000  6 0000 16 6224 17 8000 18 0000
 19 0000 20 0000 21 0000 23 0000 24 0000 25 0000 26 3002 27 3F80
 28 0000
Page 5 - VCT
 16 0000 17 0000 18 0000 19 0000 20 0000 21 2000 23 0603 24 0000
 25 0104 26 0F12 27 0A0C 28 0C06
Page 6 - Packet
 16 0000 17 0000 18 0000 19 000B 23 0000 24 0000 25 0000 26 190E
Page 7 - Cable
 16 0000 17 0000 18 0000 19 0000 20 0000 21 0000 25 0104 26 0F12
 27 0A0C 28 0006
Page 18 - Common
  0 0000  1 0000  2 0000 16 0000 17 0000 19 000B 20 0002 25 0000
 26 0000 27 2000
Page 255 - Factory
  0 0000  1 0000  2 0000  3 0000  4 0000  5 0000  6 0000  7 0000
  8 0000  9 0000 10 0000 11 0000 12 0000 13 0000 14 0000 15 0000
 16 0159 17 0000 18 7FD5 19 0000 20 0000 21 0000 23 0000 24 0000
 25 0000 26 0000 27 0000 28 0000 29 0000 30 0000 31 0000

Clause 45 PHY Information for dev 1 port 17:

 Device 3 PCS registers: length 4 devNum 1
  0000=0000  0001=0042  0014=0006  0016=0000  
 Device 7 EEE autoneg registers: length 2 devNum 1
  003C=0000  003D=0000  


MacSec PHY Information for dev 1 port 17:

 Slice registers: length 87 devNum 1
  0800=88e58100  0801=00400030  0802=00000000  0803=00000000  0804=00000000  
  0805=00000000  0806=00000000  0807=00000001  0809=00001008  080B=0fb40000  
  080C=00000000  080D=00000000  080E=00000000  0810=00000005  0811=00000000  
  0812=00000000  0815=00000000  0816=00000000  0817=00000000  0818=00000000  
  0819=00000006  081A=00000000  081B=00000000  081C=00000000  081D=00000000  
  081E=00000000  081F=00000000  0820=00000000  0821=00000000  0822=00000000  
  0823=00000000  0824=00000000  0825=00000000  0826=00000000  0827=00000000  
  0828=00000000  0829=00000000  082A=00000000  082B=00000000  082C=00000000  
  082D=00000000  082E=00000000  082F=00000000  0830=888e8808  0831=00000000  
  0832=00000000  0833=00000000  0840=00011849  0841=00020081  0842=00000008  
  0843=00000020  0844=00000001  0845=00000000  0846=00000000  0847=0007fe43  
  0848=0009a520  0850=000117c9  0851=00010081  0852=00000000  0853=00000030  
  0854=00000005  0855=00000000  0856=00000000  0857=0007fe43  0858=0009a520  
  0870=00000077  0871=5a000000  0872=00000000  0873=00000000  0874=00000004  
  0876=00002006  0877=00000000  0878=00000000  0879=004050f0  087A=00010000  
  087B=00000000  087C=00000000  087D=00000000  087E=00000000  087F=00000000  
  0BC0=111e2020  0BC1=00000000  0BC2=00000000  0BC3=00000003  0BC4=000050f0  
  0BC6=00001400  0BC7=00005096  

MAC MIB Counters (Wire MAC):
 GoodOctetsReceived   0x2020:                   0
 BadOctetsReceived    0x2022:                   0
 TxFIFOunderrun/TxCRC 0x2023:                   0
 UnicastFramesReceive 0x2024:                   0
 SentDeferred         0x2025:                   0
 BroadcastFramesRecei 0x2026:                   0
 MulticastFramesRecei 0x2027:                   0
 Frames64Octets       0x2028:                   0
 Frames65to127Octets  0x2029:                   0
 Frames128to255Octets 0x202a:                   0
 Frames256to511Octets 0x202b:                   0
 Frames512to1023Octet 0x202c:                   0
 Frames1024toMaxOctet 0x202d:                   0
 GoodOctetsSent       0x202e:                   0
 UnicastFramesSent    0x2030:                   0
 ExcessiveCollision   0x2031:                   0
 MulticastFramesSent  0x2032:                   0
 BroadcastFramesSent  0x2033:                   0
 SentMultiple         0x2034:                   0
 FCSent               0x2035:                   0
 FCReceived           0x2036:                   0
 RxFIFOOverrun        0x2037:                   0
 Undersize            0x2038:                   0
 Fragments            0x2039:                   0
 Oversize             0x203a:                   0
 Jabber               0x203b:                   0
 RxError              0x203c:                   0
 BadCrc               0x203d:                   0
 Collisions           0x203e:                   0
 LateCollisions       0x203f:                   0

MAC MIB Counters (System MAC, phyPorts 1/3):
 GoodOctetsReceived   0x20a0:                   0
 BadOctetsReceived    0x20a2:                   0
 TxFIFOunderrun/TxCRC 0x20a3:                   0
 UnicastFramesReceive 0x20a4:                   0
 SentDeferred         0x20a5:                   0
 BroadcastFramesRecei 0x20a6:                   0
 MulticastFramesRecei 0x20a7:                   0
 Frames64Octets       0x20a8:                   0
 Frames65to127Octets  0x20a9:                   0
 Frames128to255Octets 0x20aa:                   0
 Frames256to511Octets 0x20ab:                   0
 Frames512to1023Octet 0x20ac:                   0
 Frames1024toMaxOctet 0x20ad:                   0
 GoodOctetsSent       0x20ae:                   0
 UnicastFramesSent    0x20b0:                   0
 ExcessiveCollision   0x20b1:                   0
 MulticastFramesSent  0x20b2:                   0
 BroadcastFramesSent  0x20b3:                   0
 SentMultiple         0x20b4:                   0
 FCSent               0x20b5:                   0
 FCReceived           0x20b6:                   0
 RxFIFOOverrun        0x20b7:                   0
 Undersize            0x20b8:                   0
 Fragments            0x20b9:                   0
 Oversize             0x20ba:                   0
 Jabber               0x20bb:                   0
 RxError              0x20bc:                   0
 BadCrc               0x20bd:                   0
 Collisions           0x20be:                   0
 LateCollisions       0x20bf:                   0


Port configuration:
  lport 17   macStatus:       0x12011010      value: 0x0000A400
             macCtrl:         0x12011000      value: 0x00008BE5
             autoNegCtrl:     0x1201100C      value: 0x0000B0EC
             macCtrl1:        0x12011004      value: 0x00003783
             macCtrl2:        0x12011008      value: 0x0000C009
             macCtrl3:        0x12011048      value: 0x00000300
             macCtrl4:        0x12011090      value: 0x00004502
             portControl:     0x01011000      value: 0x00208041

Phy address is: 10

PHY Registers for dev 1 (port 16)
  	hwMode (4 QSGMII to SGMII)

SGMII link partner ()
  Enabled Incomplete
  Link
    link partner Down
  Flow Control
    Partner   ( )
  Duplex
    Partner   (Duplex half)
  Speed
    Partner   (Speed 10Mbps)

Page 0 - Copper
  0 1940  1 7949  2 0141  3 0EC0  4 01E1  5 0000  6 0004  7 2001
  8 0000  9 0F00 10 4000 13 0003 14 0000 15 3000 16 3060 17 8040
 18 0000 19 0040 20 0020 21 0000 23 0000 26 0040
Page 1 - SGMII
  0 1140  1 0149  2 0141  3 0EC0  4 0001  5 0000  6 0004  7 2001
  8 0000 15 C000 16 4207 17 8010 18 0000 19 0000 21 0000 23 0000
 24 0000 25 0000 26 0042
Page 2 - Mac
 16 6008 18 0000 19 0000 21 1046
Page 3 - LED
 16 887F 17 8005 18 4905 19 0073 28 0003 29 0000
Page 4 - QSGMII
  0 1140  1 0000  4 0901  5 0000  6 0000 16 6224 17 8000 18 0000
 19 0000 20 0000 21 0000 23 0000 24 0000 25 0000 26 3002 27 3F80
 28 0000
Page 5 - VCT
 16 0000 17 0000 18 0000 19 0000 20 0000 21 2000 23 0603 24 0000
 25 0104 26 0F12 27 0A0C 28 0C06
Page 6 - Packet
 16 0000 17 0000 18 0000 19 000B 23 0000 24 0000 25 0000 26 190E
Page 7 - Cable
 16 0000 17 0000 18 0000 19 0000 20 0000 21 0000 25 0104 26 0F12
 27 0A0C 28 0006
Page 18 - Common
  0 0000  1 0000  2 0000 16 0000 17 0000 19 000B 20 0004 25 0000
 26 0000 27 2000
Page 255 - Factory
  0 0000  1 0000  2 0000  3 0000  4 0000  5 0000  6 0000  7 0000
  8 0000  9 0000 10 0000 11 0000 12 0000 13 0000 14 0000 15 0000
 16 0159 17 0000 18 61C5 19 0000 20 0000 21 0000 23 0000 24 0000
 25 0000 26 0000 27 0000 28 0000 29 0000 30 0000 31 0000

Clause 45 PHY Information for dev 1 port 16:

 Device 3 PCS registers: length 4 devNum 1
  0000=0000  0001=0042  0014=0006  0016=0000  
 Device 7 EEE autoneg registers: length 2 devNum 1
  003C=0000  003D=0000  


MacSec PHY Information for dev 1 port 16:

 Slice registers: length 87 devNum 1
  0000=88e58100  0001=00400030  0002=00000000  0003=00000000  0004=00000000  
  0005=00000000  0006=00000000  0007=00000001  0009=00001008  000B=0fb40000  
  000C=00000000  000D=00000000  000E=00000000  0010=00000005  0011=00000000  
  0012=00000000  0015=00000000  0016=00000000  0017=00000000  0018=00000000  
  0019=00000006  001A=00000000  001B=00000000  001C=00000000  001D=00000000  
  001E=00000000  001F=00000000  0020=00000000  0021=00000000  0022=00000000  
  0023=00000000  0024=00000000  0025=00000000  0026=00000000  0027=00000000  
  0028=00000000  0029=00000000  002A=00000000  002B=00000000  002C=00000000  
  002D=00000000  002E=00000000  002F=00000000  0030=888e8808  0031=00000000  
  0032=00000000  0033=00000000  0040=00011849  0041=00020081  0042=00000008  
  0043=00000020  0044=00000001  0045=00000000  0046=00000000  0047=0007fe43  
  0048=0009a520  0050=000117c9  0051=00010081  0052=00000000  0053=00000030  
  0054=00000005  0055=00000000  0056=00000000  0057=0007fe43  0058=0009a520  
  0070=00000077  0071=5a000000  0072=00000000  0073=00000000  0074=00000004  
  0076=00002006  0077=00000000  0078=00000000  0079=004050f0  007A=00010000  
  007B=00000000  007C=00000000  007D=00000000  007E=00000000  007F=00000000  
  03C0=111e2020  03C1=00000000  03C2=00000000  03C3=00000003  03C4=000050f0  
  03C6=00001400  03C7=00005096  

MAC MIB Counters (Wire MAC):
 GoodOctetsReceived   0x2000:                   0
 BadOctetsReceived    0x2002:                   0
 TxFIFOunderrun/TxCRC 0x2003:                   0
 UnicastFramesReceive 0x2004:                   0
 SentDeferred         0x2005:                   0
 BroadcastFramesRecei 0x2006:                   0
 MulticastFramesRecei 0x2007:                   0
 Frames64Octets       0x2008:                   0
 Frames65to127Octets  0x2009:                   0
 Frames128to255Octets 0x200a:                   0
 Frames256to511Octets 0x200b:                   0
 Frames512to1023Octet 0x200c:                   0
 Frames1024toMaxOctet 0x200d:                   0
 GoodOctetsSent       0x200e:                   0
 UnicastFramesSent    0x2010:                   0
 ExcessiveCollision   0x2011:                   0
 MulticastFramesSent  0x2012:                   0
 BroadcastFramesSent  0x2013:                   0
 SentMultiple         0x2014:                   0
 FCSent               0x2015:                   0
 FCReceived           0x2016:                   0
 RxFIFOOverrun        0x2017:                   0
 Undersize            0x2018:                   0
 Fragments            0x2019:                   0
 Oversize             0x201a:                   0
 Jabber               0x201b:                   0
 RxError              0x201c:                   0
 BadCrc               0x201d:                   0
 Collisions           0x201e:                   0
 LateCollisions       0x201f:                   0

MAC MIB Counters (System MAC, phyPorts 0/2):
 GoodOctetsReceived   0x2080:                   0
 BadOctetsReceived    0x2082:                   0
 TxFIFOunderrun/TxCRC 0x2083:                   0
 UnicastFramesReceive 0x2084:                   0
 SentDeferred         0x2085:                   0
 BroadcastFramesRecei 0x2086:                   0
 MulticastFramesRecei 0x2087:                   0
 Frames64Octets       0x2088:                   0
 Frames65to127Octets  0x2089:                   0
 Frames128to255Octets 0x208a:                   0
 Frames256to511Octets 0x208b:                   0
 Frames512to1023Octet 0x208c:                   0
 Frames1024toMaxOctet 0x208d:                   0
 GoodOctetsSent       0x208e:                   0
 UnicastFramesSent    0x2090:                   0
 ExcessiveCollision   0x2091:                   0
 MulticastFramesSent  0x2092:                   0
 BroadcastFramesSent  0x2093:                   0
 SentMultiple         0x2094:                   0
 FCSent               0x2095:                   0
 FCReceived           0x2096:                   0
 RxFIFOOverrun        0x2097:                   0
 Undersize            0x2098:                   0
 Fragments            0x2099:                   0
 Oversize             0x209a:                   0
 Jabber               0x209b:                   0
 RxError              0x209c:                   0
 BadCrc               0x209d:                   0
 Collisions           0x209e:                   0
 LateCollisions       0x209f:                   0


Port configuration:
  lport 16   macStatus:       0x12010010      value: 0x0000A402
             macCtrl:         0x12010000      value: 0x00008BE5
             autoNegCtrl:     0x1201000C      value: 0x0000B0E8
             macCtrl1:        0x12010004      value: 0x00003783
             macCtrl2:        0x12010008      value: 0x0000C008
             macCtrl3:        0x12010048      value: 0x00000300
             macCtrl4:        0x12010090      value: 0x00004002
             portControl:     0x01010000      value: 0x00208041

Phy address is: 13

PHY Registers for dev 1 (port 19)
  	hwMode (4 QSGMII to SGMII)

SGMII link partner ()
  Enabled Incomplete
  Link
    link partner Down
  Flow Control
    Partner   ( )
  Duplex
    Partner   (Duplex half)
  Speed
    Partner   (Speed 10Mbps)

Page 0 - Copper
  0 1940  1 7949  2 0141  3 0EC0  4 01E1  5 0000  6 0004  7 2001
  8 0000  9 0F00 10 4000 13 0003 14 0000 15 3000 16 3060 17 8000
 18 0000 19 0040 20 0020 21 0000 23 0000 26 0040
Page 1 - SGMII
  0 1140  1 0149  2 0141  3 0EC0  4 0001  5 0000  6 0004  7 2001
  8 0000 15 C000 16 4207 17 8010 18 0000 19 0000 21 0000 23 0000
 24 0000 25 0000 26 0042
Page 2 - Mac
 16 6008 18 0000 19 0000 21 1046
Page 3 - LED
 16 887F 17 8005 18 4905 19 0073 28 0003 29 0000
Page 4 - QSGMII
  0 1140  1 0000  4 0901  5 0000  6 0000 16 6224 17 8000 18 0000
 19 0000 20 0000 21 0000 23 0000 24 0000 25 0000 26 3002 27 3F80
 28 0000
Page 5 - VCT
 16 0000 17 0000 18 0000 19 0000 20 0000 21 2000 23 0603 24 0000
 25 0104 26 0F12 27 0A0C 28 0C06
Page 6 - Packet
 16 0000 17 0000 18 0000 19 000B 23 0000 24 0000 25 0000 26 190E
Page 7 - Cable
 16 0000 17 0000 18 0000 19 0000 20 0000 21 0000 25 0104 26 0F12
 27 0A0C 28 0006
Page 18 - Common
  0 0000  1 0000  2 0000 16 0000 17 0000 19 000B 20 0004 25 0000
 26 0000 27 2000
Page 255 - Factory
  0 0000  1 0000  2 0000  3 0000  4 0000  5 0000  6 0000  7 0000
  8 0000  9 0000 10 0000 11 0000 12 0000 13 0000 14 0000 15 0000
 16 0159 17 0000 18 73EE 19 0000 20 0000 21 0000 23 0000 24 0000
 25 0000 26 0000 27 0000 28 0000 29 0000 30 0000 31 0000

Clause 45 PHY Information for dev 1 port 19:

 Device 3 PCS registers: length 4 devNum 1
  0000=0000  0001=0042  0014=0006  0016=0000  
 Device 7 EEE autoneg registers: length 2 devNum 1
  003C=0000  003D=0000  


MacSec PHY Information for dev 1 port 19:

 Slice registers: length 87 devNum 1
  1800=88e58100  1801=00400030  1802=00000000  1803=00000000  1804=00000000  
  1805=00000000  1806=00000000  1807=00000001  1809=00001008  180B=0fb40000  
  180C=00000000  180D=00000000  180E=00000000  1810=00000005  1811=00000000  
  1812=00000000  1815=00000000  1816=00000000  1817=00000000  1818=00000000  
  1819=00000006  181A=00000000  181B=00000000  181C=00000000  181D=00000000  
  181E=00000000  181F=00000000  1820=00000000  1821=00000000  1822=00000000  
  1823=00000000  1824=00000000  1825=00000000  1826=00000000  1827=00000000  
  1828=00000000  1829=00000000  182A=00000000  182B=00000000  182C=00000000  
  182D=00000000  182E=00000000  182F=00000000  1830=888e8808  1831=00000000  
  1832=00000000  1833=00000000  1840=00011849  1841=00020081  1842=00000008  
  1843=00000020  1844=00000001  1845=00000000  1846=00000000  1847=0007fe43  
  1848=0009a520  1850=000117c9  1851=00010081  1852=00000000  1853=00000030  
  1854=00000005  1855=00000000  1856=00000000  1857=0007fe43  1858=0009a520  
  1870=00000077  1871=5a000000  1872=00000000  1873=00000000  1874=00000004  
  1876=00002006  1877=00000000  1878=00000000  1879=004050f0  187A=00010000  
  187B=00000000  187C=00000000  187D=00000000  187E=00000000  187F=00000000  
  1BC0=111e2020  1BC1=00000000  1BC2=00000000  1BC3=00000003  1BC4=000050f0  
  1BC6=00001400  1BC7=00005096  

MAC MIB Counters (Wire MAC):
 GoodOctetsReceived   0x2060:                   0
 BadOctetsReceived    0x2062:                   0
 TxFIFOunderrun/TxCRC 0x2063:                   0
 UnicastFramesReceive 0x2064:                   0
 SentDeferred         0x2065:                   0
 BroadcastFramesRecei 0x2066:                   0
 MulticastFramesRecei 0x2067:                   0
 Frames64Octets       0x2068:                   0
 Frames65to127Octets  0x2069:                   0
 Frames128to255Octets 0x206a:                   0
 Frames256to511Octets 0x206b:                   0
 Frames512to1023Octet 0x206c:                   0
 Frames1024toMaxOctet 0x206d:                   0
 GoodOctetsSent       0x206e:                   0
 UnicastFramesSent    0x2070:                   0
 ExcessiveCollision   0x2071:                   0
 MulticastFramesSent  0x2072:                   0
 BroadcastFramesSent  0x2073:                   0
 SentMultiple         0x2074:                   0
 FCSent               0x2075:                   0
 FCReceived           0x2076:                   0
 RxFIFOOverrun        0x2077:                   0
 Undersize            0x2078:                   0
 Fragments            0x2079:                   0
 Oversize             0x207a:                   0
 Jabber               0x207b:                   0
 RxError              0x207c:                   0
 BadCrc               0x207d:                   0
 Collisions           0x207e:                   0
 LateCollisions       0x207f:                   0

MAC MIB Counters (System MAC, phyPorts 1/3):
 GoodOctetsReceived   0x20a0:                   0
 BadOctetsReceived    0x20a2:                   0
 TxFIFOunderrun/TxCRC 0x20a3:                   0
 UnicastFramesReceive 0x20a4:                   0
 SentDeferred         0x20a5:                   0
 BroadcastFramesRecei 0x20a6:                   0
 MulticastFramesRecei 0x20a7:                   0
 Frames64Octets       0x20a8:                   0
 Frames65to127Octets  0x20a9:                   0
 Frames128to255Octets 0x20aa:                   0
 Frames256to511Octets 0x20ab:                   0
 Frames512to1023Octet 0x20ac:                   0
 Frames1024toMaxOctet 0x20ad:                   0
 GoodOctetsSent       0x20ae:                   0
 UnicastFramesSent    0x20b0:                   0
 ExcessiveCollision   0x20b1:                   0
 MulticastFramesSent  0x20b2:                   0
 BroadcastFramesSent  0x20b3:                   0
 SentMultiple         0x20b4:                   0
 FCSent               0x20b5:                   0
 FCReceived           0x20b6:                   0
 RxFIFOOverrun        0x20b7:                   0
 Undersize            0x20b8:                   0
 Fragments            0x20b9:                   0
 Oversize             0x20ba:                   0
 Jabber               0x20bb:                   0
 RxError              0x20bc:                   0
 BadCrc               0x20bd:                   0
 Collisions           0x20be:                   0
 LateCollisions       0x20bf:                   0


Port configuration:
  lport 19   macStatus:       0x12013010      value: 0x0000A402
             macCtrl:         0x12013000      value: 0x00008BE5
             autoNegCtrl:     0x1201300C      value: 0x0000B0E8
             macCtrl1:        0x12013004      value: 0x00003783
             macCtrl2:        0x12013008      value: 0x0000C008
             macCtrl3:        0x12013048      value: 0x00000300
             macCtrl4:        0x12013090      value: 0x00004C02
             portControl:     0x01013000      value: 0x00208041

Phy address is: 12

PHY Registers for dev 1 (port 18)
  	hwMode (4 QSGMII to SGMII)

SGMII link partner ()
  Enabled Incomplete
  Link
    link partner Down
  Flow Control
    Partner   ( )
  Duplex
    Partner   (Duplex half)
  Speed
    Partner   (Speed 10Mbps)

Page 0 - Copper
  0 1940  1 7949  2 0141  3 0EC0  4 01E1  5 0000  6 0004  7 2001
  8 0000  9 0F00 10 4000 13 0003 14 0000 15 3000 16 3060 17 8040
 18 0000 19 0040 20 0020 21 0000 23 0000 26 0040
Page 1 - SGMII
  0 1140  1 0149  2 0141  3 0EC0  4 0001  5 0000  6 0004  7 2001
  8 0000 15 C000 16 4207 17 8010 18 0000 19 0000 21 0000 23 0000
 24 0000 25 0000 26 0042
Page 2 - Mac
 16 6008 18 0000 19 0000 21 1046
Page 3 - LED
 16 887F 17 8005 18 4905 19 0073 28 0003 29 0000
Page 4 - QSGMII
  0 1140  1 0000  4 0901  5 0000  6 0000 16 6224 17 8000 18 0000
 19 0000 20 0000 21 0000 23 0000 24 0000 25 0000 26 3002 27 3F80
 28 0000
Page 5 - VCT
 16 0000 17 0000 18 0000 19 0000 20 0000 21 2000 23 0603 24 0000
 25 0104 26 0F12 27 0A0C 28 0C06
Page 6 - Packet
 16 0000 17 0000 18 0000 19 000B 23 0000 24 0000 25 0000 26 190E
Page 7 - Cable
 16 0000 17 0000 18 0000 19 0000 20 0000 21 0000 25 0104 26 0F12
 27 0A0C 28 0006
Page 18 - Common
  0 0000  1 0000  2 0000 16 0000 17 0000 19 000B 20 0004 25 0000
 26 0000 27 2000
Page 255 - Factory
  0 0000  1 0000  2 0000  3 0000  4 0000  5 0000  6 0000  7 0000
  8 0000  9 0000 10 0000 11 0000 12 0000 13 0000 14 0000 15 0000
 16 0159 17 0000 18 4F8D 19 0000 20 0000 21 0000 23 0000 24 0000
 25 0000 26 0000 27 0000 28 0000 29 0000 30 0000 31 0000

Clause 45 PHY Information for dev 1 port 18:

 Device 3 PCS registers: length 4 devNum 1
  0000=0000  0001=0042  0014=0006  0016=0000  
 Device 7 EEE autoneg registers: length 2 devNum 1
  003C=0000  003D=0000  


MacSec PHY Information for dev 1 port 18:

 Slice registers: length 87 devNum 1
  1000=88e58100  1001=00400030  1002=00000000  1003=00000000  1004=00000000  
  1005=00000000  1006=00000000  1007=00000001  1009=00001008  100B=0fb40000  
  100C=00000000  100D=00000000  100E=00000000  1010=00000005  1011=00000000  
  1012=00000000  1015=00000000  1016=00000000  1017=00000000  1018=00000000  
  1019=00000006  101A=00000000  101B=00000000  101C=00000000  101D=00000000  
  101E=00000000  101F=00000000  1020=00000000  1021=00000000  1022=00000000  
  1023=00000000  1024=00000000  1025=00000000  1026=00000000  1027=00000000  
  1028=00000000  1029=00000000  102A=00000000  102B=00000000  102C=00000000  
  102D=00000000  102E=00000000  102F=00000000  1030=888e8808  1031=00000000  
  1032=00000000  1033=00000000  1040=00011849  1041=00020081  1042=00000008  
  1043=00000020  1044=00000001  1045=00000000  1046=00000000  1047=0007fe43  
  1048=0009a520  1050=000117c9  1051=00010081  1052=00000000  1053=00000030  
  1054=00000005  1055=00000000  1056=00000000  1057=0007fe43  1058=0009a520  
  1070=00000077  1071=5a000000  1072=00000000  1073=00000000  1074=00000004  
  1076=00002006  1077=00000000  1078=00000000  1079=004050f0  107A=00010000  
  107B=00000000  107C=00000000  107D=00000000  107E=00000000  107F=00000000  
  13C0=111e2020  13C1=00000000  13C2=00000000  13C3=00000003  13C4=000050f0  
  13C6=00001400  13C7=00005096  

MAC MIB Counters (Wire MAC):
 GoodOctetsReceived   0x2040:                   0
 BadOctetsReceived    0x2042:                   0
 TxFIFOunderrun/TxCRC 0x2043:                   0
 UnicastFramesReceive 0x2044:                   0
 SentDeferred         0x2045:                   0
 BroadcastFramesRecei 0x2046:                   0
 MulticastFramesRecei 0x2047:                   0
 Frames64Octets       0x2048:                   0
 Frames65to127Octets  0x2049:                   0
 Frames128to255Octets 0x204a:                   0
 Frames256to511Octets 0x204b:                   0
 Frames512to1023Octet 0x204c:                   0
 Frames1024toMaxOctet 0x204d:                   0
 GoodOctetsSent       0x204e:                   0
 UnicastFramesSent    0x2050:                   0
 ExcessiveCollision   0x2051:                   0
 MulticastFramesSent  0x2052:                   0
 BroadcastFramesSent  0x2053:                   0
 SentMultiple         0x2054:                   0
 FCSent               0x2055:                   0
 FCReceived           0x2056:                   0
 RxFIFOOverrun        0x2057:                   0
 Undersize            0x2058:                   0
 Fragments            0x2059:                   0
 Oversize             0x205a:                   0
 Jabber               0x205b:                   0
 RxError              0x205c:                   0
 BadCrc               0x205d:                   0
 Collisions           0x205e:                   0
 LateCollisions       0x205f:                   0

MAC MIB Counters (System MAC, phyPorts 0/2):
 GoodOctetsReceived   0x2080:                   0
 BadOctetsReceived    0x2082:                   0
 TxFIFOunderrun/TxCRC 0x2083:                   0
 UnicastFramesReceive 0x2084:                   0
 SentDeferred         0x2085:                   0
 BroadcastFramesRecei 0x2086:                   0
 MulticastFramesRecei 0x2087:                   0
 Frames64Octets       0x2088:                   0
 Frames65to127Octets  0x2089:                   0
 Frames128to255Octets 0x208a:                   0
 Frames256to511Octets 0x208b:                   0
 Frames512to1023Octet 0x208c:                   0
 Frames1024toMaxOctet 0x208d:                   0
 GoodOctetsSent       0x208e:                   0
 UnicastFramesSent    0x2090:                   0
 ExcessiveCollision   0x2091:                   0
 MulticastFramesSent  0x2092:                   0
 BroadcastFramesSent  0x2093:                   0
 SentMultiple         0x2094:                   0
 FCSent               0x2095:                   0
 FCReceived           0x2096:                   0
 RxFIFOOverrun        0x2097:                   0
 Undersize            0x2098:                   0
 Fragments            0x2099:                   0
 Oversize             0x209a:                   0
 Jabber               0x209b:                   0
 RxError              0x209c:                   0
 BadCrc               0x209d:                   0
 Collisions           0x209e:                   0
 LateCollisions       0x209f:                   0


Port configuration:
  lport 18   macStatus:       0x12012010      value: 0x0000A402
             macCtrl:         0x12012000      value: 0x00008BE5
             autoNegCtrl:     0x1201200C      value: 0x0000B0E8
             macCtrl1:        0x12012004      value: 0x00003783
             macCtrl2:        0x12012008      value: 0x0000C008
             macCtrl3:        0x12012048      value: 0x00000300
             macCtrl4:        0x12012090      value: 0x00004802
             portControl:     0x01012000      value: 0x00208041

Phy address is: 15

PHY Registers for dev 1 (port 21)
  	hwMode (2 QSGMII to 1000BASE-X)

Fiber Auto Negotiation
  Enabled Incomplete
  Flow Control
    Advertised(None)
    Partner   (None)
  Speed, Duplex
    Advertised(1000BASEX(Full ) )
    Partner   ()
  remote fault (None)

Page 0 - Copper
  0 1940  1 7949  2 0141  3 0EC0  4 01E1  5 0000  6 0004  7 2001
  8 0000  9 0F00 10 4000 13 0003 14 0000 15 3000 16 3060 17 8000
 18 0000 19 0040 20 0020 21 0000 23 0000 26 0040
Page 1 - SGMII
  0 1140  1 0149  2 0141  3 0EC0  4 0020  5 0000  6 0004  7 2001
  8 0000 15 C000 16 4005 17 8010 18 0000 19 0000 21 0000 23 0000
 24 0000 25 0000 26 0042
Page 2 - Mac
 16 6008 18 0000 19 0000 21 1046
Page 3 - LED
 16 887F 17 8005 18 4905 19 0073 28 0003 29 0000
Page 4 - QSGMII
  0 1140  1 0000  4 0901  5 0000  6 0000 16 6224 17 8000 18 0000
 19 0000 20 0000 21 0000 23 0000 24 0000 25 0000 26 3002 27 3F80
 28 0000
Page 5 - VCT
 16 0000 17 0000 18 0000 19 0000 20 0000 21 2000 23 0603 24 0000
 25 0104 26 0F12 27 0A0C 28 0C06
Page 6 - Packet
 16 0000 17 0000 18 0000 19 000B 23 0000 24 0000 25 0000 26 190E
Page 7 - Cable
 16 0000 17 0000 18 0000 19 0000 20 0000 21 0000 25 0104 26 0F12
 27 0A0C 28 0006
Page 18 - Common
  0 0000  1 0000  2 0000 16 0000 17 0000 19 000B 20 0002 25 0000
 26 0000 27 2000
Page 255 - Factory
  0 0000  1 0000  2 0000  3 0000  4 0000  5 0000  6 0000  7 0000
  8 0000  9 0000 10 0000 11 0000 12 0000 13 0000 14 0000 15 0000
 16 0159 17 0000 18 00EC 19 0000 20 0000 21 0000 23 0000 24 0000
 25 0000 26 0000 27 0000 28 0000 29 0000 30 0000 31 0000

Clause 45 PHY Information for dev 1 port 21:

 Device 3 PCS registers: length 4 devNum 1
  0000=0000  0001=0042  0014=0006  0016=0000  
 Device 7 EEE autoneg registers: length 2 devNum 1
  003C=0000  003D=0000  


MacSec PHY Information for dev 1 port 21:

 Slice registers: length 87 devNum 1
  0800=88e58100  0801=00400030  0802=00000000  0803=00000000  0804=00000000  
  0805=00000000  0806=00000000  0807=00000001  0809=00001008  080B=0fb40000  
  080C=00000000  080D=00000000  080E=00000000  0810=00000005  0811=00000000  
  0812=00000000  0815=00000000  0816=00000000  0817=00000000  0818=00000000  
  0819=00000006  081A=00000000  081B=00000000  081C=00000000  081D=00000000  
  081E=00000000  081F=00000000  0820=00000000  0821=00000000  0822=00000000  
  0823=00000000  0824=00000000  0825=00000000  0826=00000000  0827=00000000  
  0828=00000000  0829=00000000  082A=00000000  082B=00000000  082C=00000000  
  082D=00000000  082E=00000000  082F=00000000  0830=888e8808  0831=00000000  
  0832=00000000  0833=00000000  0840=00011849  0841=00020081  0842=00000008  
  0843=00000020  0844=00000001  0845=00000000  0846=00000000  0847=0007fe43  
  0848=0009a520  0850=000117c9  0851=00010081  0852=00000000  0853=00000030  
  0854=00000005  0855=00000000  0856=00000000  0857=0007fe43  0858=0009a520  
  0870=00000077  0871=5a000000  0872=00000000  0873=00000000  0874=00000004  
  0876=00002006  0877=00000000  0878=00000000  0879=004050f0  087A=00010000  
  087B=00000000  087C=00000000  087D=00000000  087E=00000000  087F=00000000  
  0BC0=111e2020  0BC1=00000000  0BC2=00000000  0BC3=00000003  0BC4=000050f0  
  0BC6=00001400  0BC7=00005096  

MAC MIB Counters (Wire MAC):
 GoodOctetsReceived   0x2020:                   0
 BadOctetsReceived    0x2022:                   0
 TxFIFOunderrun/TxCRC 0x2023:                   0
 UnicastFramesReceive 0x2024:                   0
 SentDeferred         0x2025:                   0
 BroadcastFramesRecei 0x2026:                   0
 MulticastFramesRecei 0x2027:                   0
 Frames64Octets       0x2028:                   0
 Frames65to127Octets  0x2029:                   0
 Frames128to255Octets 0x202a:                   0
 Frames256to511Octets 0x202b:                   0
 Frames512to1023Octet 0x202c:                   0
 Frames1024toMaxOctet 0x202d:                   0
 GoodOctetsSent       0x202e:                   0
 UnicastFramesSent    0x2030:                   0
 ExcessiveCollision   0x2031:                   0
 MulticastFramesSent  0x2032:                   0
 BroadcastFramesSent  0x2033:                   0
 SentMultiple         0x2034:                   0
 FCSent               0x2035:                   0
 FCReceived           0x2036:                   0
 RxFIFOOverrun        0x2037:                   0
 Undersize            0x2038:                   0
 Fragments            0x2039:                   0
 Oversize             0x203a:                   0
 Jabber               0x203b:                   0
 RxError              0x203c:                   0
 BadCrc               0x203d:                   0
 Collisions           0x203e:                   0
 LateCollisions       0x203f:                   0

MAC MIB Counters (System MAC, phyPorts 1/3):
 GoodOctetsReceived   0x20a0:                   0
 BadOctetsReceived    0x20a2:                   0
 TxFIFOunderrun/TxCRC 0x20a3:                   0
 UnicastFramesReceive 0x20a4:                   0
 SentDeferred         0x20a5:                   0
 BroadcastFramesRecei 0x20a6:                   0
 MulticastFramesRecei 0x20a7:                   0
 Frames64Octets       0x20a8:                   0
 Frames65to127Octets  0x20a9:                   0
 Frames128to255Octets 0x20aa:                   0
 Frames256to511Octets 0x20ab:                   0
 Frames512to1023Octet 0x20ac:                   0
 Frames1024toMaxOctet 0x20ad:                   0
 GoodOctetsSent       0x20ae:                   0
 UnicastFramesSent    0x20b0:                   0
 ExcessiveCollision   0x20b1:                   0
 MulticastFramesSent  0x20b2:                   0
 BroadcastFramesSent  0x20b3:                   0
 SentMultiple         0x20b4:                   0
 FCSent               0x20b5:                   0
 FCReceived           0x20b6:                   0
 RxFIFOOverrun        0x20b7:                   0
 Undersize            0x20b8:                   0
 Fragments            0x20b9:                   0
 Oversize             0x20ba:                   0
 Jabber               0x20bb:                   0
 RxError              0x20bc:                   0
 BadCrc               0x20bd:                   0
 Collisions           0x20be:                   0
 LateCollisions       0x20bf:                   0


Port configuration:
  lport 21   macStatus:       0x12015010      value: 0x0000A400
             macCtrl:         0x12015000      value: 0x00008BE5
             autoNegCtrl:     0x1201500C      value: 0x0000B0EC
             macCtrl1:        0x12015004      value: 0x00003783
             macCtrl2:        0x12015008      value: 0x0000C009
             macCtrl3:        0x12015048      value: 0x00000300
             macCtrl4:        0x12015090      value: 0x00005502
             portControl:     0x01015000      value: 0x00208041

Phy address is: 14

PHY Registers for dev 1 (port 20)
  	hwMode (4 QSGMII to SGMII)

SGMII link partner ()
  Enabled Incomplete
  Link
    link partner Down
  Flow Control
    Partner   ( )
  Duplex
    Partner   (Duplex half)
  Speed
    Partner   (Speed 10Mbps)

Page 0 - Copper
  0 1940  1 7949  2 0141  3 0EC0  4 01E1  5 0000  6 0004  7 2001
  8 0000  9 0F00 10 4000 13 0003 14 0000 15 3000 16 3060 17 8040
 18 0000 19 0040 20 0020 21 0000 23 0000 26 0040
Page 1 - SGMII
  0 1140  1 0149  2 0141  3 0EC0  4 0001  5 0000  6 0004  7 2001
  8 0000 15 C000 16 4207 17 8010 18 0000 19 0000 21 0000 23 0000
 24 0000 25 0000 26 0042
Page 2 - Mac
 16 6008 18 0000 19 0000 21 1046
Page 3 - LED
 16 887F 17 8005 18 4905 19 0073 28 0003 29 0000
Page 4 - QSGMII
  0 1140  1 0000  4 0901  5 0000  6 0000 16 6224 17 8000 18 0000
 19 0000 20 0000 21 0000 23 0000 24 0000 25 0000 26 3002 27 3F80
 28 0000
Page 5 - VCT
 16 0000 17 0000 18 0000 19 0000 20 0000 21 2000 23 0603 24 0000
 25 0104 26 0F12 27 0A0C 28 0C06
Page 6 - Packet
 16 0000 17 0000 18 0000 19 000B 23 0000 24 0000 25 0000 26 190E
Page 7 - Cable
 16 0000 17 0000 18 0000 19 0000 20 0000 21 0000 25 0104 26 0F12
 27 0A0C 28 0006
Page 18 - Common
  0 0000  1 0000  2 0000 16 0000 17 0000 19 000B 20 0004 25 0000
 26 0000 27 2000
Page 255 - Factory
  0 0000  1 0000  2 0000  3 0000  4 0000  5 0000  6 0000  7 0000
  8 0000  9 0000 10 0000 11 0000 12 0000 13 0000 14 0000 15 0000
 16 0159 17 0000 18 0000 19 0000 20 0000 21 0000 23 0000 24 0000
 25 0000 26 0000 27 0000 28 0000 29 0000 30 0000 31 0000

Clause 45 PHY Information for dev 1 port 20:

 Device 3 PCS registers: length 4 devNum 1
  0000=0000  0001=0042  0014=0006  0016=0000  
 Device 7 EEE autoneg registers: length 2 devNum 1
  003C=0000  003D=0000  


MacSec PHY Information for dev 1 port 20:

 Slice registers: length 87 devNum 1
  0000=88e58100  0001=00400030  0002=00000000  0003=00000000  0004=00000000  
  0005=00000000  0006=00000000  0007=00000001  0009=00001008  000B=0fb40000  
  000C=00000000  000D=00000000  000E=00000000  0010=00000005  0011=00000000  
  0012=00000000  0015=00000000  0016=00000000  0017=00000000  0018=00000000  
  0019=00000006  001A=00000000  001B=00000000  001C=00000000  001D=00000000  
  001E=00000000  001F=00000000  0020=00000000  0021=00000000  0022=00000000  
  0023=00000000  0024=00000000  0025=00000000  0026=00000000  0027=00000000  
  0028=00000000  0029=00000000  002A=00000000  002B=00000000  002C=00000000  
  002D=00000000  002E=00000000  002F=00000000  0030=888e8808  0031=00000000  
  0032=00000000  0033=00000000  0040=00011849  0041=00020081  0042=00000008  
  0043=00000020  0044=00000001  0045=00000000  0046=00000000  0047=0007fe43  
  0048=0009a520  0050=000117c9  0051=00010081  0052=00000000  0053=00000030  
  0054=00000005  0055=00000000  0056=00000000  0057=0007fe43  0058=0009a520  
  0070=00000077  0071=5a000000  0072=00000000  0073=00000000  0074=00000004  
  0076=00002006  0077=00000000  0078=00000000  0079=004050f0  007A=00010000  
  007B=00000000  007C=00000000  007D=00000000  007E=00000000  007F=00000000  
  03C0=111e2020  03C1=00000000  03C2=00000000  03C3=00000003  03C4=000050f0  
  03C6=00001400  03C7=00005096  

MAC MIB Counters (Wire MAC):
 GoodOctetsReceived   0x2000:                   0
 BadOctetsReceived    0x2002:                   0
 TxFIFOunderrun/TxCRC 0x2003:                   0
 UnicastFramesReceive 0x2004:                   0
 SentDeferred         0x2005:                   0
 BroadcastFramesRecei 0x2006:                   0
 MulticastFramesRecei 0x2007:                   0
 Frames64Octets       0x2008:                   0
 Frames65to127Octets  0x2009:                   0
 Frames128to255Octets 0x200a:                   0
 Frames256to511Octets 0x200b:                   0
 Frames512to1023Octet 0x200c:                   0
 Frames1024toMaxOctet 0x200d:                   0
 GoodOctetsSent       0x200e:                   0
 UnicastFramesSent    0x2010:                   0
 ExcessiveCollision   0x2011:                   0
 MulticastFramesSent  0x2012:                   0
 BroadcastFramesSent  0x2013:                   0
 SentMultiple         0x2014:                   0
 FCSent               0x2015:                   0
 FCReceived           0x2016:                   0
 RxFIFOOverrun        0x2017:                   0
 Undersize            0x2018:                   0
 Fragments            0x2019:                   0
 Oversize             0x201a:                   0
 Jabber               0x201b:                   0
 RxError              0x201c:                   0
 BadCrc               0x201d:                   0
 Collisions           0x201e:                   0
 LateCollisions       0x201f:                   0

MAC MIB Counters (System MAC, phyPorts 0/2):
 GoodOctetsReceived   0x2080:                   0
 BadOctetsReceived    0x2082:                   0
 TxFIFOunderrun/TxCRC 0x2083:                   0
 UnicastFramesReceive 0x2084:                   0
 SentDeferred         0x2085:                   0
 BroadcastFramesRecei 0x2086:                   0
 MulticastFramesRecei 0x2087:                   0
 Frames64Octets       0x2088:                   0
 Frames65to127Octets  0x2089:                   0
 Frames128to255Octets 0x208a:                   0
 Frames256to511Octets 0x208b:                   0
 Frames512to1023Octet 0x208c:                   0
 Frames1024toMaxOctet 0x208d:                   0
 GoodOctetsSent       0x208e:                   0
 UnicastFramesSent    0x2090:                   0
 ExcessiveCollision   0x2091:                   0
 MulticastFramesSent  0x2092:                   0
 BroadcastFramesSent  0x2093:                   0
 SentMultiple         0x2094:                   0
 FCSent               0x2095:                   0
 FCReceived           0x2096:                   0
 RxFIFOOverrun        0x2097:                   0
 Undersize            0x2098:                   0
 Fragments            0x2099:                   0
 Oversize             0x209a:                   0
 Jabber               0x209b:                   0
 RxError              0x209c:                   0
 BadCrc               0x209d:                   0
 Collisions           0x209e:                   0
 LateCollisions       0x209f:                   0


Port configuration:
  lport 20   macStatus:       0x12014010      value: 0x0000A402
             macCtrl:         0x12014000      value: 0x00008BE5
             autoNegCtrl:     0x1201400C      value: 0x0000B0E8
             macCtrl1:        0x12014004      value: 0x00003783
             macCtrl2:        0x12014008      value: 0x0000C008
             macCtrl3:        0x12014048      value: 0x00000300
             macCtrl4:        0x12014090      value: 0x00005002
             portControl:     0x01014000      value: 0x00208041

Phy address is: 17

PHY Registers for dev 1 (port 23)
  	hwMode (2 QSGMII to 1000BASE-X)

Fiber Auto Negotiation
  Enabled Incomplete
  Flow Control
    Advertised(None)
    Partner   (None)
  Speed, Duplex
    Advertised(1000BASEX(Full ) )
    Partner   ()
  remote fault (None)

Page 0 - Copper
  0 1940  1 7949  2 0141  3 0EC0  4 01E1  5 0000  6 0004  7 2001
  8 0000  9 0F00 10 4000 13 0003 14 0000 15 3000 16 3060 17 8000
 18 0000 19 0040 20 0020 21 0000 23 0000 26 0040
Page 1 - SGMII
  0 1140  1 0149  2 0141  3 0EC0  4 0020  5 0000  6 0004  7 2001
  8 0000 15 C000 16 4005 17 8010 18 0000 19 0000 21 0000 23 0000
 24 0000 25 0000 26 0042
Page 2 - Mac
 16 6008 18 0000 19 0000 21 1046
Page 3 - LED
 16 887F 17 8005 18 4905 19 0073 28 0003 29 0000
Page 4 - QSGMII
  0 1140  1 0000  4 0901  5 0000  6 0000 16 6224 17 8000 18 0000
 19 0000 20 0000 21 0000 23 0000 24 0000 25 0000 26 3002 27 3F80
 28 0000
Page 5 - VCT
 16 0000 17 0000 18 0000 19 0000 20 0000 21 2000 23 0603 24 0000
 25 0104 26 0F12 27 0A0C 28 0C06
Page 6 - Packet
 16 0000 17 0000 18 0000 19 000B 23 0000 24 0000 25 0000 26 190E
Page 7 - Cable
 16 0000 17 0000 18 0000 19 0000 20 0000 21 0000 25 0104 26 0F12
 27 0A0C 28 0006
Page 18 - Common
  0 0000  1 0000  2 0000 16 0000 17 0000 19 000B 20 0002 25 0000
 26 0000 27 2000
Page 255 - Factory
  0 0000  1 0000  2 0000  3 0000  4 0000  5 0000  6 0000  7 0000
  8 0000  9 0000 10 0000 11 0000 12 0000 13 0000 14 0000 15 0000
 16 0159 17 0000 18 C226 19 0000 20 0000 21 0000 23 0000 24 0000
 25 0000 26 0000 27 0000 28 0000 29 0000 30 0000 31 0000

Clause 45 PHY Information for dev 1 port 23:

 Device 3 PCS registers: length 4 devNum 1
  0000=0000  0001=0042  0014=0006  0016=0000  
 Device 7 EEE autoneg registers: length 2 devNum 1
  003C=0000  003D=0000  


MacSec PHY Information for dev 1 port 23:

 Slice registers: length 87 devNum 1
  1800=88e58100  1801=00400030  1802=00000000  1803=00000000  1804=00000000  
  1805=00000000  1806=00000000  1807=00000001  1809=00001008  180B=0fb40000  
  180C=00000000  180D=00000000  180E=00000000  1810=00000005  1811=00000000  
  1812=00000000  1815=00000000  1816=00000000  1817=00000000  1818=00000000  
  1819=00000006  181A=00000000  181B=00000000  181C=00000000  181D=00000000  
  181E=00000000  181F=00000000  1820=00000000  1821=00000000  1822=00000000  
  1823=00000000  1824=00000000  1825=00000000  1826=00000000  1827=00000000  
  1828=00000000  1829=00000000  182A=00000000  182B=00000000  182C=00000000  
  182D=00000000  182E=00000000  182F=00000000  1830=888e8808  1831=00000000  
  1832=00000000  1833=00000000  1840=00011849  1841=00020081  1842=00000008  
  1843=00000020  1844=00000001  1845=00000000  1846=00000000  1847=0007fe43  
  1848=0009a520  1850=000117c9  1851=00010081  1852=00000000  1853=00000030  
  1854=00000005  1855=00000000  1856=00000000  1857=0007fe43  1858=0009a520  
  1870=00000077  1871=5a000000  1872=00000000  1873=00000000  1874=00000004  
  1876=00002006  1877=00000000  1878=00000000  1879=004050f0  187A=00010000  
  187B=00000000  187C=00000000  187D=00000000  187E=00000000  187F=00000000  
  1BC0=111e2020  1BC1=00000000  1BC2=00000000  1BC3=00000003  1BC4=000050f0  
  1BC6=00001400  1BC7=00005096  

MAC MIB Counters (Wire MAC):
 GoodOctetsReceived   0x2060:                   0
 BadOctetsReceived    0x2062:                   0
 TxFIFOunderrun/TxCRC 0x2063:                   0
 UnicastFramesReceive 0x2064:                   0
 SentDeferred         0x2065:                   0
 BroadcastFramesRecei 0x2066:                   0
 MulticastFramesRecei 0x2067:                   0
 Frames64Octets       0x2068:                   0
 Frames65to127Octets  0x2069:                   0
 Frames128to255Octets 0x206a:                   0
 Frames256to511Octets 0x206b:                   0
 Frames512to1023Octet 0x206c:                   0
 Frames1024toMaxOctet 0x206d:                   0
 GoodOctetsSent       0x206e:                   0
 UnicastFramesSent    0x2070:                   0
 ExcessiveCollision   0x2071:                   0
 MulticastFramesSent  0x2072:                   0
 BroadcastFramesSent  0x2073:                   0
 SentMultiple         0x2074:                   0
 FCSent               0x2075:                   0
 FCReceived           0x2076:                   0
 RxFIFOOverrun        0x2077:                   0
 Undersize            0x2078:                   0
 Fragments            0x2079:                   0
 Oversize             0x207a:                   0
 Jabber               0x207b:                   0
 RxError              0x207c:                   0
 BadCrc               0x207d:                   0
 Collisions           0x207e:                   0
 LateCollisions       0x207f:                   0

MAC MIB Counters (System MAC, phyPorts 1/3):
 GoodOctetsReceived   0x20a0:                   0
 BadOctetsReceived    0x20a2:                   0
 TxFIFOunderrun/TxCRC 0x20a3:                   0
 UnicastFramesReceive 0x20a4:                   0
 SentDeferred         0x20a5:                   0
 BroadcastFramesRecei 0x20a6:                   0
 MulticastFramesRecei 0x20a7:                   0
 Frames64Octets       0x20a8:                   0
 Frames65to127Octets  0x20a9:                   0
 Frames128to255Octets 0x20aa:                   0
 Frames256to511Octets 0x20ab:                   0
 Frames512to1023Octet 0x20ac:                   0
 Frames1024toMaxOctet 0x20ad:                   0
 GoodOctetsSent       0x20ae:                   0
 UnicastFramesSent    0x20b0:                   0
 ExcessiveCollision   0x20b1:                   0
 MulticastFramesSent  0x20b2:                   0
 BroadcastFramesSent  0x20b3:                   0
 SentMultiple         0x20b4:                   0
 FCSent               0x20b5:                   0
 FCReceived           0x20b6:                   0
 RxFIFOOverrun        0x20b7:                   0
 Undersize            0x20b8:                   0
 Fragments            0x20b9:                   0
 Oversize             0x20ba:                   0
 Jabber               0x20bb:                   0
 RxError              0x20bc:                   0
 BadCrc               0x20bd:                   0
 Collisions           0x20be:                   0
 LateCollisions       0x20bf:                   0


Port configuration:
  lport 23   macStatus:       0x12017010      value: 0x0000A400
             macCtrl:         0x12017000      value: 0x00008BE5
             autoNegCtrl:     0x1201700C      value: 0x0000B0EC
             macCtrl1:        0x12017004      value: 0x00003783
             macCtrl2:        0x12017008      value: 0x0000C009
             macCtrl3:        0x12017048      value: 0x00000300
             macCtrl4:        0x12017090      value: 0x00005D02
             portControl:     0x01017000      value: 0x00208041

Phy address is: 16

PHY Registers for dev 1 (port 22)
  	hwMode (4 QSGMII to SGMII)

SGMII link partner ()
  Enabled Incomplete
  Link
    link partner Down
  Flow Control
    Partner   ( )
  Duplex
    Partner   (Duplex half)
  Speed
    Partner   (Speed 10Mbps)

Page 0 - Copper
  0 1940  1 7949  2 0141  3 0EC0  4 01E1  5 0000  6 0004  7 2001
  8 0000  9 0F00 10 4000 13 0003 14 0000 15 3000 16 3060 17 8000
 18 0000 19 0040 20 0020 21 0000 23 0000 26 0040
Page 1 - SGMII
  0 1140  1 0149  2 0141  3 0EC0  4 0001  5 0000  6 0004  7 2001
  8 0000 15 C000 16 4207 17 8010 18 0000 19 0000 21 0000 23 0000
 24 0000 25 0000 26 0042
Page 2 - Mac
 16 6008 18 0000 19 0000 21 1046
Page 3 - LED
 16 887F 17 8005 18 4905 19 0073 28 0003 29 0000
Page 4 - QSGMII
  0 1140  1 0000  4 0901  5 0000  6 0000 16 6224 17 8000 18 0000
 19 0000 20 0000 21 0000 23 0000 24 0000 25 0000 26 3002 27 3F80
 28 0000
Page 5 - VCT
 16 0000 17 0000 18 0000 19 0000 20 0000 21 2000 23 0603 24 0000
 25 0104 26 0F12 27 0A0C 28 0C06
Page 6 - Packet
 16 0000 17 0000 18 0000 19 000B 23 0000 24 0000 25 0000 26 190E
Page 7 - Cable
 16 0000 17 0000 18 0000 19 0000 20 0000 21 0000 25 0104 26 0F12
 27 0A0C 28 0006
Page 18 - Common
  0 0000  1 0000  2 0000 16 0000 17 0000 19 000B 20 0004 25 0000
 26 0000 27 2000
Page 255 - Factory
  0 0000  1 0000  2 0000  3 0000  4 0000  5 0000  6 0000  7 0000
  8 0000  9 0000 10 0000 11 0000 12 0000 13 0000 14 0000 15 0000
 16 0159 17 0000 18 AD82 19 0000 20 0000 21 0000 23 0000 24 0000
 25 0000 26 0000 27 0000 28 0000 29 0000 30 0000 31 0000

Clause 45 PHY Information for dev 1 port 22:

 Device 3 PCS registers: length 4 devNum 1
  0000=0000  0001=0042  0014=0006  0016=0000  
 Device 7 EEE autoneg registers: length 2 devNum 1
  003C=0000  003D=0000  


MacSec PHY Information for dev 1 port 22:

 Slice registers: length 87 devNum 1
  1000=88e58100  1001=00400030  1002=00000000  1003=00000000  1004=00000000  
  1005=00000000  1006=00000000  1007=00000001  1009=00001008  100B=0fb40000  
  100C=00000000  100D=00000000  100E=00000000  1010=00000005  1011=00000000  
  1012=00000000  1015=00000000  1016=00000000  1017=00000000  1018=00000000  
  1019=00000006  101A=00000000  101B=00000000  101C=00000000  101D=00000000  
  101E=00000000  101F=00000000  1020=00000000  1021=00000000  1022=00000000  
  1023=00000000  1024=00000000  1025=00000000  1026=00000000  1027=00000000  
  1028=00000000  1029=00000000  102A=00000000  102B=00000000  102C=00000000  
  102D=00000000  102E=00000000  102F=00000000  1030=888e8808  1031=00000000  
  1032=00000000  1033=00000000  1040=00011849  1041=00020081  1042=00000008  
  1043=00000020  1044=00000001  1045=00000000  1046=00000000  1047=0007fe43  
  1048=0009a520  1050=000117c9  1051=00010081  1052=00000000  1053=00000030  
  1054=00000005  1055=00000000  1056=00000000  1057=0007fe43  1058=0009a520  
  1070=00000077  1071=5a000000  1072=00000000  1073=00000000  1074=00000004  
  1076=00002006  1077=00000000  1078=00000000  1079=004050f0  107A=00010000  
  107B=00000000  107C=00000000  107D=00000000  107E=00000000  107F=00000000  
  13C0=111e2020  13C1=00000000  13C2=00000000  13C3=00000003  13C4=000050f0  
  13C6=00001400  13C7=00005096  

MAC MIB Counters (Wire MAC):
 GoodOctetsReceived   0x2040:                   0
 BadOctetsReceived    0x2042:                   0
 TxFIFOunderrun/TxCRC 0x2043:                   0
 UnicastFramesReceive 0x2044:                   0
 SentDeferred         0x2045:                   0
 BroadcastFramesRecei 0x2046:                   0
 MulticastFramesRecei 0x2047:                   0
 Frames64Octets       0x2048:                   0
 Frames65to127Octets  0x2049:                   0
 Frames128to255Octets 0x204a:                   0
 Frames256to511Octets 0x204b:                   0
 Frames512to1023Octet 0x204c:                   0
 Frames1024toMaxOctet 0x204d:                   0
 GoodOctetsSent       0x204e:                   0
 UnicastFramesSent    0x2050:                   0
 ExcessiveCollision   0x2051:                   0
 MulticastFramesSent  0x2052:                   0
 BroadcastFramesSent  0x2053:                   0
 SentMultiple         0x2054:                   0
 FCSent               0x2055:                   0
 FCReceived           0x2056:                   0
 RxFIFOOverrun        0x2057:                   0
 Undersize            0x2058:                   0
 Fragments            0x2059:                   0
 Oversize             0x205a:                   0
 Jabber               0x205b:                   0
 RxError              0x205c:                   0
 BadCrc               0x205d:                   0
 Collisions           0x205e:                   0
 LateCollisions       0x205f:                   0

MAC MIB Counters (System MAC, phyPorts 0/2):
 GoodOctetsReceived   0x2080:                   0
 BadOctetsReceived    0x2082:                   0
 TxFIFOunderrun/TxCRC 0x2083:                   0
 UnicastFramesReceive 0x2084:                   0
 SentDeferred         0x2085:                   0
 BroadcastFramesRecei 0x2086:                   0
 MulticastFramesRecei 0x2087:                   0
 Frames64Octets       0x2088:                   0
 Frames65to127Octets  0x2089:                   0
 Frames128to255Octets 0x208a:                   0
 Frames256to511Octets 0x208b:                   0
 Frames512to1023Octet 0x208c:                   0
 Frames1024toMaxOctet 0x208d:                   0
 GoodOctetsSent       0x208e:                   0
 UnicastFramesSent    0x2090:                   0
 ExcessiveCollision   0x2091:                   0
 MulticastFramesSent  0x2092:                   0
 BroadcastFramesSent  0x2093:                   0
 SentMultiple         0x2094:                   0
 FCSent               0x2095:                   0
 FCReceived           0x2096:                   0
 RxFIFOOverrun        0x2097:                   0
 Undersize            0x2098:                   0
 Fragments            0x2099:                   0
 Oversize             0x209a:                   0
 Jabber               0x209b:                   0
 RxError              0x209c:                   0
 BadCrc               0x209d:                   0
 Collisions           0x209e:                   0
 LateCollisions       0x209f:                   0


Port configuration:
  lport 22   macStatus:       0x12016010      value: 0x0000A402
             macCtrl:         0x12016000      value: 0x00008BE5
             autoNegCtrl:     0x1201600C      value: 0x0000B0E8
             macCtrl1:        0x12016004      value: 0x00003783
             macCtrl2:        0x12016008      value: 0x0000C008
             macCtrl3:        0x12016048      value: 0x00000300
             macCtrl4:        0x12016090      value: 0x00005802
             portControl:     0x01016000      value: 0x00208041


Port configuration:
  lport 25   macStatus:       0x120D900C      value: 0x00000008
             macCtrl:         0x120D9000      value: 0x00000201
             macCtrl1:        0x120D9004      value: 0x000002F9
             macCtrl2:        0x120D9008      value: 0x0000046F
             macCtrl3:        0x120D901C      value: 0x00002000
             macCtrl4:        0x120D9084      value: 0x00000210
             macCtrl5:        0x120D9088      value: 0x0000900C
             portControl:     0x01019000      value: 0x00208041


Port configuration:
  lport 24   macStatus:       0x120D800C      value: 0x00000008
             macCtrl:         0x120D8000      value: 0x00000201
             macCtrl1:        0x120D8004      value: 0x000002F9
             macCtrl2:        0x120D8008      value: 0x0000046F
             macCtrl3:        0x120D801C      value: 0x00002000
             macCtrl4:        0x120D8084      value: 0x00000210
             macCtrl5:        0x120D8088      value: 0x0000900C
             portControl:     0x01018000      value: 0x00208041


Port configuration:
  lport 27   macStatus:       0x120DB00C      value: 0x00000009
             macCtrl:         0x120DB000      value: 0x00000203
             macCtrl1:        0x120DB004      value: 0x00000330
             macCtrl2:        0x120DB008      value: 0x0000046F
             macCtrl3:        0x120DB01C      value: 0x00002000
             macCtrl4:        0x120DB084      value: 0x00000210
             macCtrl5:        0x120DB088      value: 0x0000924C
             portControl:     0x0101B000      value: 0x00008040


Port configuration:
  lport 26   macStatus:       0x120DA00C      value: 0x00000009
             macCtrl:         0x120DA000      value: 0x00000203
             macCtrl1:        0x120DA004      value: 0x00000330
             macCtrl2:        0x120DA008      value: 0x0000046F
             macCtrl3:        0x120DA01C      value: 0x00002000
             macCtrl4:        0x120DA084      value: 0x00000210
             macCtrl5:        0x120DA088      value: 0x0000924C
             portControl:     0x0101A000      value: 0x00008040

awplus#
>>> show system pluggable diagnostics
show system pluggable diagnostics
System Pluggable Information Diagnostics

port1.0.1
Diagnostics information is not supported by device

port1.0.27
Diagnostics information is not supported by device

port1.0.28
Diagnostics information is not supported by device

port2.0.1
Diagnostics information is not supported by device

port2.0.5          Status             Alarms                    Warnings
                  Reading   Alarm     Max     Min   Warning     Max     Min 
Temp: (Degrees C)  44.882       -  80.000  -5.000         -  70.000   0.000
Vcc: (Volts)       3.2782       -  3.4600  3.1400         -  3.4000  3.2000
Tx Bias: (mA)       5.706       -  12.000   0.000         -  10.000   2.000
Tx Power: (mW)     0.6282       -  1.0000  0.1778         -  0.8912  0.1995
Rx Power: (mW)     0.0000     Low  1.2589  0.0501       Low  1.1220  0.0562
Rx LOS:           Rx Down

port2.0.6
Diagnostics information is not supported by device

port2.0.7
Diagnostics information is not supported by device

port2.0.8
Diagnostics information is not supported by device

port2.0.9          Status             Alarms                    Warnings
                  Reading   Alarm     Max     Min   Warning     Max     Min 
Temp: (Degrees C)  44.203       -  80.000  -5.000         -  70.000   0.000
Vcc: (Volts)       3.3185       -  3.4600  3.0000         -  3.4000  3.2000
Tx Bias: (mA)      131.07       -       -       -         -       -       -
Tx Power: (mW)     6.5535       -       -       -         -       -       -
Rx Power: (mW)     6.5535       -       -       -         -       -       -
Rx LOS:             Rx Up

port2.0.11         Status             Alarms                    Warnings
                  Reading   Alarm     Max     Min   Warning     Max     Min 
Temp: (Degrees C)  39.445       -  80.000  -5.000         -  70.000   0.000
Vcc: (Volts)       3.3483       -  3.4600  3.1400         -  3.4000  3.2000
Tx Bias: (mA)       5.864       -  12.000   0.000         -  10.000   2.000
Tx Power: (mW)     0.5927       -  1.0000  0.1778         -  0.8912  0.1995
Rx Power: (mW)     0.0000     Low  1.2589  0.0501       Low  1.1220  0.0562
Rx LOS:           Rx Down

port2.0.13         Status             Alarms                    Warnings
                  Reading   Alarm     Max     Min   Warning     Max     Min 
Temp: (Degrees C)  41.410       -  80.000  -5.000         -  70.000   0.000
Vcc: (Volts)       3.3264       -  3.4600  3.1400         -  3.4000  3.2000
Tx Bias: (mA)       5.044       -  12.000   0.000         -  10.000   2.000
Tx Power: (mW)     0.5851       -  1.0000  0.1778         -  0.8912  0.1995
Rx Power: (mW)     0.0000     Low  1.2589  0.0501       Low  1.1220  0.0562
Rx LOS:           Rx Down

port2.0.14
Diagnostics information is not supported by device

port2.0.15
Diagnostics information is not supported by device

port2.0.16
Diagnostics information is not supported by device

port2.0.17         Status             Alarms                    Warnings
                  Reading   Alarm     Max     Min   Warning     Max     Min 
Temp: (Degrees C)  40.476       -  80.000  -5.000         -  70.000   0.000
Vcc: (Volts)       3.3365       -  3.4600  3.1400         -  3.4000  3.2000
Tx Bias: (mA)       5.312       -  12.000   0.000         -  10.000   2.000
Tx Power: (mW)     0.5984       -  1.0000  0.1778         -  0.8912  0.1995
Rx Power: (mW)     0.0000     Low  1.2589  0.0501       Low  1.1220  0.0562
Rx LOS:           Rx Down

port2.0.21
Diagnostics information is not supported by device

port2.0.23
Diagnostics information is not supported by device

port2.0.27
Diagnostics information is not supported by device

port2.0.28
Diagnostics information is not supported by device
awplus#
>>> show platform port
show platform port

Stack member 1:
Phy address is: 01

PHY Registers for dev 0 (port 1)
  	hwMode (2 QSGMII to 1000BASE-X)

Fiber Auto Negotiation
  Enabled Incomplete
  Flow Control
    Advertised(None)
    Partner   (None)
  Speed, Duplex
    Advertised(1000BASEX(Full ) )
    Partner   ()
  remote fault (None)

Page 0 - Copper
  0 1940  1 7949  2 0141  3 0EC0  4 01E1  5 0000  6 0004  7 2001
  8 0000  9 0F00 10 4000 13 4007 14 0000 15 3000 16 3060 17 8040
 18 0000 19 0040 20 0020 21 0000 23 0000 26 0040
Page 1 - SGMII
  0 1140  1 014D  2 0141  3 0EC0  4 0020  5 0000  6 0004  7 2001
  8 0000 15 C000 16 4005 17 A420 18 0000 19 0000 21 0000 23 0000
 24 0000 25 0000 26 0062
Page 2 - Mac
 16 6008 18 0000 19 0000 21 1046
Page 3 - LED
 16 887F 17 8005 18 4905 19 0073 28 0003 29 0000
Page 4 - QSGMII
  0 1140  1 0024  4 9901  5 4001  6 0001 16 6224 17 AC20 18 0000
 19 0000 20 0000 21 0000 23 0000 24 0000 25 0000 26 3002 27 3F80
 28 0000
Page 5 - VCT
 16 0000 17 0000 18 0000 19 0000 20 0000 21 2000 23 0603 24 0000
 25 0104 26 0F12 27 0A0C 28 0C06
Page 6 - Packet
 16 0000 17 0000 18 0000 19 000B 23 0000 24 0000 25 0000 26 190D
Page 7 - Cable
 16 0000 17 0000 18 0000 19 0000 20 0000 21 0000 25 0104 26 0F12
 27 0A0C 28 0006
Page 18 - Common
  0 0000  1 0000  2 0000 16 0000 17 0000 19 000B 20 0002 25 0000
 26 0000 27 2002
Page 255 - Factory
  0 0000  1 0000  2 0000  3 0000  4 0000  5 0000  6 0000  7 0000
  8 0000  9 0000 10 0000 11 0000 12 0000 13 0000 14 0000 15 0000
 16 0159 17 0000 18 B141 19 0000 20 0000 21 0000 23 0000 24 0000
 25 0000 26 0000 27 0000 28 0000 29 0000 30 0000 31 0000

Clause 45 PHY Information for dev 0 port 1:

 Device 3 PCS registers: length 4 devNum 0
  0000=0000  0001=0042  0014=0006  0016=0000  
 Device 7 EEE autoneg registers: length 2 devNum 0
  003C=0000  003D=0000  


MacSec PHY Information for dev 0 port 1:

 Slice registers: length 87 devNum 0
  0800=88e58100  0801=00400030  0802=00000000  0803=00000000  0804=00000000  
  0805=00000000  0806=00000000  0807=00000001  0809=00001008  080B=0fb40000  
  080C=00000000  080D=00000000  080E=00000000  0810=00000005  0811=00000000  
  0812=00000000  0815=00000000  0816=00000000  0817=00000000  0818=00000000  
  0819=00000006  081A=00000000  081B=00000000  081C=00000000  081D=00000000  
  081E=00000000  081F=00000000  0820=00000000  0821=00000000  0822=00000000  
  0823=00000000  0824=00000000  0825=00000000  0826=00000000  0827=00000000  
  0828=00000000  0829=00000000  082A=00000000  082B=00000000  082C=00000000  
  082D=00000000  082E=00000000  082F=00000000  0830=888e8808  0831=00000000  
  0832=00000000  0833=00000000  0840=00011849  0841=00020081  0842=00000008  
  0843=00000020  0844=00000005  0845=00000000  0846=00000000  0847=0007fe43  
  0848=0009a520  0850=000117c9  0851=00010081  0852=00000000  0853=00000030  
  0854=00000005  0855=00000000  0856=00000000  0857=0007fe43  0858=0009a520  
  0870=00000077  0871=5a000000  0872=00000000  0873=00000000  0874=00000004  
  0876=00002006  0877=00000000  0878=00000000  0879=004050f0  087A=00010000  
  087B=00000000  087C=00000000  087D=00000000  087E=00000000  087F=00000000  
  0BC0=111e2020  0BC1=00000000  0BC2=00000000  0BC3=00000003  0BC4=000050f0  
  0BC6=00001400  0BC7=00005096  

MAC MIB Counters (Wire MAC):
 GoodOctetsReceived   0x2020:                 128
 BadOctetsReceived    0x2022:                   0
 TxFIFOunderrun/TxCRC 0x2023:                   0
 UnicastFramesReceive 0x2024:                   0
 SentDeferred         0x2025:                   0
 BroadcastFramesRecei 0x2026:                   0
 MulticastFramesRecei 0x2027:                   1
 Frames64Octets       0x2028:                   0
 Frames65to127Octets  0x2029:                   0
 Frames128to255Octets 0x202a:                   2
 Frames256to511Octets 0x202b:                   0
 Frames512to1023Octet 0x202c:                   0
 Frames1024toMaxOctet 0x202d:                   0
 GoodOctetsSent       0x202e:                 128
 UnicastFramesSent    0x2030:                   0
 ExcessiveCollision   0x2031:                   0
 MulticastFramesSent  0x2032:                   1
 BroadcastFramesSent  0x2033:                   0
 SentMultiple         0x2034:                   0
 FCSent               0x2035:                   0
 FCReceived           0x2036:                   0
 RxFIFOOverrun        0x2037:                   0
 Undersize            0x2038:                   0
 Fragments            0x2039:                   0
 Oversize             0x203a:                   0
 Jabber               0x203b:                   0
 RxError              0x203c:                   0
 BadCrc               0x203d:                   0
 Collisions           0x203e:                   0
 LateCollisions       0x203f:                   0

MAC MIB Counters (System MAC, phyPorts 1/3):
 GoodOctetsReceived   0x20a0:                 128
 BadOctetsReceived    0x20a2:                   0
 TxFIFOunderrun/TxCRC 0x20a3:                   0
 UnicastFramesReceive 0x20a4:                   0
 SentDeferred         0x20a5:                   0
 BroadcastFramesRecei 0x20a6:                   0
 MulticastFramesRecei 0x20a7:                   1
 Frames64Octets       0x20a8:                   0
 Frames65to127Octets  0x20a9:                   0
 Frames128to255Octets 0x20aa:                   2
 Frames256to511Octets 0x20ab:                   0
 Frames512to1023Octet 0x20ac:                   0
 Frames1024toMaxOctet 0x20ad:                   0
 GoodOctetsSent       0x20ae:                 128
 UnicastFramesSent    0x20b0:                   0
 ExcessiveCollision   0x20b1:                   0
 MulticastFramesSent  0x20b2:                   1
 BroadcastFramesSent  0x20b3:                   0
 SentMultiple         0x20b4:                   0
 FCSent               0x20b5:                   0
 FCReceived           0x20b6:                   0
 RxFIFOOverrun        0x20b7:                   0
 Undersize            0x20b8:                   0
 Fragments            0x20b9:                   0
 Oversize             0x20ba:                   0
 Jabber               0x20bb:                   0
 RxError              0x20bc:                   0
 BadCrc               0x20bd:                   0
 Collisions           0x20be:                   0
 LateCollisions       0x20bf:                   0


10G Pluggable PHY Registers for dev 0 port 1:

 10GBASE-T Device 1 - PMA: length 42 devNum 0
  0000=2040  0001=0082  0002=600d  0003=8542  0004=0071  0005=009b  0006=c000  
  0007=0009  0008=9701  0009=0000  000A=0000  000B=00a4  000C=00a4  000E=0000  
  000F=0000  0081=0000  0082=0003  0083=4800  0084=0000  0085=8000  0086=8000  
  0087=8000  0088=8000  0089=8000  008A=8000  008B=8000  008C=8000  008D=8000  
  008E=8000  008F=8000  0090=8000  0091=0000  0092=0000  0093=0011  A897=0000  
  A898=0000  A899=0000  A89A=0000  A89E=ffff  A89F=0000  A8A0=0000  A8A9=0000  
 10GBASE-T Device 3 - PCS: length 19 devNum 0
  0000=2040  0001=0082  0002=600d  0003=8542  0004=0001  0005=009b  0006=c000  
  0007=0003  0008=8408  0009=0000  000A=0000  000B=0000  000C=0000  000D=0000  
  000E=0000  000F=0000  0014=000e  0020=0000  0021=0000  
 10GBASE-T Device 7 - AN: length 36 devNum 0
  0000=3000  0001=002d  0002=0362  0003=0000  0005=009b  0006=c000  000E=0000  
  000F=0000  0010=9001  0013=c1e1  0016=2001  0017=0000  0018=0000  0019=0000  
  001A=0000  001B=0000  0020=0003  0021=0000  003C=0000  003D=0000  FFE0=1100  
  FFE1=796d  FFE4=9001  FFE5=c1e1  FFE6=006d  FFE7=0000  FFE8=6801  FFE9=0200  
  FFEA=3800  FFEF=3000  FFF0=0001  FFF1=0f00  FFF2=0000  FFF3=0000  FFF4=0000  
  FFF7=0014  
 XFI Device 1 - PMD/PMA: length 11 devNum 0
  0000=2040  0001=0004  0002=0000  0004=0071  0005=0f8b  0006=2000  0007=0000  
  0008=b301  0009=0000  000A=0002  000B=0050  
 XFI Device 3 - PCS/PHY XS: length 9 devNum 0
  0000=2040  0001=0004  0004=0001  0005=0f8b  0006=2000  0007=0000  0008=8001  
  0020=0001  0021=0000  
 User Defined Device 30: length 10 devNum 0
  0000=0000  4005=0031  4006=0000  400D=6032  4011=0000  4037=0004  4038=0039  
  4110=2004  4111=2004  4113=2004  

  FWLoaded:              Good
  SystemLink:            UP
  LineLink:              UP
  LineSpeed:             1000Mps
  Temperature:           58 deg C

Port configuration:
  lport  1   macStatus:       0x12001010      value: 0x0000E80B
             macCtrl:         0x12001000      value: 0x00008BE5
             autoNegCtrl:     0x1200100C      value: 0x0000B0EC
             macCtrl1:        0x12001004      value: 0x00003783
             macCtrl2:        0x12001008      value: 0x0000C009
             macCtrl3:        0x12001048      value: 0x00000300
             macCtrl4:        0x12001090      value: 0x00000502
             portControl:     0x01001000      value: 0x00208001

Phy address is: 00

PHY Registers for dev 0 (port 0)
  	hwMode (4 QSGMII to SGMII)

SGMII link partner ()
  Enabled Incomplete
  Link
    link partner Down
  Flow Control
    Partner   ( )
  Duplex
    Partner   (Duplex half)
  Speed
    Partner   (Speed 10Mbps)

Page 0 - Copper
  0 1940  1 7949  2 0141  3 0EC0  4 01E1  5 0000  6 0004  7 2001
  8 0000  9 0F00 10 4000 13 4007 14 0000 15 3000 16 3060 17 8040
 18 0000 19 0040 20 0020 21 0000 23 0000 26 0040
Page 1 - SGMII
  0 1140  1 0149  2 0141  3 0EC0  4 0001  5 0000  6 0004  7 2001
  8 0000 15 C000 16 4207 17 8010 18 0000 19 0000 21 0000 23 0000
 24 0000 25 0000 26 0042
Page 2 - Mac
 16 6008 18 0000 19 0000 21 1046
Page 3 - LED
 16 887F 17 8005 18 4905 19 0073 28 0003 29 0000
Page 4 - QSGMII
  0 1140  1 0000  4 0901  5 0000  6 0000 16 6224 17 8000 18 0000
 19 0000 20 0000 21 0000 23 0000 24 0000 25 0000 26 3002 27 3F80
 28 0000
Page 5 - VCT
 16 0000 17 0000 18 0000 19 0000 20 0000 21 2000 23 0603 24 0000
 25 0104 26 0F12 27 0A0C 28 0C06
Page 6 - Packet
 16 0000 17 0000 18 0000 19 000B 23 0000 24 0000 25 0000 26 190D
Page 7 - Cable
 16 0000 17 0000 18 0000 19 0000 20 0000 21 0000 25 0104 26 0F12
 27 0A0C 28 0006
Page 18 - Common
  0 0000  1 0000  2 0000 16 0000 17 0000 19 000B 20 0004 25 0000
 26 0000 27 2000
Page 255 - Factory
  0 0000  1 0000  2 0000  3 0000  4 0000  5 0000  6 0000  7 0000
  8 0000  9 0000 10 0000 11 0000 12 0000 13 0000 14 0000 15 0000
 16 0159 17 DC0C 18 0000 19 0000 20 0000 21 0000 23 0000 24 0000
 25 0000 26 0000 27 0000 28 0000 29 0000 30 0000 31 0000

Clause 45 PHY Information for dev 0 port 0:

 Device 3 PCS registers: length 4 devNum 0
  0000=0000  0001=0042  0014=0006  0016=0000  
 Device 7 EEE autoneg registers: length 2 devNum 0
  003C=0000  003D=0000  


MacSec PHY Information for dev 0 port 0:

 Slice registers: length 87 devNum 0
  0000=88e58100  0001=00400030  0002=00000000  0003=00000000  0004=00000000  
  0005=00000000  0006=00000000  0007=00000001  0009=00001008  000B=0fb40000  
  000C=00000000  000D=00000000  000E=00000000  0010=00000005  0011=00000000  
  0012=00000000  0015=00000000  0016=00000000  0017=00000000  0018=00000000  
  0019=00000006  001A=00000000  001B=00000000  001C=00000000  001D=00000000  
  001E=00000000  001F=00000000  0020=00000000  0021=00000000  0022=00000000  
  0023=00000000  0024=00000000  0025=00000000  0026=00000000  0027=00000000  
  0028=00000000  0029=00000000  002A=00000000  002B=00000000  002C=00000000  
  002D=00000000  002E=00000000  002F=00000000  0030=888e8808  0031=00000000  
  0032=00000000  0033=00000000  0040=00011849  0041=00020081  0042=00000008  
  0043=00000020  0044=00000001  0045=00000000  0046=00000000  0047=0007fe43  
  0048=0009a520  0050=000117c9  0051=00010081  0052=00000000  0053=00000030  
  0054=00000005  0055=00000000  0056=00000000  0057=0007fe43  0058=0009a520  
  0070=00000077  0071=5a000000  0072=00000000  0073=00000000  0074=00000004  
  0076=00002006  0077=00000000  0078=00000000  0079=004050f0  007A=00010000  
  007B=00000000  007C=00000000  007D=00000000  007E=00000000  007F=00000000  
  03C0=111e2020  03C1=00000000  03C2=00000000  03C3=00000003  03C4=000050f0  
  03C6=00001400  03C7=00005096  

MAC MIB Counters (Wire MAC):
 GoodOctetsReceived   0x2000:                   0
 BadOctetsReceived    0x2002:                   0
 TxFIFOunderrun/TxCRC 0x2003:                   0
 UnicastFramesReceive 0x2004:                   0
 SentDeferred         0x2005:                   0
 BroadcastFramesRecei 0x2006:                   0
 MulticastFramesRecei 0x2007:                   0
 Frames64Octets       0x2008:                   0
 Frames65to127Octets  0x2009:                   0
 Frames128to255Octets 0x200a:                   0
 Frames256to511Octets 0x200b:                   0
 Frames512to1023Octet 0x200c:                   0
 Frames1024toMaxOctet 0x200d:                   0
 GoodOctetsSent       0x200e:                   0
 UnicastFramesSent    0x2010:                   0
 ExcessiveCollision   0x2011:                   0
 MulticastFramesSent  0x2012:                   0
 BroadcastFramesSent  0x2013:                   0
 SentMultiple         0x2014:                   0
 FCSent               0x2015:                   0
 FCReceived           0x2016:                   0
 RxFIFOOverrun        0x2017:                   0
 Undersize            0x2018:                   0
 Fragments            0x2019:                   0
 Oversize             0x201a:                   0
 Jabber               0x201b:                   0
 RxError              0x201c:                   0
 BadCrc               0x201d:                   0
 Collisions           0x201e:                   0
 LateCollisions       0x201f:                   0

MAC MIB Counters (System MAC, phyPorts 0/2):
 GoodOctetsReceived   0x2080:                   0
 BadOctetsReceived    0x2082:                   0
 TxFIFOunderrun/TxCRC 0x2083:                   0
 UnicastFramesReceive 0x2084:                   0
 SentDeferred         0x2085:                   0
 BroadcastFramesRecei 0x2086:                   0
 MulticastFramesRecei 0x2087:                   0
 Frames64Octets       0x2088:                   0
 Frames65to127Octets  0x2089:                   0
 Frames128to255Octets 0x208a:                   0
 Frames256to511Octets 0x208b:                   0
 Frames512to1023Octet 0x208c:                   0
 Frames1024toMaxOctet 0x208d:                   0
 GoodOctetsSent       0x208e:                   0
 UnicastFramesSent    0x2090:                   0
 ExcessiveCollision   0x2091:                   0
 MulticastFramesSent  0x2092:                   0
 BroadcastFramesSent  0x2093:                   0
 SentMultiple         0x2094:                   0
 FCSent               0x2095:                   0
 FCReceived           0x2096:                   0
 RxFIFOOverrun        0x2097:                   0
 Undersize            0x2098:                   0
 Fragments            0x2099:                   0
 Oversize             0x209a:                   0
 Jabber               0x209b:                   0
 RxError              0x209c:                   0
 BadCrc               0x209d:                   0
 Collisions           0x209e:                   0
 LateCollisions       0x209f:                   0


Port configuration:
  lport  0   macStatus:       0x12000010      value: 0x0000A400
             macCtrl:         0x12000000      value: 0x00008BE5
             autoNegCtrl:     0x1200000C      value: 0x0000B0E9
             macCtrl1:        0x12000004      value: 0x00003783
             macCtrl2:        0x12000008      value: 0x0000C008
             macCtrl3:        0x12000048      value: 0x00000300
             macCtrl4:        0x12000090      value: 0x00000002
             portControl:     0x01000000      value: 0x00208001

Phy address is: 03

PHY Registers for dev 0 (port 3)
  	hwMode (4 QSGMII to SGMII)

SGMII link partner ()
  Enabled Incomplete
  Link
    link partner Down
  Flow Control
    Partner   ( )
  Duplex
    Partner   (Duplex half)
  Speed
    Partner   (Speed 10Mbps)

Page 0 - Copper
  0 1940  1 7949  2 0141  3 0EC0  4 01E1  5 0000  6 0004  7 2001
  8 0000  9 0F00 10 4000 13 4007 14 0000 15 3000 16 3060 17 8040
 18 0000 19 0040 20 0020 21 0000 23 0000 26 0040
Page 1 - SGMII
  0 1140  1 0149  2 0141  3 0EC0  4 0001  5 0000  6 0004  7 2001
  8 0000 15 C000 16 4207 17 8010 18 0000 19 0000 21 0000 23 0000
 24 0000 25 0000 26 0042
Page 2 - Mac
 16 6008 18 0000 19 0000 21 1046
Page 3 - LED
 16 887F 17 8005 18 4905 19 0073 28 0003 29 0000
Page 4 - QSGMII
  0 1140  1 0000  4 0901  5 0000  6 0000 16 6224 17 8000 18 0000
 19 0000 20 0000 21 0000 23 0000 24 0000 25 0000 26 3002 27 3F80
 28 0000
Page 5 - VCT
 16 0000 17 0000 18 0000 19 0000 20 0000 21 2000 23 0603 24 0000
 25 0104 26 0F12 27 0A0C 28 0C06
Page 6 - Packet
 16 0000 17 0000 18 0000 19 000B 23 0000 24 0000 25 0000 26 190D
Page 7 - Cable
 16 0000 17 0000 18 0000 19 0000 20 0000 21 0000 25 0104 26 0F12
 27 0A0C 28 0006
Page 18 - Common
  0 0000  1 0000  2 0000 16 0000 17 0000 19 000B 20 0004 25 0000
 26 0000 27 2000
Page 255 - Factory
  0 0000  1 0000  2 0000  3 0000  4 0000  5 0000  6 0000  7 0000
  8 0000  9 0000 10 0000 11 0000 12 0000 13 0000 14 0000 15 0000
 16 0159 17 DC0C 18 2ADB 19 0000 20 0000 21 0000 23 0000 24 0000
 25 0000 26 0000 27 0000 28 0000 29 0000 30 0000 31 0000

Clause 45 PHY Information for dev 0 port 3:

 Device 3 PCS registers: length 4 devNum 0
  0000=0000  0001=0042  0014=0006  0016=0000  
 Device 7 EEE autoneg registers: length 2 devNum 0
  003C=0000  003D=0000  


MacSec PHY Information for dev 0 port 3:

 Slice registers: length 87 devNum 0
  1800=88e58100  1801=00400030  1802=00000000  1803=00000000  1804=00000000  
  1805=00000000  1806=00000000  1807=00000001  1809=00001008  180B=0fb40000  
  180C=00000000  180D=00000000  180E=00000000  1810=00000005  1811=00000000  
  1812=00000000  1815=00000000  1816=00000000  1817=00000000  1818=00000000  
  1819=00000006  181A=00000000  181B=00000000  181C=00000000  181D=00000000  
  181E=00000000  181F=00000000  1820=00000000  1821=00000000  1822=00000000  
  1823=00000000  1824=00000000  1825=00000000  1826=00000000  1827=00000000  
  1828=00000000  1829=00000000  182A=00000000  182B=00000000  182C=00000000  
  182D=00000000  182E=00000000  182F=00000000  1830=888e8808  1831=00000000  
  1832=00000000  1833=00000000  1840=00011849  1841=00020081  1842=00000008  
  1843=00000020  1844=00000001  1845=00000000  1846=00000000  1847=0007fe43  
  1848=0009a520  1850=000117c9  1851=00010081  1852=00000000  1853=00000030  
  1854=00000005  1855=00000000  1856=00000000  1857=0007fe43  1858=0009a520  
  1870=00000077  1871=5a000000  1872=00000000  1873=00000000  1874=00000004  
  1876=00002006  1877=00000000  1878=00000000  1879=004050f0  187A=00010000  
  187B=00000000  187C=00000000  187D=00000000  187E=00000000  187F=00000000  
  1BC0=111e2020  1BC1=00000000  1BC2=00000000  1BC3=00000003  1BC4=000050f0  
  1BC6=00001400  1BC7=00005096  

MAC MIB Counters (Wire MAC):
 GoodOctetsReceived   0x2060:                   0
 BadOctetsReceived    0x2062:                   0
 TxFIFOunderrun/TxCRC 0x2063:                   0
 UnicastFramesReceive 0x2064:                   0
 SentDeferred         0x2065:                   0
 BroadcastFramesRecei 0x2066:                   0
 MulticastFramesRecei 0x2067:                   0
 Frames64Octets       0x2068:                   0
 Frames65to127Octets  0x2069:                   0
 Frames128to255Octets 0x206a:                   0
 Frames256to511Octets 0x206b:                   0
 Frames512to1023Octet 0x206c:                   0
 Frames1024toMaxOctet 0x206d:                   0
 GoodOctetsSent       0x206e:                   0
 UnicastFramesSent    0x2070:                   0
 ExcessiveCollision   0x2071:                   0
 MulticastFramesSent  0x2072:                   0
 BroadcastFramesSent  0x2073:                   0
 SentMultiple         0x2074:                   0
 FCSent               0x2075:                   0
 FCReceived           0x2076:                   0
 RxFIFOOverrun        0x2077:                   0
 Undersize            0x2078:                   0
 Fragments            0x2079:                   0
 Oversize             0x207a:                   0
 Jabber               0x207b:                   0
 RxError              0x207c:                   0
 BadCrc               0x207d:                   0
 Collisions           0x207e:                   0
 LateCollisions       0x207f:                   0

MAC MIB Counters (System MAC, phyPorts 1/3):
 GoodOctetsReceived   0x20a0:                   0
 BadOctetsReceived    0x20a2:                   0
 TxFIFOunderrun/TxCRC 0x20a3:                   0
 UnicastFramesReceive 0x20a4:                   0
 SentDeferred         0x20a5:                   0
 BroadcastFramesRecei 0x20a6:                   0
 MulticastFramesRecei 0x20a7:                   0
 Frames64Octets       0x20a8:                   0
 Frames65to127Octets  0x20a9:                   0
 Frames128to255Octets 0x20aa:                   0
 Frames256to511Octets 0x20ab:                   0
 Frames512to1023Octet 0x20ac:                   0
 Frames1024toMaxOctet 0x20ad:                   0
 GoodOctetsSent       0x20ae:                   0
 UnicastFramesSent    0x20b0:                   0
 ExcessiveCollision   0x20b1:                   0
 MulticastFramesSent  0x20b2:                   0
 BroadcastFramesSent  0x20b3:                   0
 SentMultiple         0x20b4:                   0
 FCSent               0x20b5:                   0
 FCReceived           0x20b6:                   0
 RxFIFOOverrun        0x20b7:                   0
 Undersize            0x20b8:                   0
 Fragments            0x20b9:                   0
 Oversize             0x20ba:                   0
 Jabber               0x20bb:                   0
 RxError              0x20bc:                   0
 BadCrc               0x20bd:                   0
 Collisions           0x20be:                   0
 LateCollisions       0x20bf:                   0


Port configuration:
  lport  3   macStatus:       0x12003010      value: 0x0000A400
             macCtrl:         0x12003000      value: 0x00008BE5
             autoNegCtrl:     0x1200300C      value: 0x0000B0E9
             macCtrl1:        0x12003004      value: 0x00003783
             macCtrl2:        0x12003008      value: 0x0000C008
             macCtrl3:        0x12003048      value: 0x00000300
             macCtrl4:        0x12003090      value: 0x00000C02
             portControl:     0x01003000      value: 0x00208001

Phy address is: 02

PHY Registers for dev 0 (port 2)
  	hwMode (4 QSGMII to SGMII)

SGMII link partner ()
  Enabled Incomplete
  Link
    link partner Down
  Flow Control
    Partner   ( )
  Duplex
    Partner   (Duplex half)
  Speed
    Partner   (Speed 10Mbps)

Page 0 - Copper
  0 1940  1 7949  2 0141  3 0EC0  4 01E1  5 0000  6 0004  7 2001
  8 0000  9 0F00 10 4000 13 4007 14 0000 15 3000 16 3060 17 8040
 18 0000 19 0040 20 0020 21 0000 23 0000 26 0040
Page 1 - SGMII
  0 1140  1 0149  2 0141  3 0EC0  4 0001  5 0000  6 0004  7 2001
  8 0000 15 C000 16 4207 17 8010 18 0000 19 0000 21 0000 23 0000
 24 0000 25 0000 26 0042
Page 2 - Mac
 16 6008 18 0000 19 0000 21 1046
Page 3 - LED
 16 887F 17 8005 18 4905 19 0073 28 0003 29 0000
Page 4 - QSGMII
  0 1140  1 0000  4 0901  5 0000  6 0000 16 6224 17 8000 18 0000
 19 0000 20 0000 21 0000 23 0000 24 0000 25 0000 26 3002 27 3F80
 28 0000
Page 5 - VCT
 16 0000 17 0000 18 0000 19 0000 20 0000 21 2000 23 0603 24 0000
 25 0104 26 0F12 27 0A0C 28 0C06
Page 6 - Packet
 16 0000 17 0000 18 0000 19 000B 23 0000 24 0000 25 0000 26 190D
Page 7 - Cable
 16 0000 17 0000 18 0000 19 0000 20 0000 21 0000 25 0104 26 0F12
 27 0A0C 28 0006
Page 18 - Common
  0 0000  1 0000  2 0000 16 0000 17 0000 19 000B 20 0004 25 0000
 26 0000 27 2000
Page 255 - Factory
  0 0000  1 0000  2 0000  3 0000  4 0000  5 0000  6 0000  7 0000
  8 0000  9 0000 10 0000 11 0000 12 0000 13 0000 14 0000 15 0000
 16 0159 17 DC0C 18 4C0C 19 0000 20 0000 21 0000 23 0000 24 0000
 25 0000 26 0000 27 0000 28 0000 29 0000 30 0000 31 0000

Clause 45 PHY Information for dev 0 port 2:

 Device 3 PCS registers: length 4 devNum 0
  0000=0000  0001=0042  0014=0006  0016=0000  
 Device 7 EEE autoneg registers: length 2 devNum 0
  003C=0000  003D=0000  


MacSec PHY Information for dev 0 port 2:

 Slice registers: length 87 devNum 0
  1000=88e58100  1001=00400030  1002=00000000  1003=00000000  1004=00000000  
  1005=00000000  1006=00000000  1007=00000001  1009=00001008  100B=0fb40000  
  100C=00000000  100D=00000000  100E=00000000  1010=00000005  1011=00000000  
  1012=00000000  1015=00000000  1016=00000000  1017=00000000  1018=00000000  
  1019=00000006  101A=00000000  101B=00000000  101C=00000000  101D=00000000  
  101E=00000000  101F=00000000  1020=00000000  1021=00000000  1022=00000000  
  1023=00000000  1024=00000000  1025=00000000  1026=00000000  1027=00000000  
  1028=00000000  1029=00000000  102A=00000000  102B=00000000  102C=00000000  
  102D=00000000  102E=00000000  102F=00000000  1030=888e8808  1031=00000000  
  1032=00000000  1033=00000000  1040=00011849  1041=00020081  1042=00000008  
  1043=00000020  1044=00000001  1045=00000000  1046=00000000  1047=0007fe43  
  1048=0009a520  1050=000117c9  1051=00010081  1052=00000000  1053=00000030  
  1054=00000005  1055=00000000  1056=00000000  1057=0007fe43  1058=0009a520  
  1070=00000077  1071=5a000000  1072=00000000  1073=00000000  1074=00000004  
  1076=00002006  1077=00000000  1078=00000000  1079=004050f0  107A=00010000  
  107B=00000000  107C=00000000  107D=00000000  107E=00000000  107F=00000000  
  13C0=111e2020  13C1=00000000  13C2=00000000  13C3=00000003  13C4=000050f0  
  13C6=00001400  13C7=00005096  

MAC MIB Counters (Wire MAC):
 GoodOctetsReceived   0x2040:                   0
 BadOctetsReceived    0x2042:                   0
 TxFIFOunderrun/TxCRC 0x2043:                   0
 UnicastFramesReceive 0x2044:                   0
 SentDeferred         0x2045:                   0
 BroadcastFramesRecei 0x2046:                   0
 MulticastFramesRecei 0x2047:                   0
 Frames64Octets       0x2048:                   0
 Frames65to127Octets  0x2049:                   0
 Frames128to255Octets 0x204a:                   0
 Frames256to511Octets 0x204b:                   0
 Frames512to1023Octet 0x204c:                   0
 Frames1024toMaxOctet 0x204d:                   0
 GoodOctetsSent       0x204e:                   0
 UnicastFramesSent    0x2050:                   0
 ExcessiveCollision   0x2051:                   0
 MulticastFramesSent  0x2052:                   0
 BroadcastFramesSent  0x2053:                   0
 SentMultiple         0x2054:                   0
 FCSent               0x2055:                   0
 FCReceived           0x2056:                   0
 RxFIFOOverrun        0x2057:                   0
 Undersize            0x2058:                   0
 Fragments            0x2059:                   0
 Oversize             0x205a:                   0
 Jabber               0x205b:                   0
 RxError              0x205c:                   0
 BadCrc               0x205d:                   0
 Collisions           0x205e:                   0
 LateCollisions       0x205f:                   0

MAC MIB Counters (System MAC, phyPorts 0/2):
 GoodOctetsReceived   0x2080:                   0
 BadOctetsReceived    0x2082:                   0
 TxFIFOunderrun/TxCRC 0x2083:                   0
 UnicastFramesReceive 0x2084:                   0
 SentDeferred         0x2085:                   0
 BroadcastFramesRecei 0x2086:                   0
 MulticastFramesRecei 0x2087:                   0
 Frames64Octets       0x2088:                   0
 Frames65to127Octets  0x2089:                   0
 Frames128to255Octets 0x208a:                   0
 Frames256to511Octets 0x208b:                   0
 Frames512to1023Octet 0x208c:                   0
 Frames1024toMaxOctet 0x208d:                   0
 GoodOctetsSent       0x208e:                   0
 UnicastFramesSent    0x2090:                   0
 ExcessiveCollision   0x2091:                   0
 MulticastFramesSent  0x2092:                   0
 BroadcastFramesSent  0x2093:                   0
 SentMultiple         0x2094:                   0
 FCSent               0x2095:                   0
 FCReceived           0x2096:                   0
 RxFIFOOverrun        0x2097:                   0
 Undersize            0x2098:                   0
 Fragments            0x2099:                   0
 Oversize             0x209a:                   0
 Jabber               0x209b:                   0
 RxError              0x209c:                   0
 BadCrc               0x209d:                   0
 Collisions           0x209e:                   0
 LateCollisions       0x209f:                   0


Port configuration:
  lport  2   macStatus:       0x12002010      value: 0x0000A400
             macCtrl:         0x12002000      value: 0x00008BE5
             autoNegCtrl:     0x1200200C      value: 0x0000B0E9
             macCtrl1:        0x12002004      value: 0x00003783
             macCtrl2:        0x12002008      value: 0x0000C008
             macCtrl3:        0x12002048      value: 0x00000300
             macCtrl4:        0x12002090      value: 0x00000802
             portControl:     0x01002000      value: 0x00208001

Phy address is: 05

PHY Registers for dev 0 (port 5)
  	hwMode (4 QSGMII to SGMII)

SGMII link partner ()
  Enabled Incomplete
  Link
    link partner Down
  Flow Control
    Partner   ( )
  Duplex
    Partner   (Duplex half)
  Speed
    Partner   (Speed 10Mbps)

Page 0 - Copper
  0 1940  1 7949  2 0141  3 0EC0  4 01E1  5 0000  6 0004  7 2001
  8 0000  9 0F00 10 4000 13 4007 14 0000 15 3000 16 3060 17 8000
 18 0000 19 0040 20 0020 21 0000 23 0000 26 0040
Page 1 - SGMII
  0 1140  1 0149  2 0141  3 0EC0  4 0001  5 0000  6 0004  7 2001
  8 0000 15 C000 16 4207 17 8010 18 0000 19 0000 21 0000 23 0000
 24 0000 25 0000 26 0042
Page 2 - Mac
 16 6008 18 0000 19 0000 21 1046
Page 3 - LED
 16 887F 17 8005 18 4905 19 0073 28 0003 29 0000
Page 4 - QSGMII
  0 1140  1 0000  4 0901  5 0000  6 0000 16 6224 17 8000 18 0000
 19 0000 20 0000 21 0000 23 0000 24 0000 25 0000 26 3002 27 3F80
 28 0000
Page 5 - VCT
 16 0000 17 0000 18 0000 19 0000 20 0000 21 2000 23 0603 24 0000
 25 0104 26 0F12 27 0A0C 28 0C06
Page 6 - Packet
 16 0000 17 0000 18 0000 19 000B 23 0000 24 0000 25 0000 26 190D
Page 7 - Cable
 16 0000 17 0000 18 0000 19 0000 20 0000 21 0000 25 0104 26 0F12
 27 0A0C 28 0006
Page 18 - Common
  0 0000  1 0000  2 0000 16 0000 17 0000 19 000B 20 0004 25 0000
 26 0000 27 2000
Page 255 - Factory
  0 0000  1 0000  2 0000  3 0000  4 0000  5 0000  6 0000  7 0000
  8 0000  9 0000 10 0000 11 0000 12 0000 13 0000 14 0000 15 0000
 16 0159 17 DC0C 18 0001 19 0000 20 0000 21 0000 23 0000 24 0000
 25 0000 26 0000 27 0000 28 0000 29 0000 30 0000 31 0000

Clause 45 PHY Information for dev 0 port 5:

 Device 3 PCS registers: length 4 devNum 0
  0000=0000  0001=0042  0014=0006  0016=0000  
 Device 7 EEE autoneg registers: length 2 devNum 0
  003C=0000  003D=0000  


MacSec PHY Information for dev 0 port 5:

 Slice registers: length 87 devNum 0
  0800=88e58100  0801=00400030  0802=00000000  0803=00000000  0804=00000000  
  0805=00000000  0806=00000000  0807=00000001  0809=00001008  080B=0fb40000  
  080C=00000000  080D=00000000  080E=00000000  0810=00000005  0811=00000000  
  0812=00000000  0815=00000000  0816=00000000  0817=00000000  0818=00000000  
  0819=00000006  081A=00000000  081B=00000000  081C=00000000  081D=00000000  
  081E=00000000  081F=00000000  0820=00000000  0821=00000000  0822=00000000  
  0823=00000000  0824=00000000  0825=00000000  0826=00000000  0827=00000000  
  0828=00000000  0829=00000000  082A=00000000  082B=00000000  082C=00000000  
  082D=00000000  082E=00000000  082F=00000000  0830=888e8808  0831=00000000  
  0832=00000000  0833=00000000  0840=00011849  0841=00020081  0842=00000008  
  0843=00000020  0844=00000001  0845=00000000  0846=00000000  0847=0007fe43  
  0848=0009a520  0850=000117c9  0851=00010081  0852=00000000  0853=00000030  
  0854=00000005  0855=00000000  0856=00000000  0857=0007fe43  0858=0009a520  
  0870=00000077  0871=5a000000  0872=00000000  0873=00000000  0874=00000004  
  0876=00002006  0877=00000000  0878=00000000  0879=004050f0  087A=00010000  
  087B=00000000  087C=00000000  087D=00000000  087E=00000000  087F=00000000  
  0BC0=111e2020  0BC1=00000000  0BC2=00000000  0BC3=00000003  0BC4=000050f0  
  0BC6=00001400  0BC7=00005096  

MAC MIB Counters (Wire MAC):
 GoodOctetsReceived   0x2020:                   0
 BadOctetsReceived    0x2022:                   0
 TxFIFOunderrun/TxCRC 0x2023:                   0
 UnicastFramesReceive 0x2024:                   0
 SentDeferred         0x2025:                   0
 BroadcastFramesRecei 0x2026:                   0
 MulticastFramesRecei 0x2027:                   0
 Frames64Octets       0x2028:                   0
 Frames65to127Octets  0x2029:                   0
 Frames128to255Octets 0x202a:                   0
 Frames256to511Octets 0x202b:                   0
 Frames512to1023Octet 0x202c:                   0
 Frames1024toMaxOctet 0x202d:                   0
 GoodOctetsSent       0x202e:                   0
 UnicastFramesSent    0x2030:                   0
 ExcessiveCollision   0x2031:                   0
 MulticastFramesSent  0x2032:                   0
 BroadcastFramesSent  0x2033:                   0
 SentMultiple         0x2034:                   0
 FCSent               0x2035:                   0
 FCReceived           0x2036:                   0
 RxFIFOOverrun        0x2037:                   0
 Undersize            0x2038:                   0
 Fragments            0x2039:                   0
 Oversize             0x203a:                   0
 Jabber               0x203b:                   0
 RxError              0x203c:                   0
 BadCrc               0x203d:                   0
 Collisions           0x203e:                   0
 LateCollisions       0x203f:                   0

MAC MIB Counters (System MAC, phyPorts 1/3):
 GoodOctetsReceived   0x20a0:                   0
 BadOctetsReceived    0x20a2:                   0
 TxFIFOunderrun/TxCRC 0x20a3:                   0
 UnicastFramesReceive 0x20a4:                   0
 SentDeferred         0x20a5:                   0
 BroadcastFramesRecei 0x20a6:                   0
 MulticastFramesRecei 0x20a7:                   0
 Frames64Octets       0x20a8:                   0
 Frames65to127Octets  0x20a9:                   0
 Frames128to255Octets 0x20aa:                   0
 Frames256to511Octets 0x20ab:                   0
 Frames512to1023Octet 0x20ac:                   0
 Frames1024toMaxOctet 0x20ad:                   0
 GoodOctetsSent       0x20ae:                   0
 UnicastFramesSent    0x20b0:                   0
 ExcessiveCollision   0x20b1:                   0
 MulticastFramesSent  0x20b2:                   0
 BroadcastFramesSent  0x20b3:                   0
 SentMultiple         0x20b4:                   0
 FCSent               0x20b5:                   0
 FCReceived           0x20b6:                   0
 RxFIFOOverrun        0x20b7:                   0
 Undersize            0x20b8:                   0
 Fragments            0x20b9:                   0
 Oversize             0x20ba:                   0
 Jabber               0x20bb:                   0
 RxError              0x20bc:                   0
 BadCrc               0x20bd:                   0
 Collisions           0x20be:                   0
 LateCollisions       0x20bf:                   0


Port configuration:
  lport  5   macStatus:       0x12005010      value: 0x00000400
             macCtrl:         0x12005000      value: 0x00008BE5
             autoNegCtrl:     0x1200500C      value: 0x0000B0E9
             macCtrl1:        0x12005004      value: 0x00003783
             macCtrl2:        0x12005008      value: 0x0000C048
             macCtrl3:        0x12005048      value: 0x00000300
             macCtrl4:        0x12005090      value: 0x00001482
             portControl:     0x01005000      value: 0x00208001

Phy address is: 04

PHY Registers for dev 0 (port 4)
  	hwMode (4 QSGMII to SGMII)

SGMII link partner ()
  Enabled Incomplete
  Link
    link partner Down
  Flow Control
    Partner   ( )
  Duplex
    Partner   (Duplex half)
  Speed
    Partner   (Speed 10Mbps)

Page 0 - Copper
  0 1940  1 7949  2 0141  3 0EC0  4 01E1  5 0000  6 0004  7 2001
  8 0000  9 0F00 10 4000 13 4007 14 0000 15 3000 16 3060 17 8040
 18 0000 19 0040 20 0020 21 0000 23 0000 26 0040
Page 1 - SGMII
  0 1140  1 0149  2 0141  3 0EC0  4 0001  5 0000  6 0004  7 2001
  8 0000 15 C000 16 4207 17 8010 18 0000 19 0000 21 0000 23 0000
 24 0000 25 0000 26 0042
Page 2 - Mac
 16 6008 18 0000 19 0000 21 1046
Page 3 - LED
 16 887F 17 8005 18 4905 19 0073 28 0003 29 0000
Page 4 - QSGMII
  0 1140  1 0000  4 0901  5 0000  6 0000 16 6224 17 8000 18 0000
 19 0000 20 0000 21 0000 23 0000 24 0000 25 0000 26 3002 27 3F80
 28 0000
Page 5 - VCT
 16 0000 17 0000 18 0000 19 0000 20 0000 21 2000 23 0603 24 0000
 25 0104 26 0F12 27 0A0C 28 0C06
Page 6 - Packet
 16 0000 17 0000 18 0000 19 000B 23 0000 24 0000 25 0000 26 190D
Page 7 - Cable
 16 0000 17 0000 18 0000 19 0000 20 0000 21 0000 25 0104 26 0F12
 27 0A0C 28 0006
Page 18 - Common
  0 0000  1 0000  2 0000 16 0000 17 0000 19 000B 20 0004 25 0000
 26 0000 27 2000
Page 255 - Factory
  0 0000  1 0000  2 0000  3 0000  4 0000  5 0000  6 0000  7 0000
  8 0000  9 0000 10 0000 11 0000 12 0000 13 0000 14 0000 15 0000
 16 0159 17 DC0C 18 5955 19 0000 20 0000 21 0000 23 0000 24 0000
 25 0000 26 0000 27 0000 28 0000 29 0000 30 0000 31 0000

Clause 45 PHY Information for dev 0 port 4:

 Device 3 PCS registers: length 4 devNum 0
  0000=0000  0001=0042  0014=0006  0016=0000  
 Device 7 EEE autoneg registers: length 2 devNum 0
  003C=0000  003D=0000  


MacSec PHY Information for dev 0 port 4:

 Slice registers: length 87 devNum 0
  0000=88e58100  0001=00400030  0002=00000000  0003=00000000  0004=00000000  
  0005=00000000  0006=00000000  0007=00000001  0009=00001008  000B=0fb40000  
  000C=00000000  000D=00000000  000E=00000000  0010=00000005  0011=00000000  
  0012=00000000  0015=00000000  0016=00000000  0017=00000000  0018=00000000  
  0019=00000006  001A=00000000  001B=00000000  001C=00000000  001D=00000000  
  001E=00000000  001F=00000000  0020=00000000  0021=00000000  0022=00000000  
  0023=00000000  0024=00000000  0025=00000000  0026=00000000  0027=00000000  
  0028=00000000  0029=00000000  002A=00000000  002B=00000000  002C=00000000  
  002D=00000000  002E=00000000  002F=00000000  0030=888e8808  0031=00000000  
  0032=00000000  0033=00000000  0040=00011849  0041=00020081  0042=00000008  
  0043=00000020  0044=00000001  0045=00000000  0046=00000000  0047=0007fe43  
  0048=0009a520  0050=000117c9  0051=00010081  0052=00000000  0053=00000030  
  0054=00000005  0055=00000000  0056=00000000  0057=0007fe43  0058=0009a520  
  0070=00000077  0071=5a000000  0072=00000000  0073=00000000  0074=00000004  
  0076=00002006  0077=00000000  0078=00000000  0079=004050f0  007A=00010000  
  007B=00000000  007C=00000000  007D=00000000  007E=00000000  007F=00000000  
  03C0=111e2020  03C1=00000000  03C2=00000000  03C3=00000003  03C4=000050f0  
  03C6=00001400  03C7=00005096  

MAC MIB Counters (Wire MAC):
 GoodOctetsReceived   0x2000:                   0
 BadOctetsReceived    0x2002:                   0
 TxFIFOunderrun/TxCRC 0x2003:                   0
 UnicastFramesReceive 0x2004:                   0
 SentDeferred         0x2005:                   0
 BroadcastFramesRecei 0x2006:                   0
 MulticastFramesRecei 0x2007:                   0
 Frames64Octets       0x2008:                   0
 Frames65to127Octets  0x2009:                   0
 Frames128to255Octets 0x200a:                   0
 Frames256to511Octets 0x200b:                   0
 Frames512to1023Octet 0x200c:                   0
 Frames1024toMaxOctet 0x200d:                   0
 GoodOctetsSent       0x200e:                   0
 UnicastFramesSent    0x2010:                   0
 ExcessiveCollision   0x2011:                   0
 MulticastFramesSent  0x2012:                   0
 BroadcastFramesSent  0x2013:                   0
 SentMultiple         0x2014:                   0
 FCSent               0x2015:                   0
 FCReceived           0x2016:                   0
 RxFIFOOverrun        0x2017:                   0
 Undersize            0x2018:                   0
 Fragments            0x2019:                   0
 Oversize             0x201a:                   0
 Jabber               0x201b:                   0
 RxError              0x201c:                   0
 BadCrc               0x201d:                   0
 Collisions           0x201e:                   0
 LateCollisions       0x201f:                   0

MAC MIB Counters (System MAC, phyPorts 0/2):
 GoodOctetsReceived   0x2080:                   0
 BadOctetsReceived    0x2082:                   0
 TxFIFOunderrun/TxCRC 0x2083:                   0
 UnicastFramesReceive 0x2084:                   0
 SentDeferred         0x2085:                   0
 BroadcastFramesRecei 0x2086:                   0
 MulticastFramesRecei 0x2087:                   0
 Frames64Octets       0x2088:                   0
 Frames65to127Octets  0x2089:                   0
 Frames128to255Octets 0x208a:                   0
 Frames256to511Octets 0x208b:                   0
 Frames512to1023Octet 0x208c:                   0
 Frames1024toMaxOctet 0x208d:                   0
 GoodOctetsSent       0x208e:                   0
 UnicastFramesSent    0x2090:                   0
 ExcessiveCollision   0x2091:                   0
 MulticastFramesSent  0x2092:                   0
 BroadcastFramesSent  0x2093:                   0
 SentMultiple         0x2094:                   0
 FCSent               0x2095:                   0
 FCReceived           0x2096:                   0
 RxFIFOOverrun        0x2097:                   0
 Undersize            0x2098:                   0
 Fragments            0x2099:                   0
 Oversize             0x209a:                   0
 Jabber               0x209b:                   0
 RxError              0x209c:                   0
 BadCrc               0x209d:                   0
 Collisions           0x209e:                   0
 LateCollisions       0x209f:                   0


Port configuration:
  lport  4   macStatus:       0x12004010      value: 0x00000400
             macCtrl:         0x12004000      value: 0x00008BE5
             autoNegCtrl:     0x1200400C      value: 0x0000B0E9
             macCtrl1:        0x12004004      value: 0x00003783
             macCtrl2:        0x12004008      value: 0x0000C048
             macCtrl3:        0x12004048      value: 0x00000300
             macCtrl4:        0x12004090      value: 0x00001082
             portControl:     0x01004000      value: 0x00208001

Phy address is: 07

PHY Registers for dev 0 (port 7)
  	hwMode (4 QSGMII to SGMII)

SGMII link partner ()
  Enabled Incomplete
  Link
    link partner Down
  Flow Control
    Partner   ( )
  Duplex
    Partner   (Duplex half)
  Speed
    Partner   (Speed 10Mbps)

Page 0 - Copper
  0 1940  1 7949  2 0141  3 0EC0  4 01E1  5 0000  6 0004  7 2001
  8 0000  9 0F00 10 4000 13 4007 14 0000 15 3000 16 3060 17 8040
 18 0000 19 0040 20 0020 21 0000 23 0000 26 0040
Page 1 - SGMII
  0 1140  1 0149  2 0141  3 0EC0  4 0001  5 0000  6 0004  7 2001
  8 0000 15 C000 16 4207 17 8010 18 0000 19 0000 21 0000 23 0000
 24 0000 25 0000 26 0042
Page 2 - Mac
 16 6008 18 0000 19 0000 21 1046
Page 3 - LED
 16 887F 17 8005 18 4905 19 0073 28 0003 29 0000
Page 4 - QSGMII
  0 1140  1 0000  4 0901  5 0000  6 0000 16 6224 17 8000 18 0000
 19 0000 20 0000 21 0000 23 0000 24 0000 25 0000 26 3002 27 3F80
 28 0000
Page 5 - VCT
 16 0000 17 0000 18 0000 19 0000 20 0000 21 2000 23 0603 24 0000
 25 0104 26 0F12 27 0A0C 28 0C06
Page 6 - Packet
 16 0000 17 0000 18 0000 19 000B 23 0000 24 0000 25 0000 26 190D
Page 7 - Cable
 16 0000 17 0000 18 0000 19 0000 20 0000 21 0000 25 0104 26 0F12
 27 0A0C 28 0006
Page 18 - Common
  0 0000  1 0000  2 0000 16 0000 17 0000 19 000B 20 0004 25 0000
 26 0000 27 2000
Page 255 - Factory
  0 0000  1 0000  2 0000  3 0000  4 0000  5 0000  6 0000  7 0000
  8 0000  9 0000 10 0000 11 0000 12 0000 13 0000 14 0000 15 0000
 16 0159 17 DC0C 18 732D 19 0000 20 0000 21 0000 23 0000 24 0000
 25 0000 26 0000 27 0000 28 0000 29 0000 30 0000 31 0000

Clause 45 PHY Information for dev 0 port 7:

 Device 3 PCS registers: length 4 devNum 0
  0000=0000  0001=0042  0014=0006  0016=0000  
 Device 7 EEE autoneg registers: length 2 devNum 0
  003C=0000  003D=0000  


MacSec PHY Information for dev 0 port 7:

 Slice registers: length 87 devNum 0
  1800=88e58100  1801=00400030  1802=00000000  1803=00000000  1804=00000000  
  1805=00000000  1806=00000000  1807=00000001  1809=00001008  180B=0fb40000  
  180C=00000000  180D=00000000  180E=00000000  1810=00000005  1811=00000000  
  1812=00000000  1815=00000000  1816=00000000  1817=00000000  1818=00000000  
  1819=00000006  181A=00000000  181B=00000000  181C=00000000  181D=00000000  
  181E=00000000  181F=00000000  1820=00000000  1821=00000000  1822=00000000  
  1823=00000000  1824=00000000  1825=00000000  1826=00000000  1827=00000000  
  1828=00000000  1829=00000000  182A=00000000  182B=00000000  182C=00000000  
  182D=00000000  182E=00000000  182F=00000000  1830=888e8808  1831=00000000  
  1832=00000000  1833=00000000  1840=00011849  1841=00020081  1842=00000008  
  1843=00000020  1844=00000001  1845=00000000  1846=00000000  1847=0007fe43  
  1848=0009a520  1850=000117c9  1851=00010081  1852=00000000  1853=00000030  
  1854=00000005  1855=00000000  1856=00000000  1857=0007fe43  1858=0009a520  
  1870=00000077  1871=5a000000  1872=00000000  1873=00000000  1874=00000004  
  1876=00002006  1877=00000000  1878=00000000  1879=004050f0  187A=00010000  
  187B=00000000  187C=00000000  187D=00000000  187E=00000000  187F=00000000  
  1BC0=111e2020  1BC1=00000000  1BC2=00000000  1BC3=00000003  1BC4=000050f0  
  1BC6=00001400  1BC7=00005096  

MAC MIB Counters (Wire MAC):
 GoodOctetsReceived   0x2060:                   0
 BadOctetsReceived    0x2062:                   0
 TxFIFOunderrun/TxCRC 0x2063:                   0
 UnicastFramesReceive 0x2064:                   0
 SentDeferred         0x2065:                   0
 BroadcastFramesRecei 0x2066:                   0
 MulticastFramesRecei 0x2067:                   0
 Frames64Octets       0x2068:                   0
 Frames65to127Octets  0x2069:                   0
 Frames128to255Octets 0x206a:                   0
 Frames256to511Octets 0x206b:                   0
 Frames512to1023Octet 0x206c:                   0
 Frames1024toMaxOctet 0x206d:                   0
 GoodOctetsSent       0x206e:                   0
 UnicastFramesSent    0x2070:                   0
 ExcessiveCollision   0x2071:                   0
 MulticastFramesSent  0x2072:                   0
 BroadcastFramesSent  0x2073:                   0
 SentMultiple         0x2074:                   0
 FCSent               0x2075:                   0
 FCReceived           0x2076:                   0
 RxFIFOOverrun        0x2077:                   0
 Undersize            0x2078:                   0
 Fragments            0x2079:                   0
 Oversize             0x207a:                   0
 Jabber               0x207b:                   0
 RxError              0x207c:                   0
 BadCrc               0x207d:                   0
 Collisions           0x207e:                   0
 LateCollisions       0x207f:                   0

MAC MIB Counters (System MAC, phyPorts 1/3):
 GoodOctetsReceived   0x20a0:                   0
 BadOctetsReceived    0x20a2:                   0
 TxFIFOunderrun/TxCRC 0x20a3:                   0
 UnicastFramesReceive 0x20a4:                   0
 SentDeferred         0x20a5:                   0
 BroadcastFramesRecei 0x20a6:                   0
 MulticastFramesRecei 0x20a7:                   0
 Frames64Octets       0x20a8:                   0
 Frames65to127Octets  0x20a9:                   0
 Frames128to255Octets 0x20aa:                   0
 Frames256to511Octets 0x20ab:                   0
 Frames512to1023Octet 0x20ac:                   0
 Frames1024toMaxOctet 0x20ad:                   0
 GoodOctetsSent       0x20ae:                   0
 UnicastFramesSent    0x20b0:                   0
 ExcessiveCollision   0x20b1:                   0
 MulticastFramesSent  0x20b2:                   0
 BroadcastFramesSent  0x20b3:                   0
 SentMultiple         0x20b4:                   0
 FCSent               0x20b5:                   0
 FCReceived           0x20b6:                   0
 RxFIFOOverrun        0x20b7:                   0
 Undersize            0x20b8:                   0
 Fragments            0x20b9:                   0
 Oversize             0x20ba:                   0
 Jabber               0x20bb:                   0
 RxError              0x20bc:                   0
 BadCrc               0x20bd:                   0
 Collisions           0x20be:                   0
 LateCollisions       0x20bf:                   0


Port configuration:
  lport  7   macStatus:       0x12007010      value: 0x00000400
             macCtrl:         0x12007000      value: 0x00008BE5
             autoNegCtrl:     0x1200700C      value: 0x0000B0E9
             macCtrl1:        0x12007004      value: 0x00003783
             macCtrl2:        0x12007008      value: 0x0000C048
             macCtrl3:        0x12007048      value: 0x00000300
             macCtrl4:        0x12007090      value: 0x00001C82
             portControl:     0x01007000      value: 0x00208001

Phy address is: 06

PHY Registers for dev 0 (port 6)
  	hwMode (4 QSGMII to SGMII)

SGMII link partner ()
  Enabled Incomplete
  Link
    link partner Down
  Flow Control
    Partner   ( )
  Duplex
    Partner   (Duplex half)
  Speed
    Partner   (Speed 10Mbps)

Page 0 - Copper
  0 1940  1 7949  2 0141  3 0EC0  4 01E1  5 0000  6 0004  7 2001
  8 0000  9 0F00 10 4000 13 4007 14 0000 15 3000 16 3060 17 8000
 18 0000 19 0040 20 0020 21 0000 23 0000 26 0040
Page 1 - SGMII
  0 1140  1 0149  2 0141  3 0EC0  4 0001  5 0000  6 0004  7 2001
  8 0000 15 C000 16 4207 17 8010 18 0000 19 0000 21 0000 23 0000
 24 0000 25 0000 26 0042
Page 2 - Mac
 16 6008 18 0000 19 0000 21 1046
Page 3 - LED
 16 887F 17 8005 18 4905 19 0073 28 0003 29 0000
Page 4 - QSGMII
  0 1140  1 0000  4 0901  5 0000  6 0000 16 6224 17 8000 18 0000
 19 0000 20 0000 21 0000 23 0000 24 0000 25 0000 26 3002 27 3F80
 28 0000
Page 5 - VCT
 16 0000 17 0000 18 0000 19 0000 20 0000 21 2000 23 0603 24 0000
 25 0104 26 0F12 27 0A0C 28 0C06
Page 6 - Packet
 16 0000 17 0000 18 0000 19 000B 23 0000 24 0000 25 0000 26 190D
Page 7 - Cable
 16 0000 17 0000 18 0000 19 0000 20 0000 21 0000 25 0104 26 0F12
 27 0A0C 28 0006
Page 18 - Common
  0 0000  1 0000  2 0000 16 0000 17 0000 19 000B 20 0004 25 0000
 26 0000 27 2000
Page 255 - Factory
  0 0000  1 0000  2 0000  3 0000  4 0000  5 0000  6 0000  7 0000
  8 0000  9 0000 10 0000 11 0000 12 0000 13 0000 14 0000 15 0000
 16 0159 17 DC0C 18 BD7E 19 0000 20 0000 21 0000 23 0000 24 0000
 25 0000 26 0000 27 0000 28 0000 29 0000 30 0000 31 0000

Clause 45 PHY Information for dev 0 port 6:

 Device 3 PCS registers: length 4 devNum 0
  0000=0000  0001=0042  0014=0006  0016=0000  
 Device 7 EEE autoneg registers: length 2 devNum 0
  003C=0000  003D=0000  


MacSec PHY Information for dev 0 port 6:

 Slice registers: length 87 devNum 0
  1000=88e58100  1001=00400030  1002=00000000  1003=00000000  1004=00000000  
  1005=00000000  1006=00000000  1007=00000001  1009=00001008  100B=0fb40000  
  100C=00000000  100D=00000000  100E=00000000  1010=00000005  1011=00000000  
  1012=00000000  1015=00000000  1016=00000000  1017=00000000  1018=00000000  
  1019=00000006  101A=00000000  101B=00000000  101C=00000000  101D=00000000  
  101E=00000000  101F=00000000  1020=00000000  1021=00000000  1022=00000000  
  1023=00000000  1024=00000000  1025=00000000  1026=00000000  1027=00000000  
  1028=00000000  1029=00000000  102A=00000000  102B=00000000  102C=00000000  
  102D=00000000  102E=00000000  102F=00000000  1030=888e8808  1031=00000000  
  1032=00000000  1033=00000000  1040=00011849  1041=00020081  1042=00000008  
  1043=00000020  1044=00000001  1045=00000000  1046=00000000  1047=0007fe43  
  1048=0009a520  1050=000117c9  1051=00010081  1052=00000000  1053=00000030  
  1054=00000005  1055=00000000  1056=00000000  1057=0007fe43  1058=0009a520  
  1070=00000077  1071=5a000000  1072=00000000  1073=00000000  1074=00000004  
  1076=00002006  1077=00000000  1078=00000000  1079=004050f0  107A=00010000  
  107B=00000000  107C=00000000  107D=00000000  107E=00000000  107F=00000000  
  13C0=111e2020  13C1=00000000  13C2=00000000  13C3=00000003  13C4=000050f0  
  13C6=00001400  13C7=00005096  

MAC MIB Counters (Wire MAC):
 GoodOctetsReceived   0x2040:                   0
 BadOctetsReceived    0x2042:                   0
 TxFIFOunderrun/TxCRC 0x2043:                   0
 UnicastFramesReceive 0x2044:                   0
 SentDeferred         0x2045:                   0
 BroadcastFramesRecei 0x2046:                   0
 MulticastFramesRecei 0x2047:                   0
 Frames64Octets       0x2048:                   0
 Frames65to127Octets  0x2049:                   0
 Frames128to255Octets 0x204a:                   0
 Frames256to511Octets 0x204b:                   0
 Frames512to1023Octet 0x204c:                   0
 Frames1024toMaxOctet 0x204d:                   0
 GoodOctetsSent       0x204e:                   0
 UnicastFramesSent    0x2050:                   0
 ExcessiveCollision   0x2051:                   0
 MulticastFramesSent  0x2052:                   0
 BroadcastFramesSent  0x2053:                   0
 SentMultiple         0x2054:                   0
 FCSent               0x2055:                   0
 FCReceived           0x2056:                   0
 RxFIFOOverrun        0x2057:                   0
 Undersize            0x2058:                   0
 Fragments            0x2059:                   0
 Oversize             0x205a:                   0
 Jabber               0x205b:                   0
 RxError              0x205c:                   0
 BadCrc               0x205d:                   0
 Collisions           0x205e:                   0
 LateCollisions       0x205f:                   0

MAC MIB Counters (System MAC, phyPorts 0/2):
 GoodOctetsReceived   0x2080:                   0
 BadOctetsReceived    0x2082:                   0
 TxFIFOunderrun/TxCRC 0x2083:                   0
 UnicastFramesReceive 0x2084:                   0
 SentDeferred         0x2085:                   0
 BroadcastFramesRecei 0x2086:                   0
 MulticastFramesRecei 0x2087:                   0
 Frames64Octets       0x2088:                   0
 Frames65to127Octets  0x2089:                   0
 Frames128to255Octets 0x208a:                   0
 Frames256to511Octets 0x208b:                   0
 Frames512to1023Octet 0x208c:                   0
 Frames1024toMaxOctet 0x208d:                   0
 GoodOctetsSent       0x208e:                   0
 UnicastFramesSent    0x2090:                   0
 ExcessiveCollision   0x2091:                   0
 MulticastFramesSent  0x2092:                   0
 BroadcastFramesSent  0x2093:                   0
 SentMultiple         0x2094:                   0
 FCSent               0x2095:                   0
 FCReceived           0x2096:                   0
 RxFIFOOverrun        0x2097:                   0
 Undersize            0x2098:                   0
 Fragments            0x2099:                   0
 Oversize             0x209a:                   0
 Jabber               0x209b:                   0
 RxError              0x209c:                   0
 BadCrc               0x209d:                   0
 Collisions           0x209e:                   0
 LateCollisions       0x209f:                   0


Port configuration:
  lport  6   macStatus:       0x12006010      value: 0x00000400
             macCtrl:         0x12006000      value: 0x00008BE5
             autoNegCtrl:     0x1200600C      value: 0x0000B0E9
             macCtrl1:        0x12006004      value: 0x00003783
             macCtrl2:        0x12006008      value: 0x0000C048
             macCtrl3:        0x12006048      value: 0x00000300
             macCtrl4:        0x12006090      value: 0x00001882
             portControl:     0x01006000      value: 0x00208001

Phy address is: 09

PHY Registers for dev 0 (port 9)
  	hwMode (4 QSGMII to SGMII)

SGMII link partner ()
  Enabled Incomplete
  Link
    link partner Down
  Flow Control
    Partner   ( )
  Duplex
    Partner   (Duplex half)
  Speed
    Partner   (Speed 10Mbps)

Page 0 - Copper
  0 1940  1 7949  2 0141  3 0EC0  4 01E1  5 0000  6 0004  7 2001
  8 0000  9 0F00 10 4000 13 4007 14 0000 15 3000 16 3060 17 8000
 18 0000 19 0040 20 0020 21 0000 23 0000 26 0040
Page 1 - SGMII
  0 1140  1 0149  2 0141  3 0EC0  4 0001  5 0000  6 0004  7 2001
  8 0000 15 C000 16 4207 17 8010 18 0000 19 0000 21 0000 23 0000
 24 0000 25 0000 26 0042
Page 2 - Mac
 16 6008 18 0000 19 0000 21 1046
Page 3 - LED
 16 887F 17 8005 18 4905 19 0073 28 0003 29 0000
Page 4 - QSGMII
  0 1140  1 0000  4 0901  5 0000  6 0000 16 6224 17 8000 18 0000
 19 0000 20 0000 21 0000 23 0000 24 0000 25 0000 26 3002 27 3F80
 28 0000
Page 5 - VCT
 16 0000 17 0000 18 0000 19 0000 20 0000 21 2000 23 0603 24 0000
 25 0104 26 0F12 27 0A0C 28 0C06
Page 6 - Packet
 16 0000 17 0000 18 0000 19 000B 23 0000 24 0000 25 0000 26 190E
Page 7 - Cable
 16 0000 17 0000 18 0000 19 0000 20 0000 21 0000 25 0104 26 0F12
 27 0A0C 28 0006
Page 18 - Common
  0 0000  1 0000  2 0000 16 0000 17 0000 19 000B 20 0004 25 0000
 26 0000 27 2000
Page 255 - Factory
  0 0000  1 0000  2 0000  3 0000  4 0000  5 0000  6 0000  7 0000
  8 0000  9 0000 10 0000 11 0000 12 0000 13 0000 14 0000 15 0000
 16 0159 17 DC0C 18 0000 19 0000 20 0000 21 0000 23 0000 24 0000
 25 0000 26 0000 27 0000 28 0000 29 0000 30 0000 31 0000

Clause 45 PHY Information for dev 0 port 9:

 Device 3 PCS registers: length 4 devNum 0
  0000=0000  0001=0042  0014=0006  0016=0000  
 Device 7 EEE autoneg registers: length 2 devNum 0
  003C=0000  003D=0000  


MacSec PHY Information for dev 0 port 9:

 Slice registers: length 87 devNum 0
  0800=88e58100  0801=00400030  0802=00000000  0803=00000000  0804=00000000  
  0805=00000000  0806=00000000  0807=00000001  0809=00001008  080B=0fb40000  
  080C=00000000  080D=00000000  080E=00000000  0810=00000005  0811=00000000  
  0812=00000000  0815=00000000  0816=00000000  0817=00000000  0818=00000000  
  0819=00000006  081A=00000000  081B=00000000  081C=00000000  081D=00000000  
  081E=00000000  081F=00000000  0820=00000000  0821=00000000  0822=00000000  
  0823=00000000  0824=00000000  0825=00000000  0826=00000000  0827=00000000  
  0828=00000000  0829=00000000  082A=00000000  082B=00000000  082C=00000000  
  082D=00000000  082E=00000000  082F=00000000  0830=888e8808  0831=00000000  
  0832=00000000  0833=00000000  0840=00011849  0841=00020081  0842=00000008  
  0843=00000020  0844=00000001  0845=00000000  0846=00000000  0847=0007fe43  
  0848=0009a520  0850=000117c9  0851=00010081  0852=00000000  0853=00000030  
  0854=00000005  0855=00000000  0856=00000000  0857=0007fe43  0858=0009a520  
  0870=00000077  0871=5a000000  0872=00000000  0873=00000000  0874=00000004  
  0876=00002006  0877=00000000  0878=00000000  0879=004050f0  087A=00010000  
  087B=00000000  087C=00000000  087D=00000000  087E=00000000  087F=00000000  
  0BC0=111e2020  0BC1=00000000  0BC2=00000000  0BC3=00000003  0BC4=000050f0  
  0BC6=00001400  0BC7=00005096  

MAC MIB Counters (Wire MAC):
 GoodOctetsReceived   0x2020:                   0
 BadOctetsReceived    0x2022:                   0
 TxFIFOunderrun/TxCRC 0x2023:                   0
 UnicastFramesReceive 0x2024:                   0
 SentDeferred         0x2025:                   0
 BroadcastFramesRecei 0x2026:                   0
 MulticastFramesRecei 0x2027:                   0
 Frames64Octets       0x2028:                   0
 Frames65to127Octets  0x2029:                   0
 Frames128to255Octets 0x202a:                   0
 Frames256to511Octets 0x202b:                   0
 Frames512to1023Octet 0x202c:                   0
 Frames1024toMaxOctet 0x202d:                   0
 GoodOctetsSent       0x202e:                   0
 UnicastFramesSent    0x2030:                   0
 ExcessiveCollision   0x2031:                   0
 MulticastFramesSent  0x2032:                   0
 BroadcastFramesSent  0x2033:                   0
 SentMultiple         0x2034:                   0
 FCSent               0x2035:                   0
 FCReceived           0x2036:                   0
 RxFIFOOverrun        0x2037:                   0
 Undersize            0x2038:                   0
 Fragments            0x2039:                   0
 Oversize             0x203a:                   0
 Jabber               0x203b:                   0
 RxError              0x203c:                   0
 BadCrc               0x203d:                   0
 Collisions           0x203e:                   0
 LateCollisions       0x203f:                   0

MAC MIB Counters (System MAC, phyPorts 1/3):
 GoodOctetsReceived   0x20a0:                   0
 BadOctetsReceived    0x20a2:                   0
 TxFIFOunderrun/TxCRC 0x20a3:                   0
 UnicastFramesReceive 0x20a4:                   0
 SentDeferred         0x20a5:                   0
 BroadcastFramesRecei 0x20a6:                   0
 MulticastFramesRecei 0x20a7:                   0
 Frames64Octets       0x20a8:                   0
 Frames65to127Octets  0x20a9:                   0
 Frames128to255Octets 0x20aa:                   0
 Frames256to511Octets 0x20ab:                   0
 Frames512to1023Octet 0x20ac:                   0
 Frames1024toMaxOctet 0x20ad:                   0
 GoodOctetsSent       0x20ae:                   0
 UnicastFramesSent    0x20b0:                   0
 ExcessiveCollision   0x20b1:                   0
 MulticastFramesSent  0x20b2:                   0
 BroadcastFramesSent  0x20b3:                   0
 SentMultiple         0x20b4:                   0
 FCSent               0x20b5:                   0
 FCReceived           0x20b6:                   0
 RxFIFOOverrun        0x20b7:                   0
 Undersize            0x20b8:                   0
 Fragments            0x20b9:                   0
 Oversize             0x20ba:                   0
 Jabber               0x20bb:                   0
 RxError              0x20bc:                   0
 BadCrc               0x20bd:                   0
 Collisions           0x20be:                   0
 LateCollisions       0x20bf:                   0


Port configuration:
  lport  9   macStatus:       0x12009010      value: 0x00000C0A
             macCtrl:         0x12009000      value: 0x00008BE5
             autoNegCtrl:     0x1200900C      value: 0x0000B0E9
             macCtrl1:        0x12009004      value: 0x00003783
             macCtrl2:        0x12009008      value: 0x0000C048
             macCtrl3:        0x12009048      value: 0x00000300
             macCtrl4:        0x12009090      value: 0x00002482
             portControl:     0x01009000      value: 0x00208001

Phy address is: 08

PHY Registers for dev 0 (port 8)
  	hwMode (4 QSGMII to SGMII)

SGMII link partner ()
  Enabled Incomplete
  Link
    link partner Down
  Flow Control
    Partner   ( )
  Duplex
    Partner   (Duplex half)
  Speed
    Partner   (Speed 10Mbps)

Page 0 - Copper
  0 1940  1 7949  2 0141  3 0EC0  4 01E1  5 0000  6 0004  7 2001
  8 0000  9 0F00 10 4000 13 4007 14 0000 15 3000 16 3060 17 8000
 18 0000 19 0040 20 0020 21 0000 23 0000 26 0040
Page 1 - SGMII
  0 1140  1 0149  2 0141  3 0EC0  4 0001  5 0000  6 0004  7 2001
  8 0000 15 C000 16 4207 17 8010 18 0000 19 0000 21 0000 23 0000
 24 0000 25 0000 26 0042
Page 2 - Mac
 16 6008 18 0000 19 0000 21 1046
Page 3 - LED
 16 887F 17 8005 18 4905 19 0073 28 0003 29 0000
Page 4 - QSGMII
  0 1140  1 0000  4 0901  5 0000  6 0000 16 6224 17 8000 18 0000
 19 0000 20 0000 21 0000 23 0000 24 0000 25 0000 26 3002 27 3F80
 28 0000
Page 5 - VCT
 16 0000 17 0000 18 0000 19 0000 20 0000 21 2000 23 0603 24 0000
 25 0104 26 0F12 27 0A0C 28 0C06
Page 6 - Packet
 16 0000 17 0000 18 0000 19 000B 23 0000 24 0000 25 0000 26 190E
Page 7 - Cable
 16 0000 17 0000 18 0000 19 0000 20 0000 21 0000 25 0104 26 0F12
 27 0A0C 28 0006
Page 18 - Common
  0 0000  1 0000  2 0000 16 0000 17 0000 19 000B 20 0004 25 0000
 26 0000 27 2000
Page 255 - Factory
  0 0000  1 0000  2 0000  3 0000  4 0000  5 0000  6 0000  7 0000
  8 0000  9 0000 10 0000 11 0000 12 0000 13 0000 14 0000 15 0000
 16 0159 17 DC0C 18 2FFF 19 0000 20 0000 21 0000 23 0000 24 0000
 25 0000 26 0000 27 0000 28 0000 29 0000 30 0000 31 0000

Clause 45 PHY Information for dev 0 port 8:

 Device 3 PCS registers: length 4 devNum 0
  0000=0000  0001=0042  0014=0006  0016=0000  
 Device 7 EEE autoneg registers: length 2 devNum 0
  003C=0000  003D=0000  


MacSec PHY Information for dev 0 port 8:

 Slice registers: length 87 devNum 0
  0000=88e58100  0001=00400030  0002=00000000  0003=00000000  0004=00000000  
  0005=00000000  0006=00000000  0007=00000001  0009=00001008  000B=0fb40000  
  000C=00000000  000D=00000000  000E=00000000  0010=00000005  0011=00000000  
  0012=00000000  0015=00000000  0016=00000000  0017=00000000  0018=00000000  
  0019=00000006  001A=00000000  001B=00000000  001C=00000000  001D=00000000  
  001E=00000000  001F=00000000  0020=00000000  0021=00000000  0022=00000000  
  0023=00000000  0024=00000000  0025=00000000  0026=00000000  0027=00000000  
  0028=00000000  0029=00000000  002A=00000000  002B=00000000  002C=00000000  
  002D=00000000  002E=00000000  002F=00000000  0030=888e8808  0031=00000000  
  0032=00000000  0033=00000000  0040=00011849  0041=00020081  0042=00000008  
  0043=00000020  0044=00000001  0045=00000000  0046=00000000  0047=0007fe43  
  0048=0009a520  0050=000117c9  0051=00010081  0052=00000000  0053=00000030  
  0054=00000005  0055=00000000  0056=00000000  0057=0007fe43  0058=0009a520  
  0070=00000077  0071=5a000000  0072=00000000  0073=00000000  0074=00000004  
  0076=00002006  0077=00000000  0078=00000000  0079=004050f0  007A=00010000  
  007B=00000000  007C=00000000  007D=00000000  007E=00000000  007F=00000000  
  03C0=111e2020  03C1=00000000  03C2=00000000  03C3=00000003  03C4=000050f0  
  03C6=00001400  03C7=00005096  

MAC MIB Counters (Wire MAC):
 GoodOctetsReceived   0x2000:                   0
 BadOctetsReceived    0x2002:                   0
 TxFIFOunderrun/TxCRC 0x2003:                   0
 UnicastFramesReceive 0x2004:                   0
 SentDeferred         0x2005:                   0
 BroadcastFramesRecei 0x2006:                   0
 MulticastFramesRecei 0x2007:                   0
 Frames64Octets       0x2008:                   0
 Frames65to127Octets  0x2009:                   0
 Frames128to255Octets 0x200a:                   0
 Frames256to511Octets 0x200b:                   0
 Frames512to1023Octet 0x200c:                   0
 Frames1024toMaxOctet 0x200d:                   0
 GoodOctetsSent       0x200e:                   0
 UnicastFramesSent    0x2010:                   0
 ExcessiveCollision   0x2011:                   0
 MulticastFramesSent  0x2012:                   0
 BroadcastFramesSent  0x2013:                   0
 SentMultiple         0x2014:                   0
 FCSent               0x2015:                   0
 FCReceived           0x2016:                   0
 RxFIFOOverrun        0x2017:                   0
 Undersize            0x2018:                   0
 Fragments            0x2019:                   0
 Oversize             0x201a:                   0
 Jabber               0x201b:                   0
 RxError              0x201c:                   0
 BadCrc               0x201d:                   0
 Collisions           0x201e:                   0
 LateCollisions       0x201f:                   0

MAC MIB Counters (System MAC, phyPorts 0/2):
 GoodOctetsReceived   0x2080:                   0
 BadOctetsReceived    0x2082:                   0
 TxFIFOunderrun/TxCRC 0x2083:                   0
 UnicastFramesReceive 0x2084:                   0
 SentDeferred         0x2085:                   0
 BroadcastFramesRecei 0x2086:                   0
 MulticastFramesRecei 0x2087:                   0
 Frames64Octets       0x2088:                   0
 Frames65to127Octets  0x2089:                   0
 Frames128to255Octets 0x208a:                   0
 Frames256to511Octets 0x208b:                   0
 Frames512to1023Octet 0x208c:                   0
 Frames1024toMaxOctet 0x208d:                   0
 GoodOctetsSent       0x208e:                   0
 UnicastFramesSent    0x2090:                   0
 ExcessiveCollision   0x2091:                   0
 MulticastFramesSent  0x2092:                   0
 BroadcastFramesSent  0x2093:                   0
 SentMultiple         0x2094:                   0
 FCSent               0x2095:                   0
 FCReceived           0x2096:                   0
 RxFIFOOverrun        0x2097:                   0
 Undersize            0x2098:                   0
 Fragments            0x2099:                   0
 Oversize             0x209a:                   0
 Jabber               0x209b:                   0
 RxError              0x209c:                   0
 BadCrc               0x209d:                   0
 Collisions           0x209e:                   0
 LateCollisions       0x209f:                   0


Port configuration:
  lport  8   macStatus:       0x12008010      value: 0x00000C0A
             macCtrl:         0x12008000      value: 0x00008BE5
             autoNegCtrl:     0x1200800C      value: 0x0000B0E9
             macCtrl1:        0x12008004      value: 0x00003783
             macCtrl2:        0x12008008      value: 0x0000C048
             macCtrl3:        0x12008048      value: 0x00000300
             macCtrl4:        0x12008090      value: 0x00002082
             portControl:     0x01008000      value: 0x00208001

Phy address is: 0b

PHY Registers for dev 0 (port 11)
  	hwMode (4 QSGMII to SGMII)

SGMII link partner ()
  Enabled Incomplete
  Link
    link partner Down
  Flow Control
    Partner   ( )
  Duplex
    Partner   (Duplex half)
  Speed
    Partner   (Speed 10Mbps)

Page 0 - Copper
  0 1940  1 7949  2 0141  3 0EC0  4 01E1  5 0000  6 0004  7 2001
  8 0000  9 0F00 10 4000 13 4007 14 0000 15 3000 16 3060 17 8000
 18 0000 19 0040 20 0020 21 0000 23 0000 26 0040
Page 1 - SGMII
  0 1140  1 0149  2 0141  3 0EC0  4 0001  5 0000  6 0004  7 2001
  8 0000 15 C000 16 4207 17 8010 18 0000 19 0000 21 0000 23 0000
 24 0000 25 0000 26 0042
Page 2 - Mac
 16 6008 18 0000 19 0000 21 1046
Page 3 - LED
 16 887F 17 8005 18 4905 19 0073 28 0003 29 0000
Page 4 - QSGMII
  0 1140  1 0000  4 0901  5 0000  6 0000 16 6224 17 8000 18 0000
 19 0000 20 0000 21 0000 23 0000 24 0000 25 0000 26 3002 27 3F80
 28 0000
Page 5 - VCT
 16 0000 17 0000 18 0000 19 0000 20 0000 21 2000 23 0603 24 0000
 25 0104 26 0F12 27 0A0C 28 0C06
Page 6 - Packet
 16 0000 17 0000 18 0000 19 000B 23 0000 24 0000 25 0000 26 190E
Page 7 - Cable
 16 0000 17 0000 18 0000 19 0000 20 0000 21 0000 25 0104 26 0F12
 27 0A0C 28 0006
Page 18 - Common
  0 0000  1 0000  2 0000 16 0000 17 0000 19 000B 20 0004 25 0000
 26 0000 27 2000
Page 255 - Factory
  0 0000  1 0000  2 0000  3 0000  4 0000  5 0000  6 0000  7 0000
  8 0000  9 0000 10 0000 11 0000 12 0000 13 0000 14 0000 15 0000
 16 0159 17 DC0C 18 0000 19 0000 20 0000 21 0000 23 0000 24 0000
 25 0000 26 0000 27 0000 28 0000 29 0000 30 0000 31 0000

Clause 45 PHY Information for dev 0 port 11:

 Device 3 PCS registers: length 4 devNum 0
  0000=0000  0001=0042  0014=0006  0016=0000  
 Device 7 EEE autoneg registers: length 2 devNum 0
  003C=0000  003D=0000  


MacSec PHY Information for dev 0 port 11:

 Slice registers: length 87 devNum 0
  1800=88e58100  1801=00400030  1802=00000000  1803=00000000  1804=00000000  
  1805=00000000  1806=00000000  1807=00000001  1809=00001008  180B=0fb40000  
  180C=00000000  180D=00000000  180E=00000000  1810=00000005  1811=00000000  
  1812=00000000  1815=00000000  1816=00000000  1817=00000000  1818=00000000  
  1819=00000006  181A=00000000  181B=00000000  181C=00000000  181D=00000000  
  181E=00000000  181F=00000000  1820=00000000  1821=00000000  1822=00000000  
  1823=00000000  1824=00000000  1825=00000000  1826=00000000  1827=00000000  
  1828=00000000  1829=00000000  182A=00000000  182B=00000000  182C=00000000  
  182D=00000000  182E=00000000  182F=00000000  1830=888e8808  1831=00000000  
  1832=00000000  1833=00000000  1840=00011849  1841=00020081  1842=00000008  
  1843=00000020  1844=00000001  1845=00000000  1846=00000000  1847=0007fe43  
  1848=0009a520  1850=000117c9  1851=00010081  1852=00000000  1853=00000030  
  1854=00000005  1855=00000000  1856=00000000  1857=0007fe43  1858=0009a520  
  1870=00000077  1871=5a000000  1872=00000000  1873=00000000  1874=00000004  
  1876=00002006  1877=00000000  1878=00000000  1879=004050f0  187A=00010000  
  187B=00000000  187C=00000000  187D=00000000  187E=00000000  187F=00000000  
  1BC0=111e2020  1BC1=00000000  1BC2=00000000  1BC3=00000003  1BC4=000050f0  
  1BC6=00001400  1BC7=00005096  

MAC MIB Counters (Wire MAC):
 GoodOctetsReceived   0x2060:                   0
 BadOctetsReceived    0x2062:                   0
 TxFIFOunderrun/TxCRC 0x2063:                   0
 UnicastFramesReceive 0x2064:                   0
 SentDeferred         0x2065:                   0
 BroadcastFramesRecei 0x2066:                   0
 MulticastFramesRecei 0x2067:                   0
 Frames64Octets       0x2068:                   0
 Frames65to127Octets  0x2069:                   0
 Frames128to255Octets 0x206a:                   0
 Frames256to511Octets 0x206b:                   0
 Frames512to1023Octet 0x206c:                   0
 Frames1024toMaxOctet 0x206d:                   0
 GoodOctetsSent       0x206e:                   0
 UnicastFramesSent    0x2070:                   0
 ExcessiveCollision   0x2071:                   0
 MulticastFramesSent  0x2072:                   0
 BroadcastFramesSent  0x2073:                   0
 SentMultiple         0x2074:                   0
 FCSent               0x2075:                   0
 FCReceived           0x2076:                   0
 RxFIFOOverrun        0x2077:                   0
 Undersize            0x2078:                   0
 Fragments            0x2079:                   0
 Oversize             0x207a:                   0
 Jabber               0x207b:                   0
 RxError              0x207c:                   0
 BadCrc               0x207d:                   0
 Collisions           0x207e:                   0
 LateCollisions       0x207f:                   0

MAC MIB Counters (System MAC, phyPorts 1/3):
 GoodOctetsReceived   0x20a0:                   0
 BadOctetsReceived    0x20a2:                   0
 TxFIFOunderrun/TxCRC 0x20a3:                   0
 UnicastFramesReceive 0x20a4:                   0
 SentDeferred         0x20a5:                   0
 BroadcastFramesRecei 0x20a6:                   0
 MulticastFramesRecei 0x20a7:                   0
 Frames64Octets       0x20a8:                   0
 Frames65to127Octets  0x20a9:                   0
 Frames128to255Octets 0x20aa:                   0
 Frames256to511Octets 0x20ab:                   0
 Frames512to1023Octet 0x20ac:                   0
 Frames1024toMaxOctet 0x20ad:                   0
 GoodOctetsSent       0x20ae:                   0
 UnicastFramesSent    0x20b0:                   0
 ExcessiveCollision   0x20b1:                   0
 MulticastFramesSent  0x20b2:                   0
 BroadcastFramesSent  0x20b3:                   0
 SentMultiple         0x20b4:                   0
 FCSent               0x20b5:                   0
 FCReceived           0x20b6:                   0
 RxFIFOOverrun        0x20b7:                   0
 Undersize            0x20b8:                   0
 Fragments            0x20b9:                   0
 Oversize             0x20ba:                   0
 Jabber               0x20bb:                   0
 RxError              0x20bc:                   0
 BadCrc               0x20bd:                   0
 Collisions           0x20be:                   0
 LateCollisions       0x20bf:                   0


Port configuration:
  lport 11   macStatus:       0x1200B010      value: 0x00000C0A
             macCtrl:         0x1200B000      value: 0x00008BE5
             autoNegCtrl:     0x1200B00C      value: 0x0000B0E9
             macCtrl1:        0x1200B004      value: 0x00003783
             macCtrl2:        0x1200B008      value: 0x0000C048
             macCtrl3:        0x1200B048      value: 0x00000300
             macCtrl4:        0x1200B090      value: 0x00002C82
             portControl:     0x0100B000      value: 0x00208001

Phy address is: 0a

PHY Registers for dev 0 (port 10)
  	hwMode (4 QSGMII to SGMII)

SGMII link partner ()
  Enabled Incomplete
  Link
    link partner Down
  Flow Control
    Partner   ( )
  Duplex
    Partner   (Duplex half)
  Speed
    Partner   (Speed 10Mbps)

Page 0 - Copper
  0 1940  1 7949  2 0141  3 0EC0  4 01E1  5 0000  6 0004  7 2001
  8 0000  9 0F00 10 4000 13 4007 14 0000 15 3000 16 3060 17 8040
 18 0000 19 0040 20 0020 21 0000 23 0000 26 0040
Page 1 - SGMII
  0 1140  1 0149  2 0141  3 0EC0  4 0001  5 0000  6 0004  7 2001
  8 0000 15 C000 16 4207 17 8010 18 0000 19 0000 21 0000 23 0000
 24 0000 25 0000 26 0042
Page 2 - Mac
 16 6008 18 0000 19 0000 21 1046
Page 3 - LED
 16 887F 17 8005 18 4905 19 0073 28 0003 29 0000
Page 4 - QSGMII
  0 1140  1 0000  4 0901  5 0000  6 0000 16 6224 17 8000 18 0000
 19 0000 20 0000 21 0000 23 0000 24 0000 25 0000 26 3002 27 3F80
 28 0000
Page 5 - VCT
 16 0000 17 0000 18 0000 19 0000 20 0000 21 2000 23 0603 24 0000
 25 0104 26 0F12 27 0A0C 28 0C06
Page 6 - Packet
 16 0000 17 0000 18 0000 19 000B 23 0000 24 0000 25 0000 26 190E
Page 7 - Cable
 16 0000 17 0000 18 0000 19 0000 20 0000 21 0000 25 0104 26 0F12
 27 0A0C 28 0006
Page 18 - Common
  0 0000  1 0000  2 0000 16 0000 17 0000 19 000B 20 0004 25 0000
 26 0000 27 2000
Page 255 - Factory
  0 0000  1 0000  2 0000  3 0000  4 0000  5 0000  6 0000  7 0000
  8 0000  9 0000 10 0000 11 0000 12 0000 13 0000 14 0000 15 0000
 16 0159 17 DC0C 18 0000 19 0000 20 0000 21 0000 23 0000 24 0000
 25 0000 26 0000 27 0000 28 0000 29 0000 30 0000 31 0000

Clause 45 PHY Information for dev 0 port 10:

 Device 3 PCS registers: length 4 devNum 0
  0000=0000  0001=0042  0014=0006  0016=0000  
 Device 7 EEE autoneg registers: length 2 devNum 0
  003C=0000  003D=0000  


MacSec PHY Information for dev 0 port 10:

 Slice registers: length 87 devNum 0
  1000=88e58100  1001=00400030  1002=00000000  1003=00000000  1004=00000000  
  1005=00000000  1006=00000000  1007=00000001  1009=00001008  100B=0fb40000  
  100C=00000000  100D=00000000  100E=00000000  1010=00000005  1011=00000000  
  1012=00000000  1015=00000000  1016=00000000  1017=00000000  1018=00000000  
  1019=00000006  101A=00000000  101B=00000000  101C=00000000  101D=00000000  
  101E=00000000  101F=00000000  1020=00000000  1021=00000000  1022=00000000  
  1023=00000000  1024=00000000  1025=00000000  1026=00000000  1027=00000000  
  1028=00000000  1029=00000000  102A=00000000  102B=00000000  102C=00000000  
  102D=00000000  102E=00000000  102F=00000000  1030=888e8808  1031=00000000  
  1032=00000000  1033=00000000  1040=00011849  1041=00020081  1042=00000008  
  1043=00000020  1044=00000001  1045=00000000  1046=00000000  1047=0007fe43  
  1048=0009a520  1050=000117c9  1051=00010081  1052=00000000  1053=00000030  
  1054=00000005  1055=00000000  1056=00000000  1057=0007fe43  1058=0009a520  
  1070=00000077  1071=5a000000  1072=00000000  1073=00000000  1074=00000004  
  1076=00002006  1077=00000000  1078=00000000  1079=004050f0  107A=00010000  
  107B=00000000  107C=00000000  107D=00000000  107E=00000000  107F=00000000  
  13C0=111e2020  13C1=00000000  13C2=00000000  13C3=00000003  13C4=000050f0  
  13C6=00001400  13C7=00005096  

MAC MIB Counters (Wire MAC):
 GoodOctetsReceived   0x2040:                   0
 BadOctetsReceived    0x2042:                   0
 TxFIFOunderrun/TxCRC 0x2043:                   0
 UnicastFramesReceive 0x2044:                   0
 SentDeferred         0x2045:                   0
 BroadcastFramesRecei 0x2046:                   0
 MulticastFramesRecei 0x2047:                   0
 Frames64Octets       0x2048:                   0
 Frames65to127Octets  0x2049:                   0
 Frames128to255Octets 0x204a:                   0
 Frames256to511Octets 0x204b:                   0
 Frames512to1023Octet 0x204c:                   0
 Frames1024toMaxOctet 0x204d:                   0
 GoodOctetsSent       0x204e:                   0
 UnicastFramesSent    0x2050:                   0
 ExcessiveCollision   0x2051:                   0
 MulticastFramesSent  0x2052:                   0
 BroadcastFramesSent  0x2053:                   0
 SentMultiple         0x2054:                   0
 FCSent               0x2055:                   0
 FCReceived           0x2056:                   0
 RxFIFOOverrun        0x2057:                   0
 Undersize            0x2058:                   0
 Fragments            0x2059:                   0
 Oversize             0x205a:                   0
 Jabber               0x205b:                   0
 RxError              0x205c:                   0
 BadCrc               0x205d:                   0
 Collisions           0x205e:                   0
 LateCollisions       0x205f:                   0

MAC MIB Counters (System MAC, phyPorts 0/2):
 GoodOctetsReceived   0x2080:                   0
 BadOctetsReceived    0x2082:                   0
 TxFIFOunderrun/TxCRC 0x2083:                   0
 UnicastFramesReceive 0x2084:                   0
 SentDeferred         0x2085:                   0
 BroadcastFramesRecei 0x2086:                   0
 MulticastFramesRecei 0x2087:                   0
 Frames64Octets       0x2088:                   0
 Frames65to127Octets  0x2089:                   0
 Frames128to255Octets 0x208a:                   0
 Frames256to511Octets 0x208b:                   0
 Frames512to1023Octet 0x208c:                   0
 Frames1024toMaxOctet 0x208d:                   0
 GoodOctetsSent       0x208e:                   0
 UnicastFramesSent    0x2090:                   0
 ExcessiveCollision   0x2091:                   0
 MulticastFramesSent  0x2092:                   0
 BroadcastFramesSent  0x2093:                   0
 SentMultiple         0x2094:                   0
 FCSent               0x2095:                   0
 FCReceived           0x2096:                   0
 RxFIFOOverrun        0x2097:                   0
 Undersize            0x2098:                   0
 Fragments            0x2099:                   0
 Oversize             0x209a:                   0
 Jabber               0x209b:                   0
 RxError              0x209c:                   0
 BadCrc               0x209d:                   0
 Collisions           0x209e:                   0
 LateCollisions       0x209f:                   0


Port configuration:
  lport 10   macStatus:       0x1200A010      value: 0x00000C0A
             macCtrl:         0x1200A000      value: 0x00008BE5
             autoNegCtrl:     0x1200A00C      value: 0x0000B0E9
             macCtrl1:        0x1200A004      value: 0x00003783
             macCtrl2:        0x1200A008      value: 0x0000C048
             macCtrl3:        0x1200A048      value: 0x00000300
             macCtrl4:        0x1200A090      value: 0x00002882
             portControl:     0x0100A000      value: 0x00208001

Phy address is: 0d

PHY Registers for dev 0 (port 13)
  	hwMode (4 QSGMII to SGMII)

SGMII link partner ()
  Enabled Incomplete
  Link
    link partner Down
  Flow Control
    Partner   ( )
  Duplex
    Partner   (Duplex half)
  Speed
    Partner   (Speed 10Mbps)

Page 0 - Copper
  0 1940  1 7949  2 0141  3 0EC0  4 01E1  5 0000  6 0004  7 2001
  8 0000  9 0F00 10 4000 13 4007 14 0000 15 3000 16 3060 17 8040
 18 0000 19 0040 20 0020 21 0000 23 0000 26 0040
Page 1 - SGMII
  0 1140  1 0149  2 0141  3 0EC0  4 0001  5 0000  6 0004  7 2001
  8 0000 15 C000 16 4207 17 8010 18 0000 19 0000 21 0000 23 0000
 24 0000 25 0000 26 0042
Page 2 - Mac
 16 6008 18 0000 19 0000 21 1046
Page 3 - LED
 16 887F 17 8005 18 4905 19 0073 28 0003 29 0000
Page 4 - QSGMII
  0 1140  1 0000  4 0901  5 0000  6 0000 16 6224 17 8000 18 0000
 19 0000 20 0000 21 0000 23 0000 24 0000 25 0000 26 3002 27 3F80
 28 0000
Page 5 - VCT
 16 0000 17 0000 18 0000 19 0000 20 0000 21 2000 23 0603 24 0000
 25 0104 26 0F12 27 0A0C 28 0C06
Page 6 - Packet
 16 0000 17 0000 18 0000 19 000B 23 0000 24 0000 25 0000 26 190E
Page 7 - Cable
 16 0000 17 0000 18 0000 19 0000 20 0000 21 0000 25 0104 26 0F12
 27 0A0C 28 0006
Page 18 - Common
  0 0000  1 0000  2 0000 16 0000 17 0000 19 000B 20 0004 25 0000
 26 0000 27 2000
Page 255 - Factory
  0 0000  1 0000  2 0000  3 0000  4 0000  5 0000  6 0000  7 0000
  8 0000  9 0000 10 0000 11 0000 12 0000 13 0000 14 0000 15 0000
 16 0159 17 DC0C 18 0008 19 0000 20 0000 21 0000 23 0000 24 0000
 25 0000 26 0000 27 0000 28 0000 29 0000 30 0000 31 0000

Clause 45 PHY Information for dev 0 port 13:

 Device 3 PCS registers: length 4 devNum 0
  0000=0000  0001=0042  0014=0006  0016=0000  
 Device 7 EEE autoneg registers: length 2 devNum 0
  003C=0000  003D=0000  


MacSec PHY Information for dev 0 port 13:

 Slice registers: length 87 devNum 0
  0800=88e58100  0801=00400030  0802=00000000  0803=00000000  0804=00000000  
  0805=00000000  0806=00000000  0807=00000001  0809=00001008  080B=0fb40000  
  080C=00000000  080D=00000000  080E=00000000  0810=00000005  0811=00000000  
  0812=00000000  0815=00000000  0816=00000000  0817=00000000  0818=00000000  
  0819=00000006  081A=00000000  081B=00000000  081C=00000000  081D=00000000  
  081E=00000000  081F=00000000  0820=00000000  0821=00000000  0822=00000000  
  0823=00000000  0824=00000000  0825=00000000  0826=00000000  0827=00000000  
  0828=00000000  0829=00000000  082A=00000000  082B=00000000  082C=00000000  
  082D=00000000  082E=00000000  082F=00000000  0830=888e8808  0831=00000000  
  0832=00000000  0833=00000000  0840=00011849  0841=00020081  0842=00000008  
  0843=00000020  0844=00000001  0845=00000000  0846=00000000  0847=0007fe43  
  0848=0009a520  0850=000117c9  0851=00010081  0852=00000000  0853=00000030  
  0854=00000005  0855=00000000  0856=00000000  0857=0007fe43  0858=0009a520  
  0870=00000077  0871=5a000000  0872=00000000  0873=00000000  0874=00000004  
  0876=00002006  0877=00000000  0878=00000000  0879=004050f0  087A=00010000  
  087B=00000000  087C=00000000  087D=00000000  087E=00000000  087F=00000000  
  0BC0=111e2020  0BC1=00000000  0BC2=00000000  0BC3=00000003  0BC4=000050f0  
  0BC6=00001400  0BC7=00005096  

MAC MIB Counters (Wire MAC):
 GoodOctetsReceived   0x2020:                   0
 BadOctetsReceived    0x2022:                   0
 TxFIFOunderrun/TxCRC 0x2023:                   0
 UnicastFramesReceive 0x2024:                   0
 SentDeferred         0x2025:                   0
 BroadcastFramesRecei 0x2026:                   0
 MulticastFramesRecei 0x2027:                   0
 Frames64Octets       0x2028:                   0
 Frames65to127Octets  0x2029:                   0
 Frames128to255Octets 0x202a:                   0
 Frames256to511Octets 0x202b:                   0
 Frames512to1023Octet 0x202c:                   0
 Frames1024toMaxOctet 0x202d:                   0
 GoodOctetsSent       0x202e:                   0
 UnicastFramesSent    0x2030:                   0
 ExcessiveCollision   0x2031:                   0
 MulticastFramesSent  0x2032:                   0
 BroadcastFramesSent  0x2033:                   0
 SentMultiple         0x2034:                   0
 FCSent               0x2035:                   0
 FCReceived           0x2036:                   0
 RxFIFOOverrun        0x2037:                   0
 Undersize            0x2038:                   0
 Fragments            0x2039:                   0
 Oversize             0x203a:                   0
 Jabber               0x203b:                   0
 RxError              0x203c:                   0
 BadCrc               0x203d:                   0
 Collisions           0x203e:                   0
 LateCollisions       0x203f:                   0

MAC MIB Counters (System MAC, phyPorts 1/3):
 GoodOctetsReceived   0x20a0:                   0
 BadOctetsReceived    0x20a2:                   0
 TxFIFOunderrun/TxCRC 0x20a3:                   0
 UnicastFramesReceive 0x20a4:                   0
 SentDeferred         0x20a5:                   0
 BroadcastFramesRecei 0x20a6:                   0
 MulticastFramesRecei 0x20a7:                   0
 Frames64Octets       0x20a8:                   0
 Frames65to127Octets  0x20a9:                   0
 Frames128to255Octets 0x20aa:                   0
 Frames256to511Octets 0x20ab:                   0
 Frames512to1023Octet 0x20ac:                   0
 Frames1024toMaxOctet 0x20ad:                   0
 GoodOctetsSent       0x20ae:                   0
 UnicastFramesSent    0x20b0:                   0
 ExcessiveCollision   0x20b1:                   0
 MulticastFramesSent  0x20b2:                   0
 BroadcastFramesSent  0x20b3:                   0
 SentMultiple         0x20b4:                   0
 FCSent               0x20b5:                   0
 FCReceived           0x20b6:                   0
 RxFIFOOverrun        0x20b7:                   0
 Undersize            0x20b8:                   0
 Fragments            0x20b9:                   0
 Oversize             0x20ba:                   0
 Jabber               0x20bb:                   0
 RxError              0x20bc:                   0
 BadCrc               0x20bd:                   0
 Collisions           0x20be:                   0
 LateCollisions       0x20bf:                   0


Port configuration:
  lport 13   macStatus:       0x1200D010      value: 0x00000C0A
             macCtrl:         0x1200D000      value: 0x00008BE5
             autoNegCtrl:     0x1200D00C      value: 0x0000B0E9
             macCtrl1:        0x1200D004      value: 0x00003783
             macCtrl2:        0x1200D008      value: 0x0000C048
             macCtrl3:        0x1200D048      value: 0x00000300
             macCtrl4:        0x1200D090      value: 0x00003482
             portControl:     0x0100D000      value: 0x00208001

Phy address is: 0c

PHY Registers for dev 0 (port 12)
  	hwMode (4 QSGMII to SGMII)

SGMII link partner ()
  Enabled Incomplete
  Link
    link partner Down
  Flow Control
    Partner   ( )
  Duplex
    Partner   (Duplex half)
  Speed
    Partner   (Speed 10Mbps)

Page 0 - Copper
  0 1940  1 7949  2 0141  3 0EC0  4 01E1  5 0000  6 0004  7 2001
  8 0000  9 0F00 10 4000 13 4007 14 0000 15 3000 16 3060 17 8000
 18 0000 19 0040 20 0020 21 0000 23 0000 26 0040
Page 1 - SGMII
  0 1140  1 0149  2 0141  3 0EC0  4 0001  5 0000  6 0004  7 2001
  8 0000 15 C000 16 4207 17 8010 18 0000 19 0000 21 0000 23 0000
 24 0000 25 0000 26 0042
Page 2 - Mac
 16 6008 18 0000 19 0000 21 1046
Page 3 - LED
 16 887F 17 8005 18 4905 19 0073 28 0003 29 0000
Page 4 - QSGMII
  0 1140  1 0000  4 0901  5 0000  6 0000 16 6224 17 8000 18 0000
 19 0000 20 0000 21 0000 23 0000 24 0000 25 0000 26 3002 27 3F80
 28 0000
Page 5 - VCT
 16 0000 17 0000 18 0000 19 0000 20 0000 21 2000 23 0603 24 0000
 25 0104 26 0F12 27 0A0C 28 0C06
Page 6 - Packet
 16 0000 17 0000 18 0000 19 000B 23 0000 24 0000 25 0000 26 190E
Page 7 - Cable
 16 0000 17 0000 18 0000 19 0000 20 0000 21 0000 25 0104 26 0F12
 27 0A0C 28 0006
Page 18 - Common
  0 0000  1 0000  2 0000 16 0000 17 0000 19 000B 20 0004 25 0000
 26 0000 27 2000
Page 255 - Factory
  0 0000  1 0000  2 0000  3 0000  4 0000  5 0000  6 0000  7 0000
  8 0000  9 0000 10 0000 11 0000 12 0000 13 0000 14 0000 15 0000
 16 0159 17 DC0C 18 0A40 19 0000 20 0000 21 0000 23 0000 24 0000
 25 0000 26 0000 27 0000 28 0000 29 0000 30 0000 31 0000

Clause 45 PHY Information for dev 0 port 12:

 Device 3 PCS registers: length 4 devNum 0
  0000=0000  0001=0042  0014=0006  0016=0000  
 Device 7 EEE autoneg registers: length 2 devNum 0
  003C=0000  003D=0000  


MacSec PHY Information for dev 0 port 12:

 Slice registers: length 87 devNum 0
  0000=88e58100  0001=00400030  0002=00000000  0003=00000000  0004=00000000  
  0005=00000000  0006=00000000  0007=00000001  0009=00001008  000B=0fb40000  
  000C=00000000  000D=00000000  000E=00000000  0010=00000005  0011=00000000  
  0012=00000000  0015=00000000  0016=00000000  0017=00000000  0018=00000000  
  0019=00000006  001A=00000000  001B=00000000  001C=00000000  001D=00000000  
  001E=00000000  001F=00000000  0020=00000000  0021=00000000  0022=00000000  
  0023=00000000  0024=00000000  0025=00000000  0026=00000000  0027=00000000  
  0028=00000000  0029=00000000  002A=00000000  002B=00000000  002C=00000000  
  002D=00000000  002E=00000000  002F=00000000  0030=888e8808  0031=00000000  
  0032=00000000  0033=00000000  0040=00011849  0041=00020081  0042=00000008  
  0043=00000020  0044=00000001  0045=00000000  0046=00000000  0047=0007fe43  
  0048=0009a520  0050=000117c9  0051=00010081  0052=00000000  0053=00000030  
  0054=00000005  0055=00000000  0056=00000000  0057=0007fe43  0058=0009a520  
  0070=00000077  0071=5a000000  0072=00000000  0073=00000000  0074=00000004  
  0076=00002006  0077=00000000  0078=00000000  0079=004050f0  007A=00010000  
  007B=00000000  007C=00000000  007D=00000000  007E=00000000  007F=00000000  
  03C0=111e2020  03C1=00000000  03C2=00000000  03C3=00000003  03C4=000050f0  
  03C6=00001400  03C7=00005096  

MAC MIB Counters (Wire MAC):
 GoodOctetsReceived   0x2000:                   0
 BadOctetsReceived    0x2002:                   0
 TxFIFOunderrun/TxCRC 0x2003:                   0
 UnicastFramesReceive 0x2004:                   0
 SentDeferred         0x2005:                   0
 BroadcastFramesRecei 0x2006:                   0
 MulticastFramesRecei 0x2007:                   0
 Frames64Octets       0x2008:                   0
 Frames65to127Octets  0x2009:                   0
 Frames128to255Octets 0x200a:                   0
 Frames256to511Octets 0x200b:                   0
 Frames512to1023Octet 0x200c:                   0
 Frames1024toMaxOctet 0x200d:                   0
 GoodOctetsSent       0x200e:                   0
 UnicastFramesSent    0x2010:                   0
 ExcessiveCollision   0x2011:                   0
 MulticastFramesSent  0x2012:                   0
 BroadcastFramesSent  0x2013:                   0
 SentMultiple         0x2014:                   0
 FCSent               0x2015:                   0
 FCReceived           0x2016:                   0
 RxFIFOOverrun        0x2017:                   0
 Undersize            0x2018:                   0
 Fragments            0x2019:                   0
 Oversize             0x201a:                   0
 Jabber               0x201b:                   0
 RxError              0x201c:                   0
 BadCrc               0x201d:                   0
 Collisions           0x201e:                   0
 LateCollisions       0x201f:                   0

MAC MIB Counters (System MAC, phyPorts 0/2):
 GoodOctetsReceived   0x2080:                   0
 BadOctetsReceived    0x2082:                   0
 TxFIFOunderrun/TxCRC 0x2083:                   0
 UnicastFramesReceive 0x2084:                   0
 SentDeferred         0x2085:                   0
 BroadcastFramesRecei 0x2086:                   0
 MulticastFramesRecei 0x2087:                   0
 Frames64Octets       0x2088:                   0
 Frames65to127Octets  0x2089:                   0
 Frames128to255Octets 0x208a:                   0
 Frames256to511Octets 0x208b:                   0
 Frames512to1023Octet 0x208c:                   0
 Frames1024toMaxOctet 0x208d:                   0
 GoodOctetsSent       0x208e:                   0
 UnicastFramesSent    0x2090:                   0
 ExcessiveCollision   0x2091:                   0
 MulticastFramesSent  0x2092:                   0
 BroadcastFramesSent  0x2093:                   0
 SentMultiple         0x2094:                   0
 FCSent               0x2095:                   0
 FCReceived           0x2096:                   0
 RxFIFOOverrun        0x2097:                   0
 Undersize            0x2098:                   0
 Fragments            0x2099:                   0
 Oversize             0x209a:                   0
 Jabber               0x209b:                   0
 RxError              0x209c:                   0
 BadCrc               0x209d:                   0
 Collisions           0x209e:                   0
 LateCollisions       0x209f:                   0


Port configuration:
  lport 12   macStatus:       0x1200C010      value: 0x00000C0A
             macCtrl:         0x1200C000      value: 0x00008BE5
             autoNegCtrl:     0x1200C00C      value: 0x0000B0E9
             macCtrl1:        0x1200C004      value: 0x00003783
             macCtrl2:        0x1200C008      value: 0x0000C048
             macCtrl3:        0x1200C048      value: 0x00000300
             macCtrl4:        0x1200C090      value: 0x00003082
             portControl:     0x0100C000      value: 0x00208001

Phy address is: 0f

PHY Registers for dev 0 (port 15)
  	hwMode (4 QSGMII to SGMII)

SGMII link partner ()
  Enabled Incomplete
  Link
    link partner Down
  Flow Control
    Partner   ( )
  Duplex
    Partner   (Duplex half)
  Speed
    Partner   (Speed 10Mbps)

Page 0 - Copper
  0 1940  1 7949  2 0141  3 0EC0  4 01E1  5 0000  6 0004  7 2001
  8 0000  9 0F00 10 4000 13 4007 14 0000 15 3000 16 3060 17 8000
 18 0000 19 0040 20 0020 21 0000 23 0000 26 0040
Page 1 - SGMII
  0 1140  1 0149  2 0141  3 0EC0  4 0001  5 0000  6 0004  7 2001
  8 0000 15 C000 16 4207 17 8010 18 0000 19 0000 21 0000 23 0000
 24 0000 25 0000 26 0042
Page 2 - Mac
 16 6008 18 0000 19 0000 21 1046
Page 3 - LED
 16 887F 17 8005 18 4905 19 0073 28 0003 29 0000
Page 4 - QSGMII
  0 1140  1 0000  4 0901  5 0000  6 0000 16 6224 17 8000 18 0000
 19 0000 20 0000 21 0000 23 0000 24 0000 25 0000 26 3002 27 3F80
 28 0000
Page 5 - VCT
 16 0000 17 0000 18 0000 19 0000 20 0000 21 2000 23 0603 24 0000
 25 0104 26 0F12 27 0A0C 28 0C06
Page 6 - Packet
 16 0000 17 0000 18 0000 19 000B 23 0000 24 0000 25 0000 26 190E
Page 7 - Cable
 16 0000 17 0000 18 0000 19 0000 20 0000 21 0000 25 0104 26 0F12
 27 0A0C 28 0006
Page 18 - Common
  0 0000  1 0000  2 0000 16 0000 17 0000 19 000B 20 0004 25 0000
 26 0000 27 2000
Page 255 - Factory
  0 0000  1 0000  2 0000  3 0000  4 0000  5 0000  6 0000  7 0000
  8 0000  9 0000 10 0000 11 0000 12 0000 13 0000 14 0000 15 0000
 16 0159 17 DC0C 18 049A 19 0000 20 0000 21 0000 23 0000 24 0000
 25 0000 26 0000 27 0000 28 0000 29 0000 30 0000 31 0000

Clause 45 PHY Information for dev 0 port 15:

 Device 3 PCS registers: length 4 devNum 0
  0000=0000  0001=0042  0014=0006  0016=0000  
 Device 7 EEE autoneg registers: length 2 devNum 0
  003C=0000  003D=0000  


MacSec PHY Information for dev 0 port 15:

 Slice registers: length 87 devNum 0
  1800=88e58100  1801=00400030  1802=00000000  1803=00000000  1804=00000000  
  1805=00000000  1806=00000000  1807=00000001  1809=00001008  180B=0fb40000  
  180C=00000000  180D=00000000  180E=00000000  1810=00000005  1811=00000000  
  1812=00000000  1815=00000000  1816=00000000  1817=00000000  1818=00000000  
  1819=00000006  181A=00000000  181B=00000000  181C=00000000  181D=00000000  
  181E=00000000  181F=00000000  1820=00000000  1821=00000000  1822=00000000  
  1823=00000000  1824=00000000  1825=00000000  1826=00000000  1827=00000000  
  1828=00000000  1829=00000000  182A=00000000  182B=00000000  182C=00000000  
  182D=00000000  182E=00000000  182F=00000000  1830=888e8808  1831=00000000  
  1832=00000000  1833=00000000  1840=00011849  1841=00020081  1842=00000008  
  1843=00000020  1844=00000001  1845=00000000  1846=00000000  1847=0007fe43  
  1848=0009a520  1850=000117c9  1851=00010081  1852=00000000  1853=00000030  
  1854=00000005  1855=00000000  1856=00000000  1857=0007fe43  1858=0009a520  
  1870=00000077  1871=5a000000  1872=00000000  1873=00000000  1874=00000004  
  1876=00002006  1877=00000000  1878=00000000  1879=004050f0  187A=00010000  
  187B=00000000  187C=00000000  187D=00000000  187E=00000000  187F=00000000  
  1BC0=111e2020  1BC1=00000000  1BC2=00000000  1BC3=00000003  1BC4=000050f0  
  1BC6=00001400  1BC7=00005096  

MAC MIB Counters (Wire MAC):
 GoodOctetsReceived   0x2060:                   0
 BadOctetsReceived    0x2062:                   0
 TxFIFOunderrun/TxCRC 0x2063:                   0
 UnicastFramesReceive 0x2064:                   0
 SentDeferred         0x2065:                   0
 BroadcastFramesRecei 0x2066:                   0
 MulticastFramesRecei 0x2067:                   0
 Frames64Octets       0x2068:                   0
 Frames65to127Octets  0x2069:                   0
 Frames128to255Octets 0x206a:                   0
 Frames256to511Octets 0x206b:                   0
 Frames512to1023Octet 0x206c:                   0
 Frames1024toMaxOctet 0x206d:                   0
 GoodOctetsSent       0x206e:                   0
 UnicastFramesSent    0x2070:                   0
 ExcessiveCollision   0x2071:                   0
 MulticastFramesSent  0x2072:                   0
 BroadcastFramesSent  0x2073:                   0
 SentMultiple         0x2074:                   0
 FCSent               0x2075:                   0
 FCReceived           0x2076:                   0
 RxFIFOOverrun        0x2077:                   0
 Undersize            0x2078:                   0
 Fragments            0x2079:                   0
 Oversize             0x207a:                   0
 Jabber               0x207b:                   0
 RxError              0x207c:                   0
 BadCrc               0x207d:                   0
 Collisions           0x207e:                   0
 LateCollisions       0x207f:                   0

MAC MIB Counters (System MAC, phyPorts 1/3):
 GoodOctetsReceived   0x20a0:                   0
 BadOctetsReceived    0x20a2:                   0
 TxFIFOunderrun/TxCRC 0x20a3:                   0
 UnicastFramesReceive 0x20a4:                   0
 SentDeferred         0x20a5:                   0
 BroadcastFramesRecei 0x20a6:                   0
 MulticastFramesRecei 0x20a7:                   0
 Frames64Octets       0x20a8:                   0
 Frames65to127Octets  0x20a9:                   0
 Frames128to255Octets 0x20aa:                   0
 Frames256to511Octets 0x20ab:                   0
 Frames512to1023Octet 0x20ac:                   0
 Frames1024toMaxOctet 0x20ad:                   0
 GoodOctetsSent       0x20ae:                   0
 UnicastFramesSent    0x20b0:                   0
 ExcessiveCollision   0x20b1:                   0
 MulticastFramesSent  0x20b2:                   0
 BroadcastFramesSent  0x20b3:                   0
 SentMultiple         0x20b4:                   0
 FCSent               0x20b5:                   0
 FCReceived           0x20b6:                   0
 RxFIFOOverrun        0x20b7:                   0
 Undersize            0x20b8:                   0
 Fragments            0x20b9:                   0
 Oversize             0x20ba:                   0
 Jabber               0x20bb:                   0
 RxError              0x20bc:                   0
 BadCrc               0x20bd:                   0
 Collisions           0x20be:                   0
 LateCollisions       0x20bf:                   0


Port configuration:
  lport 15   macStatus:       0x1200F010      value: 0x00000C0A
             macCtrl:         0x1200F000      value: 0x00008BE5
             autoNegCtrl:     0x1200F00C      value: 0x0000B0E9
             macCtrl1:        0x1200F004      value: 0x00003783
             macCtrl2:        0x1200F008      value: 0x0000C048
             macCtrl3:        0x1200F048      value: 0x00000300
             macCtrl4:        0x1200F090      value: 0x00003C82
             portControl:     0x0100F000      value: 0x00208001

Phy address is: 0e

PHY Registers for dev 0 (port 14)
  	hwMode (4 QSGMII to SGMII)

SGMII link partner ()
  Enabled Incomplete
  Link
    link partner Down
  Flow Control
    Partner   ( )
  Duplex
    Partner   (Duplex half)
  Speed
    Partner   (Speed 10Mbps)

Page 0 - Copper
  0 1940  1 7949  2 0141  3 0EC0  4 01E1  5 0000  6 0004  7 2001
  8 0000  9 0F00 10 4000 13 4007 14 0000 15 3000 16 3060 17 8040
 18 0000 19 0040 20 0020 21 0000 23 0000 26 0040
Page 1 - SGMII
  0 1140  1 0149  2 0141  3 0EC0  4 0001  5 0000  6 0004  7 2001
  8 0000 15 C000 16 4207 17 8010 18 0000 19 0000 21 0000 23 0000
 24 0000 25 0000 26 0042
Page 2 - Mac
 16 6008 18 0000 19 0000 21 1046
Page 3 - LED
 16 887F 17 8005 18 4905 19 0073 28 0003 29 0000
Page 4 - QSGMII
  0 1140  1 0000  4 0901  5 0000  6 0000 16 6224 17 8000 18 0000
 19 0000 20 0000 21 0000 23 0000 24 0000 25 0000 26 3002 27 3F80
 28 0000
Page 5 - VCT
 16 0000 17 0000 18 0000 19 0000 20 0000 21 2000 23 0603 24 0000
 25 0104 26 0F12 27 0A0C 28 0C06
Page 6 - Packet
 16 0000 17 0000 18 0000 19 000B 23 0000 24 0000 25 0000 26 190E
Page 7 - Cable
 16 0000 17 0000 18 0000 19 0000 20 0000 21 0000 25 0104 26 0F12
 27 0A0C 28 0006
Page 18 - Common
  0 0000  1 0000  2 0000 16 0000 17 0000 19 000B 20 0004 25 0000
 26 0000 27 2000
Page 255 - Factory
  0 0000  1 0000  2 0000  3 0000  4 0000  5 0000  6 0000  7 0000
  8 0000  9 0000 10 0000 11 0000 12 0000 13 0000 14 0000 15 0000
 16 0159 17 DC0C 18 0000 19 0000 20 0000 21 0000 23 0000 24 0000
 25 0000 26 0000 27 0000 28 0000 29 0000 30 0000 31 0000

Clause 45 PHY Information for dev 0 port 14:

 Device 3 PCS registers: length 4 devNum 0
  0000=0000  0001=0042  0014=0006  0016=0000  
 Device 7 EEE autoneg registers: length 2 devNum 0
  003C=0000  003D=0000  


MacSec PHY Information for dev 0 port 14:

 Slice registers: length 87 devNum 0
  1000=88e58100  1001=00400030  1002=00000000  1003=00000000  1004=00000000  
  1005=00000000  1006=00000000  1007=00000001  1009=00001008  100B=0fb40000  
  100C=00000000  100D=00000000  100E=00000000  1010=00000005  1011=00000000  
  1012=00000000  1015=00000000  1016=00000000  1017=00000000  1018=00000000  
  1019=00000006  101A=00000000  101B=00000000  101C=00000000  101D=00000000  
  101E=00000000  101F=00000000  1020=00000000  1021=00000000  1022=00000000  
  1023=00000000  1024=00000000  1025=00000000  1026=00000000  1027=00000000  
  1028=00000000  1029=00000000  102A=00000000  102B=00000000  102C=00000000  
  102D=00000000  102E=00000000  102F=00000000  1030=888e8808  1031=00000000  
  1032=00000000  1033=00000000  1040=00011849  1041=00020081  1042=00000008  
  1043=00000020  1044=00000001  1045=00000000  1046=00000000  1047=0007fe43  
  1048=0009a520  1050=000117c9  1051=00010081  1052=00000000  1053=00000030  
  1054=00000005  1055=00000000  1056=00000000  1057=0007fe43  1058=0009a520  
  1070=00000077  1071=5a000000  1072=00000000  1073=00000000  1074=00000004  
  1076=00002006  1077=00000000  1078=00000000  1079=004050f0  107A=00010000  
  107B=00000000  107C=00000000  107D=00000000  107E=00000000  107F=00000000  
  13C0=111e2020  13C1=00000000  13C2=00000000  13C3=00000003  13C4=000050f0  
  13C6=00001400  13C7=00005096  

MAC MIB Counters (Wire MAC):
 GoodOctetsReceived   0x2040:                   0
 BadOctetsReceived    0x2042:                   0
 TxFIFOunderrun/TxCRC 0x2043:                   0
 UnicastFramesReceive 0x2044:                   0
 SentDeferred         0x2045:                   0
 BroadcastFramesRecei 0x2046:                   0
 MulticastFramesRecei 0x2047:                   0
 Frames64Octets       0x2048:                   0
 Frames65to127Octets  0x2049:                   0
 Frames128to255Octets 0x204a:                   0
 Frames256to511Octets 0x204b:                   0
 Frames512to1023Octet 0x204c:                   0
 Frames1024toMaxOctet 0x204d:                   0
 GoodOctetsSent       0x204e:                   0
 UnicastFramesSent    0x2050:                   0
 ExcessiveCollision   0x2051:                   0
 MulticastFramesSent  0x2052:                   0
 BroadcastFramesSent  0x2053:                   0
 SentMultiple         0x2054:                   0
 FCSent               0x2055:                   0
 FCReceived           0x2056:                   0
 RxFIFOOverrun        0x2057:                   0
 Undersize            0x2058:                   0
 Fragments            0x2059:                   0
 Oversize             0x205a:                   0
 Jabber               0x205b:                   0
 RxError              0x205c:                   0
 BadCrc               0x205d:                   0
 Collisions           0x205e:                   0
 LateCollisions       0x205f:                   0

MAC MIB Counters (System MAC, phyPorts 0/2):
 GoodOctetsReceived   0x2080:                   0
 BadOctetsReceived    0x2082:                   0
 TxFIFOunderrun/TxCRC 0x2083:                   0
 UnicastFramesReceive 0x2084:                   0
 SentDeferred         0x2085:                   0
 BroadcastFramesRecei 0x2086:                   0
 MulticastFramesRecei 0x2087:                   0
 Frames64Octets       0x2088:                   0
 Frames65to127Octets  0x2089:                   0
 Frames128to255Octets 0x208a:                   0
 Frames256to511Octets 0x208b:                   0
 Frames512to1023Octet 0x208c:                   0
 Frames1024toMaxOctet 0x208d:                   0
 GoodOctetsSent       0x208e:                   0
 UnicastFramesSent    0x2090:                   0
 ExcessiveCollision   0x2091:                   0
 MulticastFramesSent  0x2092:                   0
 BroadcastFramesSent  0x2093:                   0
 SentMultiple         0x2094:                   0
 FCSent               0x2095:                   0
 FCReceived           0x2096:                   0
 RxFIFOOverrun        0x2097:                   0
 Undersize            0x2098:                   0
 Fragments            0x2099:                   0
 Oversize             0x209a:                   0
 Jabber               0x209b:                   0
 RxError              0x209c:                   0
 BadCrc               0x209d:                   0
 Collisions           0x209e:                   0
 LateCollisions       0x209f:                   0


Port configuration:
  lport 14   macStatus:       0x1200E010      value: 0x00000C0A
             macCtrl:         0x1200E000      value: 0x00008BE5
             autoNegCtrl:     0x1200E00C      value: 0x0000B0E9
             macCtrl1:        0x1200E004      value: 0x00003783
             macCtrl2:        0x1200E008      value: 0x0000C048
             macCtrl3:        0x1200E048      value: 0x00000300
             macCtrl4:        0x1200E090      value: 0x00003882
             portControl:     0x0100E000      value: 0x00208001

Phy address is: 11

PHY Registers for dev 0 (port 17)
  	hwMode (4 QSGMII to SGMII)

SGMII link partner ()
  Enabled Incomplete
  Link
    link partner Down
  Flow Control
    Partner   ( )
  Duplex
    Partner   (Duplex half)
  Speed
    Partner   (Speed 10Mbps)

Page 0 - Copper
  0 1940  1 7949  2 0141  3 0EC0  4 01E1  5 0000  6 0004  7 2001
  8 0000  9 0F00 10 4000 13 4007 14 0000 15 3000 16 3060 17 8040
 18 0000 19 0040 20 0020 21 0000 23 0000 26 0040
Page 1 - SGMII
  0 1140  1 0149  2 0141  3 0EC0  4 0001  5 0000  6 0004  7 2001
  8 0000 15 C000 16 4207 17 8010 18 0000 19 0000 21 0000 23 0000
 24 0000 25 0000 26 0042
Page 2 - Mac
 16 6008 18 0000 19 0000 21 1046
Page 3 - LED
 16 887F 17 8005 18 4905 19 0073 28 0003 29 0000
Page 4 - QSGMII
  0 1140  1 0000  4 0901  5 0000  6 0000 16 6224 17 8000 18 0000
 19 0000 20 0000 21 0000 23 0000 24 0000 25 0000 26 3002 27 3F80
 28 0000
Page 5 - VCT
 16 0000 17 0000 18 0000 19 0000 20 0000 21 2000 23 0603 24 0000
 25 0104 26 0F12 27 0A0C 28 0C06
Page 6 - Packet
 16 0000 17 0000 18 0000 19 000B 23 0000 24 0000 25 0000 26 190F
Page 7 - Cable
 16 0000 17 0000 18 0000 19 0000 20 0000 21 0000 25 0104 26 0F12
 27 0A0C 28 0006
Page 18 - Common
  0 0000  1 0000  2 0000 16 0000 17 0000 19 000B 20 0004 25 0000
 26 0000 27 2000
Page 255 - Factory
  0 0000  1 0000  2 0000  3 0000  4 0000  5 0000  6 0000  7 0000
  8 0000  9 0000 10 0000 11 0000 12 0000 13 0000 14 0000 15 0000
 16 0159 17 DC0C 18 4AD0 19 0000 20 0000 21 0000 23 0000 24 0000
 25 0000 26 0000 27 0000 28 0000 29 0000 30 0000 31 0000

Clause 45 PHY Information for dev 0 port 17:

 Device 3 PCS registers: length 4 devNum 0
  0000=0000  0001=0042  0014=0006  0016=0000  
 Device 7 EEE autoneg registers: length 2 devNum 0
  003C=0000  003D=0000  


MacSec PHY Information for dev 0 port 17:

 Slice registers: length 87 devNum 0
  0800=88e58100  0801=00400030  0802=00000000  0803=00000000  0804=00000000  
  0805=00000000  0806=00000000  0807=00000001  0809=00001008  080B=0fb40000  
  080C=00000000  080D=00000000  080E=00000000  0810=00000005  0811=00000000  
  0812=00000000  0815=00000000  0816=00000000  0817=00000000  0818=00000000  
  0819=00000006  081A=00000000  081B=00000000  081C=00000000  081D=00000000  
  081E=00000000  081F=00000000  0820=00000000  0821=00000000  0822=00000000  
  0823=00000000  0824=00000000  0825=00000000  0826=00000000  0827=00000000  
  0828=00000000  0829=00000000  082A=00000000  082B=00000000  082C=00000000  
  082D=00000000  082E=00000000  082F=00000000  0830=888e8808  0831=00000000  
  0832=00000000  0833=00000000  0840=00011849  0841=00020081  0842=00000008  
  0843=00000020  0844=00000001  0845=00000000  0846=00000000  0847=0007fe43  
  0848=0009a520  0850=000117c9  0851=00010081  0852=00000000  0853=00000030  
  0854=00000005  0855=00000000  0856=00000000  0857=0007fe43  0858=0009a520  
  0870=00000077  0871=5a000000  0872=00000000  0873=00000000  0874=00000004  
  0876=00002006  0877=00000000  0878=00000000  0879=004050f0  087A=00010000  
  087B=00000000  087C=00000000  087D=00000000  087E=00000000  087F=00000000  
  0BC0=111e2020  0BC1=00000000  0BC2=00000000  0BC3=00000003  0BC4=000050f0  
  0BC6=00001400  0BC7=00005096  

MAC MIB Counters (Wire MAC):
 GoodOctetsReceived   0x2020:                   0
 BadOctetsReceived    0x2022:                   0
 TxFIFOunderrun/TxCRC 0x2023:                   0
 UnicastFramesReceive 0x2024:                   0
 SentDeferred         0x2025:                   0
 BroadcastFramesRecei 0x2026:                   0
 MulticastFramesRecei 0x2027:                   0
 Frames64Octets       0x2028:                   0
 Frames65to127Octets  0x2029:                   0
 Frames128to255Octets 0x202a:                   0
 Frames256to511Octets 0x202b:                   0
 Frames512to1023Octet 0x202c:                   0
 Frames1024toMaxOctet 0x202d:                   0
 GoodOctetsSent       0x202e:                   0
 UnicastFramesSent    0x2030:                   0
 ExcessiveCollision   0x2031:                   0
 MulticastFramesSent  0x2032:                   0
 BroadcastFramesSent  0x2033:                   0
 SentMultiple         0x2034:                   0
 FCSent               0x2035:                   0
 FCReceived           0x2036:                   0
 RxFIFOOverrun        0x2037:                   0
 Undersize            0x2038:                   0
 Fragments            0x2039:                   0
 Oversize             0x203a:                   0
 Jabber               0x203b:                   0
 RxError              0x203c:                   0
 BadCrc               0x203d:                   0
 Collisions           0x203e:                   0
 LateCollisions       0x203f:                   0

MAC MIB Counters (System MAC, phyPorts 1/3):
 GoodOctetsReceived   0x20a0:                   0
 BadOctetsReceived    0x20a2:                   0
 TxFIFOunderrun/TxCRC 0x20a3:                   0
 UnicastFramesReceive 0x20a4:                   0
 SentDeferred         0x20a5:                   0
 BroadcastFramesRecei 0x20a6:                   0
 MulticastFramesRecei 0x20a7:                   0
 Frames64Octets       0x20a8:                   0
 Frames65to127Octets  0x20a9:                   0
 Frames128to255Octets 0x20aa:                   0
 Frames256to511Octets 0x20ab:                   0
 Frames512to1023Octet 0x20ac:                   0
 Frames1024toMaxOctet 0x20ad:                   0
 GoodOctetsSent       0x20ae:                   0
 UnicastFramesSent    0x20b0:                   0
 ExcessiveCollision   0x20b1:                   0
 MulticastFramesSent  0x20b2:                   0
 BroadcastFramesSent  0x20b3:                   0
 SentMultiple         0x20b4:                   0
 FCSent               0x20b5:                   0
 FCReceived           0x20b6:                   0
 RxFIFOOverrun        0x20b7:                   0
 Undersize            0x20b8:                   0
 Fragments            0x20b9:                   0
 Oversize             0x20ba:                   0
 Jabber               0x20bb:                   0
 RxError              0x20bc:                   0
 BadCrc               0x20bd:                   0
 Collisions           0x20be:                   0
 LateCollisions       0x20bf:                   0


Port configuration:
  lport 17   macStatus:       0x12011010      value: 0x00000402
             macCtrl:         0x12011000      value: 0x00008BE5
             autoNegCtrl:     0x1201100C      value: 0x0000B0E9
             macCtrl1:        0x12011004      value: 0x00003783
             macCtrl2:        0x12011008      value: 0x0000C048
             macCtrl3:        0x12011048      value: 0x00000300
             macCtrl4:        0x12011090      value: 0x00004482
             portControl:     0x01011000      value: 0x00208001

Phy address is: 10

PHY Registers for dev 0 (port 16)
  	hwMode (4 QSGMII to SGMII)

SGMII link partner ()
  Enabled Incomplete
  Link
    link partner Down
  Flow Control
    Partner   ( )
  Duplex
    Partner   (Duplex half)
  Speed
    Partner   (Speed 10Mbps)

Page 0 - Copper
  0 1940  1 7949  2 0141  3 0EC0  4 01E1  5 0000  6 0004  7 2001
  8 0000  9 0F00 10 4000 13 4007 14 0000 15 3000 16 3060 17 8000
 18 0000 19 0040 20 0020 21 0000 23 0000 26 0040
Page 1 - SGMII
  0 1140  1 0149  2 0141  3 0EC0  4 0001  5 0000  6 0004  7 2001
  8 0000 15 C000 16 4207 17 8010 18 0000 19 0000 21 0000 23 0000
 24 0000 25 0000 26 0042
Page 2 - Mac
 16 6008 18 0000 19 0000 21 1046
Page 3 - LED
 16 887F 17 8005 18 4905 19 0073 28 0003 29 0000
Page 4 - QSGMII
  0 1140  1 0000  4 0901  5 0000  6 0000 16 6224 17 8000 18 0000
 19 0000 20 0000 21 0000 23 0000 24 0000 25 0000 26 3002 27 3F80
 28 0000
Page 5 - VCT
 16 0000 17 0000 18 0000 19 0000 20 0000 21 2000 23 0603 24 0000
 25 0104 26 0F12 27 0A0C 28 0C06
Page 6 - Packet
 16 0000 17 0000 18 0000 19 000B 23 0000 24 0000 25 0000 26 190F
Page 7 - Cable
 16 0000 17 0000 18 0000 19 0000 20 0000 21 0000 25 0104 26 0F12
 27 0A0C 28 0006
Page 18 - Common
  0 0000  1 0000  2 0000 16 0000 17 0000 19 000B 20 0004 25 0000
 26 0000 27 2000
Page 255 - Factory
  0 0000  1 0000  2 0000  3 0000  4 0000  5 0000  6 0000  7 0000
  8 0000  9 0000 10 0000 11 0000 12 0000 13 0000 14 0000 15 0000
 16 0159 17 DC0C 18 FC87 19 0000 20 0000 21 0000 23 0000 24 0000
 25 0000 26 0000 27 0000 28 0000 29 0000 30 0000 31 0000

Clause 45 PHY Information for dev 0 port 16:

 Device 3 PCS registers: length 4 devNum 0
  0000=0000  0001=0042  0014=0006  0016=0000  
 Device 7 EEE autoneg registers: length 2 devNum 0
  003C=0000  003D=0000  


MacSec PHY Information for dev 0 port 16:

 Slice registers: length 87 devNum 0
  0000=88e58100  0001=00400030  0002=00000000  0003=00000000  0004=00000000  
  0005=00000000  0006=00000000  0007=00000001  0009=00001008  000B=0fb40000  
  000C=00000000  000D=00000000  000E=00000000  0010=00000005  0011=00000000  
  0012=00000000  0015=00000000  0016=00000000  0017=00000000  0018=00000000  
  0019=00000006  001A=00000000  001B=00000000  001C=00000000  001D=00000000  
  001E=00000000  001F=00000000  0020=00000000  0021=00000000  0022=00000000  
  0023=00000000  0024=00000000  0025=00000000  0026=00000000  0027=00000000  
  0028=00000000  0029=00000000  002A=00000000  002B=00000000  002C=00000000  
  002D=00000000  002E=00000000  002F=00000000  0030=888e8808  0031=00000000  
  0032=00000000  0033=00000000  0040=00011849  0041=00020081  0042=00000008  
  0043=00000020  0044=00000001  0045=00000000  0046=00000000  0047=0007fe43  
  0048=0009a520  0050=000117c9  0051=00010081  0052=00000000  0053=00000030  
  0054=00000005  0055=00000000  0056=00000000  0057=0007fe43  0058=0009a520  
  0070=00000077  0071=5a000000  0072=00000000  0073=00000000  0074=00000004  
  0076=00002006  0077=00000000  0078=00000000  0079=004050f0  007A=00010000  
  007B=00000000  007C=00000000  007D=00000000  007E=00000000  007F=00000000  
  03C0=111e2020  03C1=00000000  03C2=00000000  03C3=00000003  03C4=000050f0  
  03C6=00001400  03C7=00005096  

MAC MIB Counters (Wire MAC):
 GoodOctetsReceived   0x2000:                   0
 BadOctetsReceived    0x2002:                   0
 TxFIFOunderrun/TxCRC 0x2003:                   0
 UnicastFramesReceive 0x2004:                   0
 SentDeferred         0x2005:                   0
 BroadcastFramesRecei 0x2006:                   0
 MulticastFramesRecei 0x2007:                   0
 Frames64Octets       0x2008:                   0
 Frames65to127Octets  0x2009:                   0
 Frames128to255Octets 0x200a:                   0
 Frames256to511Octets 0x200b:                   0
 Frames512to1023Octet 0x200c:                   0
 Frames1024toMaxOctet 0x200d:                   0
 GoodOctetsSent       0x200e:                   0
 UnicastFramesSent    0x2010:                   0
 ExcessiveCollision   0x2011:                   0
 MulticastFramesSent  0x2012:                   0
 BroadcastFramesSent  0x2013:                   0
 SentMultiple         0x2014:                   0
 FCSent               0x2015:                   0
 FCReceived           0x2016:                   0
 RxFIFOOverrun        0x2017:                   0
 Undersize            0x2018:                   0
 Fragments            0x2019:                   0
 Oversize             0x201a:                   0
 Jabber               0x201b:                   0
 RxError              0x201c:                   0
 BadCrc               0x201d:                   0
 Collisions           0x201e:                   0
 LateCollisions       0x201f:                   0

MAC MIB Counters (System MAC, phyPorts 0/2):
 GoodOctetsReceived   0x2080:                   0
 BadOctetsReceived    0x2082:                   0
 TxFIFOunderrun/TxCRC 0x2083:                   0
 UnicastFramesReceive 0x2084:                   0
 SentDeferred         0x2085:                   0
 BroadcastFramesRecei 0x2086:                   0
 MulticastFramesRecei 0x2087:                   0
 Frames64Octets       0x2088:                   0
 Frames65to127Octets  0x2089:                   0
 Frames128to255Octets 0x208a:                   0
 Frames256to511Octets 0x208b:                   0
 Frames512to1023Octet 0x208c:                   0
 Frames1024toMaxOctet 0x208d:                   0
 GoodOctetsSent       0x208e:                   0
 UnicastFramesSent    0x2090:                   0
 ExcessiveCollision   0x2091:                   0
 MulticastFramesSent  0x2092:                   0
 BroadcastFramesSent  0x2093:                   0
 SentMultiple         0x2094:                   0
 FCSent               0x2095:                   0
 FCReceived           0x2096:                   0
 RxFIFOOverrun        0x2097:                   0
 Undersize            0x2098:                   0
 Fragments            0x2099:                   0
 Oversize             0x209a:                   0
 Jabber               0x209b:                   0
 RxError              0x209c:                   0
 BadCrc               0x209d:                   0
 Collisions           0x209e:                   0
 LateCollisions       0x209f:                   0


Port configuration:
  lport 16   macStatus:       0x12010010      value: 0x00000402
             macCtrl:         0x12010000      value: 0x00008BE5
             autoNegCtrl:     0x1201000C      value: 0x0000B0E9
             macCtrl1:        0x12010004      value: 0x00003783
             macCtrl2:        0x12010008      value: 0x0000C048
             macCtrl3:        0x12010048      value: 0x00000300
             macCtrl4:        0x12010090      value: 0x00004082
             portControl:     0x01010000      value: 0x00208001

Phy address is: 13

PHY Registers for dev 0 (port 19)
  	hwMode (4 QSGMII to SGMII)

SGMII link partner ()
  Enabled Incomplete
  Link
    link partner Down
  Flow Control
    Partner   ( )
  Duplex
    Partner   (Duplex half)
  Speed
    Partner   (Speed 10Mbps)

Page 0 - Copper
  0 1940  1 7949  2 0141  3 0EC0  4 01E1  5 0000  6 0004  7 2001
  8 0000  9 0F00 10 4000 13 4007 14 0000 15 3000 16 3060 17 8040
 18 0000 19 0040 20 0020 21 0000 23 0000 26 0040
Page 1 - SGMII
  0 1140  1 0149  2 0141  3 0EC0  4 0001  5 0000  6 0004  7 2001
  8 0000 15 C000 16 4207 17 8010 18 0000 19 0000 21 0000 23 0000
 24 0000 25 0000 26 0042
Page 2 - Mac
 16 6008 18 0000 19 0000 21 1046
Page 3 - LED
 16 887F 17 8005 18 4905 19 0073 28 0003 29 0000
Page 4 - QSGMII
  0 1140  1 0000  4 0901  5 0000  6 0000 16 6224 17 8000 18 0000
 19 0000 20 0000 21 0000 23 0000 24 0000 25 0000 26 3002 27 3F80
 28 0000
Page 5 - VCT
 16 0000 17 0000 18 0000 19 0000 20 0000 21 2000 23 0603 24 0000
 25 0104 26 0F12 27 0A0C 28 0C06
Page 6 - Packet
 16 0000 17 0000 18 0000 19 000B 23 0000 24 0000 25 0000 26 190F
Page 7 - Cable
 16 0000 17 0000 18 0000 19 0000 20 0000 21 0000 25 0104 26 0F12
 27 0A0C 28 0006
Page 18 - Common
  0 0000  1 0000  2 0000 16 0000 17 0000 19 000B 20 0004 25 0000
 26 0000 27 2000
Page 255 - Factory
  0 0000  1 0000  2 0000  3 0000  4 0000  5 0000  6 0000  7 0000
  8 0000  9 0000 10 0000 11 0000 12 0000 13 0000 14 0000 15 0000
 16 0159 17 DC0C 18 0000 19 0000 20 0000 21 0000 23 0000 24 0000
 25 0000 26 0000 27 0000 28 0000 29 0000 30 0000 31 0000

Clause 45 PHY Information for dev 0 port 19:

 Device 3 PCS registers: length 4 devNum 0
  0000=0000  0001=0042  0014=0006  0016=0000  
 Device 7 EEE autoneg registers: length 2 devNum 0
  003C=0000  003D=0000  


MacSec PHY Information for dev 0 port 19:

 Slice registers: length 87 devNum 0
  1800=88e58100  1801=00400030  1802=00000000  1803=00000000  1804=00000000  
  1805=00000000  1806=00000000  1807=00000001  1809=00001008  180B=0fb40000  
  180C=00000000  180D=00000000  180E=00000000  1810=00000005  1811=00000000  
  1812=00000000  1815=00000000  1816=00000000  1817=00000000  1818=00000000  
  1819=00000006  181A=00000000  181B=00000000  181C=00000000  181D=00000000  
  181E=00000000  181F=00000000  1820=00000000  1821=00000000  1822=00000000  
  1823=00000000  1824=00000000  1825=00000000  1826=00000000  1827=00000000  
  1828=00000000  1829=00000000  182A=00000000  182B=00000000  182C=00000000  
  182D=00000000  182E=00000000  182F=00000000  1830=888e8808  1831=00000000  
  1832=00000000  1833=00000000  1840=00011849  1841=00020081  1842=00000008  
  1843=00000020  1844=00000001  1845=00000000  1846=00000000  1847=0007fe43  
  1848=0009a520  1850=000117c9  1851=00010081  1852=00000000  1853=00000030  
  1854=00000005  1855=00000000  1856=00000000  1857=0007fe43  1858=0009a520  
  1870=00000077  1871=5a000000  1872=00000000  1873=00000000  1874=00000004  
  1876=00002006  1877=00000000  1878=00000000  1879=004050f0  187A=00010000  
  187B=00000000  187C=00000000  187D=00000000  187E=00000000  187F=00000000  
  1BC0=111e2020  1BC1=00000000  1BC2=00000000  1BC3=00000003  1BC4=000050f0  
  1BC6=00001400  1BC7=00005096  

MAC MIB Counters (Wire MAC):
 GoodOctetsReceived   0x2060:                   0
 BadOctetsReceived    0x2062:                   0
 TxFIFOunderrun/TxCRC 0x2063:                   0
 UnicastFramesReceive 0x2064:                   0
 SentDeferred         0x2065:                   0
 BroadcastFramesRecei 0x2066:                   0
 MulticastFramesRecei 0x2067:                   0
 Frames64Octets       0x2068:                   0
 Frames65to127Octets  0x2069:                   0
 Frames128to255Octets 0x206a:                   0
 Frames256to511Octets 0x206b:                   0
 Frames512to1023Octet 0x206c:                   0
 Frames1024toMaxOctet 0x206d:                   0
 GoodOctetsSent       0x206e:                   0
 UnicastFramesSent    0x2070:                   0
 ExcessiveCollision   0x2071:                   0
 MulticastFramesSent  0x2072:                   0
 BroadcastFramesSent  0x2073:                   0
 SentMultiple         0x2074:                   0
 FCSent               0x2075:                   0
 FCReceived           0x2076:                   0
 RxFIFOOverrun        0x2077:                   0
 Undersize            0x2078:                   0
 Fragments            0x2079:                   0
 Oversize             0x207a:                   0
 Jabber               0x207b:                   0
 RxError              0x207c:                   0
 BadCrc               0x207d:                   0
 Collisions           0x207e:                   0
 LateCollisions       0x207f:                   0

MAC MIB Counters (System MAC, phyPorts 1/3):
 GoodOctetsReceived   0x20a0:                   0
 BadOctetsReceived    0x20a2:                   0
 TxFIFOunderrun/TxCRC 0x20a3:                   0
 UnicastFramesReceive 0x20a4:                   0
 SentDeferred         0x20a5:                   0
 BroadcastFramesRecei 0x20a6:                   0
 MulticastFramesRecei 0x20a7:                   0
 Frames64Octets       0x20a8:                   0
 Frames65to127Octets  0x20a9:                   0
 Frames128to255Octets 0x20aa:                   0
 Frames256to511Octets 0x20ab:                   0
 Frames512to1023Octet 0x20ac:                   0
 Frames1024toMaxOctet 0x20ad:                   0
 GoodOctetsSent       0x20ae:                   0
 UnicastFramesSent    0x20b0:                   0
 ExcessiveCollision   0x20b1:                   0
 MulticastFramesSent  0x20b2:                   0
 BroadcastFramesSent  0x20b3:                   0
 SentMultiple         0x20b4:                   0
 FCSent               0x20b5:                   0
 FCReceived           0x20b6:                   0
 RxFIFOOverrun        0x20b7:                   0
 Undersize            0x20b8:                   0
 Fragments            0x20b9:                   0
 Oversize             0x20ba:                   0
 Jabber               0x20bb:                   0
 RxError              0x20bc:                   0
 BadCrc               0x20bd:                   0
 Collisions           0x20be:                   0
 LateCollisions       0x20bf:                   0


Port configuration:
  lport 19   macStatus:       0x12013010      value: 0x00000402
             macCtrl:         0x12013000      value: 0x00008BE5
             autoNegCtrl:     0x1201300C      value: 0x0000B0E9
             macCtrl1:        0x12013004      value: 0x00003783
             macCtrl2:        0x12013008      value: 0x0000C048
             macCtrl3:        0x12013048      value: 0x00000300
             macCtrl4:        0x12013090      value: 0x00004C82
             portControl:     0x01013000      value: 0x00208001

Phy address is: 12

PHY Registers for dev 0 (port 18)
  	hwMode (4 QSGMII to SGMII)

SGMII link partner ()
  Enabled Incomplete
  Link
    link partner Down
  Flow Control
    Partner   ( )
  Duplex
    Partner   (Duplex half)
  Speed
    Partner   (Speed 10Mbps)

Page 0 - Copper
  0 1940  1 7949  2 0141  3 0EC0  4 01E1  5 0000  6 0004  7 2001
  8 0000  9 0F00 10 4000 13 4007 14 0000 15 3000 16 3060 17 8000
 18 0000 19 0040 20 0020 21 0000 23 0000 26 0040
Page 1 - SGMII
  0 1140  1 0149  2 0141  3 0EC0  4 0001  5 0000  6 0004  7 2001
  8 0000 15 C000 16 4207 17 8010 18 0000 19 0000 21 0000 23 0000
 24 0000 25 0000 26 0042
Page 2 - Mac
 16 6008 18 0000 19 0000 21 1046
Page 3 - LED
 16 887F 17 8005 18 4905 19 0073 28 0003 29 0000
Page 4 - QSGMII
  0 1140  1 0000  4 0901  5 0000  6 0000 16 6224 17 8000 18 0000
 19 0000 20 0000 21 0000 23 0000 24 0000 25 0000 26 3002 27 3F80
 28 0000
Page 5 - VCT
 16 0000 17 0000 18 0000 19 0000 20 0000 21 2000 23 0603 24 0000
 25 0104 26 0F12 27 0A0C 28 0C06
Page 6 - Packet
 16 0000 17 0000 18 0000 19 000B 23 0000 24 0000 25 0000 26 190F
Page 7 - Cable
 16 0000 17 0000 18 0000 19 0000 20 0000 21 0000 25 0104 26 0F12
 27 0A0C 28 0006
Page 18 - Common
  0 0000  1 0000  2 0000 16 0000 17 0000 19 000B 20 0004 25 0000
 26 0000 27 2000
Page 255 - Factory
  0 0000  1 0000  2 0000  3 0000  4 0000  5 0000  6 0000  7 0000
  8 0000  9 0000 10 0000 11 0000 12 0000 13 0000 14 0000 15 0000
 16 0159 17 DC0C 18 0008 19 0000 20 0000 21 0000 23 0000 24 0000
 25 0000 26 0000 27 0000 28 0000 29 0000 30 0000 31 0000

Clause 45 PHY Information for dev 0 port 18:

 Device 3 PCS registers: length 4 devNum 0
  0000=0000  0001=0042  0014=0006  0016=0000  
 Device 7 EEE autoneg registers: length 2 devNum 0
  003C=0000  003D=0000  


MacSec PHY Information for dev 0 port 18:

 Slice registers: length 87 devNum 0
  1000=88e58100  1001=00400030  1002=00000000  1003=00000000  1004=00000000  
  1005=00000000  1006=00000000  1007=00000001  1009=00001008  100B=0fb40000  
  100C=00000000  100D=00000000  100E=00000000  1010=00000005  1011=00000000  
  1012=00000000  1015=00000000  1016=00000000  1017=00000000  1018=00000000  
  1019=00000006  101A=00000000  101B=00000000  101C=00000000  101D=00000000  
  101E=00000000  101F=00000000  1020=00000000  1021=00000000  1022=00000000  
  1023=00000000  1024=00000000  1025=00000000  1026=00000000  1027=00000000  
  1028=00000000  1029=00000000  102A=00000000  102B=00000000  102C=00000000  
  102D=00000000  102E=00000000  102F=00000000  1030=888e8808  1031=00000000  
  1032=00000000  1033=00000000  1040=00011849  1041=00020081  1042=00000008  
  1043=00000020  1044=00000001  1045=00000000  1046=00000000  1047=0007fe43  
  1048=0009a520  1050=000117c9  1051=00010081  1052=00000000  1053=00000030  
  1054=00000005  1055=00000000  1056=00000000  1057=0007fe43  1058=0009a520  
  1070=00000077  1071=5a000000  1072=00000000  1073=00000000  1074=00000004  
  1076=00002006  1077=00000000  1078=00000000  1079=004050f0  107A=00010000  
  107B=00000000  107C=00000000  107D=00000000  107E=00000000  107F=00000000  
  13C0=111e2020  13C1=00000000  13C2=00000000  13C3=00000003  13C4=000050f0  
  13C6=00001400  13C7=00005096  

MAC MIB Counters (Wire MAC):
 GoodOctetsReceived   0x2040:                   0
 BadOctetsReceived    0x2042:                   0
 TxFIFOunderrun/TxCRC 0x2043:                   0
 UnicastFramesReceive 0x2044:                   0
 SentDeferred         0x2045:                   0
 BroadcastFramesRecei 0x2046:                   0
 MulticastFramesRecei 0x2047:                   0
 Frames64Octets       0x2048:                   0
 Frames65to127Octets  0x2049:                   0
 Frames128to255Octets 0x204a:                   0
 Frames256to511Octets 0x204b:                   0
 Frames512to1023Octet 0x204c:                   0
 Frames1024toMaxOctet 0x204d:                   0
 GoodOctetsSent       0x204e:                   0
 UnicastFramesSent    0x2050:                   0
 ExcessiveCollision   0x2051:                   0
 MulticastFramesSent  0x2052:                   0
 BroadcastFramesSent  0x2053:                   0
 SentMultiple         0x2054:                   0
 FCSent               0x2055:                   0
 FCReceived           0x2056:                   0
 RxFIFOOverrun        0x2057:                   0
 Undersize            0x2058:                   0
 Fragments            0x2059:                   0
 Oversize             0x205a:                   0
 Jabber               0x205b:                   0
 RxError              0x205c:                   0
 BadCrc               0x205d:                   0
 Collisions           0x205e:                   0
 LateCollisions       0x205f:                   0

MAC MIB Counters (System MAC, phyPorts 0/2):
 GoodOctetsReceived   0x2080:                   0
 BadOctetsReceived    0x2082:                   0
 TxFIFOunderrun/TxCRC 0x2083:                   0
 UnicastFramesReceive 0x2084:                   0
 SentDeferred         0x2085:                   0
 BroadcastFramesRecei 0x2086:                   0
 MulticastFramesRecei 0x2087:                   0
 Frames64Octets       0x2088:                   0
 Frames65to127Octets  0x2089:                   0
 Frames128to255Octets 0x208a:                   0
 Frames256to511Octets 0x208b:                   0
 Frames512to1023Octet 0x208c:                   0
 Frames1024toMaxOctet 0x208d:                   0
 GoodOctetsSent       0x208e:                   0
 UnicastFramesSent    0x2090:                   0
 ExcessiveCollision   0x2091:                   0
 MulticastFramesSent  0x2092:                   0
 BroadcastFramesSent  0x2093:                   0
 SentMultiple         0x2094:                   0
 FCSent               0x2095:                   0
 FCReceived           0x2096:                   0
 RxFIFOOverrun        0x2097:                   0
 Undersize            0x2098:                   0
 Fragments            0x2099:                   0
 Oversize             0x209a:                   0
 Jabber               0x209b:                   0
 RxError              0x209c:                   0
 BadCrc               0x209d:                   0
 Collisions           0x209e:                   0
 LateCollisions       0x209f:                   0


Port configuration:
  lport 18   macStatus:       0x12012010      value: 0x00000402
             macCtrl:         0x12012000      value: 0x00008BE5
             autoNegCtrl:     0x1201200C      value: 0x0000B0E9
             macCtrl1:        0x12012004      value: 0x00003783
             macCtrl2:        0x12012008      value: 0x0000C048
             macCtrl3:        0x12012048      value: 0x00000300
             macCtrl4:        0x12012090      value: 0x00004882
             portControl:     0x01012000      value: 0x00208001

Phy address is: 15

PHY Registers for dev 0 (port 21)
  	hwMode (4 QSGMII to SGMII)

SGMII link partner ()
  Enabled Incomplete
  Link
    link partner Down
  Flow Control
    Partner   ( )
  Duplex
    Partner   (Duplex half)
  Speed
    Partner   (Speed 10Mbps)

Page 0 - Copper
  0 1940  1 7949  2 0141  3 0EC0  4 01E1  5 0000  6 0004  7 2001
  8 0000  9 0F00 10 4000 13 4007 14 0000 15 3000 16 3060 17 8000
 18 0000 19 0040 20 0020 21 0000 23 0000 26 0040
Page 1 - SGMII
  0 1140  1 0149  2 0141  3 0EC0  4 0001  5 0000  6 0004  7 2001
  8 0000 15 C000 16 4207 17 8010 18 0000 19 0000 21 0000 23 0000
 24 0000 25 0000 26 0042
Page 2 - Mac
 16 6008 18 0000 19 0000 21 1046
Page 3 - LED
 16 887F 17 8005 18 4905 19 0073 28 0003 29 0000
Page 4 - QSGMII
  0 1140  1 0000  4 0901  5 0000  6 0000 16 6224 17 8000 18 0000
 19 0000 20 0000 21 0000 23 0000 24 0000 25 0000 26 3002 27 3F80
 28 0000
Page 5 - VCT
 16 0000 17 0000 18 0000 19 0000 20 0000 21 2000 23 0603 24 0000
 25 0104 26 0F12 27 0A0C 28 0C06
Page 6 - Packet
 16 0000 17 0000 18 0000 19 000B 23 0000 24 0000 25 0000 26 190D
Page 7 - Cable
 16 0000 17 0000 18 0000 19 0000 20 0000 21 0000 25 0104 26 0F12
 27 0A0C 28 0006
Page 18 - Common
  0 0000  1 0000  2 0000 16 0000 17 0000 19 000B 20 0004 25 0000
 26 0000 27 2000
Page 255 - Factory
  0 0000  1 0000  2 0000  3 0000  4 0000  5 0000  6 0000  7 0000
  8 0000  9 0000 10 0000 11 0000 12 0000 13 0000 14 0000 15 0000
 16 0159 17 DC0C 18 3807 19 0000 20 0000 21 0000 23 0000 24 0000
 25 0000 26 0000 27 0000 28 0000 29 0000 30 0000 31 0000

Clause 45 PHY Information for dev 0 port 21:

 Device 3 PCS registers: length 4 devNum 0
  0000=0000  0001=0042  0014=0006  0016=0000  
 Device 7 EEE autoneg registers: length 2 devNum 0
  003C=0000  003D=0000  


MacSec PHY Information for dev 0 port 21:

 Slice registers: length 87 devNum 0
  0800=88e58100  0801=00400030  0802=00000000  0803=00000000  0804=00000000  
  0805=00000000  0806=00000000  0807=00000001  0809=00001008  080B=0fb40000  
  080C=00000000  080D=00000000  080E=00000000  0810=00000005  0811=00000000  
  0812=00000000  0815=00000000  0816=00000000  0817=00000000  0818=00000000  
  0819=00000006  081A=00000000  081B=00000000  081C=00000000  081D=00000000  
  081E=00000000  081F=00000000  0820=00000000  0821=00000000  0822=00000000  
  0823=00000000  0824=00000000  0825=00000000  0826=00000000  0827=00000000  
  0828=00000000  0829=00000000  082A=00000000  082B=00000000  082C=00000000  
  082D=00000000  082E=00000000  082F=00000000  0830=888e8808  0831=00000000  
  0832=00000000  0833=00000000  0840=00011849  0841=00020081  0842=00000008  
  0843=00000020  0844=00000001  0845=00000000  0846=00000000  0847=0007fe43  
  0848=0009a520  0850=000117c9  0851=00010081  0852=00000000  0853=00000030  
  0854=00000005  0855=00000000  0856=00000000  0857=0007fe43  0858=0009a520  
  0870=00000077  0871=5a000000  0872=00000000  0873=00000000  0874=00000004  
  0876=00002006  0877=00000000  0878=00000000  0879=004050f0  087A=00010000  
  087B=00000000  087C=00000000  087D=00000000  087E=00000000  087F=00000000  
  0BC0=111e2020  0BC1=00000000  0BC2=00000000  0BC3=00000003  0BC4=000050f0  
  0BC6=00001400  0BC7=00005096  

MAC MIB Counters (Wire MAC):
 GoodOctetsReceived   0x2020:                   0
 BadOctetsReceived    0x2022:                   0
 TxFIFOunderrun/TxCRC 0x2023:                   0
 UnicastFramesReceive 0x2024:                   0
 SentDeferred         0x2025:                   0
 BroadcastFramesRecei 0x2026:                   0
 MulticastFramesRecei 0x2027:                   0
 Frames64Octets       0x2028:                   0
 Frames65to127Octets  0x2029:                   0
 Frames128to255Octets 0x202a:                   0
 Frames256to511Octets 0x202b:                   0
 Frames512to1023Octet 0x202c:                   0
 Frames1024toMaxOctet 0x202d:                   0
 GoodOctetsSent       0x202e:                   0
 UnicastFramesSent    0x2030:                   0
 ExcessiveCollision   0x2031:                   0
 MulticastFramesSent  0x2032:                   0
 BroadcastFramesSent  0x2033:                   0
 SentMultiple         0x2034:                   0
 FCSent               0x2035:                   0
 FCReceived           0x2036:                   0
 RxFIFOOverrun        0x2037:                   0
 Undersize            0x2038:                   0
 Fragments            0x2039:                   0
 Oversize             0x203a:                   0
 Jabber               0x203b:                   0
 RxError              0x203c:                   0
 BadCrc               0x203d:                   0
 Collisions           0x203e:                   0
 LateCollisions       0x203f:                   0

MAC MIB Counters (System MAC, phyPorts 1/3):
 GoodOctetsReceived   0x20a0:                   0
 BadOctetsReceived    0x20a2:                   0
 TxFIFOunderrun/TxCRC 0x20a3:                   0
 UnicastFramesReceive 0x20a4:                   0
 SentDeferred         0x20a5:                   0
 BroadcastFramesRecei 0x20a6:                   0
 MulticastFramesRecei 0x20a7:                   0
 Frames64Octets       0x20a8:                   0
 Frames65to127Octets  0x20a9:                   0
 Frames128to255Octets 0x20aa:                   0
 Frames256to511Octets 0x20ab:                   0
 Frames512to1023Octet 0x20ac:                   0
 Frames1024toMaxOctet 0x20ad:                   0
 GoodOctetsSent       0x20ae:                   0
 UnicastFramesSent    0x20b0:                   0
 ExcessiveCollision   0x20b1:                   0
 MulticastFramesSent  0x20b2:                   0
 BroadcastFramesSent  0x20b3:                   0
 SentMultiple         0x20b4:                   0
 FCSent               0x20b5:                   0
 FCReceived           0x20b6:                   0
 RxFIFOOverrun        0x20b7:                   0
 Undersize            0x20b8:                   0
 Fragments            0x20b9:                   0
 Oversize             0x20ba:                   0
 Jabber               0x20bb:                   0
 RxError              0x20bc:                   0
 BadCrc               0x20bd:                   0
 Collisions           0x20be:                   0
 LateCollisions       0x20bf:                   0


Port configuration:
  lport 21   macStatus:       0x12015010      value: 0x00000402
             macCtrl:         0x12015000      value: 0x00008BE5
             autoNegCtrl:     0x1201500C      value: 0x0000B0E9
             macCtrl1:        0x12015004      value: 0x00003783
             macCtrl2:        0x12015008      value: 0x0000C048
             macCtrl3:        0x12015048      value: 0x00000300
             macCtrl4:        0x12015090      value: 0x00005482
             portControl:     0x01015000      value: 0x00208001

Phy address is: 14

PHY Registers for dev 0 (port 20)
  	hwMode (4 QSGMII to SGMII)

SGMII link partner ()
  Enabled Incomplete
  Link
    link partner Down
  Flow Control
    Partner   ( )
  Duplex
    Partner   (Duplex half)
  Speed
    Partner   (Speed 10Mbps)

Page 0 - Copper
  0 1940  1 7949  2 0141  3 0EC0  4 01E1  5 0000  6 0004  7 2001
  8 0000  9 0F00 10 4000 13 4007 14 0000 15 3000 16 3060 17 8040
 18 0000 19 0040 20 0020 21 0000 23 0000 26 0040
Page 1 - SGMII
  0 1140  1 0149  2 0141  3 0EC0  4 0001  5 0000  6 0004  7 2001
  8 0000 15 C000 16 4207 17 8010 18 0000 19 0000 21 0000 23 0000
 24 0000 25 0000 26 0042
Page 2 - Mac
 16 6008 18 0000 19 0000 21 1046
Page 3 - LED
 16 887F 17 8005 18 4905 19 0073 28 0003 29 0000
Page 4 - QSGMII
  0 1140  1 0000  4 0901  5 0000  6 0000 16 6224 17 8000 18 0000
 19 0000 20 0000 21 0000 23 0000 24 0000 25 0000 26 3002 27 3F80
 28 0000
Page 5 - VCT
 16 0000 17 0000 18 0000 19 0000 20 0000 21 2000 23 0603 24 0000
 25 0104 26 0F12 27 0A0C 28 0C06
Page 6 - Packet
 16 0000 17 0000 18 0000 19 000B 23 0000 24 0000 25 0000 26 190D
Page 7 - Cable
 16 0000 17 0000 18 0000 19 0000 20 0000 21 0000 25 0104 26 0F12
 27 0A0C 28 0006
Page 18 - Common
  0 0000  1 0000  2 0000 16 0000 17 0000 19 000B 20 0004 25 0000
 26 0000 27 2000
Page 255 - Factory
  0 0000  1 0000  2 0000  3 0000  4 0000  5 0000  6 0000  7 0000
  8 0000  9 0000 10 0000 11 0000 12 0000 13 0000 14 0000 15 0000
 16 0159 17 DC0C 18 1663 19 0000 20 0000 21 0000 23 0000 24 0000
 25 0000 26 0000 27 0000 28 0000 29 0000 30 0000 31 0000

Clause 45 PHY Information for dev 0 port 20:

 Device 3 PCS registers: length 4 devNum 0
  0000=0000  0001=0042  0014=0006  0016=0000  
 Device 7 EEE autoneg registers: length 2 devNum 0
  003C=0000  003D=0000  


MacSec PHY Information for dev 0 port 20:

 Slice registers: length 87 devNum 0
  0000=88e58100  0001=00400030  0002=00000000  0003=00000000  0004=00000000  
  0005=00000000  0006=00000000  0007=00000001  0009=00001008  000B=0fb40000  
  000C=00000000  000D=00000000  000E=00000000  0010=00000005  0011=00000000  
  0012=00000000  0015=00000000  0016=00000000  0017=00000000  0018=00000000  
  0019=00000006  001A=00000000  001B=00000000  001C=00000000  001D=00000000  
  001E=00000000  001F=00000000  0020=00000000  0021=00000000  0022=00000000  
  0023=00000000  0024=00000000  0025=00000000  0026=00000000  0027=00000000  
  0028=00000000  0029=00000000  002A=00000000  002B=00000000  002C=00000000  
  002D=00000000  002E=00000000  002F=00000000  0030=888e8808  0031=00000000  
  0032=00000000  0033=00000000  0040=00011849  0041=00020081  0042=00000008  
  0043=00000020  0044=00000001  0045=00000000  0046=00000000  0047=0007fe43  
  0048=0009a520  0050=000117c9  0051=00010081  0052=00000000  0053=00000030  
  0054=00000005  0055=00000000  0056=00000000  0057=0007fe43  0058=0009a520  
  0070=00000077  0071=5a000000  0072=00000000  0073=00000000  0074=00000004  
  0076=00002006  0077=00000000  0078=00000000  0079=004050f0  007A=00010000  
  007B=00000000  007C=00000000  007D=00000000  007E=00000000  007F=00000000  
  03C0=111e2020  03C1=00000000  03C2=00000000  03C3=00000003  03C4=000050f0  
  03C6=00001400  03C7=00005096  

MAC MIB Counters (Wire MAC):
 GoodOctetsReceived   0x2000:                   0
 BadOctetsReceived    0x2002:                   0
 TxFIFOunderrun/TxCRC 0x2003:                   0
 UnicastFramesReceive 0x2004:                   0
 SentDeferred         0x2005:                   0
 BroadcastFramesRecei 0x2006:                   0
 MulticastFramesRecei 0x2007:                   0
 Frames64Octets       0x2008:                   0
 Frames65to127Octets  0x2009:                   0
 Frames128to255Octets 0x200a:                   0
 Frames256to511Octets 0x200b:                   0
 Frames512to1023Octet 0x200c:                   0
 Frames1024toMaxOctet 0x200d:                   0
 GoodOctetsSent       0x200e:                   0
 UnicastFramesSent    0x2010:                   0
 ExcessiveCollision   0x2011:                   0
 MulticastFramesSent  0x2012:                   0
 BroadcastFramesSent  0x2013:                   0
 SentMultiple         0x2014:                   0
 FCSent               0x2015:                   0
 FCReceived           0x2016:                   0
 RxFIFOOverrun        0x2017:                   0
 Undersize            0x2018:                   0
 Fragments            0x2019:                   0
 Oversize             0x201a:                   0
 Jabber               0x201b:                   0
 RxError              0x201c:                   0
 BadCrc               0x201d:                   0
 Collisions           0x201e:                   0
 LateCollisions       0x201f:                   0

MAC MIB Counters (System MAC, phyPorts 0/2):
 GoodOctetsReceived   0x2080:                   0
 BadOctetsReceived    0x2082:                   0
 TxFIFOunderrun/TxCRC 0x2083:                   0
 UnicastFramesReceive 0x2084:                   0
 SentDeferred         0x2085:                   0
 BroadcastFramesRecei 0x2086:                   0
 MulticastFramesRecei 0x2087:                   0
 Frames64Octets       0x2088:                   0
 Frames65to127Octets  0x2089:                   0
 Frames128to255Octets 0x208a:                   0
 Frames256to511Octets 0x208b:                   0
 Frames512to1023Octet 0x208c:                   0
 Frames1024toMaxOctet 0x208d:                   0
 GoodOctetsSent       0x208e:                   0
 UnicastFramesSent    0x2090:                   0
 ExcessiveCollision   0x2091:                   0
 MulticastFramesSent  0x2092:                   0
 BroadcastFramesSent  0x2093:                   0
 SentMultiple         0x2094:                   0
 FCSent               0x2095:                   0
 FCReceived           0x2096:                   0
 RxFIFOOverrun        0x2097:                   0
 Undersize            0x2098:                   0
 Fragments            0x2099:                   0
 Oversize             0x209a:                   0
 Jabber               0x209b:                   0
 RxError              0x209c:                   0
 BadCrc               0x209d:                   0
 Collisions           0x209e:                   0
 LateCollisions       0x209f:                   0


Port configuration:
  lport 20   macStatus:       0x12014010      value: 0x00000402
             macCtrl:         0x12014000      value: 0x00008BE5
             autoNegCtrl:     0x1201400C      value: 0x0000B0E9
             macCtrl1:        0x12014004      value: 0x00003783
             macCtrl2:        0x12014008      value: 0x0000C048
             macCtrl3:        0x12014048      value: 0x00000300
             macCtrl4:        0x12014090      value: 0x00005082
             portControl:     0x01014000      value: 0x00208001

Phy address is: 17

PHY Registers for dev 0 (port 23)
  	hwMode (4 QSGMII to SGMII)

SGMII link partner ()
  Enabled Incomplete
  Link
    link partner Down
  Flow Control
    Partner   ( )
  Duplex
    Partner   (Duplex half)
  Speed
    Partner   (Speed 10Mbps)

Page 0 - Copper
  0 1940  1 7949  2 0141  3 0EC0  4 01E1  5 0000  6 0004  7 2001
  8 0000  9 0F00 10 4000 13 4007 14 0000 15 3000 16 3060 17 8000
 18 0000 19 0040 20 0020 21 0000 23 0000 26 0040
Page 1 - SGMII
  0 1140  1 0149  2 0141  3 0EC0  4 0001  5 0000  6 0004  7 2001
  8 0000 15 C000 16 4207 17 8010 18 0000 19 0000 21 0000 23 0000
 24 0000 25 0000 26 0042
Page 2 - Mac
 16 6008 18 0000 19 0000 21 1046
Page 3 - LED
 16 887F 17 8005 18 4905 19 0073 28 0003 29 0000
Page 4 - QSGMII
  0 1140  1 0000  4 0901  5 0000  6 0000 16 6224 17 8000 18 0000
 19 0000 20 0000 21 0000 23 0000 24 0000 25 0000 26 3002 27 3F80
 28 0000
Page 5 - VCT
 16 0000 17 0000 18 0000 19 0000 20 0000 21 2000 23 0603 24 0000
 25 0104 26 0F12 27 0A0C 28 0C06
Page 6 - Packet
 16 0000 17 0000 18 0000 19 000B 23 0000 24 0000 25 0000 26 190D
Page 7 - Cable
 16 0000 17 0000 18 0000 19 0000 20 0000 21 0000 25 0104 26 0F12
 27 0A0C 28 0006
Page 18 - Common
  0 0000  1 0000  2 0000 16 0000 17 0000 19 000B 20 0004 25 0000
 26 0000 27 2000
Page 255 - Factory
  0 0000  1 0000  2 0000  3 0000  4 0000  5 0000  6 0000  7 0000
  8 0000  9 0000 10 0000 11 0000 12 0000 13 0000 14 0000 15 0000
 16 0159 17 DC0C 18 A3B9 19 0000 20 0000 21 0000 23 0000 24 0000
 25 0000 26 0000 27 0000 28 0000 29 0000 30 0000 31 0000

Clause 45 PHY Information for dev 0 port 23:

 Device 3 PCS registers: length 4 devNum 0
  0000=0000  0001=0042  0014=0006  0016=0000  
 Device 7 EEE autoneg registers: length 2 devNum 0
  003C=0000  003D=0000  


MacSec PHY Information for dev 0 port 23:

 Slice registers: length 87 devNum 0
  1800=88e58100  1801=00400030  1802=00000000  1803=00000000  1804=00000000  
  1805=00000000  1806=00000000  1807=00000001  1809=00001008  180B=0fb40000  
  180C=00000000  180D=00000000  180E=00000000  1810=00000005  1811=00000000  
  1812=00000000  1815=00000000  1816=00000000  1817=00000000  1818=00000000  
  1819=00000006  181A=00000000  181B=00000000  181C=00000000  181D=00000000  
  181E=00000000  181F=00000000  1820=00000000  1821=00000000  1822=00000000  
  1823=00000000  1824=00000000  1825=00000000  1826=00000000  1827=00000000  
  1828=00000000  1829=00000000  182A=00000000  182B=00000000  182C=00000000  
  182D=00000000  182E=00000000  182F=00000000  1830=888e8808  1831=00000000  
  1832=00000000  1833=00000000  1840=00011849  1841=00020081  1842=00000008  
  1843=00000020  1844=00000001  1845=00000000  1846=00000000  1847=0007fe43  
  1848=0009a520  1850=000117c9  1851=00010081  1852=00000000  1853=00000030  
  1854=00000005  1855=00000000  1856=00000000  1857=0007fe43  1858=0009a520  
  1870=00000077  1871=5a000000  1872=00000000  1873=00000000  1874=00000004  
  1876=00002006  1877=00000000  1878=00000000  1879=004050f0  187A=00010000  
  187B=00000000  187C=00000000  187D=00000000  187E=00000000  187F=00000000  
  1BC0=111e2020  1BC1=00000000  1BC2=00000000  1BC3=00000003  1BC4=000050f0  
  1BC6=00001400  1BC7=00005096  

MAC MIB Counters (Wire MAC):
 GoodOctetsReceived   0x2060:                   0
 BadOctetsReceived    0x2062:                   0
 TxFIFOunderrun/TxCRC 0x2063:                   0
 UnicastFramesReceive 0x2064:                   0
 SentDeferred         0x2065:                   0
 BroadcastFramesRecei 0x2066:                   0
 MulticastFramesRecei 0x2067:                   0
 Frames64Octets       0x2068:                   0
 Frames65to127Octets  0x2069:                   0
 Frames128to255Octets 0x206a:                   0
 Frames256to511Octets 0x206b:                   0
 Frames512to1023Octet 0x206c:                   0
 Frames1024toMaxOctet 0x206d:                   0
 GoodOctetsSent       0x206e:                   0
 UnicastFramesSent    0x2070:                   0
 ExcessiveCollision   0x2071:                   0
 MulticastFramesSent  0x2072:                   0
 BroadcastFramesSent  0x2073:                   0
 SentMultiple         0x2074:                   0
 FCSent               0x2075:                   0
 FCReceived           0x2076:                   0
 RxFIFOOverrun        0x2077:                   0
 Undersize            0x2078:                   0
 Fragments            0x2079:                   0
 Oversize             0x207a:                   0
 Jabber               0x207b:                   0
 RxError              0x207c:                   0
 BadCrc               0x207d:                   0
 Collisions           0x207e:                   0
 LateCollisions       0x207f:                   0

MAC MIB Counters (System MAC, phyPorts 1/3):
 GoodOctetsReceived   0x20a0:                   0
 BadOctetsReceived    0x20a2:                   0
 TxFIFOunderrun/TxCRC 0x20a3:                   0
 UnicastFramesReceive 0x20a4:                   0
 SentDeferred         0x20a5:                   0
 BroadcastFramesRecei 0x20a6:                   0
 MulticastFramesRecei 0x20a7:                   0
 Frames64Octets       0x20a8:                   0
 Frames65to127Octets  0x20a9:                   0
 Frames128to255Octets 0x20aa:                   0
 Frames256to511Octets 0x20ab:                   0
 Frames512to1023Octet 0x20ac:                   0
 Frames1024toMaxOctet 0x20ad:                   0
 GoodOctetsSent       0x20ae:                   0
 UnicastFramesSent    0x20b0:                   0
 ExcessiveCollision   0x20b1:                   0
 MulticastFramesSent  0x20b2:                   0
 BroadcastFramesSent  0x20b3:                   0
 SentMultiple         0x20b4:                   0
 FCSent               0x20b5:                   0
 FCReceived           0x20b6:                   0
 RxFIFOOverrun        0x20b7:                   0
 Undersize            0x20b8:                   0
 Fragments            0x20b9:                   0
 Oversize             0x20ba:                   0
 Jabber               0x20bb:                   0
 RxError              0x20bc:                   0
 BadCrc               0x20bd:                   0
 Collisions           0x20be:                   0
 LateCollisions       0x20bf:                   0


Port configuration:
  lport 23   macStatus:       0x12017010      value: 0x00000402
             macCtrl:         0x12017000      value: 0x00008BE5
             autoNegCtrl:     0x1201700C      value: 0x0000B0E9
             macCtrl1:        0x12017004      value: 0x00003783
             macCtrl2:        0x12017008      value: 0x0000C048
             macCtrl3:        0x12017048      value: 0x00000300
             macCtrl4:        0x12017090      value: 0x00005C82
             portControl:     0x01017000      value: 0x00208001

Phy address is: 16

PHY Registers for dev 0 (port 22)
  	hwMode (4 QSGMII to SGMII)

SGMII link partner ()
  Enabled Incomplete
  Link
    link partner Down
  Flow Control
    Partner   ( )
  Duplex
    Partner   (Duplex half)
  Speed
    Partner   (Speed 10Mbps)

Page 0 - Copper
  0 1940  1 7949  2 0141  3 0EC0  4 01E1  5 0000  6 0004  7 2001
  8 0000  9 0F00 10 4000 13 4007 14 0000 15 3000 16 3060 17 8000
 18 0000 19 0040 20 0020 21 0000 23 0000 26 0040
Page 1 - SGMII
  0 1140  1 0149  2 0141  3 0EC0  4 0001  5 0000  6 0004  7 2001
  8 0000 15 C000 16 4207 17 8010 18 0000 19 0000 21 0000 23 0000
 24 0000 25 0000 26 0042
Page 2 - Mac
 16 6008 18 0000 19 0000 21 1046
Page 3 - LED
 16 887F 17 8005 18 4905 19 0073 28 0003 29 0000
Page 4 - QSGMII
  0 1140  1 0000  4 0901  5 0000  6 0000 16 6224 17 8000 18 0000
 19 0000 20 0000 21 0000 23 0000 24 0000 25 0000 26 3002 27 3F80
 28 0000
Page 5 - VCT
 16 0000 17 0000 18 0000 19 0000 20 0000 21 2000 23 0603 24 0000
 25 0104 26 0F12 27 0A0C 28 0C06
Page 6 - Packet
 16 0000 17 0000 18 0000 19 000B 23 0000 24 0000 25 0000 26 190D
Page 7 - Cable
 16 0000 17 0000 18 0000 19 0000 20 0000 21 0000 25 0104 26 0F12
 27 0A0C 28 0006
Page 18 - Common
  0 0000  1 0000  2 0000 16 0000 17 0000 19 000B 20 0004 25 0000
 26 0000 27 2000
Page 255 - Factory
  0 0000  1 0000  2 0000  3 0000  4 0000  5 0000  6 0000  7 0000
  8 0000  9 0000 10 0000 11 0000 12 0000 13 0000 14 0000 15 0000
 16 0159 17 DC0C 18 4923 19 0000 20 0000 21 0000 23 0000 24 0000
 25 0000 26 0000 27 0000 28 0000 29 0000 30 0000 31 0000

Clause 45 PHY Information for dev 0 port 22:

 Device 3 PCS registers: length 4 devNum 0
  0000=0000  0001=0042  0014=0006  0016=0000  
 Device 7 EEE autoneg registers: length 2 devNum 0
  003C=0000  003D=0000  


MacSec PHY Information for dev 0 port 22:

 Slice registers: length 87 devNum 0
  1000=88e58100  1001=00400030  1002=00000000  1003=00000000  1004=00000000  
  1005=00000000  1006=00000000  1007=00000001  1009=00001008  100B=0fb40000  
  100C=00000000  100D=00000000  100E=00000000  1010=00000005  1011=00000000  
  1012=00000000  1015=00000000  1016=00000000  1017=00000000  1018=00000000  
  1019=00000006  101A=00000000  101B=00000000  101C=00000000  101D=00000000  
  101E=00000000  101F=00000000  1020=00000000  1021=00000000  1022=00000000  
  1023=00000000  1024=00000000  1025=00000000  1026=00000000  1027=00000000  
  1028=00000000  1029=00000000  102A=00000000  102B=00000000  102C=00000000  
  102D=00000000  102E=00000000  102F=00000000  1030=888e8808  1031=00000000  
  1032=00000000  1033=00000000  1040=00011849  1041=00020081  1042=00000008  
  1043=00000020  1044=00000001  1045=00000000  1046=00000000  1047=0007fe43  
  1048=0009a520  1050=000117c9  1051=00010081  1052=00000000  1053=00000030  
  1054=00000005  1055=00000000  1056=00000000  1057=0007fe43  1058=0009a520  
  1070=00000077  1071=5a000000  1072=00000000  1073=00000000  1074=00000004  
  1076=00002006  1077=00000000  1078=00000000  1079=004050f0  107A=00010000  
  107B=00000000  107C=00000000  107D=00000000  107E=00000000  107F=00000000  
  13C0=111e2020  13C1=00000000  13C2=00000000  13C3=00000003  13C4=000050f0  
  13C6=00001400  13C7=00005096  

MAC MIB Counters (Wire MAC):
 GoodOctetsReceived   0x2040:                   0
 BadOctetsReceived    0x2042:                   0
 TxFIFOunderrun/TxCRC 0x2043:                   0
 UnicastFramesReceive 0x2044:                   0
 SentDeferred         0x2045:                   0
 BroadcastFramesRecei 0x2046:                   0
 MulticastFramesRecei 0x2047:                   0
 Frames64Octets       0x2048:                   0
 Frames65to127Octets  0x2049:                   0
 Frames128to255Octets 0x204a:                   0
 Frames256to511Octets 0x204b:                   0
 Frames512to1023Octet 0x204c:                   0
 Frames1024toMaxOctet 0x204d:                   0
 GoodOctetsSent       0x204e:                   0
 UnicastFramesSent    0x2050:                   0
 ExcessiveCollision   0x2051:                   0
 MulticastFramesSent  0x2052:                   0
 BroadcastFramesSent  0x2053:                   0
 SentMultiple         0x2054:                   0
 FCSent               0x2055:                   0
 FCReceived           0x2056:                   0
 RxFIFOOverrun        0x2057:                   0
 Undersize            0x2058:                   0
 Fragments            0x2059:                   0
 Oversize             0x205a:                   0
 Jabber               0x205b:                   0
 RxError              0x205c:                   0
 BadCrc               0x205d:                   0
 Collisions           0x205e:                   0
 LateCollisions       0x205f:                   0

MAC MIB Counters (System MAC, phyPorts 0/2):
 GoodOctetsReceived   0x2080:                   0
 BadOctetsReceived    0x2082:                   0
 TxFIFOunderrun/TxCRC 0x2083:                   0
 UnicastFramesReceive 0x2084:                   0
 SentDeferred         0x2085:                   0
 BroadcastFramesRecei 0x2086:                   0
 MulticastFramesRecei 0x2087:                   0
 Frames64Octets       0x2088:                   0
 Frames65to127Octets  0x2089:                   0
 Frames128to255Octets 0x208a:                   0
 Frames256to511Octets 0x208b:                   0
 Frames512to1023Octet 0x208c:                   0
 Frames1024toMaxOctet 0x208d:                   0
 GoodOctetsSent       0x208e:                   0
 UnicastFramesSent    0x2090:                   0
 ExcessiveCollision   0x2091:                   0
 MulticastFramesSent  0x2092:                   0
 BroadcastFramesSent  0x2093:                   0
 SentMultiple         0x2094:                   0
 FCSent               0x2095:                   0
 FCReceived           0x2096:                   0
 RxFIFOOverrun        0x2097:                   0
 Undersize            0x2098:                   0
 Fragments            0x2099:                   0
 Oversize             0x209a:                   0
 Jabber               0x209b:                   0
 RxError              0x209c:                   0
 BadCrc               0x209d:                   0
 Collisions           0x209e:                   0
 LateCollisions       0x209f:                   0


Port configuration:
  lport 22   macStatus:       0x12016010      value: 0x00000402
             macCtrl:         0x12016000      value: 0x00008BE5
             autoNegCtrl:     0x1201600C      value: 0x0000B0E9
             macCtrl1:        0x12016004      value: 0x00003783
             macCtrl2:        0x12016008      value: 0x0000C048
             macCtrl3:        0x12016048      value: 0x00000300
             macCtrl4:        0x12016090      value: 0x00005882
             portControl:     0x01016000      value: 0x00208001


Port configuration:
  lport 25   macStatus:       0x120D900C      value: 0x00000008
             macCtrl:         0x120D9000      value: 0x00000205
             macCtrl1:        0x120D9004      value: 0x000002F9
             macCtrl2:        0x120D9008      value: 0x0000046F
             macCtrl3:        0x120D901C      value: 0x00002000
             macCtrl4:        0x120D9084      value: 0x00000210
             macCtrl5:        0x120D9088      value: 0x0000900C
             portControl:     0x01019000      value: 0x00208001


Port configuration:
  lport 24   macStatus:       0x120D800C      value: 0x00000008
             macCtrl:         0x120D8000      value: 0x00000205
             macCtrl1:        0x120D8004      value: 0x000002F9
             macCtrl2:        0x120D8008      value: 0x0000046F
             macCtrl3:        0x120D801C      value: 0x00002000
             macCtrl4:        0x120D8084      value: 0x00000210
             macCtrl5:        0x120D8088      value: 0x0000900C
             portControl:     0x01018000      value: 0x00208001


Port configuration:
  lport 27   macStatus:       0x120DB00C      value: 0x00000009
             macCtrl:         0x120DB000      value: 0x00000203
             macCtrl1:        0x120DB004      value: 0x00000330
             macCtrl2:        0x120DB008      value: 0x0000046F
             macCtrl3:        0x120DB01C      value: 0x00002000
             macCtrl4:        0x120DB084      value: 0x00000210
             macCtrl5:        0x120DB088      value: 0x0000924C
             portControl:     0x0101B000      value: 0x00008000


Port configuration:
  lport 26   macStatus:       0x120DA00C      value: 0x00000009
             macCtrl:         0x120DA000      value: 0x00000203
             macCtrl1:        0x120DA004      value: 0x00000330
             macCtrl2:        0x120DA008      value: 0x0000046F
             macCtrl3:        0x120DA01C      value: 0x00002000
             macCtrl4:        0x120DA084      value: 0x00000210
             macCtrl5:        0x120DA088      value: 0x0000924C
             portControl:     0x0101A000      value: 0x00008000


Stack member 2:
Phy address is: 01

PHY Registers for dev 1 (port 1)
  	hwMode (2 QSGMII to 1000BASE-X)

Fiber Auto Negotiation
  Enabled Incomplete
  Flow Control
    Advertised(None)
    Partner   (None)
  Speed, Duplex
    Advertised(1000BASEX(Full ) )
    Partner   ()
  remote fault (None)

Page 0 - Copper
  0 1940  1 7949  2 0141  3 0EC0  4 01E1  5 0000  6 0004  7 2001
  8 0000  9 0F00 10 4000 13 4007 14 0000 15 3000 16 3060 17 8000
 18 0000 19 0040 20 0020 21 0000 23 0000 26 0040
Page 1 - SGMII
  0 1140  1 014D  2 0141  3 0EC0  4 0020  5 0000  6 0004  7 2001
  8 0000 15 C000 16 4005 17 A420 18 0000 19 0000 21 0000 23 0000
 24 0000 25 0000 26 0062
Page 2 - Mac
 16 6008 18 0000 19 0000 21 1046
Page 3 - LED
 16 887F 17 8005 18 4905 19 0073 28 0003 29 0000
Page 4 - QSGMII
  0 1140  1 0024  4 9901  5 4001  6 0001 16 6224 17 AC20 18 0000
 19 0000 20 0000 21 0000 23 0000 24 0000 25 0000 26 3002 27 3F80
 28 0000
Page 5 - VCT
 16 0000 17 0000 18 0000 19 0000 20 0000 21 2000 23 0603 24 0000
 25 0104 26 0F12 27 0A0C 28 0C06
Page 6 - Packet
 16 0000 17 0000 18 0000 19 000B 23 0000 24 0000 25 0000 26 190E
Page 7 - Cable
 16 0000 17 0000 18 0000 19 0000 20 0000 21 0000 25 0104 26 0F12
 27 0A0C 28 0006
Page 18 - Common
  0 0000  1 0000  2 0000 16 0000 17 0000 19 000B 20 0002 25 0000
 26 9000 27 2002
Page 255 - Factory
  0 0000  1 0000  2 0000  3 0000  4 0000  5 0000  6 0000  7 0000
  8 0000  9 0000 10 0000 11 0000 12 0000 13 0000 14 0000 15 0000
 16 0159 17 0000 18 D41E 19 0000 20 0000 21 0000 23 0000 24 0000
 25 0000 26 0000 27 0000 28 0000 29 0000 30 0000 31 0000

Clause 45 PHY Information for dev 1 port 1:

 Device 3 PCS registers: length 4 devNum 1
  0000=0000  0001=0042  0014=0006  0016=0000  
 Device 7 EEE autoneg registers: length 2 devNum 1
  003C=0000  003D=0000  


MacSec PHY Information for dev 1 port 1:

 Slice registers: length 87 devNum 1
  0800=88e58100  0801=00400030  0802=00000000  0803=00000000  0804=00000000  
  0805=00000000  0806=00000000  0807=00000001  0809=00001008  080B=0fb40000  
  080C=00000000  080D=00000000  080E=00000000  0810=00000005  0811=00000000  
  0812=00000000  0815=00000000  0816=00000000  0817=00000000  0818=00000000  
  0819=00000006  081A=00000000  081B=00000000  081C=00000000  081D=00000000  
  081E=00000000  081F=00000000  0820=00000000  0821=00000000  0822=00000000  
  0823=00000000  0824=00000000  0825=00000000  0826=00000000  0827=00000000  
  0828=00000000  0829=00000000  082A=00000000  082B=00000000  082C=00000000  
  082D=00000000  082E=00000000  082F=00000000  0830=888e8808  0831=00000000  
  0832=00000000  0833=00000000  0840=00011849  0841=00020081  0842=00000008  
  0843=00000020  0844=00000005  0845=00000000  0846=00000000  0847=0007fe43  
  0848=0009a520  0850=000117c9  0851=00010081  0852=00000000  0853=00000030  
  0854=00000005  0855=00000000  0856=00000000  0857=0007fe43  0858=0009a520  
  0870=00000077  0871=5a000000  0872=00000000  0873=00000000  0874=00000004  
  0876=00002006  0877=00000000  0878=00000000  0879=004050f0  087A=00010000  
  087B=00000000  087C=00000000  087D=00000000  087E=00000000  087F=00000000  
  0BC0=111e2020  0BC1=00000000  0BC2=00000000  0BC3=00000003  0BC4=000050f0  
  0BC6=00001400  0BC7=00005096  

MAC MIB Counters (Wire MAC):
 GoodOctetsReceived   0x2020:          1275385192
 BadOctetsReceived    0x2022:                   0
 TxFIFOunderrun/TxCRC 0x2023:                   0
 UnicastFramesReceive 0x2024:                  15
 SentDeferred         0x2025:                   0
 BroadcastFramesRecei 0x2026:             4996174
 MulticastFramesRecei 0x2027:             4713151
 Frames64Octets       0x2028:             7443407
 Frames65to127Octets  0x2029:                   0
 Frames128to255Octets 0x202a:             9362234
 Frames256to511Octets 0x202b:             2481020
 Frames512to1023Octet 0x202c:                   0
 Frames1024toMaxOctet 0x202d:                   0
 GoodOctetsSent       0x202e:          1257892748
 UnicastFramesSent    0x2030:                   1
 ExcessiveCollision   0x2031:                   0
 MulticastFramesSent  0x2032:             4648855
 BroadcastFramesSent  0x2033:             4927612
 SentMultiple         0x2034:                   0
 FCSent               0x2035:                   0
 FCReceived           0x2036:                   0
 RxFIFOOverrun        0x2037:                   0
 Undersize            0x2038:                   0
 Fragments            0x2039:                   0
 Oversize             0x203a:                   0
 Jabber               0x203b:                   0
 RxError              0x203c:                   0
 BadCrc               0x203d:                   0
 Collisions           0x203e:                   0
 LateCollisions       0x203f:                   0

MAC MIB Counters (System MAC, phyPorts 1/3):
 GoodOctetsReceived   0x20a0:          1245202340
 BadOctetsReceived    0x20a2:                   0
 TxFIFOunderrun/TxCRC 0x20a3:                   0
 UnicastFramesReceive 0x20a4:                   1
 SentDeferred         0x20a5:                   0
 BroadcastFramesRecei 0x20a6:             4872490
 MulticastFramesRecei 0x20a7:             4607398
 Frames64Octets       0x20a8:             7358671
 Frames65to127Octets  0x20a9:                   0
 Frames128to255Octets 0x20aa:             9277497
 Frames256to511Octets 0x20ab:             2452774
 Frames512to1023Octet 0x20ac:                   0
 Frames1024toMaxOctet 0x20ad:                   0
 GoodOctetsSent       0x20ae:          1262031456
 UnicastFramesSent    0x20b0:                  15
 ExcessiveCollision   0x20b1:                   0
 MulticastFramesSent  0x20b2:             4669819
 BroadcastFramesSent  0x20b3:             4938238
 SentMultiple         0x20b4:                   0
 FCSent               0x20b5:                   0
 FCReceived           0x20b6:                   0
 RxFIFOOverrun        0x20b7:                   0
 Undersize            0x20b8:                   0
 Fragments            0x20b9:                   0
 Oversize             0x20ba:                   0
 Jabber               0x20bb:                   0
 RxError              0x20bc:                   0
 BadCrc               0x20bd:                   0
 Collisions           0x20be:                   0
 LateCollisions       0x20bf:                   0


10G Pluggable PHY Registers for dev 1 port 1:

 10GBASE-T Device 1 - PMA: length 42 devNum 1
  0000=2040  0001=0082  0002=ae02  0003=5151  0004=6031  0005=009b  0006=c000  
  0007=0009  0008=9701  0009=0000  000A=0000  000B=41a4  000C=41a4  000E=0000  
  000F=0000  0081=0000  0082=0003  0083=4800  0084=0000  0085=8080  0086=8080  
  0087=8080  0088=8080  0089=8080  008A=8080  008B=8080  008C=8080  008D=8000  
  008E=8000  008F=8000  0090=8000  0091=0000  0092=0000  0093=0011  A897=0000  
  A898=0000  A899=0000  A89A=0000  A89E=ffff  A89F=0000  A8A0=0000  A8A9=0000  
 10GBASE-T Device 3 - PCS: length 19 devNum 1
  0000=2040  0001=0082  0002=ae02  0003=5151  0004=00c1  0005=009b  0006=c000  
  0007=0003  0008=b408  0009=0000  000A=0000  000B=0000  000C=0000  000D=0000  
  000E=0000  000F=0000  0014=000e  0020=0000  0021=0000  
 10GBASE-T Device 7 - AN: length 36 devNum 1
  0000=3000  0001=002d  0002=0362  0003=0000  0005=009b  0006=c000  000E=0000  
  000F=0000  0010=9001  0013=c1e1  0016=2001  0017=0000  0018=0000  0019=0000  
  001A=0000  001B=0000  0020=0003  0021=0000  003C=0000  003D=0000  FFE0=1100  
  FFE1=796d  FFE4=9001  FFE5=c1e1  FFE6=006d  FFE7=0000  FFE8=6801  FFE9=0200  
  FFEA=3800  FFEF=3000  FFF0=0001  FFF1=2f00  FFF2=0000  FFF3=0000  FFF4=0000  
  FFF7=6000  
 XFI Device 1 - PMD/PMA: length 11 devNum 1
  0000=2040  0001=0004  0002=0000  0004=0071  0005=0f8b  0006=2000  0007=0000  
  0008=8301  0009=0000  000A=0002  000B=0050  
 XFI Device 3 - PCS/PHY XS: length 9 devNum 1
  0000=2040  0001=0004  0004=0001  0005=0f8b  0006=2000  0007=0000  0008=8001  
  0020=100d  0021=0000  
 User Defined Device 30: length 10 devNum 1
  0000=0000  4005=0006  4006=0000  400D=6032  4011=0005  4037=0004  4038=0002  
  4110=2004  4111=2004  4113=2004  

  FWLoaded:              Good
  SystemLink:            UP
  LineLink:              UP
  LineSpeed:             1000Mps
  Temperature:           50 deg C
  Voltage Readings
    1.0V measurement1 :   1005mV
    1.0V measurement2 :   1005mV
    1.88V measurement3:   1866mV
  Limited Reach: Disabled

Port configuration:
  lport  1   macStatus:       0x12001010      value: 0x0000E80B
             macCtrl:         0x12001000      value: 0x00008BE5
             autoNegCtrl:     0x1200100C      value: 0x0000B0EC
             macCtrl1:        0x12001004      value: 0x00003783
             macCtrl2:        0x12001008      value: 0x0000C009
             macCtrl3:        0x12001048      value: 0x00000300
             macCtrl4:        0x12001090      value: 0x00000502
             portControl:     0x01001000      value: 0x00208041

Phy address is: 00

PHY Registers for dev 1 (port 0)
  	hwMode (4 QSGMII to SGMII)

SGMII link partner ()
  Enabled Incomplete
  Link
    link partner Down
  Flow Control
    Partner   ( )
  Duplex
    Partner   (Duplex half)
  Speed
    Partner   (Speed 10Mbps)

Page 0 - Copper
  0 1940  1 7949  2 0141  3 0EC0  4 01E1  5 0000  6 0004  7 2001
  8 0000  9 0F00 10 4000 13 4007 14 0000 15 3000 16 3060 17 8000
 18 0000 19 0040 20 0020 21 0000 23 0000 26 0040
Page 1 - SGMII
  0 1140  1 0149  2 0141  3 0EC0  4 0001  5 0000  6 0004  7 2001
  8 0000 15 C000 16 4207 17 8010 18 0000 19 0000 21 0000 23 0000
 24 0000 25 0000 26 0042
Page 2 - Mac
 16 6008 18 0000 19 0000 21 1046
Page 3 - LED
 16 887F 17 8005 18 4905 19 0073 28 0003 29 0000
Page 4 - QSGMII
  0 1140  1 0000  4 0901  5 0000  6 0000 16 6224 17 8000 18 0000
 19 0000 20 0000 21 0000 23 0000 24 0000 25 0000 26 3002 27 3F80
 28 0000
Page 5 - VCT
 16 0000 17 0000 18 0000 19 0000 20 0000 21 2000 23 0603 24 0000
 25 0104 26 0F12 27 0A0C 28 0C06
Page 6 - Packet
 16 0000 17 0000 18 0000 19 000B 23 0000 24 0000 25 0000 26 190E
Page 7 - Cable
 16 0000 17 0000 18 0000 19 0000 20 0000 21 0000 25 0104 26 0F12
 27 0A0C 28 0006
Page 18 - Common
  0 0000  1 0000  2 0000 16 0000 17 0000 19 000B 20 0004 25 0000
 26 0000 27 2000
Page 255 - Factory
  0 0000  1 0000  2 0000  3 0000  4 0000  5 0000  6 0000  7 0000
  8 0000  9 0000 10 0000 11 0000 12 0000 13 0000 14 0000 15 0000
 16 0159 17 0000 18 AE36 19 0000 20 0000 21 0000 23 0000 24 0000
 25 0000 26 0000 27 0000 28 0000 29 0000 30 0000 31 0000

Clause 45 PHY Information for dev 1 port 0:

 Device 3 PCS registers: length 4 devNum 1
  0000=0000  0001=0042  0014=0006  0016=0000  
 Device 7 EEE autoneg registers: length 2 devNum 1
  003C=0000  003D=0000  


MacSec PHY Information for dev 1 port 0:

 Slice registers: length 87 devNum 1
  0000=88e58100  0001=00400030  0002=00000000  0003=00000000  0004=00000000  
  0005=00000000  0006=00000000  0007=00000001  0009=00001008  000B=0fb40000  
  000C=00000000  000D=00000000  000E=00000000  0010=00000005  0011=00000000  
  0012=00000000  0015=00000000  0016=00000000  0017=00000000  0018=00000000  
  0019=00000006  001A=00000000  001B=00000000  001C=00000000  001D=00000000  
  001E=00000000  001F=00000000  0020=00000000  0021=00000000  0022=00000000  
  0023=00000000  0024=00000000  0025=00000000  0026=00000000  0027=00000000  
  0028=00000000  0029=00000000  002A=00000000  002B=00000000  002C=00000000  
  002D=00000000  002E=00000000  002F=00000000  0030=888e8808  0031=00000000  
  0032=00000000  0033=00000000  0040=00011849  0041=00020081  0042=00000008  
  0043=00000020  0044=00000001  0045=00000000  0046=00000000  0047=0007fe43  
  0048=0009a520  0050=000117c9  0051=00010081  0052=00000000  0053=00000030  
  0054=00000005  0055=00000000  0056=00000000  0057=0007fe43  0058=0009a520  
  0070=00000077  0071=5a000000  0072=00000000  0073=00000000  0074=00000004  
  0076=00002006  0077=00000000  0078=00000000  0079=004050f0  007A=00010000  
  007B=00000000  007C=00000000  007D=00000000  007E=00000000  007F=00000000  
  03C0=111e2020  03C1=00000000  03C2=00000000  03C3=00000003  03C4=000050f0  
  03C6=00001400  03C7=00005096  

MAC MIB Counters (Wire MAC):
 GoodOctetsReceived   0x2000:                   0
 BadOctetsReceived    0x2002:                   0
 TxFIFOunderrun/TxCRC 0x2003:                   0
 UnicastFramesReceive 0x2004:                   0
 SentDeferred         0x2005:                   0
 BroadcastFramesRecei 0x2006:                   0
 MulticastFramesRecei 0x2007:                   0
 Frames64Octets       0x2008:                   0
 Frames65to127Octets  0x2009:                   0
 Frames128to255Octets 0x200a:                   0
 Frames256to511Octets 0x200b:                   0
 Frames512to1023Octet 0x200c:                   0
 Frames1024toMaxOctet 0x200d:                   0
 GoodOctetsSent       0x200e:                   0
 UnicastFramesSent    0x2010:                   0
 ExcessiveCollision   0x2011:                   0
 MulticastFramesSent  0x2012:                   0
 BroadcastFramesSent  0x2013:                   0
 SentMultiple         0x2014:                   0
 FCSent               0x2015:                   0
 FCReceived           0x2016:                   0
 RxFIFOOverrun        0x2017:                   0
 Undersize            0x2018:                   0
 Fragments            0x2019:                   0
 Oversize             0x201a:                   0
 Jabber               0x201b:                   0
 RxError              0x201c:                   0
 BadCrc               0x201d:                   0
 Collisions           0x201e:                   0
 LateCollisions       0x201f:                   0

MAC MIB Counters (System MAC, phyPorts 0/2):
 GoodOctetsReceived   0x2080:                   0
 BadOctetsReceived    0x2082:                   0
 TxFIFOunderrun/TxCRC 0x2083:                   0
 UnicastFramesReceive 0x2084:                   0
 SentDeferred         0x2085:                   0
 BroadcastFramesRecei 0x2086:                   0
 MulticastFramesRecei 0x2087:                   0
 Frames64Octets       0x2088:                   0
 Frames65to127Octets  0x2089:                   0
 Frames128to255Octets 0x208a:                   0
 Frames256to511Octets 0x208b:                   0
 Frames512to1023Octet 0x208c:                   0
 Frames1024toMaxOctet 0x208d:                   0
 GoodOctetsSent       0x208e:                   0
 UnicastFramesSent    0x2090:                   0
 ExcessiveCollision   0x2091:                   0
 MulticastFramesSent  0x2092:                   0
 BroadcastFramesSent  0x2093:                   0
 SentMultiple         0x2094:                   0
 FCSent               0x2095:                   0
 FCReceived           0x2096:                   0
 RxFIFOOverrun        0x2097:                   0
 Undersize            0x2098:                   0
 Fragments            0x2099:                   0
 Oversize             0x209a:                   0
 Jabber               0x209b:                   0
 RxError              0x209c:                   0
 BadCrc               0x209d:                   0
 Collisions           0x209e:                   0
 LateCollisions       0x209f:                   0


Port configuration:
  lport  0   macStatus:       0x12000010      value: 0x0000A400
             macCtrl:         0x12000000      value: 0x00008BE5
             autoNegCtrl:     0x1200000C      value: 0x0000B0E8
             macCtrl1:        0x12000004      value: 0x00003783
             macCtrl2:        0x12000008      value: 0x0000C008
             macCtrl3:        0x12000048      value: 0x00000300
             macCtrl4:        0x12000090      value: 0x00000002
             portControl:     0x01000000      value: 0x00208041

Phy address is: 03

PHY Registers for dev 1 (port 3)
  	hwMode (4 QSGMII to SGMII)

SGMII link partner ()
  Enabled Incomplete
  Link
    link partner Down
  Flow Control
    Partner   ( )
  Duplex
    Partner   (Duplex half)
  Speed
    Partner   (Speed 10Mbps)

Page 0 - Copper
  0 1940  1 7949  2 0141  3 0EC0  4 01E1  5 0000  6 0004  7 2001
  8 0000  9 0F00 10 4000 13 4007 14 0000 15 3000 16 3060 17 8040
 18 0000 19 0040 20 0020 21 0000 23 0000 26 0040
Page 1 - SGMII
  0 1140  1 0149  2 0141  3 0EC0  4 0001  5 0000  6 0004  7 2001
  8 0000 15 C000 16 4207 17 8010 18 0000 19 0000 21 0000 23 0000
 24 0000 25 0000 26 0042
Page 2 - Mac
 16 6008 18 0000 19 0000 21 1046
Page 3 - LED
 16 887F 17 8005 18 4905 19 0073 28 0003 29 0000
Page 4 - QSGMII
  0 1140  1 0000  4 0901  5 0000  6 0000 16 6224 17 8000 18 0000
 19 0000 20 0000 21 0000 23 0000 24 0000 25 0000 26 3002 27 3F80
 28 0000
Page 5 - VCT
 16 0000 17 0000 18 0000 19 0000 20 0000 21 2000 23 0603 24 0000
 25 0104 26 0F12 27 0A0C 28 0C06
Page 6 - Packet
 16 0000 17 0000 18 0000 19 000B 23 0000 24 0000 25 0000 26 190E
Page 7 - Cable
 16 0000 17 0000 18 0000 19 0000 20 0000 21 0000 25 0104 26 0F12
 27 0A0C 28 0006
Page 18 - Common
  0 0000  1 0000  2 0000 16 0000 17 0000 19 000B 20 0004 25 0000
 26 0000 27 2000
Page 255 - Factory
  0 0000  1 0000  2 0000  3 0000  4 0000  5 0000  6 0000  7 0000
  8 0000  9 0000 10 0000 11 0000 12 0000 13 0000 14 0000 15 0000
 16 0159 17 0000 18 0000 19 0000 20 0000 21 0000 23 0000 24 0000
 25 0000 26 0000 27 0000 28 0000 29 0000 30 0000 31 0000

Clause 45 PHY Information for dev 1 port 3:

 Device 3 PCS registers: length 4 devNum 1
  0000=0000  0001=0042  0014=0006  0016=0000  
 Device 7 EEE autoneg registers: length 2 devNum 1
  003C=0000  003D=0000  


MacSec PHY Information for dev 1 port 3:

 Slice registers: length 87 devNum 1
  1800=88e58100  1801=00400030  1802=00000000  1803=00000000  1804=00000000  
  1805=00000000  1806=00000000  1807=00000001  1809=00001008  180B=0fb40000  
  180C=00000000  180D=00000000  180E=00000000  1810=00000005  1811=00000000  
  1812=00000000  1815=00000000  1816=00000000  1817=00000000  1818=00000000  
  1819=00000006  181A=00000000  181B=00000000  181C=00000000  181D=00000000  
  181E=00000000  181F=00000000  1820=00000000  1821=00000000  1822=00000000  
  1823=00000000  1824=00000000  1825=00000000  1826=00000000  1827=00000000  
  1828=00000000  1829=00000000  182A=00000000  182B=00000000  182C=00000000  
  182D=00000000  182E=00000000  182F=00000000  1830=888e8808  1831=00000000  
  1832=00000000  1833=00000000  1840=00011849  1841=00020081  1842=00000008  
  1843=00000020  1844=00000001  1845=00000000  1846=00000000  1847=0007fe43  
  1848=0009a520  1850=000117c9  1851=00010081  1852=00000000  1853=00000030  
  1854=00000005  1855=00000000  1856=00000000  1857=0007fe43  1858=0009a520  
  1870=00000077  1871=5a000000  1872=00000000  1873=00000000  1874=00000004  
  1876=00002006  1877=00000000  1878=00000000  1879=004050f0  187A=00010000  
  187B=00000000  187C=00000000  187D=00000000  187E=00000000  187F=00000000  
  1BC0=111e2020  1BC1=00000000  1BC2=00000000  1BC3=00000003  1BC4=000050f0  
  1BC6=00001400  1BC7=00005096  

MAC MIB Counters (Wire MAC):
 GoodOctetsReceived   0x2060:                   0
 BadOctetsReceived    0x2062:                   0
 TxFIFOunderrun/TxCRC 0x2063:                   0
 UnicastFramesReceive 0x2064:                   0
 SentDeferred         0x2065:                   0
 BroadcastFramesRecei 0x2066:                   0
 MulticastFramesRecei 0x2067:                   0
 Frames64Octets       0x2068:                   0
 Frames65to127Octets  0x2069:                   0
 Frames128to255Octets 0x206a:                   0
 Frames256to511Octets 0x206b:                   0
 Frames512to1023Octet 0x206c:                   0
 Frames1024toMaxOctet 0x206d:                   0
 GoodOctetsSent       0x206e:                   0
 UnicastFramesSent    0x2070:                   0
 ExcessiveCollision   0x2071:                   0
 MulticastFramesSent  0x2072:                   0
 BroadcastFramesSent  0x2073:                   0
 SentMultiple         0x2074:                   0
 FCSent               0x2075:                   0
 FCReceived           0x2076:                   0
 RxFIFOOverrun        0x2077:                   0
 Undersize            0x2078:                   0
 Fragments            0x2079:                   0
 Oversize             0x207a:                   0
 Jabber               0x207b:                   0
 RxError              0x207c:                   0
 BadCrc               0x207d:                   0
 Collisions           0x207e:                   0
 LateCollisions       0x207f:                   0

MAC MIB Counters (System MAC, phyPorts 1/3):
 GoodOctetsReceived   0x20a0:                  64
 BadOctetsReceived    0x20a2:                   0
 TxFIFOunderrun/TxCRC 0x20a3:                   0
 UnicastFramesReceive 0x20a4:                   0
 SentDeferred         0x20a5:                   0
 BroadcastFramesRecei 0x20a6:                   0
 MulticastFramesRecei 0x20a7:                   1
 Frames64Octets       0x20a8:                   1
 Frames65to127Octets  0x20a9:                   0
 Frames128to255Octets 0x20aa:                   0
 Frames256to511Octets 0x20ab:                   0
 Frames512to1023Octet 0x20ac:                   0
 Frames1024toMaxOctet 0x20ad:                   0
 GoodOctetsSent       0x20ae:                   0
 UnicastFramesSent    0x20b0:                   0
 ExcessiveCollision   0x20b1:                   0
 MulticastFramesSent  0x20b2:                   0
 BroadcastFramesSent  0x20b3:                   0
 SentMultiple         0x20b4:                   0
 FCSent               0x20b5:                   0
 FCReceived           0x20b6:                   0
 RxFIFOOverrun        0x20b7:                   0
 Undersize            0x20b8:                   0
 Fragments            0x20b9:                   0
 Oversize             0x20ba:                   0
 Jabber               0x20bb:                   0
 RxError              0x20bc:                   0
 BadCrc               0x20bd:                   0
 Collisions           0x20be:                   0
 LateCollisions       0x20bf:                   0


Port configuration:
  lport  3   macStatus:       0x12003010      value: 0x0000A400
             macCtrl:         0x12003000      value: 0x00008BE5
             autoNegCtrl:     0x1200300C      value: 0x0000B0E8
             macCtrl1:        0x12003004      value: 0x00003783
             macCtrl2:        0x12003008      value: 0x0000C008
             macCtrl3:        0x12003048      value: 0x00000300
             macCtrl4:        0x12003090      value: 0x00000C02
             portControl:     0x01003000      value: 0x00208041

Phy address is: 02

PHY Registers for dev 1 (port 2)
  	hwMode (4 QSGMII to SGMII)

SGMII link partner ()
  Enabled Incomplete
  Link
    link partner Down
  Flow Control
    Partner   ( )
  Duplex
    Partner   (Duplex half)
  Speed
    Partner   (Speed 10Mbps)

Page 0 - Copper
  0 1940  1 7949  2 0141  3 0EC0  4 01E1  5 0000  6 0004  7 2001
  8 0000  9 0F00 10 4000 13 4007 14 0000 15 3000 16 3060 17 8000
 18 0000 19 0040 20 0020 21 0000 23 0000 26 0040
Page 1 - SGMII
  0 1140  1 0149  2 0141  3 0EC0  4 0001  5 0000  6 0004  7 2001
  8 0000 15 C000 16 4207 17 8010 18 0000 19 0000 21 0000 23 0000
 24 0000 25 0000 26 0042
Page 2 - Mac
 16 6008 18 0000 19 0000 21 1046
Page 3 - LED
 16 887F 17 8005 18 4905 19 0073 28 0003 29 0000
Page 4 - QSGMII
  0 1140  1 0000  4 0901  5 0000  6 0000 16 6224 17 8000 18 0000
 19 0000 20 0000 21 0000 23 0000 24 0000 25 0000 26 3002 27 3F80
 28 0000
Page 5 - VCT
 16 0000 17 0000 18 0000 19 0000 20 0000 21 2000 23 0603 24 0000
 25 0104 26 0F12 27 0A0C 28 0C06
Page 6 - Packet
 16 0000 17 0000 18 0000 19 000B 23 0000 24 0000 25 0000 26 190E
Page 7 - Cable
 16 0000 17 0000 18 0000 19 0000 20 0000 21 0000 25 0104 26 0F12
 27 0A0C 28 0006
Page 18 - Common
  0 0000  1 0000  2 0000 16 0000 17 0000 19 000B 20 0004 25 0000
 26 0000 27 2000
Page 255 - Factory
  0 0000  1 0000  2 0000  3 0000  4 0000  5 0000  6 0000  7 0000
  8 0000  9 0000 10 0000 11 0000 12 0000 13 0000 14 0000 15 0000
 16 0159 17 0000 18 5A54 19 0000 20 0000 21 0000 23 0000 24 0000
 25 0000 26 0000 27 0000 28 0000 29 0000 30 0000 31 0000

Clause 45 PHY Information for dev 1 port 2:

 Device 3 PCS registers: length 4 devNum 1
  0000=0000  0001=0042  0014=0006  0016=0000  
 Device 7 EEE autoneg registers: length 2 devNum 1
  003C=0000  003D=0000  


MacSec PHY Information for dev 1 port 2:

 Slice registers: length 87 devNum 1
  1000=88e58100  1001=00400030  1002=00000000  1003=00000000  1004=00000000  
  1005=00000000  1006=00000000  1007=00000001  1009=00001008  100B=0fb40000  
  100C=00000000  100D=00000000  100E=00000000  1010=00000005  1011=00000000  
  1012=00000000  1015=00000000  1016=00000000  1017=00000000  1018=00000000  
  1019=00000006  101A=00000000  101B=00000000  101C=00000000  101D=00000000  
  101E=00000000  101F=00000000  1020=00000000  1021=00000000  1022=00000000  
  1023=00000000  1024=00000000  1025=00000000  1026=00000000  1027=00000000  
  1028=00000000  1029=00000000  102A=00000000  102B=00000000  102C=00000000  
  102D=00000000  102E=00000000  102F=00000000  1030=888e8808  1031=00000000  
  1032=00000000  1033=00000000  1040=00011849  1041=00020081  1042=00000008  
  1043=00000020  1044=00000001  1045=00000000  1046=00000000  1047=0007fe43  
  1048=0009a520  1050=000117c9  1051=00010081  1052=00000000  1053=00000030  
  1054=00000005  1055=00000000  1056=00000000  1057=0007fe43  1058=0009a520  
  1070=00000077  1071=5a000000  1072=00000000  1073=00000000  1074=00000004  
  1076=00002006  1077=00000000  1078=00000000  1079=004050f0  107A=00010000  
  107B=00000000  107C=00000000  107D=00000000  107E=00000000  107F=00000000  
  13C0=111e2020  13C1=00000000  13C2=00000000  13C3=00000003  13C4=000050f0  
  13C6=00001400  13C7=00005096  

MAC MIB Counters (Wire MAC):
 GoodOctetsReceived   0x2040:                   0
 BadOctetsReceived    0x2042:                   0
 TxFIFOunderrun/TxCRC 0x2043:                   0
 UnicastFramesReceive 0x2044:                   0
 SentDeferred         0x2045:                   0
 BroadcastFramesRecei 0x2046:                   0
 MulticastFramesRecei 0x2047:                   0
 Frames64Octets       0x2048:                   0
 Frames65to127Octets  0x2049:                   0
 Frames128to255Octets 0x204a:                   0
 Frames256to511Octets 0x204b:                   0
 Frames512to1023Octet 0x204c:                   0
 Frames1024toMaxOctet 0x204d:                   0
 GoodOctetsSent       0x204e:                   0
 UnicastFramesSent    0x2050:                   0
 ExcessiveCollision   0x2051:                   0
 MulticastFramesSent  0x2052:                   0
 BroadcastFramesSent  0x2053:                   0
 SentMultiple         0x2054:                   0
 FCSent               0x2055:                   0
 FCReceived           0x2056:                   0
 RxFIFOOverrun        0x2057:                   0
 Undersize            0x2058:                   0
 Fragments            0x2059:                   0
 Oversize             0x205a:                   0
 Jabber               0x205b:                   0
 RxError              0x205c:                   0
 BadCrc               0x205d:                   0
 Collisions           0x205e:                   0
 LateCollisions       0x205f:                   0

MAC MIB Counters (System MAC, phyPorts 0/2):
 GoodOctetsReceived   0x2080:                   0
 BadOctetsReceived    0x2082:                   0
 TxFIFOunderrun/TxCRC 0x2083:                   0
 UnicastFramesReceive 0x2084:                   0
 SentDeferred         0x2085:                   0
 BroadcastFramesRecei 0x2086:                   0
 MulticastFramesRecei 0x2087:                   0
 Frames64Octets       0x2088:                   0
 Frames65to127Octets  0x2089:                   0
 Frames128to255Octets 0x208a:                   0
 Frames256to511Octets 0x208b:                   0
 Frames512to1023Octet 0x208c:                   0
 Frames1024toMaxOctet 0x208d:                   0
 GoodOctetsSent       0x208e:                   0
 UnicastFramesSent    0x2090:                   0
 ExcessiveCollision   0x2091:                   0
 MulticastFramesSent  0x2092:                   0
 BroadcastFramesSent  0x2093:                   0
 SentMultiple         0x2094:                   0
 FCSent               0x2095:                   0
 FCReceived           0x2096:                   0
 RxFIFOOverrun        0x2097:                   0
 Undersize            0x2098:                   0
 Fragments            0x2099:                   0
 Oversize             0x209a:                   0
 Jabber               0x209b:                   0
 RxError              0x209c:                   0
 BadCrc               0x209d:                   0
 Collisions           0x209e:                   0
 LateCollisions       0x209f:                   0


Port configuration:
  lport  2   macStatus:       0x12002010      value: 0x0000A400
             macCtrl:         0x12002000      value: 0x00008BE5
             autoNegCtrl:     0x1200200C      value: 0x0000B0E8
             macCtrl1:        0x12002004      value: 0x00003783
             macCtrl2:        0x12002008      value: 0x0000C008
             macCtrl3:        0x12002048      value: 0x00000300
             macCtrl4:        0x12002090      value: 0x00000802
             portControl:     0x01002000      value: 0x00208041

Phy address is: 05

PHY Registers for dev 1 (port 5)
  	hwMode (2 QSGMII to 1000BASE-X)

Fiber Auto Negotiation
  Enabled Incomplete
  Flow Control
    Advertised(None)
    Partner   (None)
  Speed, Duplex
    Advertised(1000BASEX(Full ) )
    Partner   ()
  remote fault (None)

Page 0 - Copper
  0 1940  1 7949  2 0141  3 0EC0  4 01E1  5 0000  6 0004  7 2001
  8 0000  9 0F00 10 4000 13 4007 14 0000 15 3000 16 3060 17 8000
 18 0000 19 0040 20 0020 21 0000 23 0000 26 0040
Page 1 - SGMII
  0 1140  1 0149  2 0141  3 0EC0  4 0020  5 0000  6 0004  7 2001
  8 0000 15 C000 16 4005 17 8010 18 0000 19 0000 21 0000 23 0000
 24 0000 25 0000 26 0042
Page 2 - Mac
 16 6008 18 0000 19 0000 21 1046
Page 3 - LED
 16 887F 17 8005 18 4905 19 0073 28 0003 29 0000
Page 4 - QSGMII
  0 1140  1 0000  4 0901  5 0000  6 0000 16 6224 17 8000 18 0000
 19 0000 20 0000 21 0000 23 0000 24 0000 25 0000 26 3002 27 3F80
 28 0000
Page 5 - VCT
 16 0000 17 0000 18 0000 19 0000 20 0000 21 2000 23 0603 24 0000
 25 0104 26 0F12 27 0A0C 28 0C06
Page 6 - Packet
 16 0000 17 0000 18 0000 19 000B 23 0000 24 0000 25 0000 26 190E
Page 7 - Cable
 16 0000 17 0000 18 0000 19 0000 20 0000 21 0000 25 0104 26 0F12
 27 0A0C 28 0006
Page 18 - Common
  0 0000  1 0000  2 0000 16 0000 17 0000 19 000B 20 0002 25 0000
 26 0000 27 2000
Page 255 - Factory
  0 0000  1 0000  2 0000  3 0000  4 0000  5 0000  6 0000  7 0000
  8 0000  9 0000 10 0000 11 0000 12 0000 13 0000 14 0000 15 0000
 16 0159 17 0000 18 FC04 19 0000 20 0000 21 0000 23 0000 24 0000
 25 0000 26 0000 27 0000 28 0000 29 0000 30 0000 31 0000

Clause 45 PHY Information for dev 1 port 5:

 Device 3 PCS registers: length 4 devNum 1
  0000=0000  0001=0042  0014=0006  0016=0000  
 Device 7 EEE autoneg registers: length 2 devNum 1
  003C=0000  003D=0000  


MacSec PHY Information for dev 1 port 5:

 Slice registers: length 87 devNum 1
  0800=88e58100  0801=00400030  0802=00000000  0803=00000000  0804=00000000  
  0805=00000000  0806=00000000  0807=00000001  0809=00001008  080B=0fb40000  
  080C=00000000  080D=00000000  080E=00000000  0810=00000005  0811=00000000  
  0812=00000000  0815=00000000  0816=00000000  0817=00000000  0818=00000000  
  0819=00000006  081A=00000000  081B=00000000  081C=00000000  081D=00000000  
  081E=00000000  081F=00000000  0820=00000000  0821=00000000  0822=00000000  
  0823=00000000  0824=00000000  0825=00000000  0826=00000000  0827=00000000  
  0828=00000000  0829=00000000  082A=00000000  082B=00000000  082C=00000000  
  082D=00000000  082E=00000000  082F=00000000  0830=888e8808  0831=00000000  
  0832=00000000  0833=00000000  0840=00011849  0841=00020081  0842=00000008  
  0843=00000020  0844=00000001  0845=00000000  0846=00000000  0847=0007fe43  
  0848=0009a520  0850=000117c9  0851=00010081  0852=00000000  0853=00000030  
  0854=00000005  0855=00000000  0856=00000000  0857=0007fe43  0858=0009a520  
  0870=00000077  0871=5a000000  0872=00000000  0873=00000000  0874=00000004  
  0876=00002006  0877=00000000  0878=00000000  0879=004050f0  087A=00010000  
  087B=00000000  087C=00000000  087D=00000000  087E=00000000  087F=00000000  
  0BC0=111e2020  0BC1=00000000  0BC2=00000000  0BC3=00000003  0BC4=000050f0  
  0BC6=00001400  0BC7=00005096  

MAC MIB Counters (Wire MAC):
 GoodOctetsReceived   0x2020:                   0
 BadOctetsReceived    0x2022:                   0
 TxFIFOunderrun/TxCRC 0x2023:                   0
 UnicastFramesReceive 0x2024:                   0
 SentDeferred         0x2025:                   0
 BroadcastFramesRecei 0x2026:                   0
 MulticastFramesRecei 0x2027:                   0
 Frames64Octets       0x2028:                   0
 Frames65to127Octets  0x2029:                   0
 Frames128to255Octets 0x202a:                   0
 Frames256to511Octets 0x202b:                   0
 Frames512to1023Octet 0x202c:                   0
 Frames1024toMaxOctet 0x202d:                   0
 GoodOctetsSent       0x202e:                   0
 UnicastFramesSent    0x2030:                   0
 ExcessiveCollision   0x2031:                   0
 MulticastFramesSent  0x2032:                   0
 BroadcastFramesSent  0x2033:                   0
 SentMultiple         0x2034:                   0
 FCSent               0x2035:                   0
 FCReceived           0x2036:                   0
 RxFIFOOverrun        0x2037:                   0
 Undersize            0x2038:                   0
 Fragments            0x2039:                   0
 Oversize             0x203a:                   0
 Jabber               0x203b:                   0
 RxError              0x203c:                   0
 BadCrc               0x203d:                   0
 Collisions           0x203e:                   0
 LateCollisions       0x203f:                   0

MAC MIB Counters (System MAC, phyPorts 1/3):
 GoodOctetsReceived   0x20a0:                   0
 BadOctetsReceived    0x20a2:                   0
 TxFIFOunderrun/TxCRC 0x20a3:                   0
 UnicastFramesReceive 0x20a4:                   0
 SentDeferred         0x20a5:                   0
 BroadcastFramesRecei 0x20a6:                   0
 MulticastFramesRecei 0x20a7:                   0
 Frames64Octets       0x20a8:                   0
 Frames65to127Octets  0x20a9:                   0
 Frames128to255Octets 0x20aa:                   0
 Frames256to511Octets 0x20ab:                   0
 Frames512to1023Octet 0x20ac:                   0
 Frames1024toMaxOctet 0x20ad:                   0
 GoodOctetsSent       0x20ae:                   0
 UnicastFramesSent    0x20b0:                   0
 ExcessiveCollision   0x20b1:                   0
 MulticastFramesSent  0x20b2:                   0
 BroadcastFramesSent  0x20b3:                   0
 SentMultiple         0x20b4:                   0
 FCSent               0x20b5:                   0
 FCReceived           0x20b6:                   0
 RxFIFOOverrun        0x20b7:                   0
 Undersize            0x20b8:                   0
 Fragments            0x20b9:                   0
 Oversize             0x20ba:                   0
 Jabber               0x20bb:                   0
 RxError              0x20bc:                   0
 BadCrc               0x20bd:                   0
 Collisions           0x20be:                   0
 LateCollisions       0x20bf:                   0


Port configuration:
  lport  5   macStatus:       0x12005010      value: 0x0000A400
             macCtrl:         0x12005000      value: 0x00008BE5
             autoNegCtrl:     0x1200500C      value: 0x0000B0EC
             macCtrl1:        0x12005004      value: 0x00003783
             macCtrl2:        0x12005008      value: 0x0000C009
             macCtrl3:        0x12005048      value: 0x00000300
             macCtrl4:        0x12005090      value: 0x00001502
             portControl:     0x01005000      value: 0x00208041

Phy address is: 04

PHY Registers for dev 1 (port 4)
  	hwMode (2 QSGMII to 1000BASE-X)

Fiber Auto Negotiation
  Enabled Complete
  Flow Control
    Advertised(None)
    Partner   (None)
  Speed, Duplex
    Advertised(1000BASEX(Full Half) )
    Partner   (1000BASEX(Full Half) )
  remote fault (None)

Page 0 - Copper
  0 1940  1 7949  2 0141  3 0EC0  4 01E1  5 0000  6 0004  7 2001
  8 0000  9 0F00 10 4000 13 4007 14 0000 15 3000 16 3060 17 8040
 18 0000 19 0040 20 0020 21 0000 23 0000 26 0040
Page 1 - SGMII
  0 1140  1 016D  2 0141  3 0EC0  4 0060  5 4060  6 0005  7 2801
  8 0000 15 C000 16 4005 17 AC20 18 0000 19 0000 21 0000 23 0000
 24 0000 25 0000 26 0042
Page 2 - Mac
 16 6008 18 0000 19 0000 21 1046
Page 3 - LED
 16 887F 17 8005 18 4905 19 0073 28 0003 29 0000
Page 4 - QSGMII
  0 1140  1 0024  4 9901  5 4001  6 0001 16 6224 17 AC20 18 0000
 19 0000 20 0000 21 0000 23 0000 24 0000 25 0000 26 3002 27 3F80
 28 0000
Page 5 - VCT
 16 0000 17 0000 18 0000 19 0000 20 0000 21 2000 23 0603 24 0000
 25 0104 26 0F12 27 0A0C 28 0C06
Page 6 - Packet
 16 0000 17 0000 18 0000 19 000B 23 0000 24 0000 25 0000 26 190E
Page 7 - Cable
 16 0000 17 0000 18 0000 19 0000 20 0000 21 0000 25 0104 26 0F12
 27 0A0C 28 0006
Page 18 - Common
  0 0000  1 0000  2 0000 16 0000 17 0000 19 000B 20 0002 25 0000
 26 0000 27 2002
Page 255 - Factory
  0 0000  1 0000  2 0000  3 0000  4 0000  5 0000  6 0000  7 0000
  8 0000  9 0000 10 0000 11 0000 12 0000 13 0000 14 0000 15 0000
 16 0159 17 0000 18 AF3B 19 0000 20 0000 21 0000 23 0000 24 0000
 25 0000 26 0000 27 0000 28 0000 29 0000 30 0000 31 0000

Clause 45 PHY Information for dev 1 port 4:

 Device 3 PCS registers: length 4 devNum 1
  0000=0000  0001=0042  0014=0006  0016=0000  
 Device 7 EEE autoneg registers: length 2 devNum 1
  003C=0000  003D=0000  


MacSec PHY Information for dev 1 port 4:

 Slice registers: length 87 devNum 1
  0000=88e58100  0001=00400030  0002=00000000  0003=00000000  0004=00000000  
  0005=00000000  0006=00000000  0007=00000001  0009=00001008  000B=0fb40000  
  000C=00000000  000D=00000000  000E=00000000  0010=00000005  0011=00000000  
  0012=00000000  0015=00000000  0016=00000000  0017=00000000  0018=00000000  
  0019=00000006  001A=00000000  001B=00000000  001C=00000000  001D=00000000  
  001E=00000000  001F=00000000  0020=00000000  0021=00000000  0022=00000000  
  0023=00000000  0024=00000000  0025=00000000  0026=00000000  0027=00000000  
  0028=00000000  0029=00000000  002A=00000000  002B=00000000  002C=00000000  
  002D=00000000  002E=00000000  002F=00000000  0030=888e8808  0031=00000000  
  0032=00000000  0033=00000000  0040=00011849  0041=00020081  0042=00000008  
  0043=00000020  0044=00000005  0045=00000000  0046=00000000  0047=0007fe43  
  0048=0009a520  0050=000117c9  0051=00010081  0052=00000000  0053=00000030  
  0054=00000005  0055=00000000  0056=00000000  0057=0007fe43  0058=0009a520  
  0070=00000077  0071=5a000000  0072=00000000  0073=00000000  0074=00000004  
  0076=00002006  0077=00000000  0078=00000000  0079=004050f0  007A=00010000  
  007B=00000000  007C=00000000  007D=00000000  007E=00000000  007F=00000000  
  03C0=111e2020  03C1=00000000  03C2=00000000  03C3=00000003  03C4=000050f0  
  03C6=00001400  03C7=00005096  

MAC MIB Counters (Wire MAC):
 GoodOctetsReceived   0x2000:                1856
 BadOctetsReceived    0x2002:                   0
 TxFIFOunderrun/TxCRC 0x2003:                   0
 UnicastFramesReceive 0x2004:                   0
 SentDeferred         0x2005:                   0
 BroadcastFramesRecei 0x2006:                   0
 MulticastFramesRecei 0x2007:                  29
 Frames64Octets       0x2008:                  58
 Frames65to127Octets  0x2009:                   0
 Frames128to255Octets 0x200a:                   0
 Frames256to511Octets 0x200b:                   0
 Frames512to1023Octet 0x200c:                   0
 Frames1024toMaxOctet 0x200d:                   0
 GoodOctetsSent       0x200e:                1856
 UnicastFramesSent    0x2010:                   0
 ExcessiveCollision   0x2011:                   0
 MulticastFramesSent  0x2012:                  29
 BroadcastFramesSent  0x2013:                   0
 SentMultiple         0x2014:                   0
 FCSent               0x2015:                   0
 FCReceived           0x2016:                   0
 RxFIFOOverrun        0x2017:                   0
 Undersize            0x2018:                   0
 Fragments            0x2019:                   0
 Oversize             0x201a:                   0
 Jabber               0x201b:                   0
 RxError              0x201c:                   0
 BadCrc               0x201d:                   0
 Collisions           0x201e:                   0
 LateCollisions       0x201f:                   0

MAC MIB Counters (System MAC, phyPorts 0/2):
 GoodOctetsReceived   0x2080:                2880
 BadOctetsReceived    0x2082:                   0
 TxFIFOunderrun/TxCRC 0x2083:                   0
 UnicastFramesReceive 0x2084:                   0
 SentDeferred         0x2085:                   0
 BroadcastFramesRecei 0x2086:                   0
 MulticastFramesRecei 0x2087:                  45
 Frames64Octets       0x2088:                  90
 Frames65to127Octets  0x2089:                   0
 Frames128to255Octets 0x208a:                   0
 Frames256to511Octets 0x208b:                   0
 Frames512to1023Octet 0x208c:                   0
 Frames1024toMaxOctet 0x208d:                   0
 GoodOctetsSent       0x208e:                2880
 UnicastFramesSent    0x2090:                   0
 ExcessiveCollision   0x2091:                   0
 MulticastFramesSent  0x2092:                  45
 BroadcastFramesSent  0x2093:                   0
 SentMultiple         0x2094:                   0
 FCSent               0x2095:                   0
 FCReceived           0x2096:                   0
 RxFIFOOverrun        0x2097:                   0
 Undersize            0x2098:                   0
 Fragments            0x2099:                   0
 Oversize             0x209a:                   0
 Jabber               0x209b:                   0
 RxError              0x209c:                   0
 BadCrc               0x209d:                   0
 Collisions           0x209e:                   0
 LateCollisions       0x209f:                   0


Port configuration:
  lport  4   macStatus:       0x12004010      value: 0x0000E80F
             macCtrl:         0x12004000      value: 0x00008BE5
             autoNegCtrl:     0x1200400C      value: 0x0000906C
             macCtrl1:        0x12004004      value: 0x00003783
             macCtrl2:        0x12004008      value: 0x0000C009
             macCtrl3:        0x12004048      value: 0x00000300
             macCtrl4:        0x12004090      value: 0x00001102
             portControl:     0x01004000      value: 0x00208041

Phy address is: 07

PHY Registers for dev 1 (port 7)
  	hwMode (2 QSGMII to 1000BASE-X)

Fiber Auto Negotiation
  Enabled Incomplete
  Flow Control
    Advertised(None)
    Partner   (None)
  Speed, Duplex
    Advertised(1000BASEX(Full ) )
    Partner   ()
  remote fault (None)

Page 0 - Copper
  0 1940  1 7949  2 0141  3 0EC0  4 01E1  5 0000  6 0004  7 2001
  8 0000  9 0F00 10 4000 13 4007 14 0000 15 3000 16 3060 17 8040
 18 0000 19 0040 20 0020 21 0000 23 0000 26 0040
Page 1 - SGMII
  0 1140  1 0149  2 0141  3 0EC0  4 0020  5 0000  6 0004  7 2001
  8 0000 15 C000 16 4005 17 8010 18 0000 19 0000 21 0000 23 0000
 24 0000 25 0000 26 0042
Page 2 - Mac
 16 6008 18 0000 19 0000 21 1046
Page 3 - LED
 16 887F 17 8005 18 4905 19 0073 28 0003 29 0000
Page 4 - QSGMII
  0 1140  1 0000  4 0901  5 0000  6 0000 16 6224 17 8000 18 0000
 19 0000 20 0000 21 0000 23 0000 24 0000 25 0000 26 3002 27 3F80
 28 0000
Page 5 - VCT
 16 0000 17 0000 18 0000 19 0000 20 0000 21 2000 23 0603 24 0000
 25 0104 26 0F12 27 0A0C 28 0C06
Page 6 - Packet
 16 0000 17 0000 18 0000 19 000B 23 0000 24 0000 25 0000 26 190E
Page 7 - Cable
 16 0000 17 0000 18 0000 19 0000 20 0000 21 0000 25 0104 26 0F12
 27 0A0C 28 0006
Page 18 - Common
  0 0000  1 0000  2 0000 16 0000 17 0000 19 000B 20 0002 25 0000
 26 0000 27 2000
Page 255 - Factory
  0 0000  1 0000  2 0000  3 0000  4 0000  5 0000  6 0000  7 0000
  8 0000  9 0000 10 0000 11 0000 12 0000 13 0000 14 0000 15 0000
 16 0159 17 0000 18 5282 19 0000 20 0000 21 0000 23 0000 24 0000
 25 0000 26 0000 27 0000 28 0000 29 0000 30 0000 31 0000

Clause 45 PHY Information for dev 1 port 7:

 Device 3 PCS registers: length 4 devNum 1
  0000=0000  0001=0042  0014=0006  0016=0000  
 Device 7 EEE autoneg registers: length 2 devNum 1
  003C=0000  003D=0000  


MacSec PHY Information for dev 1 port 7:

 Slice registers: length 87 devNum 1
  1800=88e58100  1801=00400030  1802=00000000  1803=00000000  1804=00000000  
  1805=00000000  1806=00000000  1807=00000001  1809=00001008  180B=0fb40000  
  180C=00000000  180D=00000000  180E=00000000  1810=00000005  1811=00000000  
  1812=00000000  1815=00000000  1816=00000000  1817=00000000  1818=00000000  
  1819=00000006  181A=00000000  181B=00000000  181C=00000000  181D=00000000  
  181E=00000000  181F=00000000  1820=00000000  1821=00000000  1822=00000000  
  1823=00000000  1824=00000000  1825=00000000  1826=00000000  1827=00000000  
  1828=00000000  1829=00000000  182A=00000000  182B=00000000  182C=00000000  
  182D=00000000  182E=00000000  182F=00000000  1830=888e8808  1831=00000000  
  1832=00000000  1833=00000000  1840=00011849  1841=00020081  1842=00000008  
  1843=00000020  1844=00000001  1845=00000000  1846=00000000  1847=0007fe43  
  1848=0009a520  1850=000117c9  1851=00010081  1852=00000000  1853=00000030  
  1854=00000005  1855=00000000  1856=00000000  1857=0007fe43  1858=0009a520  
  1870=00000077  1871=5a000000  1872=00000000  1873=00000000  1874=00000004  
  1876=00002006  1877=00000000  1878=00000000  1879=004050f0  187A=00010000  
  187B=00000000  187C=00000000  187D=00000000  187E=00000000  187F=00000000  
  1BC0=111e2020  1BC1=00000000  1BC2=00000000  1BC3=00000003  1BC4=000050f0  
  1BC6=00001400  1BC7=00005096  

MAC MIB Counters (Wire MAC):
 GoodOctetsReceived   0x2060:                   0
 BadOctetsReceived    0x2062:                   0
 TxFIFOunderrun/TxCRC 0x2063:                   0
 UnicastFramesReceive 0x2064:                   0
 SentDeferred         0x2065:                   0
 BroadcastFramesRecei 0x2066:                   0
 MulticastFramesRecei 0x2067:                   0
 Frames64Octets       0x2068:                   0
 Frames65to127Octets  0x2069:                   0
 Frames128to255Octets 0x206a:                   0
 Frames256to511Octets 0x206b:                   0
 Frames512to1023Octet 0x206c:                   0
 Frames1024toMaxOctet 0x206d:                   0
 GoodOctetsSent       0x206e:                   0
 UnicastFramesSent    0x2070:                   0
 ExcessiveCollision   0x2071:                   0
 MulticastFramesSent  0x2072:                   0
 BroadcastFramesSent  0x2073:                   0
 SentMultiple         0x2074:                   0
 FCSent               0x2075:                   0
 FCReceived           0x2076:                   0
 RxFIFOOverrun        0x2077:                   0
 Undersize            0x2078:                   0
 Fragments            0x2079:                   0
 Oversize             0x207a:                   0
 Jabber               0x207b:                   0
 RxError              0x207c:                   0
 BadCrc               0x207d:                   0
 Collisions           0x207e:                   0
 LateCollisions       0x207f:                   0

MAC MIB Counters (System MAC, phyPorts 1/3):
 GoodOctetsReceived   0x20a0:                   0
 BadOctetsReceived    0x20a2:                   0
 TxFIFOunderrun/TxCRC 0x20a3:                   0
 UnicastFramesReceive 0x20a4:                   0
 SentDeferred         0x20a5:                   0
 BroadcastFramesRecei 0x20a6:                   0
 MulticastFramesRecei 0x20a7:                   0
 Frames64Octets       0x20a8:                   0
 Frames65to127Octets  0x20a9:                   0
 Frames128to255Octets 0x20aa:                   0
 Frames256to511Octets 0x20ab:                   0
 Frames512to1023Octet 0x20ac:                   0
 Frames1024toMaxOctet 0x20ad:                   0
 GoodOctetsSent       0x20ae:                   0
 UnicastFramesSent    0x20b0:                   0
 ExcessiveCollision   0x20b1:                   0
 MulticastFramesSent  0x20b2:                   0
 BroadcastFramesSent  0x20b3:                   0
 SentMultiple         0x20b4:                   0
 FCSent               0x20b5:                   0
 FCReceived           0x20b6:                   0
 RxFIFOOverrun        0x20b7:                   0
 Undersize            0x20b8:                   0
 Fragments            0x20b9:                   0
 Oversize             0x20ba:                   0
 Jabber               0x20bb:                   0
 RxError              0x20bc:                   0
 BadCrc               0x20bd:                   0
 Collisions           0x20be:                   0
 LateCollisions       0x20bf:                   0


Port configuration:
  lport  7   macStatus:       0x12007010      value: 0x0000A400
             macCtrl:         0x12007000      value: 0x00008BE5
             autoNegCtrl:     0x1200700C      value: 0x0000B0EC
             macCtrl1:        0x12007004      value: 0x00003783
             macCtrl2:        0x12007008      value: 0x0000C009
             macCtrl3:        0x12007048      value: 0x00000300
             macCtrl4:        0x12007090      value: 0x00001D02
             portControl:     0x01007000      value: 0x00208041

Phy address is: 06

PHY Registers for dev 1 (port 6)
  	hwMode (2 QSGMII to 1000BASE-X)

Fiber Auto Negotiation
  Enabled Complete
  Flow Control
    Advertised(None)
    Partner   (None)
  Speed, Duplex
    Advertised(1000BASEX(Full Half) )
    Partner   (1000BASEX(Full Half) )
  remote fault (None)

Page 0 - Copper
  0 1940  1 7949  2 0141  3 0EC0  4 01E1  5 0000  6 0004  7 2001
  8 0000  9 0F00 10 4000 13 4007 14 0000 15 3000 16 3060 17 8000
 18 0000 19 0040 20 0020 21 0000 23 0000 26 0040
Page 1 - SGMII
  0 1140  1 016D  2 0141  3 0EC0  4 0060  5 4060  6 0005  7 2801
  8 0000 15 C000 16 4005 17 AC20 18 0000 19 0000 21 0000 23 0000
 24 0000 25 0000 26 0042
Page 2 - Mac
 16 6008 18 0000 19 0000 21 1046
Page 3 - LED
 16 887F 17 8005 18 4905 19 0073 28 0003 29 0000
Page 4 - QSGMII
  0 1140  1 0024  4 9901  5 4001  6 0001 16 6224 17 AC20 18 0000
 19 0000 20 0000 21 0000 23 0000 24 0000 25 0000 26 3002 27 3F80
 28 0000
Page 5 - VCT
 16 0000 17 0000 18 0000 19 0000 20 0000 21 2000 23 0603 24 0000
 25 0104 26 0F12 27 0A0C 28 0C06
Page 6 - Packet
 16 0000 17 0000 18 0000 19 000B 23 0000 24 0000 25 0000 26 190E
Page 7 - Cable
 16 0000 17 0000 18 0000 19 0000 20 0000 21 0000 25 0104 26 0F12
 27 0A0C 28 0006
Page 18 - Common
  0 0000  1 0000  2 0000 16 0000 17 0000 19 000B 20 0002 25 0000
 26 0000 27 2002
Page 255 - Factory
  0 0000  1 0000  2 0000  3 0000  4 0000  5 0000  6 0000  7 0000
  8 0000  9 0000 10 0000 11 0000 12 0000 13 0000 14 0000 15 0000
 16 0159 17 0000 18 8CD0 19 0000 20 0000 21 0000 23 0000 24 0000
 25 0000 26 0000 27 0000 28 0000 29 0000 30 0000 31 0000

Clause 45 PHY Information for dev 1 port 6:

 Device 3 PCS registers: length 4 devNum 1
  0000=0000  0001=0042  0014=0006  0016=0000  
 Device 7 EEE autoneg registers: length 2 devNum 1
  003C=0000  003D=0000  


MacSec PHY Information for dev 1 port 6:

 Slice registers: length 87 devNum 1
  1000=88e58100  1001=00400030  1002=00000000  1003=00000000  1004=00000000  
  1005=00000000  1006=00000000  1007=00000001  1009=00001008  100B=0fb40000  
  100C=00000000  100D=00000000  100E=00000000  1010=00000005  1011=00000000  
  1012=00000000  1015=00000000  1016=00000000  1017=00000000  1018=00000000  
  1019=00000006  101A=00000000  101B=00000000  101C=00000000  101D=00000000  
  101E=00000000  101F=00000000  1020=00000000  1021=00000000  1022=00000000  
  1023=00000000  1024=00000000  1025=00000000  1026=00000000  1027=00000000  
  1028=00000000  1029=00000000  102A=00000000  102B=00000000  102C=00000000  
  102D=00000000  102E=00000000  102F=00000000  1030=888e8808  1031=00000000  
  1032=00000000  1033=00000000  1040=00011849  1041=00020081  1042=00000008  
  1043=00000020  1044=00000005  1045=00000000  1046=00000000  1047=0007fe43  
  1048=0009a520  1050=000117c9  1051=00010081  1052=00000000  1053=00000030  
  1054=00000005  1055=00000000  1056=00000000  1057=0007fe43  1058=0009a520  
  1070=00000077  1071=5a000000  1072=00000000  1073=00000000  1074=00000004  
  1076=00002006  1077=00000000  1078=00000000  1079=004050f0  107A=00010000  
  107B=00000000  107C=00000000  107D=00000000  107E=00000000  107F=00000000  
  13C0=111e2020  13C1=00000000  13C2=00000000  13C3=00000003  13C4=000050f0  
  13C6=00001400  13C7=00005096  

MAC MIB Counters (Wire MAC):
 GoodOctetsReceived   0x2040:                1152
 BadOctetsReceived    0x2042:                   0
 TxFIFOunderrun/TxCRC 0x2043:                   0
 UnicastFramesReceive 0x2044:                   0
 SentDeferred         0x2045:                   0
 BroadcastFramesRecei 0x2046:                   0
 MulticastFramesRecei 0x2047:                  18
 Frames64Octets       0x2048:                  36
 Frames65to127Octets  0x2049:                   0
 Frames128to255Octets 0x204a:                   0
 Frames256to511Octets 0x204b:                   0
 Frames512to1023Octet 0x204c:                   0
 Frames1024toMaxOctet 0x204d:                   0
 GoodOctetsSent       0x204e:                1152
 UnicastFramesSent    0x2050:                   0
 ExcessiveCollision   0x2051:                   0
 MulticastFramesSent  0x2052:                  18
 BroadcastFramesSent  0x2053:                   0
 SentMultiple         0x2054:                   0
 FCSent               0x2055:                   0
 FCReceived           0x2056:                   0
 RxFIFOOverrun        0x2057:                   0
 Undersize            0x2058:                   0
 Fragments            0x2059:                   0
 Oversize             0x205a:                   0
 Jabber               0x205b:                   0
 RxError              0x205c:                   0
 BadCrc               0x205d:                   0
 Collisions           0x205e:                   0
 LateCollisions       0x205f:                   0

MAC MIB Counters (System MAC, phyPorts 0/2):
 GoodOctetsReceived   0x2080:                   0
 BadOctetsReceived    0x2082:                   0
 TxFIFOunderrun/TxCRC 0x2083:                   0
 UnicastFramesReceive 0x2084:                   0
 SentDeferred         0x2085:                   0
 BroadcastFramesRecei 0x2086:                   0
 MulticastFramesRecei 0x2087:                   0
 Frames64Octets       0x2088:                   0
 Frames65to127Octets  0x2089:                   0
 Frames128to255Octets 0x208a:                   0
 Frames256to511Octets 0x208b:                   0
 Frames512to1023Octet 0x208c:                   0
 Frames1024toMaxOctet 0x208d:                   0
 GoodOctetsSent       0x208e:                   0
 UnicastFramesSent    0x2090:                   0
 ExcessiveCollision   0x2091:                   0
 MulticastFramesSent  0x2092:                   0
 BroadcastFramesSent  0x2093:                   0
 SentMultiple         0x2094:                   0
 FCSent               0x2095:                   0
 FCReceived           0x2096:                   0
 RxFIFOOverrun        0x2097:                   0
 Undersize            0x2098:                   0
 Fragments            0x2099:                   0
 Oversize             0x209a:                   0
 Jabber               0x209b:                   0
 RxError              0x209c:                   0
 BadCrc               0x209d:                   0
 Collisions           0x209e:                   0
 LateCollisions       0x209f:                   0


Port configuration:
  lport  6   macStatus:       0x12006010      value: 0x0000E80F
             macCtrl:         0x12006000      value: 0x00008BE5
             autoNegCtrl:     0x1200600C      value: 0x0000906C
             macCtrl1:        0x12006004      value: 0x00003783
             macCtrl2:        0x12006008      value: 0x0000C009
             macCtrl3:        0x12006048      value: 0x00000300
             macCtrl4:        0x12006090      value: 0x00001902
             portControl:     0x01006000      value: 0x00208041

Phy address is: 09

PHY Registers for dev 1 (port 9)
  	hwMode (4 QSGMII to SGMII)

SGMII link partner (Acknowledge)
  Enabled Complete
  Link
    link partner Up
  Flow Control
    Partner   ( Receive)
  Duplex
    Partner   (Duplex full)
  Speed
    Partner   (Speed 1000Mbps)

Page 0 - Copper
  0 1940  1 7949  2 0141  3 0EC0  4 01E1  5 0000  6 0004  7 2001
  8 0000  9 0F00 10 4000 13 4007 14 0000 15 3000 16 3060 17 8040
 18 0000 19 0040 20 0020 21 0000 23 0000 26 0040
Page 1 - SGMII
  0 1140  1 016D  2 0141  3 0EC0  4 0001  5 D901  6 0005  7 2001
  8 0000 15 C000 16 4207 17 AC24 18 0000 19 0000 21 0000 23 0000
 24 0000 25 0000 26 0042
Page 2 - Mac
 16 6008 18 0000 19 0000 21 1046
Page 3 - LED
 16 887F 17 8005 18 4905 19 0073 28 0003 29 0000
Page 4 - QSGMII
  0 1140  1 0024  4 9901  5 4001  6 0001 16 6224 17 AC24 18 0000
 19 0000 20 0000 21 0000 23 0000 24 0000 25 0000 26 3002 27 3F80
 28 0000
Page 5 - VCT
 16 0000 17 0000 18 0000 19 0000 20 0000 21 2000 23 0603 24 0000
 25 0104 26 0F12 27 0A0C 28 0C06
Page 6 - Packet
 16 0000 17 0000 18 0000 19 000B 23 0000 24 0000 25 0000 26 1910
Page 7 - Cable
 16 0000 17 0000 18 0000 19 0000 20 0000 21 0000 25 0104 26 0F12
 27 0A0C 28 0006
Page 18 - Common
  0 0000  1 0000  2 0000 16 0000 17 0000 19 000B 20 0004 25 0000
 26 9597 27 2002
Page 255 - Factory
  0 0000  1 0000  2 0000  3 0000  4 0000  5 0000  6 0000  7 0000
  8 0000  9 0000 10 0000 11 0000 12 0000 13 0000 14 0000 15 0000
 16 0159 17 0000 18 21EE 19 0000 20 0000 21 0000 23 0000 24 0000
 25 0000 26 0000 27 0000 28 0000 29 0000 30 0000 31 0000

Clause 45 PHY Information for dev 1 port 9:

 Device 3 PCS registers: length 4 devNum 1
  0000=0000  0001=0042  0014=0006  0016=0000  
 Device 7 EEE autoneg registers: length 2 devNum 1
  003C=0000  003D=0000  


MacSec PHY Information for dev 1 port 9:

 Slice registers: length 87 devNum 1
  0800=88e58100  0801=00400030  0802=00000000  0803=00000000  0804=00000000  
  0805=00000000  0806=00000000  0807=00000001  0809=00001008  080B=0fb40000  
  080C=00000000  080D=00000000  080E=00000000  0810=00000005  0811=00000000  
  0812=00000000  0815=00000000  0816=00000000  0817=00000000  0818=00000000  
  0819=00000006  081A=00000000  081B=00000000  081C=00000000  081D=00000000  
  081E=00000000  081F=00000000  0820=00000000  0821=00000000  0822=00000000  
  0823=00000000  0824=00000000  0825=00000000  0826=00000000  0827=00000000  
  0828=00000000  0829=00000000  082A=00000000  082B=00000000  082C=00000000  
  082D=00000000  082E=00000000  082F=00000000  0830=888e8808  0831=00000000  
  0832=00000000  0833=00000000  0840=00011849  0841=00020081  0842=00000008  
  0843=00000020  0844=00000005  0845=00000000  0846=00000000  0847=0007fe43  
  0848=0009a520  0850=000117c9  0851=00010081  0852=00000000  0853=00000030  
  0854=00000005  0855=00000000  0856=00000000  0857=0007fe43  0858=0009a520  
  0870=00000077  0871=5a000000  0872=00000000  0873=00000000  0874=00000004  
  0876=00002006  0877=00000000  0878=00000000  0879=004050f0  087A=00010000  
  087B=00000000  087C=00000000  087D=00000000  087E=00000000  087F=00000000  
  0BC0=111e2020  0BC1=00000000  0BC2=00000000  0BC3=00000003  0BC4=000050f0  
  0BC6=00001400  0BC7=00005096  

MAC MIB Counters (Wire MAC):
 GoodOctetsReceived   0x2020:          1213666170
 BadOctetsReceived    0x2022:                   0
 TxFIFOunderrun/TxCRC 0x2023:                   0
 UnicastFramesReceive 0x2024:                   3
 SentDeferred         0x2025:                   0
 BroadcastFramesRecei 0x2026:             4735660
 MulticastFramesRecei 0x2027:             4504696
 Frames64Octets       0x2028:             7151946
 Frames65to127Octets  0x2029:                   0
 Frames128to255Octets 0x202a:             9070776
 Frames256to511Octets 0x202b:             2383839
 Frames512to1023Octet 0x202c:                   0
 Frames1024toMaxOctet 0x202d:                   0
 GoodOctetsSent       0x202e:          1230023612
 UnicastFramesSent    0x2030:                   1
 ExcessiveCollision   0x2031:                   0
 MulticastFramesSent  0x2032:             4565785
 BroadcastFramesSent  0x2033:             4799438
 SentMultiple         0x2034:                   0
 FCSent               0x2035:                   0
 FCReceived           0x2036:                   0
 RxFIFOOverrun        0x2037:                   0
 Undersize            0x2038:                   0
 Fragments            0x2039:                   0
 Oversize             0x203a:                   0
 Jabber               0x203b:                   0
 RxError              0x203c:                   0
 BadCrc               0x203d:                   0
 Collisions           0x203e:                   0
 LateCollisions       0x203f:                   0

MAC MIB Counters (System MAC, phyPorts 1/3):
 GoodOctetsReceived   0x20a0:          1211332764
 BadOctetsReceived    0x20a2:                   0
 TxFIFOunderrun/TxCRC 0x20a3:                   0
 UnicastFramesReceive 0x20a4:                   1
 SentDeferred         0x20a5:                   0
 BroadcastFramesRecei 0x20a6:             4717186
 MulticastFramesRecei 0x20a7:             4503978
 Frames64Octets       0x20a8:             7026059
 Frames65to127Octets  0x20a9:                   0
 Frames128to255Octets 0x20aa:             8944890
 Frames256to511Octets 0x20ab:             2341894
 Frames512to1023Octet 0x20ac:                   0
 Frames1024toMaxOctet 0x20ad:                   0
 GoodOctetsSent       0x20ae:          1194198492
 UnicastFramesSent    0x20b0:                   4
 ExcessiveCollision   0x20b1:                   0
 MulticastFramesSent  0x20b2:             4441542
 BroadcastFramesSent  0x20b3:             4651280
 SentMultiple         0x20b4:                   0
 FCSent               0x20b5:                   0
 FCReceived           0x20b6:                   0
 RxFIFOOverrun        0x20b7:                   0
 Undersize            0x20b8:                   0
 Fragments            0x20b9:                   0
 Oversize             0x20ba:                   0
 Jabber               0x20bb:                   0
 RxError              0x20bc:                   0
 BadCrc               0x20bd:                   0
 Collisions           0x20be:                   0
 LateCollisions       0x20bf:                   0


SFP internal PHY:
 Auto negotiation
  Enabled Complete
  Flow Control
    Advertised()
    Partner   ()
  10M/100M Speed, Duplex
    Advertised(100BASE-TX(Full ) )
    Partner   (100BASE-TX(Full Half) 10BASE-TX(Full Half))
  1G Speed, Duplex
    Advertised(1000BASE-T(Full ))
    Partner   (1000BASE-T(Full ))
Page 0:
   0 1140  1 796d  2 0141  3 0dd1  4 0101  5 c1e1  6 000d  7 2001 
   8 485a  9 0200 10 3800 13 0003 14 0000 15 3000 16 3060 17 ac48 
  18 0000 19 0000 20 0020 21 0000 22 0000 23 0000 26 0040 
Page 1:
   0 1140  1 016d  2 0141  3 0dd1  4 9901  5 4001  6 0005  7 2001 
   8 0000 15 c000 16 400e 17 ac20 18 0000 19 0000 21 0000 22 0001 
  23 0000 24 0000 25 0000 26 0042 
Page 2:
  16 4448 18 0000 19 000c 20 0000 21 1076 22 0002 24 4709 25 0013 
Page 4:
  20 0000 22 0004 
Page 5:
  20 0000 21 1070 22 0005 
Page 6:
  16 0000 17 0000 18 0000 19 000b 20 0200 22 0006 23 0000 24 0000 
  25 0000 26 1910 27 0c54 
Page 18:
   0 0c00  1 111e  2 111e 16 0000 17 0000 18 0000 19 000b 20 0001 
  22 0012 25 0000 26 0000 

Port configuration:
  lport  9   macStatus:       0x12009010      value: 0x0000E80B
             macCtrl:         0x12009000      value: 0x00008BE5
             autoNegCtrl:     0x1200900C      value: 0x0000B0EC
             macCtrl1:        0x12009004      value: 0x00003783
             macCtrl2:        0x12009008      value: 0x0000C009
             macCtrl3:        0x12009048      value: 0x00000300
             macCtrl4:        0x12009090      value: 0x00002502
             portControl:     0x01009000      value: 0x00208041

Phy address is: 08

PHY Registers for dev 1 (port 8)
  	hwMode (4 QSGMII to SGMII)

SGMII link partner ()
  Enabled Incomplete
  Link
    link partner Down
  Flow Control
    Partner   ( )
  Duplex
    Partner   (Duplex half)
  Speed
    Partner   (Speed 10Mbps)

Page 0 - Copper
  0 1940  1 7949  2 0141  3 0EC0  4 01E1  5 0000  6 0004  7 2001
  8 0000  9 0F00 10 4000 13 4007 14 0000 15 3000 16 3060 17 8000
 18 0000 19 0040 20 0020 21 0000 23 0000 26 0040
Page 1 - SGMII
  0 1140  1 0149  2 0141  3 0EC0  4 0001  5 0000  6 0004  7 2001
  8 0000 15 C000 16 4207 17 8010 18 0000 19 0000 21 0000 23 0000
 24 0000 25 0000 26 0042
Page 2 - Mac
 16 6008 18 0000 19 0000 21 1046
Page 3 - LED
 16 887F 17 8005 18 4905 19 0073 28 0003 29 0000
Page 4 - QSGMII
  0 1140  1 0000  4 0901  5 0000  6 0000 16 6224 17 8000 18 0000
 19 0000 20 0000 21 0000 23 0000 24 0000 25 0000 26 3002 27 3F80
 28 0000
Page 5 - VCT
 16 0000 17 0000 18 0000 19 0000 20 0000 21 2000 23 0603 24 0000
 25 0104 26 0F12 27 0A0C 28 0C06
Page 6 - Packet
 16 0000 17 0000 18 0000 19 000B 23 0000 24 0000 25 0000 26 1910
Page 7 - Cable
 16 0000 17 0000 18 0000 19 0000 20 0000 21 0000 25 0104 26 0F12
 27 0A0C 28 0006
Page 18 - Common
  0 0000  1 0000  2 0000 16 0000 17 0000 19 000B 20 0004 25 0000
 26 0000 27 2000
Page 255 - Factory
  0 0000  1 0000  2 0000  3 0000  4 0000  5 0000  6 0000  7 0000
  8 0000  9 0000 10 0000 11 0000 12 0000 13 0000 14 0000 15 0000
 16 0159 17 0000 18 0000 19 0000 20 0000 21 0000 23 0000 24 0000
 25 0000 26 0000 27 0000 28 0000 29 0000 30 0000 31 0000

Clause 45 PHY Information for dev 1 port 8:

 Device 3 PCS registers: length 4 devNum 1
  0000=0000  0001=0042  0014=0006  0016=0000  
 Device 7 EEE autoneg registers: length 2 devNum 1
  003C=0000  003D=0000  


MacSec PHY Information for dev 1 port 8:

 Slice registers: length 87 devNum 1
  0000=88e58100  0001=00400030  0002=00000000  0003=00000000  0004=00000000  
  0005=00000000  0006=00000000  0007=00000001  0009=00001008  000B=0fb40000  
  000C=00000000  000D=00000000  000E=00000000  0010=00000005  0011=00000000  
  0012=00000000  0015=00000000  0016=00000000  0017=00000000  0018=00000000  
  0019=00000006  001A=00000000  001B=00000000  001C=00000000  001D=00000000  
  001E=00000000  001F=00000000  0020=00000000  0021=00000000  0022=00000000  
  0023=00000000  0024=00000000  0025=00000000  0026=00000000  0027=00000000  
  0028=00000000  0029=00000000  002A=00000000  002B=00000000  002C=00000000  
  002D=00000000  002E=00000000  002F=00000000  0030=888e8808  0031=00000000  
  0032=00000000  0033=00000000  0040=00011849  0041=00020081  0042=00000008  
  0043=00000020  0044=00000001  0045=00000000  0046=00000000  0047=0007fe43  
  0048=0009a520  0050=000117c9  0051=00010081  0052=00000000  0053=00000030  
  0054=00000005  0055=00000000  0056=00000000  0057=0007fe43  0058=0009a520  
  0070=00000077  0071=5a000000  0072=00000000  0073=00000000  0074=00000004  
  0076=00002006  0077=00000000  0078=00000000  0079=004050f0  007A=00010000  
  007B=00000000  007C=00000000  007D=00000000  007E=00000000  007F=00000000  
  03C0=111e2020  03C1=00000000  03C2=00000000  03C3=00000003  03C4=000050f0  
  03C6=00001400  03C7=00005096  

MAC MIB Counters (Wire MAC):
 GoodOctetsReceived   0x2000:                   0
 BadOctetsReceived    0x2002:                   0
 TxFIFOunderrun/TxCRC 0x2003:                   0
 UnicastFramesReceive 0x2004:                   0
 SentDeferred         0x2005:                   0
 BroadcastFramesRecei 0x2006:                   0
 MulticastFramesRecei 0x2007:                   0
 Frames64Octets       0x2008:                   0
 Frames65to127Octets  0x2009:                   0
 Frames128to255Octets 0x200a:                   0
 Frames256to511Octets 0x200b:                   0
 Frames512to1023Octet 0x200c:                   0
 Frames1024toMaxOctet 0x200d:                   0
 GoodOctetsSent       0x200e:                   0
 UnicastFramesSent    0x2010:                   0
 ExcessiveCollision   0x2011:                   0
 MulticastFramesSent  0x2012:                   0
 BroadcastFramesSent  0x2013:                   0
 SentMultiple         0x2014:                   0
 FCSent               0x2015:                   0
 FCReceived           0x2016:                   0
 RxFIFOOverrun        0x2017:                   0
 Undersize            0x2018:                   0
 Fragments            0x2019:                   0
 Oversize             0x201a:                   0
 Jabber               0x201b:                   0
 RxError              0x201c:                   0
 BadCrc               0x201d:                   0
 Collisions           0x201e:                   0
 LateCollisions       0x201f:                   0

MAC MIB Counters (System MAC, phyPorts 0/2):
 GoodOctetsReceived   0x2080:                   0
 BadOctetsReceived    0x2082:                   0
 TxFIFOunderrun/TxCRC 0x2083:                   0
 UnicastFramesReceive 0x2084:                   0
 SentDeferred         0x2085:                   0
 BroadcastFramesRecei 0x2086:                   0
 MulticastFramesRecei 0x2087:                   0
 Frames64Octets       0x2088:                   0
 Frames65to127Octets  0x2089:                   0
 Frames128to255Octets 0x208a:                   0
 Frames256to511Octets 0x208b:                   0
 Frames512to1023Octet 0x208c:                   0
 Frames1024toMaxOctet 0x208d:                   0
 GoodOctetsSent       0x208e:                   0
 UnicastFramesSent    0x2090:                   0
 ExcessiveCollision   0x2091:                   0
 MulticastFramesSent  0x2092:                   0
 BroadcastFramesSent  0x2093:                   0
 SentMultiple         0x2094:                   0
 FCSent               0x2095:                   0
 FCReceived           0x2096:                   0
 RxFIFOOverrun        0x2097:                   0
 Undersize            0x2098:                   0
 Fragments            0x2099:                   0
 Oversize             0x209a:                   0
 Jabber               0x209b:                   0
 RxError              0x209c:                   0
 BadCrc               0x209d:                   0
 Collisions           0x209e:                   0
 LateCollisions       0x209f:                   0


Port configuration:
  lport  8   macStatus:       0x12008010      value: 0x0000AC0A
             macCtrl:         0x12008000      value: 0x00008BE5
             autoNegCtrl:     0x1200800C      value: 0x0000B0E8
             macCtrl1:        0x12008004      value: 0x00003783
             macCtrl2:        0x12008008      value: 0x0000C008
             macCtrl3:        0x12008048      value: 0x00000300
             macCtrl4:        0x12008090      value: 0x00002002
             portControl:     0x01008000      value: 0x00208041

Phy address is: 0b

PHY Registers for dev 1 (port 11)
  	hwMode (2 QSGMII to 1000BASE-X)

Fiber Auto Negotiation
  Enabled Incomplete
  Flow Control
    Advertised(None)
    Partner   (None)
  Speed, Duplex
    Advertised(1000BASEX(Full ) )
    Partner   ()
  remote fault (None)

Page 0 - Copper
  0 1940  1 7949  2 0141  3 0EC0  4 01E1  5 0000  6 0004  7 2001
  8 0000  9 0F00 10 4000 13 4007 14 0000 15 3000 16 3060 17 8000
 18 0000 19 0040 20 0020 21 0000 23 0000 26 0040
Page 1 - SGMII
  0 1140  1 0149  2 0141  3 0EC0  4 0020  5 0000  6 0004  7 2001
  8 0000 15 C000 16 4005 17 8010 18 0000 19 0000 21 0000 23 0000
 24 0000 25 0000 26 0042
Page 2 - Mac
 16 6008 18 0000 19 0000 21 1046
Page 3 - LED
 16 887F 17 8005 18 4905 19 0073 28 0003 29 0000
Page 4 - QSGMII
  0 1140  1 0000  4 0901  5 0000  6 0000 16 6224 17 8000 18 0000
 19 0000 20 0000 21 0000 23 0000 24 0000 25 0000 26 3002 27 3F80
 28 0000
Page 5 - VCT
 16 0000 17 0000 18 0000 19 0000 20 0000 21 2000 23 0603 24 0000
 25 0104 26 0F12 27 0A0C 28 0C06
Page 6 - Packet
 16 0000 17 0000 18 0000 19 000B 23 0000 24 0000 25 0000 26 1910
Page 7 - Cable
 16 0000 17 0000 18 0000 19 0000 20 0000 21 0000 25 0104 26 0F12
 27 0A0C 28 0006
Page 18 - Common
  0 0000  1 0000  2 0000 16 0000 17 0000 19 000B 20 0002 25 0000
 26 0000 27 2000
Page 255 - Factory
  0 0000  1 0000  2 0000  3 0000  4 0000  5 0000  6 0000  7 0000
  8 0000  9 0000 10 0000 11 0000 12 0000 13 0000 14 0000 15 0000
 16 0159 17 0000 18 1030 19 0000 20 0000 21 0000 23 0000 24 0000
 25 0000 26 0000 27 0000 28 0000 29 0000 30 0000 31 0000

Clause 45 PHY Information for dev 1 port 11:

 Device 3 PCS registers: length 4 devNum 1
  0000=0000  0001=0042  0014=0006  0016=0000  
 Device 7 EEE autoneg registers: length 2 devNum 1
  003C=0000  003D=0000  


MacSec PHY Information for dev 1 port 11:

 Slice registers: length 87 devNum 1
  1800=88e58100  1801=00400030  1802=00000000  1803=00000000  1804=00000000  
  1805=00000000  1806=00000000  1807=00000001  1809=00001008  180B=0fb40000  
  180C=00000000  180D=00000000  180E=00000000  1810=00000005  1811=00000000  
  1812=00000000  1815=00000000  1816=00000000  1817=00000000  1818=00000000  
  1819=00000006  181A=00000000  181B=00000000  181C=00000000  181D=00000000  
  181E=00000000  181F=00000000  1820=00000000  1821=00000000  1822=00000000  
  1823=00000000  1824=00000000  1825=00000000  1826=00000000  1827=00000000  
  1828=00000000  1829=00000000  182A=00000000  182B=00000000  182C=00000000  
  182D=00000000  182E=00000000  182F=00000000  1830=888e8808  1831=00000000  
  1832=00000000  1833=00000000  1840=00011849  1841=00020081  1842=00000008  
  1843=00000020  1844=00000001  1845=00000000  1846=00000000  1847=0007fe43  
  1848=0009a520  1850=000117c9  1851=00010081  1852=00000000  1853=00000030  
  1854=00000005  1855=00000000  1856=00000000  1857=0007fe43  1858=0009a520  
  1870=00000077  1871=5a000000  1872=00000000  1873=00000000  1874=00000004  
  1876=00002006  1877=00000000  1878=00000000  1879=004050f0  187A=00010000  
  187B=00000000  187C=00000000  187D=00000000  187E=00000000  187F=00000000  
  1BC0=111e2020  1BC1=00000000  1BC2=00000000  1BC3=00000003  1BC4=000050f0  
  1BC6=00001400  1BC7=00005096  

MAC MIB Counters (Wire MAC):
 GoodOctetsReceived   0x2060:                   0
 BadOctetsReceived    0x2062:                   0
 TxFIFOunderrun/TxCRC 0x2063:                   0
 UnicastFramesReceive 0x2064:                   0
 SentDeferred         0x2065:                   0
 BroadcastFramesRecei 0x2066:                   0
 MulticastFramesRecei 0x2067:                   0
 Frames64Octets       0x2068:                   0
 Frames65to127Octets  0x2069:                   0
 Frames128to255Octets 0x206a:                   0
 Frames256to511Octets 0x206b:                   0
 Frames512to1023Octet 0x206c:                   0
 Frames1024toMaxOctet 0x206d:                   0
 GoodOctetsSent       0x206e:                   0
 UnicastFramesSent    0x2070:                   0
 ExcessiveCollision   0x2071:                   0
 MulticastFramesSent  0x2072:                   0
 BroadcastFramesSent  0x2073:                   0
 SentMultiple         0x2074:                   0
 FCSent               0x2075:                   0
 FCReceived           0x2076:                   0
 RxFIFOOverrun        0x2077:                   0
 Undersize            0x2078:                   0
 Fragments            0x2079:                   0
 Oversize             0x207a:                   0
 Jabber               0x207b:                   0
 RxError              0x207c:                   0
 BadCrc               0x207d:                   0
 Collisions           0x207e:                   0
 LateCollisions       0x207f:                   0

MAC MIB Counters (System MAC, phyPorts 1/3):
 GoodOctetsReceived   0x20a0:                  64
 BadOctetsReceived    0x20a2:                   0
 TxFIFOunderrun/TxCRC 0x20a3:                   0
 UnicastFramesReceive 0x20a4:                   0
 SentDeferred         0x20a5:                   0
 BroadcastFramesRecei 0x20a6:                   0
 MulticastFramesRecei 0x20a7:                   1
 Frames64Octets       0x20a8:                   1
 Frames65to127Octets  0x20a9:                   0
 Frames128to255Octets 0x20aa:                   0
 Frames256to511Octets 0x20ab:                   0
 Frames512to1023Octet 0x20ac:                   0
 Frames1024toMaxOctet 0x20ad:                   0
 GoodOctetsSent       0x20ae:                   0
 UnicastFramesSent    0x20b0:                   0
 ExcessiveCollision   0x20b1:                   0
 MulticastFramesSent  0x20b2:                   0
 BroadcastFramesSent  0x20b3:                   0
 SentMultiple         0x20b4:                   0
 FCSent               0x20b5:                   0
 FCReceived           0x20b6:                   0
 RxFIFOOverrun        0x20b7:                   0
 Undersize            0x20b8:                   0
 Fragments            0x20b9:                   0
 Oversize             0x20ba:                   0
 Jabber               0x20bb:                   0
 RxError              0x20bc:                   0
 BadCrc               0x20bd:                   0
 Collisions           0x20be:                   0
 LateCollisions       0x20bf:                   0


Port configuration:
  lport 11   macStatus:       0x1200B010      value: 0x0000A400
             macCtrl:         0x1200B000      value: 0x00008BE5
             autoNegCtrl:     0x1200B00C      value: 0x0000B0EC
             macCtrl1:        0x1200B004      value: 0x00003783
             macCtrl2:        0x1200B008      value: 0x0000C009
             macCtrl3:        0x1200B048      value: 0x00000300
             macCtrl4:        0x1200B090      value: 0x00002D02
             portControl:     0x0100B000      value: 0x00208041

Phy address is: 0a

PHY Registers for dev 1 (port 10)
  	hwMode (4 QSGMII to SGMII)

SGMII link partner ()
  Enabled Incomplete
  Link
    link partner Down
  Flow Control
    Partner   ( )
  Duplex
    Partner   (Duplex half)
  Speed
    Partner   (Speed 10Mbps)

Page 0 - Copper
  0 1940  1 7949  2 0141  3 0EC0  4 01E1  5 0000  6 0004  7 2001
  8 0000  9 0F00 10 4000 13 4007 14 0000 15 3000 16 3060 17 8040
 18 0000 19 0040 20 0020 21 0000 23 0000 26 0040
Page 1 - SGMII
  0 1140  1 0149  2 0141  3 0EC0  4 0001  5 0000  6 0004  7 2001
  8 0000 15 C000 16 4207 17 8010 18 0000 19 0000 21 0000 23 0000
 24 0000 25 0000 26 0042
Page 2 - Mac
 16 6008 18 0000 19 0000 21 1046
Page 3 - LED
 16 887F 17 8005 18 4905 19 0073 28 0003 29 0000
Page 4 - QSGMII
  0 1140  1 0000  4 0901  5 0000  6 0000 16 6224 17 8000 18 0000
 19 0000 20 0000 21 0000 23 0000 24 0000 25 0000 26 3002 27 3F80
 28 0000
Page 5 - VCT
 16 0000 17 0000 18 0000 19 0000 20 0000 21 2000 23 0603 24 0000
 25 0104 26 0F12 27 0A0C 28 0C06
Page 6 - Packet
 16 0000 17 0000 18 0000 19 000B 23 0000 24 0000 25 0000 26 1910
Page 7 - Cable
 16 0000 17 0000 18 0000 19 0000 20 0000 21 0000 25 0104 26 0F12
 27 0A0C 28 0006
Page 18 - Common
  0 0000  1 0000  2 0000 16 0000 17 0000 19 000B 20 0004 25 0000
 26 0000 27 2000
Page 255 - Factory
  0 0000  1 0000  2 0000  3 0000  4 0000  5 0000  6 0000  7 0000
  8 0000  9 0000 10 0000 11 0000 12 0000 13 0000 14 0000 15 0000
 16 0159 17 0000 18 4B2C 19 0000 20 0000 21 0000 23 0000 24 0000
 25 0000 26 0000 27 0000 28 0000 29 0000 30 0000 31 0000

Clause 45 PHY Information for dev 1 port 10:

 Device 3 PCS registers: length 4 devNum 1
  0000=0000  0001=0042  0014=0006  0016=0000  
 Device 7 EEE autoneg registers: length 2 devNum 1
  003C=0000  003D=0000  


MacSec PHY Information for dev 1 port 10:

 Slice registers: length 87 devNum 1
  1000=88e58100  1001=00400030  1002=00000000  1003=00000000  1004=00000000  
  1005=00000000  1006=00000000  1007=00000001  1009=00001008  100B=0fb40000  
  100C=00000000  100D=00000000  100E=00000000  1010=00000005  1011=00000000  
  1012=00000000  1015=00000000  1016=00000000  1017=00000000  1018=00000000  
  1019=00000006  101A=00000000  101B=00000000  101C=00000000  101D=00000000  
  101E=00000000  101F=00000000  1020=00000000  1021=00000000  1022=00000000  
  1023=00000000  1024=00000000  1025=00000000  1026=00000000  1027=00000000  
  1028=00000000  1029=00000000  102A=00000000  102B=00000000  102C=00000000  
  102D=00000000  102E=00000000  102F=00000000  1030=888e8808  1031=00000000  
  1032=00000000  1033=00000000  1040=00011849  1041=00020081  1042=00000008  
  1043=00000020  1044=00000001  1045=00000000  1046=00000000  1047=0007fe43  
  1048=0009a520  1050=000117c9  1051=00010081  1052=00000000  1053=00000030  
  1054=00000005  1055=00000000  1056=00000000  1057=0007fe43  1058=0009a520  
  1070=00000077  1071=5a000000  1072=00000000  1073=00000000  1074=00000004  
  1076=00002006  1077=00000000  1078=00000000  1079=004050f0  107A=00010000  
  107B=00000000  107C=00000000  107D=00000000  107E=00000000  107F=00000000  
  13C0=111e2020  13C1=00000000  13C2=00000000  13C3=00000003  13C4=000050f0  
  13C6=00001400  13C7=00005096  

MAC MIB Counters (Wire MAC):
 GoodOctetsReceived   0x2040:                   0
 BadOctetsReceived    0x2042:                   0
 TxFIFOunderrun/TxCRC 0x2043:                   0
 UnicastFramesReceive 0x2044:                   0
 SentDeferred         0x2045:                   0
 BroadcastFramesRecei 0x2046:                   0
 MulticastFramesRecei 0x2047:                   0
 Frames64Octets       0x2048:                   0
 Frames65to127Octets  0x2049:                   0
 Frames128to255Octets 0x204a:                   0
 Frames256to511Octets 0x204b:                   0
 Frames512to1023Octet 0x204c:                   0
 Frames1024toMaxOctet 0x204d:                   0
 GoodOctetsSent       0x204e:                   0
 UnicastFramesSent    0x2050:                   0
 ExcessiveCollision   0x2051:                   0
 MulticastFramesSent  0x2052:                   0
 BroadcastFramesSent  0x2053:                   0
 SentMultiple         0x2054:                   0
 FCSent               0x2055:                   0
 FCReceived           0x2056:                   0
 RxFIFOOverrun        0x2057:                   0
 Undersize            0x2058:                   0
 Fragments            0x2059:                   0
 Oversize             0x205a:                   0
 Jabber               0x205b:                   0
 RxError              0x205c:                   0
 BadCrc               0x205d:                   0
 Collisions           0x205e:                   0
 LateCollisions       0x205f:                   0

MAC MIB Counters (System MAC, phyPorts 0/2):
 GoodOctetsReceived   0x2080:                   0
 BadOctetsReceived    0x2082:                   0
 TxFIFOunderrun/TxCRC 0x2083:                   0
 UnicastFramesReceive 0x2084:                   0
 SentDeferred         0x2085:                   0
 BroadcastFramesRecei 0x2086:                   0
 MulticastFramesRecei 0x2087:                   0
 Frames64Octets       0x2088:                   0
 Frames65to127Octets  0x2089:                   0
 Frames128to255Octets 0x208a:                   0
 Frames256to511Octets 0x208b:                   0
 Frames512to1023Octet 0x208c:                   0
 Frames1024toMaxOctet 0x208d:                   0
 GoodOctetsSent       0x208e:                   0
 UnicastFramesSent    0x2090:                   0
 ExcessiveCollision   0x2091:                   0
 MulticastFramesSent  0x2092:                   0
 BroadcastFramesSent  0x2093:                   0
 SentMultiple         0x2094:                   0
 FCSent               0x2095:                   0
 FCReceived           0x2096:                   0
 RxFIFOOverrun        0x2097:                   0
 Undersize            0x2098:                   0
 Fragments            0x2099:                   0
 Oversize             0x209a:                   0
 Jabber               0x209b:                   0
 RxError              0x209c:                   0
 BadCrc               0x209d:                   0
 Collisions           0x209e:                   0
 LateCollisions       0x209f:                   0


Port configuration:
  lport 10   macStatus:       0x1200A010      value: 0x0000AC0A
             macCtrl:         0x1200A000      value: 0x00008BE5
             autoNegCtrl:     0x1200A00C      value: 0x0000B0E8
             macCtrl1:        0x1200A004      value: 0x00003783
             macCtrl2:        0x1200A008      value: 0x0000C008
             macCtrl3:        0x1200A048      value: 0x00000300
             macCtrl4:        0x1200A090      value: 0x00002802
             portControl:     0x0100A000      value: 0x00208041

Phy address is: 0d

PHY Registers for dev 1 (port 13)
  	hwMode (2 QSGMII to 1000BASE-X)

Fiber Auto Negotiation
  Enabled Incomplete
  Flow Control
    Advertised(None)
    Partner   (None)
  Speed, Duplex
    Advertised(1000BASEX(Full ) )
    Partner   ()
  remote fault (None)

Page 0 - Copper
  0 1940  1 7949  2 0141  3 0EC0  4 01E1  5 0000  6 0004  7 2001
  8 0000  9 0F00 10 4000 13 4007 14 0000 15 3000 16 3060 17 8040
 18 0000 19 0040 20 0020 21 0000 23 0000 26 0040
Page 1 - SGMII
  0 1140  1 0149  2 0141  3 0EC0  4 0020  5 0000  6 0004  7 2001
  8 0000 15 C000 16 4005 17 8010 18 0000 19 0000 21 0000 23 0000
 24 0000 25 0000 26 0042
Page 2 - Mac
 16 6008 18 0000 19 0000 21 1046
Page 3 - LED
 16 887F 17 8005 18 4905 19 0073 28 0003 29 0000
Page 4 - QSGMII
  0 1140  1 0000  4 0901  5 0000  6 0000 16 6224 17 8000 18 0000
 19 0000 20 0000 21 0000 23 0000 24 0000 25 0000 26 3002 27 3F80
 28 0000
Page 5 - VCT
 16 0000 17 0000 18 0000 19 0000 20 0000 21 2000 23 0603 24 0000
 25 0104 26 0F12 27 0A0C 28 0C06
Page 6 - Packet
 16 0000 17 0000 18 0000 19 000B 23 0000 24 0000 25 0000 26 190F
Page 7 - Cable
 16 0000 17 0000 18 0000 19 0000 20 0000 21 0000 25 0104 26 0F12
 27 0A0C 28 0006
Page 18 - Common
  0 0000  1 0000  2 0000 16 0000 17 0000 19 000B 20 0002 25 0000
 26 0000 27 2000
Page 255 - Factory
  0 0000  1 0000  2 0000  3 0000  4 0000  5 0000  6 0000  7 0000
  8 0000  9 0000 10 0000 11 0000 12 0000 13 0000 14 0000 15 0000
 16 0159 17 0000 18 0000 19 0000 20 0000 21 0000 23 0000 24 0000
 25 0000 26 0000 27 0000 28 0000 29 0000 30 0000 31 0000

Clause 45 PHY Information for dev 1 port 13:

 Device 3 PCS registers: length 4 devNum 1
  0000=0000  0001=0042  0014=0006  0016=0000  
 Device 7 EEE autoneg registers: length 2 devNum 1
  003C=0000  003D=0000  


MacSec PHY Information for dev 1 port 13:

 Slice registers: length 87 devNum 1
  0800=88e58100  0801=00400030  0802=00000000  0803=00000000  0804=00000000  
  0805=00000000  0806=00000000  0807=00000001  0809=00001008  080B=0fb40000  
  080C=00000000  080D=00000000  080E=00000000  0810=00000005  0811=00000000  
  0812=00000000  0815=00000000  0816=00000000  0817=00000000  0818=00000000  
  0819=00000006  081A=00000000  081B=00000000  081C=00000000  081D=00000000  
  081E=00000000  081F=00000000  0820=00000000  0821=00000000  0822=00000000  
  0823=00000000  0824=00000000  0825=00000000  0826=00000000  0827=00000000  
  0828=00000000  0829=00000000  082A=00000000  082B=00000000  082C=00000000  
  082D=00000000  082E=00000000  082F=00000000  0830=888e8808  0831=00000000  
  0832=00000000  0833=00000000  0840=00011849  0841=00020081  0842=00000008  
  0843=00000020  0844=00000001  0845=00000000  0846=00000000  0847=0007fe43  
  0848=0009a520  0850=000117c9  0851=00010081  0852=00000000  0853=00000030  
  0854=00000005  0855=00000000  0856=00000000  0857=0007fe43  0858=0009a520  
  0870=00000077  0871=5a000000  0872=00000000  0873=00000000  0874=00000004  
  0876=00002006  0877=00000000  0878=00000000  0879=004050f0  087A=00010000  
  087B=00000000  087C=00000000  087D=00000000  087E=00000000  087F=00000000  
  0BC0=111e2020  0BC1=00000000  0BC2=00000000  0BC3=00000003  0BC4=000050f0  
  0BC6=00001400  0BC7=00005096  

MAC MIB Counters (Wire MAC):
 GoodOctetsReceived   0x2020:                   0
 BadOctetsReceived    0x2022:                   0
 TxFIFOunderrun/TxCRC 0x2023:                   0
 UnicastFramesReceive 0x2024:                   0
 SentDeferred         0x2025:                   0
 BroadcastFramesRecei 0x2026:                   0
 MulticastFramesRecei 0x2027:                   0
 Frames64Octets       0x2028:                   0
 Frames65to127Octets  0x2029:                   0
 Frames128to255Octets 0x202a:                   0
 Frames256to511Octets 0x202b:                   0
 Frames512to1023Octet 0x202c:                   0
 Frames1024toMaxOctet 0x202d:                   0
 GoodOctetsSent       0x202e:                   0
 UnicastFramesSent    0x2030:                   0
 ExcessiveCollision   0x2031:                   0
 MulticastFramesSent  0x2032:                   0
 BroadcastFramesSent  0x2033:                   0
 SentMultiple         0x2034:                   0
 FCSent               0x2035:                   0
 FCReceived           0x2036:                   0
 RxFIFOOverrun        0x2037:                   0
 Undersize            0x2038:                   0
 Fragments            0x2039:                   0
 Oversize             0x203a:                   0
 Jabber               0x203b:                   0
 RxError              0x203c:                   0
 BadCrc               0x203d:                   0
 Collisions           0x203e:                   0
 LateCollisions       0x203f:                   0

MAC MIB Counters (System MAC, phyPorts 1/3):
 GoodOctetsReceived   0x20a0:                   0
 BadOctetsReceived    0x20a2:                   0
 TxFIFOunderrun/TxCRC 0x20a3:                   0
 UnicastFramesReceive 0x20a4:                   0
 SentDeferred         0x20a5:                   0
 BroadcastFramesRecei 0x20a6:                   0
 MulticastFramesRecei 0x20a7:                   0
 Frames64Octets       0x20a8:                   0
 Frames65to127Octets  0x20a9:                   0
 Frames128to255Octets 0x20aa:                   0
 Frames256to511Octets 0x20ab:                   0
 Frames512to1023Octet 0x20ac:                   0
 Frames1024toMaxOctet 0x20ad:                   0
 GoodOctetsSent       0x20ae:                   0
 UnicastFramesSent    0x20b0:                   0
 ExcessiveCollision   0x20b1:                   0
 MulticastFramesSent  0x20b2:                   0
 BroadcastFramesSent  0x20b3:                   0
 SentMultiple         0x20b4:                   0
 FCSent               0x20b5:                   0
 FCReceived           0x20b6:                   0
 RxFIFOOverrun        0x20b7:                   0
 Undersize            0x20b8:                   0
 Fragments            0x20b9:                   0
 Oversize             0x20ba:                   0
 Jabber               0x20bb:                   0
 RxError              0x20bc:                   0
 BadCrc               0x20bd:                   0
 Collisions           0x20be:                   0
 LateCollisions       0x20bf:                   0


Port configuration:
  lport 13   macStatus:       0x1200D010      value: 0x0000A400
             macCtrl:         0x1200D000      value: 0x00008BE5
             autoNegCtrl:     0x1200D00C      value: 0x0000B0EC
             macCtrl1:        0x1200D004      value: 0x00003783
             macCtrl2:        0x1200D008      value: 0x0000C009
             macCtrl3:        0x1200D048      value: 0x00000300
             macCtrl4:        0x1200D090      value: 0x00003502
             portControl:     0x0100D000      value: 0x00208041

Phy address is: 0c

PHY Registers for dev 1 (port 12)
  	hwMode (2 QSGMII to 1000BASE-X)

Fiber Auto Negotiation
  Enabled Complete
  Flow Control
    Advertised(None)
    Partner   (None)
  Speed, Duplex
    Advertised(1000BASEX(Full Half) )
    Partner   (1000BASEX(Full Half) )
  remote fault (None)

Page 0 - Copper
  0 1940  1 7949  2 0141  3 0EC0  4 01E1  5 0000  6 0004  7 2001
  8 0000  9 0F00 10 4000 13 4007 14 0000 15 3000 16 3060 17 8040
 18 0000 19 0040 20 0020 21 0000 23 0000 26 0040
Page 1 - SGMII
  0 1140  1 016D  2 0141  3 0EC0  4 0060  5 4060  6 0005  7 2801
  8 0000 15 C000 16 4005 17 AC20 18 0000 19 0000 21 0000 23 0000
 24 0000 25 0000 26 0042
Page 2 - Mac
 16 6008 18 0000 19 0000 21 1046
Page 3 - LED
 16 887F 17 8005 18 4905 19 0073 28 0003 29 0000
Page 4 - QSGMII
  0 1140  1 0024  4 9901  5 4001  6 0001 16 6224 17 AC20 18 0000
 19 0000 20 0000 21 0000 23 0000 24 0000 25 0000 26 3002 27 3F80
 28 0000
Page 5 - VCT
 16 0000 17 0000 18 0000 19 0000 20 0000 21 2000 23 0603 24 0000
 25 0104 26 0F12 27 0A0C 28 0C06
Page 6 - Packet
 16 0000 17 0000 18 0000 19 000B 23 0000 24 0000 25 0000 26 190F
Page 7 - Cable
 16 0000 17 0000 18 0000 19 0000 20 0000 21 0000 25 0104 26 0F12
 27 0A0C 28 0006
Page 18 - Common
  0 0000  1 0000  2 0000 16 0000 17 0000 19 000B 20 0002 25 0000
 26 0000 27 2002
Page 255 - Factory
  0 0000  1 0000  2 0000  3 0000  4 0000  5 0000  6 0000  7 0000
  8 0000  9 0000 10 0000 11 0000 12 0000 13 0000 14 0000 15 0000
 16 0159 17 0000 18 6820 19 0000 20 0000 21 0000 23 0000 24 0000
 25 0000 26 0000 27 0000 28 0000 29 0000 30 0000 31 0000

Clause 45 PHY Information for dev 1 port 12:

 Device 3 PCS registers: length 4 devNum 1
  0000=0000  0001=0042  0014=0006  0016=0000  
 Device 7 EEE autoneg registers: length 2 devNum 1
  003C=0000  003D=0000  


MacSec PHY Information for dev 1 port 12:

 Slice registers: length 87 devNum 1
  0000=88e58100  0001=00400030  0002=00000000  0003=00000000  0004=00000000  
  0005=00000000  0006=00000000  0007=00000001  0009=00001008  000B=0fb40000  
  000C=00000000  000D=00000000  000E=00000000  0010=00000005  0011=00000000  
  0012=00000000  0015=00000000  0016=00000000  0017=00000000  0018=00000000  
  0019=00000006  001A=00000000  001B=00000000  001C=00000000  001D=00000000  
  001E=00000000  001F=00000000  0020=00000000  0021=00000000  0022=00000000  
  0023=00000000  0024=00000000  0025=00000000  0026=00000000  0027=00000000  
  0028=00000000  0029=00000000  002A=00000000  002B=00000000  002C=00000000  
  002D=00000000  002E=00000000  002F=00000000  0030=888e8808  0031=00000000  
  0032=00000000  0033=00000000  0040=00011849  0041=00020081  0042=00000008  
  0043=00000020  0044=00000005  0045=00000000  0046=00000000  0047=0007fe43  
  0048=0009a520  0050=000117c9  0051=00010081  0052=00000000  0053=00000030  
  0054=00000005  0055=00000000  0056=00000000  0057=0007fe43  0058=0009a520  
  0070=00000077  0071=5a000000  0072=00000000  0073=00000000  0074=00000004  
  0076=00002006  0077=00000000  0078=00000000  0079=004050f0  007A=00010000  
  007B=00000000  007C=00000000  007D=00000000  007E=00000000  007F=00000000  
  03C0=111e2020  03C1=00000000  03C2=00000000  03C3=00000003  03C4=000050f0  
  03C6=00001400  03C7=00005096  

MAC MIB Counters (Wire MAC):
 GoodOctetsReceived   0x2000:                1856
 BadOctetsReceived    0x2002:                   0
 TxFIFOunderrun/TxCRC 0x2003:                   0
 UnicastFramesReceive 0x2004:                   0
 SentDeferred         0x2005:                   0
 BroadcastFramesRecei 0x2006:                   0
 MulticastFramesRecei 0x2007:                  29
 Frames64Octets       0x2008:                  58
 Frames65to127Octets  0x2009:                   0
 Frames128to255Octets 0x200a:                   0
 Frames256to511Octets 0x200b:                   0
 Frames512to1023Octet 0x200c:                   0
 Frames1024toMaxOctet 0x200d:                   0
 GoodOctetsSent       0x200e:                1856
 UnicastFramesSent    0x2010:                   0
 ExcessiveCollision   0x2011:                   0
 MulticastFramesSent  0x2012:                  29
 BroadcastFramesSent  0x2013:                   0
 SentMultiple         0x2014:                   0
 FCSent               0x2015:                   0
 FCReceived           0x2016:                   0
 RxFIFOOverrun        0x2017:                   0
 Undersize            0x2018:                   0
 Fragments            0x2019:                   0
 Oversize             0x201a:                   0
 Jabber               0x201b:                   0
 RxError              0x201c:                   0
 BadCrc               0x201d:                   0
 Collisions           0x201e:                   0
 LateCollisions       0x201f:                   0

MAC MIB Counters (System MAC, phyPorts 0/2):
 GoodOctetsReceived   0x2080:                3712
 BadOctetsReceived    0x2082:                   0
 TxFIFOunderrun/TxCRC 0x2083:                   0
 UnicastFramesReceive 0x2084:                   0
 SentDeferred         0x2085:                   0
 BroadcastFramesRecei 0x2086:                   0
 MulticastFramesRecei 0x2087:                  58
 Frames64Octets       0x2088:                 116
 Frames65to127Octets  0x2089:                   0
 Frames128to255Octets 0x208a:                   0
 Frames256to511Octets 0x208b:                   0
 Frames512to1023Octet 0x208c:                   0
 Frames1024toMaxOctet 0x208d:                   0
 GoodOctetsSent       0x208e:                3712
 UnicastFramesSent    0x2090:                   0
 ExcessiveCollision   0x2091:                   0
 MulticastFramesSent  0x2092:                  58
 BroadcastFramesSent  0x2093:                   0
 SentMultiple         0x2094:                   0
 FCSent               0x2095:                   0
 FCReceived           0x2096:                   0
 RxFIFOOverrun        0x2097:                   0
 Undersize            0x2098:                   0
 Fragments            0x2099:                   0
 Oversize             0x209a:                   0
 Jabber               0x209b:                   0
 RxError              0x209c:                   0
 BadCrc               0x209d:                   0
 Collisions           0x209e:                   0
 LateCollisions       0x209f:                   0


Port configuration:
  lport 12   macStatus:       0x1200C010      value: 0x0000E80F
             macCtrl:         0x1200C000      value: 0x00008BE5
             autoNegCtrl:     0x1200C00C      value: 0x0000906C
             macCtrl1:        0x1200C004      value: 0x00003783
             macCtrl2:        0x1200C008      value: 0x0000C009
             macCtrl3:        0x1200C048      value: 0x00000300
             macCtrl4:        0x1200C090      value: 0x00003102
             portControl:     0x0100C000      value: 0x00208041

Phy address is: 0f

PHY Registers for dev 1 (port 15)
  	hwMode (2 QSGMII to 1000BASE-X)

Fiber Auto Negotiation
  Enabled Incomplete
  Flow Control
    Advertised(None)
    Partner   (None)
  Speed, Duplex
    Advertised(1000BASEX(Full ) )
    Partner   ()
  remote fault (None)

Page 0 - Copper
  0 1940  1 7949  2 0141  3 0EC0  4 01E1  5 0000  6 0004  7 2001
  8 0000  9 0F00 10 4000 13 4007 14 0000 15 3000 16 3060 17 8040
 18 0000 19 0040 20 0020 21 0000 23 0000 26 0040
Page 1 - SGMII
  0 1140  1 0149  2 0141  3 0EC0  4 0020  5 0000  6 0004  7 2001
  8 0000 15 C000 16 4005 17 8010 18 0000 19 0000 21 0000 23 0000
 24 0000 25 0000 26 0042
Page 2 - Mac
 16 6008 18 0000 19 0000 21 1046
Page 3 - LED
 16 887F 17 8005 18 4905 19 0073 28 0003 29 0000
Page 4 - QSGMII
  0 1140  1 0000  4 0901  5 0000  6 0000 16 6224 17 8000 18 0000
 19 0000 20 0000 21 0000 23 0000 24 0000 25 0000 26 3002 27 3F80
 28 0000
Page 5 - VCT
 16 0000 17 0000 18 0000 19 0000 20 0000 21 2000 23 0603 24 0000
 25 0104 26 0F12 27 0A0C 28 0C06
Page 6 - Packet
 16 0000 17 0000 18 0000 19 000B 23 0000 24 0000 25 0000 26 190F
Page 7 - Cable
 16 0000 17 0000 18 0000 19 0000 20 0000 21 0000 25 0104 26 0F12
 27 0A0C 28 0006
Page 18 - Common
  0 0000  1 0000  2 0000 16 0000 17 0000 19 000B 20 0002 25 0000
 26 0000 27 2000
Page 255 - Factory
  0 0000  1 0000  2 0000  3 0000  4 0000  5 0000  6 0000  7 0000
  8 0000  9 0000 10 0000 11 0000 12 0000 13 0000 14 0000 15 0000
 16 0159 17 0000 18 9882 19 0000 20 0000 21 0000 23 0000 24 0000
 25 0000 26 0000 27 0000 28 0000 29 0000 30 0000 31 0000

Clause 45 PHY Information for dev 1 port 15:

 Device 3 PCS registers: length 4 devNum 1
  0000=0000  0001=0042  0014=0006  0016=0000  
 Device 7 EEE autoneg registers: length 2 devNum 1
  003C=0000  003D=0000  


MacSec PHY Information for dev 1 port 15:

 Slice registers: length 87 devNum 1
  1800=88e58100  1801=00400030  1802=00000000  1803=00000000  1804=00000000  
  1805=00000000  1806=00000000  1807=00000001  1809=00001008  180B=0fb40000  
  180C=00000000  180D=00000000  180E=00000000  1810=00000005  1811=00000000  
  1812=00000000  1815=00000000  1816=00000000  1817=00000000  1818=00000000  
  1819=00000006  181A=00000000  181B=00000000  181C=00000000  181D=00000000  
  181E=00000000  181F=00000000  1820=00000000  1821=00000000  1822=00000000  
  1823=00000000  1824=00000000  1825=00000000  1826=00000000  1827=00000000  
  1828=00000000  1829=00000000  182A=00000000  182B=00000000  182C=00000000  
  182D=00000000  182E=00000000  182F=00000000  1830=888e8808  1831=00000000  
  1832=00000000  1833=00000000  1840=00011849  1841=00020081  1842=00000008  
  1843=00000020  1844=00000001  1845=00000000  1846=00000000  1847=0007fe43  
  1848=0009a520  1850=000117c9  1851=00010081  1852=00000000  1853=00000030  
  1854=00000005  1855=00000000  1856=00000000  1857=0007fe43  1858=0009a520  
  1870=00000077  1871=5a000000  1872=00000000  1873=00000000  1874=00000004  
  1876=00002006  1877=00000000  1878=00000000  1879=004050f0  187A=00010000  
  187B=00000000  187C=00000000  187D=00000000  187E=00000000  187F=00000000  
  1BC0=111e2020  1BC1=00000000  1BC2=00000000  1BC3=00000003  1BC4=000050f0  
  1BC6=00001400  1BC7=00005096  

MAC MIB Counters (Wire MAC):
 GoodOctetsReceived   0x2060:                   0
 BadOctetsReceived    0x2062:                   0
 TxFIFOunderrun/TxCRC 0x2063:                   0
 UnicastFramesReceive 0x2064:                   0
 SentDeferred         0x2065:                   0
 BroadcastFramesRecei 0x2066:                   0
 MulticastFramesRecei 0x2067:                   0
 Frames64Octets       0x2068:                   0
 Frames65to127Octets  0x2069:                   0
 Frames128to255Octets 0x206a:                   0
 Frames256to511Octets 0x206b:                   0
 Frames512to1023Octet 0x206c:                   0
 Frames1024toMaxOctet 0x206d:                   0
 GoodOctetsSent       0x206e:                   0
 UnicastFramesSent    0x2070:                   0
 ExcessiveCollision   0x2071:                   0
 MulticastFramesSent  0x2072:                   0
 BroadcastFramesSent  0x2073:                   0
 SentMultiple         0x2074:                   0
 FCSent               0x2075:                   0
 FCReceived           0x2076:                   0
 RxFIFOOverrun        0x2077:                   0
 Undersize            0x2078:                   0
 Fragments            0x2079:                   0
 Oversize             0x207a:                   0
 Jabber               0x207b:                   0
 RxError              0x207c:                   0
 BadCrc               0x207d:                   0
 Collisions           0x207e:                   0
 LateCollisions       0x207f:                   0

MAC MIB Counters (System MAC, phyPorts 1/3):
 GoodOctetsReceived   0x20a0:                   0
 BadOctetsReceived    0x20a2:                   0
 TxFIFOunderrun/TxCRC 0x20a3:                   0
 UnicastFramesReceive 0x20a4:                   0
 SentDeferred         0x20a5:                   0
 BroadcastFramesRecei 0x20a6:                   0
 MulticastFramesRecei 0x20a7:                   0
 Frames64Octets       0x20a8:                   0
 Frames65to127Octets  0x20a9:                   0
 Frames128to255Octets 0x20aa:                   0
 Frames256to511Octets 0x20ab:                   0
 Frames512to1023Octet 0x20ac:                   0
 Frames1024toMaxOctet 0x20ad:                   0
 GoodOctetsSent       0x20ae:                   0
 UnicastFramesSent    0x20b0:                   0
 ExcessiveCollision   0x20b1:                   0
 MulticastFramesSent  0x20b2:                   0
 BroadcastFramesSent  0x20b3:                   0
 SentMultiple         0x20b4:                   0
 FCSent               0x20b5:                   0
 FCReceived           0x20b6:                   0
 RxFIFOOverrun        0x20b7:                   0
 Undersize            0x20b8:                   0
 Fragments            0x20b9:                   0
 Oversize             0x20ba:                   0
 Jabber               0x20bb:                   0
 RxError              0x20bc:                   0
 BadCrc               0x20bd:                   0
 Collisions           0x20be:                   0
 LateCollisions       0x20bf:                   0


Port configuration:
  lport 15   macStatus:       0x1200F010      value: 0x0000A400
             macCtrl:         0x1200F000      value: 0x00008BE5
             autoNegCtrl:     0x1200F00C      value: 0x0000B0EC
             macCtrl1:        0x1200F004      value: 0x00003783
             macCtrl2:        0x1200F008      value: 0x0000C009
             macCtrl3:        0x1200F048      value: 0x00000300
             macCtrl4:        0x1200F090      value: 0x00003D02
             portControl:     0x0100F000      value: 0x00208041

Phy address is: 0e

PHY Registers for dev 1 (port 14)
  	hwMode (2 QSGMII to 1000BASE-X)

Fiber Auto Negotiation
  Enabled Complete
  Flow Control
    Advertised(None)
    Partner   (None)
  Speed, Duplex
    Advertised(1000BASEX(Full Half) )
    Partner   (1000BASEX(Full Half) )
  remote fault (None)

Page 0 - Copper
  0 1940  1 7949  2 0141  3 0EC0  4 01E1  5 0000  6 0004  7 2001
  8 0000  9 0F00 10 4000 13 4007 14 0000 15 3000 16 3060 17 8040
 18 0000 19 0040 20 0020 21 0000 23 0000 26 0040
Page 1 - SGMII
  0 1140  1 016D  2 0141  3 0EC0  4 0060  5 4060  6 0005  7 2801
  8 0000 15 C000 16 4005 17 AC20 18 0000 19 0000 21 0000 23 0000
 24 0000 25 0000 26 0042
Page 2 - Mac
 16 6008 18 0000 19 0000 21 1046
Page 3 - LED
 16 887F 17 8005 18 4905 19 0073 28 0003 29 0000
Page 4 - QSGMII
  0 1140  1 0024  4 9901  5 4001  6 0001 16 6224 17 AC20 18 0000
 19 0000 20 0000 21 0000 23 0000 24 0000 25 0000 26 3002 27 3F80
 28 0000
Page 5 - VCT
 16 0000 17 0000 18 0000 19 0000 20 0000 21 2000 23 0603 24 0000
 25 0104 26 0F12 27 0A0C 28 0C06
Page 6 - Packet
 16 0000 17 0000 18 0000 19 000B 23 0000 24 0000 25 0000 26 190F
Page 7 - Cable
 16 0000 17 0000 18 0000 19 0000 20 0000 21 0000 25 0104 26 0F12
 27 0A0C 28 0006
Page 18 - Common
  0 0000  1 0000  2 0000 16 0000 17 0000 19 000B 20 0002 25 0000
 26 0000 27 2002
Page 255 - Factory
  0 0000  1 0000  2 0000  3 0000  4 0000  5 0000  6 0000  7 0000
  8 0000  9 0000 10 0000 11 0000 12 0000 13 0000 14 0000 15 0000
 16 0159 17 0000 18 484C 19 0000 20 0000 21 0000 23 0000 24 0000
 25 0000 26 0000 27 0000 28 0000 29 0000 30 0000 31 0000

Clause 45 PHY Information for dev 1 port 14:

 Device 3 PCS registers: length 4 devNum 1
  0000=0000  0001=0042  0014=0006  0016=0000  
 Device 7 EEE autoneg registers: length 2 devNum 1
  003C=0000  003D=0000  


MacSec PHY Information for dev 1 port 14:

 Slice registers: length 87 devNum 1
  1000=88e58100  1001=00400030  1002=00000000  1003=00000000  1004=00000000  
  1005=00000000  1006=00000000  1007=00000001  1009=00001008  100B=0fb40000  
  100C=00000000  100D=00000000  100E=00000000  1010=00000005  1011=00000000  
  1012=00000000  1015=00000000  1016=00000000  1017=00000000  1018=00000000  
  1019=00000006  101A=00000000  101B=00000000  101C=00000000  101D=00000000  
  101E=00000000  101F=00000000  1020=00000000  1021=00000000  1022=00000000  
  1023=00000000  1024=00000000  1025=00000000  1026=00000000  1027=00000000  
  1028=00000000  1029=00000000  102A=00000000  102B=00000000  102C=00000000  
  102D=00000000  102E=00000000  102F=00000000  1030=888e8808  1031=00000000  
  1032=00000000  1033=00000000  1040=00011849  1041=00020081  1042=00000008  
  1043=00000020  1044=00000005  1045=00000000  1046=00000000  1047=0007fe43  
  1048=0009a520  1050=000117c9  1051=00010081  1052=00000000  1053=00000030  
  1054=00000005  1055=00000000  1056=00000000  1057=0007fe43  1058=0009a520  
  1070=00000077  1071=5a000000  1072=00000000  1073=00000000  1074=00000004  
  1076=00002006  1077=00000000  1078=00000000  1079=004050f0  107A=00010000  
  107B=00000000  107C=00000000  107D=00000000  107E=00000000  107F=00000000  
  13C0=111e2020  13C1=00000000  13C2=00000000  13C3=00000003  13C4=000050f0  
  13C6=00001400  13C7=00005096  

MAC MIB Counters (Wire MAC):
 GoodOctetsReceived   0x2040:                1856
 BadOctetsReceived    0x2042:                   0
 TxFIFOunderrun/TxCRC 0x2043:                   0
 UnicastFramesReceive 0x2044:                   0
 SentDeferred         0x2045:                   0
 BroadcastFramesRecei 0x2046:                   0
 MulticastFramesRecei 0x2047:                  29
 Frames64Octets       0x2048:                  58
 Frames65to127Octets  0x2049:                   0
 Frames128to255Octets 0x204a:                   0
 Frames256to511Octets 0x204b:                   0
 Frames512to1023Octet 0x204c:                   0
 Frames1024toMaxOctet 0x204d:                   0
 GoodOctetsSent       0x204e:                1856
 UnicastFramesSent    0x2050:                   0
 ExcessiveCollision   0x2051:                   0
 MulticastFramesSent  0x2052:                  29
 BroadcastFramesSent  0x2053:                   0
 SentMultiple         0x2054:                   0
 FCSent               0x2055:                   0
 FCReceived           0x2056:                   0
 RxFIFOOverrun        0x2057:                   0
 Undersize            0x2058:                   0
 Fragments            0x2059:                   0
 Oversize             0x205a:                   0
 Jabber               0x205b:                   0
 RxError              0x205c:                   0
 BadCrc               0x205d:                   0
 Collisions           0x205e:                   0
 LateCollisions       0x205f:                   0

MAC MIB Counters (System MAC, phyPorts 0/2):
 GoodOctetsReceived   0x2080:                   0
 BadOctetsReceived    0x2082:                   0
 TxFIFOunderrun/TxCRC 0x2083:                   0
 UnicastFramesReceive 0x2084:                   0
 SentDeferred         0x2085:                   0
 BroadcastFramesRecei 0x2086:                   0
 MulticastFramesRecei 0x2087:                   0
 Frames64Octets       0x2088:                   0
 Frames65to127Octets  0x2089:                   0
 Frames128to255Octets 0x208a:                   0
 Frames256to511Octets 0x208b:                   0
 Frames512to1023Octet 0x208c:                   0
 Frames1024toMaxOctet 0x208d:                   0
 GoodOctetsSent       0x208e:                   0
 UnicastFramesSent    0x2090:                   0
 ExcessiveCollision   0x2091:                   0
 MulticastFramesSent  0x2092:                   0
 BroadcastFramesSent  0x2093:                   0
 SentMultiple         0x2094:                   0
 FCSent               0x2095:                   0
 FCReceived           0x2096:                   0
 RxFIFOOverrun        0x2097:                   0
 Undersize            0x2098:                   0
 Fragments            0x2099:                   0
 Oversize             0x209a:                   0
 Jabber               0x209b:                   0
 RxError              0x209c:                   0
 BadCrc               0x209d:                   0
 Collisions           0x209e:                   0
 LateCollisions       0x209f:                   0


Port configuration:
  lport 14   macStatus:       0x1200E010      value: 0x0000E80F
             macCtrl:         0x1200E000      value: 0x00008BE5
             autoNegCtrl:     0x1200E00C      value: 0x0000906C
             macCtrl1:        0x1200E004      value: 0x00003783
             macCtrl2:        0x1200E008      value: 0x0000C009
             macCtrl3:        0x1200E048      value: 0x00000300
             macCtrl4:        0x1200E090      value: 0x00003902
             portControl:     0x0100E000      value: 0x00208041

Phy address is: 11

PHY Registers for dev 1 (port 17)
  	hwMode (2 QSGMII to 1000BASE-X)

Fiber Auto Negotiation
  Enabled Incomplete
  Flow Control
    Advertised(None)
    Partner   (None)
  Speed, Duplex
    Advertised(1000BASEX(Full ) )
    Partner   ()
  remote fault (None)

Page 0 - Copper
  0 1940  1 7949  2 0141  3 0EC0  4 01E1  5 0000  6 0004  7 2001
  8 0000  9 0F00 10 4000 13 4007 14 0000 15 3000 16 3060 17 8040
 18 0000 19 0040 20 0020 21 0000 23 0000 26 0040
Page 1 - SGMII
  0 1140  1 0149  2 0141  3 0EC0  4 0020  5 0000  6 0004  7 2001
  8 0000 15 C000 16 4005 17 8010 18 0000 19 0000 21 0000 23 0000
 24 0000 25 0000 26 0042
Page 2 - Mac
 16 6008 18 0000 19 0000 21 1046
Page 3 - LED
 16 887F 17 8005 18 4905 19 0073 28 0003 29 0000
Page 4 - QSGMII
  0 1140  1 0000  4 0901  5 0000  6 0000 16 6224 17 8000 18 0000
 19 0000 20 0000 21 0000 23 0000 24 0000 25 0000 26 3002 27 3F80
 28 0000
Page 5 - VCT
 16 0000 17 0000 18 0000 19 0000 20 0000 21 2000 23 0603 24 0000
 25 0104 26 0F12 27 0A0C 28 0C06
Page 6 - Packet
 16 0000 17 0000 18 0000 19 000B 23 0000 24 0000 25 0000 26 190E
Page 7 - Cable
 16 0000 17 0000 18 0000 19 0000 20 0000 21 0000 25 0104 26 0F12
 27 0A0C 28 0006
Page 18 - Common
  0 0000  1 0000  2 0000 16 0000 17 0000 19 000B 20 0002 25 0000
 26 0000 27 2000
Page 255 - Factory
  0 0000  1 0000  2 0000  3 0000  4 0000  5 0000  6 0000  7 0000
  8 0000  9 0000 10 0000 11 0000 12 0000 13 0000 14 0000 15 0000
 16 0159 17 0000 18 7FD5 19 0000 20 0000 21 0000 23 0000 24 0000
 25 0000 26 0000 27 0000 28 0000 29 0000 30 0000 31 0000

Clause 45 PHY Information for dev 1 port 17:

 Device 3 PCS registers: length 4 devNum 1
  0000=0000  0001=0042  0014=0006  0016=0000  
 Device 7 EEE autoneg registers: length 2 devNum 1
  003C=0000  003D=0000  


MacSec PHY Information for dev 1 port 17:

 Slice registers: length 87 devNum 1
  0800=88e58100  0801=00400030  0802=00000000  0803=00000000  0804=00000000  
  0805=00000000  0806=00000000  0807=00000001  0809=00001008  080B=0fb40000  
  080C=00000000  080D=00000000  080E=00000000  0810=00000005  0811=00000000  
  0812=00000000  0815=00000000  0816=00000000  0817=00000000  0818=00000000  
  0819=00000006  081A=00000000  081B=00000000  081C=00000000  081D=00000000  
  081E=00000000  081F=00000000  0820=00000000  0821=00000000  0822=00000000  
  0823=00000000  0824=00000000  0825=00000000  0826=00000000  0827=00000000  
  0828=00000000  0829=00000000  082A=00000000  082B=00000000  082C=00000000  
  082D=00000000  082E=00000000  082F=00000000  0830=888e8808  0831=00000000  
  0832=00000000  0833=00000000  0840=00011849  0841=00020081  0842=00000008  
  0843=00000020  0844=00000001  0845=00000000  0846=00000000  0847=0007fe43  
  0848=0009a520  0850=000117c9  0851=00010081  0852=00000000  0853=00000030  
  0854=00000005  0855=00000000  0856=00000000  0857=0007fe43  0858=0009a520  
  0870=00000077  0871=5a000000  0872=00000000  0873=00000000  0874=00000004  
  0876=00002006  0877=00000000  0878=00000000  0879=004050f0  087A=00010000  
  087B=00000000  087C=00000000  087D=00000000  087E=00000000  087F=00000000  
  0BC0=111e2020  0BC1=00000000  0BC2=00000000  0BC3=00000003  0BC4=000050f0  
  0BC6=00001400  0BC7=00005096  

MAC MIB Counters (Wire MAC):
 GoodOctetsReceived   0x2020:                   0
 BadOctetsReceived    0x2022:                   0
 TxFIFOunderrun/TxCRC 0x2023:                   0
 UnicastFramesReceive 0x2024:                   0
 SentDeferred         0x2025:                   0
 BroadcastFramesRecei 0x2026:                   0
 MulticastFramesRecei 0x2027:                   0
 Frames64Octets       0x2028:                   0
 Frames65to127Octets  0x2029:                   0
 Frames128to255Octets 0x202a:                   0
 Frames256to511Octets 0x202b:                   0
 Frames512to1023Octet 0x202c:                   0
 Frames1024toMaxOctet 0x202d:                   0
 GoodOctetsSent       0x202e:                   0
 UnicastFramesSent    0x2030:                   0
 ExcessiveCollision   0x2031:                   0
 MulticastFramesSent  0x2032:                   0
 BroadcastFramesSent  0x2033:                   0
 SentMultiple         0x2034:                   0
 FCSent               0x2035:                   0
 FCReceived           0x2036:                   0
 RxFIFOOverrun        0x2037:                   0
 Undersize            0x2038:                   0
 Fragments            0x2039:                   0
 Oversize             0x203a:                   0
 Jabber               0x203b:                   0
 RxError              0x203c:                   0
 BadCrc               0x203d:                   0
 Collisions           0x203e:                   0
 LateCollisions       0x203f:                   0

MAC MIB Counters (System MAC, phyPorts 1/3):
 GoodOctetsReceived   0x20a0:                   0
 BadOctetsReceived    0x20a2:                   0
 TxFIFOunderrun/TxCRC 0x20a3:                   0
 UnicastFramesReceive 0x20a4:                   0
 SentDeferred         0x20a5:                   0
 BroadcastFramesRecei 0x20a6:                   0
 MulticastFramesRecei 0x20a7:                   0
 Frames64Octets       0x20a8:                   0
 Frames65to127Octets  0x20a9:                   0
 Frames128to255Octets 0x20aa:                   0
 Frames256to511Octets 0x20ab:                   0
 Frames512to1023Octet 0x20ac:                   0
 Frames1024toMaxOctet 0x20ad:                   0
 GoodOctetsSent       0x20ae:                   0
 UnicastFramesSent    0x20b0:                   0
 ExcessiveCollision   0x20b1:                   0
 MulticastFramesSent  0x20b2:                   0
 BroadcastFramesSent  0x20b3:                   0
 SentMultiple         0x20b4:                   0
 FCSent               0x20b5:                   0
 FCReceived           0x20b6:                   0
 RxFIFOOverrun        0x20b7:                   0
 Undersize            0x20b8:                   0
 Fragments            0x20b9:                   0
 Oversize             0x20ba:                   0
 Jabber               0x20bb:                   0
 RxError              0x20bc:                   0
 BadCrc               0x20bd:                   0
 Collisions           0x20be:                   0
 LateCollisions       0x20bf:                   0


Port configuration:
  lport 17   macStatus:       0x12011010      value: 0x0000A400
             macCtrl:         0x12011000      value: 0x00008BE5
             autoNegCtrl:     0x1201100C      value: 0x0000B0EC
             macCtrl1:        0x12011004      value: 0x00003783
             macCtrl2:        0x12011008      value: 0x0000C009
             macCtrl3:        0x12011048      value: 0x00000300
             macCtrl4:        0x12011090      value: 0x00004502
             portControl:     0x01011000      value: 0x00208041

Phy address is: 10

PHY Registers for dev 1 (port 16)
  	hwMode (4 QSGMII to SGMII)

SGMII link partner ()
  Enabled Incomplete
  Link
    link partner Down
  Flow Control
    Partner   ( )
  Duplex
    Partner   (Duplex half)
  Speed
    Partner   (Speed 10Mbps)

Page 0 - Copper
  0 1940  1 7949  2 0141  3 0EC0  4 01E1  5 0000  6 0004  7 2001
  8 0000  9 0F00 10 4000 13 4007 14 0000 15 3000 16 3060 17 8000
 18 0000 19 0040 20 0020 21 0000 23 0000 26 0040
Page 1 - SGMII
  0 1140  1 0149  2 0141  3 0EC0  4 0001  5 0000  6 0004  7 2001
  8 0000 15 C000 16 4207 17 8010 18 0000 19 0000 21 0000 23 0000
 24 0000 25 0000 26 0042
Page 2 - Mac
 16 6008 18 0000 19 0000 21 1046
Page 3 - LED
 16 887F 17 8005 18 4905 19 0073 28 0003 29 0000
Page 4 - QSGMII
  0 1140  1 0000  4 0901  5 0000  6 0000 16 6224 17 8000 18 0000
 19 0000 20 0000 21 0000 23 0000 24 0000 25 0000 26 3002 27 3F80
 28 0000
Page 5 - VCT
 16 0000 17 0000 18 0000 19 0000 20 0000 21 2000 23 0603 24 0000
 25 0104 26 0F12 27 0A0C 28 0C06
Page 6 - Packet
 16 0000 17 0000 18 0000 19 000B 23 0000 24 0000 25 0000 26 190E
Page 7 - Cable
 16 0000 17 0000 18 0000 19 0000 20 0000 21 0000 25 0104 26 0F12
 27 0A0C 28 0006
Page 18 - Common
  0 0000  1 0000  2 0000 16 0000 17 0000 19 000B 20 0004 25 0000
 26 0000 27 2000
Page 255 - Factory
  0 0000  1 0000  2 0000  3 0000  4 0000  5 0000  6 0000  7 0000
  8 0000  9 0000 10 0000 11 0000 12 0000 13 0000 14 0000 15 0000
 16 0159 17 0000 18 61C5 19 0000 20 0000 21 0000 23 0000 24 0000
 25 0000 26 0000 27 0000 28 0000 29 0000 30 0000 31 0000

Clause 45 PHY Information for dev 1 port 16:

 Device 3 PCS registers: length 4 devNum 1
  0000=0000  0001=0042  0014=0006  0016=0000  
 Device 7 EEE autoneg registers: length 2 devNum 1
  003C=0000  003D=0000  


MacSec PHY Information for dev 1 port 16:

 Slice registers: length 87 devNum 1
  0000=88e58100  0001=00400030  0002=00000000  0003=00000000  0004=00000000  
  0005=00000000  0006=00000000  0007=00000001  0009=00001008  000B=0fb40000  
  000C=00000000  000D=00000000  000E=00000000  0010=00000005  0011=00000000  
  0012=00000000  0015=00000000  0016=00000000  0017=00000000  0018=00000000  
  0019=00000006  001A=00000000  001B=00000000  001C=00000000  001D=00000000  
  001E=00000000  001F=00000000  0020=00000000  0021=00000000  0022=00000000  
  0023=00000000  0024=00000000  0025=00000000  0026=00000000  0027=00000000  
  0028=00000000  0029=00000000  002A=00000000  002B=00000000  002C=00000000  
  002D=00000000  002E=00000000  002F=00000000  0030=888e8808  0031=00000000  
  0032=00000000  0033=00000000  0040=00011849  0041=00020081  0042=00000008  
  0043=00000020  0044=00000001  0045=00000000  0046=00000000  0047=0007fe43  
  0048=0009a520  0050=000117c9  0051=00010081  0052=00000000  0053=00000030  
  0054=00000005  0055=00000000  0056=00000000  0057=0007fe43  0058=0009a520  
  0070=00000077  0071=5a000000  0072=00000000  0073=00000000  0074=00000004  
  0076=00002006  0077=00000000  0078=00000000  0079=004050f0  007A=00010000  
  007B=00000000  007C=00000000  007D=00000000  007E=00000000  007F=00000000  
  03C0=111e2020  03C1=00000000  03C2=00000000  03C3=00000003  03C4=000050f0  
  03C6=00001400  03C7=00005096  

MAC MIB Counters (Wire MAC):
 GoodOctetsReceived   0x2000:                   0
 BadOctetsReceived    0x2002:                   0
 TxFIFOunderrun/TxCRC 0x2003:                   0
 UnicastFramesReceive 0x2004:                   0
 SentDeferred         0x2005:                   0
 BroadcastFramesRecei 0x2006:                   0
 MulticastFramesRecei 0x2007:                   0
 Frames64Octets       0x2008:                   0
 Frames65to127Octets  0x2009:                   0
 Frames128to255Octets 0x200a:                   0
 Frames256to511Octets 0x200b:                   0
 Frames512to1023Octet 0x200c:                   0
 Frames1024toMaxOctet 0x200d:                   0
 GoodOctetsSent       0x200e:                   0
 UnicastFramesSent    0x2010:                   0
 ExcessiveCollision   0x2011:                   0
 MulticastFramesSent  0x2012:                   0
 BroadcastFramesSent  0x2013:                   0
 SentMultiple         0x2014:                   0
 FCSent               0x2015:                   0
 FCReceived           0x2016:                   0
 RxFIFOOverrun        0x2017:                   0
 Undersize            0x2018:                   0
 Fragments            0x2019:                   0
 Oversize             0x201a:                   0
 Jabber               0x201b:                   0
 RxError              0x201c:                   0
 BadCrc               0x201d:                   0
 Collisions           0x201e:                   0
 LateCollisions       0x201f:                   0

MAC MIB Counters (System MAC, phyPorts 0/2):
 GoodOctetsReceived   0x2080:                   0
 BadOctetsReceived    0x2082:                   0
 TxFIFOunderrun/TxCRC 0x2083:                   0
 UnicastFramesReceive 0x2084:                   0
 SentDeferred         0x2085:                   0
 BroadcastFramesRecei 0x2086:                   0
 MulticastFramesRecei 0x2087:                   0
 Frames64Octets       0x2088:                   0
 Frames65to127Octets  0x2089:                   0
 Frames128to255Octets 0x208a:                   0
 Frames256to511Octets 0x208b:                   0
 Frames512to1023Octet 0x208c:                   0
 Frames1024toMaxOctet 0x208d:                   0
 GoodOctetsSent       0x208e:                   0
 UnicastFramesSent    0x2090:                   0
 ExcessiveCollision   0x2091:                   0
 MulticastFramesSent  0x2092:                   0
 BroadcastFramesSent  0x2093:                   0
 SentMultiple         0x2094:                   0
 FCSent               0x2095:                   0
 FCReceived           0x2096:                   0
 RxFIFOOverrun        0x2097:                   0
 Undersize            0x2098:                   0
 Fragments            0x2099:                   0
 Oversize             0x209a:                   0
 Jabber               0x209b:                   0
 RxError              0x209c:                   0
 BadCrc               0x209d:                   0
 Collisions           0x209e:                   0
 LateCollisions       0x209f:                   0


Port configuration:
  lport 16   macStatus:       0x12010010      value: 0x0000A402
             macCtrl:         0x12010000      value: 0x00008BE5
             autoNegCtrl:     0x1201000C      value: 0x0000B0E8
             macCtrl1:        0x12010004      value: 0x00003783
             macCtrl2:        0x12010008      value: 0x0000C008
             macCtrl3:        0x12010048      value: 0x00000300
             macCtrl4:        0x12010090      value: 0x00004002
             portControl:     0x01010000      value: 0x00208041

Phy address is: 13

PHY Registers for dev 1 (port 19)
  	hwMode (4 QSGMII to SGMII)

SGMII link partner ()
  Enabled Incomplete
  Link
    link partner Down
  Flow Control
    Partner   ( )
  Duplex
    Partner   (Duplex half)
  Speed
    Partner   (Speed 10Mbps)

Page 0 - Copper
  0 1940  1 7949  2 0141  3 0EC0  4 01E1  5 0000  6 0004  7 2001
  8 0000  9 0F00 10 4000 13 4007 14 0000 15 3000 16 3060 17 8000
 18 0000 19 0040 20 0020 21 0000 23 0000 26 0040
Page 1 - SGMII
  0 1140  1 0149  2 0141  3 0EC0  4 0001  5 0000  6 0004  7 2001
  8 0000 15 C000 16 4207 17 8010 18 0000 19 0000 21 0000 23 0000
 24 0000 25 0000 26 0042
Page 2 - Mac
 16 6008 18 0000 19 0000 21 1046
Page 3 - LED
 16 887F 17 8005 18 4905 19 0073 28 0003 29 0000
Page 4 - QSGMII
  0 1140  1 0000  4 0901  5 0000  6 0000 16 6224 17 8000 18 0000
 19 0000 20 0000 21 0000 23 0000 24 0000 25 0000 26 3002 27 3F80
 28 0000
Page 5 - VCT
 16 0000 17 0000 18 0000 19 0000 20 0000 21 2000 23 0603 24 0000
 25 0104 26 0F12 27 0A0C 28 0C06
Page 6 - Packet
 16 0000 17 0000 18 0000 19 000B 23 0000 24 0000 25 0000 26 190E
Page 7 - Cable
 16 0000 17 0000 18 0000 19 0000 20 0000 21 0000 25 0104 26 0F12
 27 0A0C 28 0006
Page 18 - Common
  0 0000  1 0000  2 0000 16 0000 17 0000 19 000B 20 0004 25 0000
 26 0000 27 2000
Page 255 - Factory
  0 0000  1 0000  2 0000  3 0000  4 0000  5 0000  6 0000  7 0000
  8 0000  9 0000 10 0000 11 0000 12 0000 13 0000 14 0000 15 0000
 16 0159 17 0000 18 73EE 19 0000 20 0000 21 0000 23 0000 24 0000
 25 0000 26 0000 27 0000 28 0000 29 0000 30 0000 31 0000

Clause 45 PHY Information for dev 1 port 19:

 Device 3 PCS registers: length 4 devNum 1
  0000=0000  0001=0042  0014=0006  0016=0000  
 Device 7 EEE autoneg registers: length 2 devNum 1
  003C=0000  003D=0000  


MacSec PHY Information for dev 1 port 19:

 Slice registers: length 87 devNum 1
  1800=88e58100  1801=00400030  1802=00000000  1803=00000000  1804=00000000  
  1805=00000000  1806=00000000  1807=00000001  1809=00001008  180B=0fb40000  
  180C=00000000  180D=00000000  180E=00000000  1810=00000005  1811=00000000  
  1812=00000000  1815=00000000  1816=00000000  1817=00000000  1818=00000000  
  1819=00000006  181A=00000000  181B=00000000  181C=00000000  181D=00000000  
  181E=00000000  181F=00000000  1820=00000000  1821=00000000  1822=00000000  
  1823=00000000  1824=00000000  1825=00000000  1826=00000000  1827=00000000  
  1828=00000000  1829=00000000  182A=00000000  182B=00000000  182C=00000000  
  182D=00000000  182E=00000000  182F=00000000  1830=888e8808  1831=00000000  
  1832=00000000  1833=00000000  1840=00011849  1841=00020081  1842=00000008  
  1843=00000020  1844=00000001  1845=00000000  1846=00000000  1847=0007fe43  
  1848=0009a520  1850=000117c9  1851=00010081  1852=00000000  1853=00000030  
  1854=00000005  1855=00000000  1856=00000000  1857=0007fe43  1858=0009a520  
  1870=00000077  1871=5a000000  1872=00000000  1873=00000000  1874=00000004  
  1876=00002006  1877=00000000  1878=00000000  1879=004050f0  187A=00010000  
  187B=00000000  187C=00000000  187D=00000000  187E=00000000  187F=00000000  
  1BC0=111e2020  1BC1=00000000  1BC2=00000000  1BC3=00000003  1BC4=000050f0  
  1BC6=00001400  1BC7=00005096  

MAC MIB Counters (Wire MAC):
 GoodOctetsReceived   0x2060:                   0
 BadOctetsReceived    0x2062:                   0
 TxFIFOunderrun/TxCRC 0x2063:                   0
 UnicastFramesReceive 0x2064:                   0
 SentDeferred         0x2065:                   0
 BroadcastFramesRecei 0x2066:                   0
 MulticastFramesRecei 0x2067:                   0
 Frames64Octets       0x2068:                   0
 Frames65to127Octets  0x2069:                   0
 Frames128to255Octets 0x206a:                   0
 Frames256to511Octets 0x206b:                   0
 Frames512to1023Octet 0x206c:                   0
 Frames1024toMaxOctet 0x206d:                   0
 GoodOctetsSent       0x206e:                   0
 UnicastFramesSent    0x2070:                   0
 ExcessiveCollision   0x2071:                   0
 MulticastFramesSent  0x2072:                   0
 BroadcastFramesSent  0x2073:                   0
 SentMultiple         0x2074:                   0
 FCSent               0x2075:                   0
 FCReceived           0x2076:                   0
 RxFIFOOverrun        0x2077:                   0
 Undersize            0x2078:                   0
 Fragments            0x2079:                   0
 Oversize             0x207a:                   0
 Jabber               0x207b:                   0
 RxError              0x207c:                   0
 BadCrc               0x207d:                   0
 Collisions           0x207e:                   0
 LateCollisions       0x207f:                   0

MAC MIB Counters (System MAC, phyPorts 1/3):
 GoodOctetsReceived   0x20a0:                   0
 BadOctetsReceived    0x20a2:                   0
 TxFIFOunderrun/TxCRC 0x20a3:                   0
 UnicastFramesReceive 0x20a4:                   0
 SentDeferred         0x20a5:                   0
 BroadcastFramesRecei 0x20a6:                   0
 MulticastFramesRecei 0x20a7:                   0
 Frames64Octets       0x20a8:                   0
 Frames65to127Octets  0x20a9:                   0
 Frames128to255Octets 0x20aa:                   0
 Frames256to511Octets 0x20ab:                   0
 Frames512to1023Octet 0x20ac:                   0
 Frames1024toMaxOctet 0x20ad:                   0
 GoodOctetsSent       0x20ae:                   0
 UnicastFramesSent    0x20b0:                   0
 ExcessiveCollision   0x20b1:                   0
 MulticastFramesSent  0x20b2:                   0
 BroadcastFramesSent  0x20b3:                   0
 SentMultiple         0x20b4:                   0
 FCSent               0x20b5:                   0
 FCReceived           0x20b6:                   0
 RxFIFOOverrun        0x20b7:                   0
 Undersize            0x20b8:                   0
 Fragments            0x20b9:                   0
 Oversize             0x20ba:                   0
 Jabber               0x20bb:                   0
 RxError              0x20bc:                   0
 BadCrc               0x20bd:                   0
 Collisions           0x20be:                   0
 LateCollisions       0x20bf:                   0


Port configuration:
  lport 19   macStatus:       0x12013010      value: 0x0000A402
             macCtrl:         0x12013000      value: 0x00008BE5
             autoNegCtrl:     0x1201300C      value: 0x0000B0E8
             macCtrl1:        0x12013004      value: 0x00003783
             macCtrl2:        0x12013008      value: 0x0000C008
             macCtrl3:        0x12013048      value: 0x00000300
             macCtrl4:        0x12013090      value: 0x00004C02
             portControl:     0x01013000      value: 0x00208041

Phy address is: 12

PHY Registers for dev 1 (port 18)
  	hwMode (4 QSGMII to SGMII)

SGMII link partner ()
  Enabled Incomplete
  Link
    link partner Down
  Flow Control
    Partner   ( )
  Duplex
    Partner   (Duplex half)
  Speed
    Partner   (Speed 10Mbps)

Page 0 - Copper
  0 1940  1 7949  2 0141  3 0EC0  4 01E1  5 0000  6 0004  7 2001
  8 0000  9 0F00 10 4000 13 4007 14 0000 15 3000 16 3060 17 8040
 18 0000 19 0040 20 0020 21 0000 23 0000 26 0040
Page 1 - SGMII
  0 1140  1 0149  2 0141  3 0EC0  4 0001  5 0000  6 0004  7 2001
  8 0000 15 C000 16 4207 17 8010 18 0000 19 0000 21 0000 23 0000
 24 0000 25 0000 26 0042
Page 2 - Mac
 16 6008 18 0000 19 0000 21 1046
Page 3 - LED
 16 887F 17 8005 18 4905 19 0073 28 0003 29 0000
Page 4 - QSGMII
  0 1140  1 0000  4 0901  5 0000  6 0000 16 6224 17 8000 18 0000
 19 0000 20 0000 21 0000 23 0000 24 0000 25 0000 26 3002 27 3F80
 28 0000
Page 5 - VCT
 16 0000 17 0000 18 0000 19 0000 20 0000 21 2000 23 0603 24 0000
 25 0104 26 0F12 27 0A0C 28 0C06
Page 6 - Packet
 16 0000 17 0000 18 0000 19 000B 23 0000 24 0000 25 0000 26 190E
Page 7 - Cable
 16 0000 17 0000 18 0000 19 0000 20 0000 21 0000 25 0104 26 0F12
 27 0A0C 28 0006
Page 18 - Common
  0 0000  1 0000  2 0000 16 0000 17 0000 19 000B 20 0004 25 0000
 26 0000 27 2000
Page 255 - Factory
  0 0000  1 0000  2 0000  3 0000  4 0000  5 0000  6 0000  7 0000
  8 0000  9 0000 10 0000 11 0000 12 0000 13 0000 14 0000 15 0000
 16 0159 17 0000 18 4F8D 19 0000 20 0000 21 0000 23 0000 24 0000
 25 0000 26 0000 27 0000 28 0000 29 0000 30 0000 31 0000

Clause 45 PHY Information for dev 1 port 18:

 Device 3 PCS registers: length 4 devNum 1
  0000=0000  0001=0042  0014=0006  0016=0000  
 Device 7 EEE autoneg registers: length 2 devNum 1
  003C=0000  003D=0000  


MacSec PHY Information for dev 1 port 18:

 Slice registers: length 87 devNum 1
  1000=88e58100  1001=00400030  1002=00000000  1003=00000000  1004=00000000  
  1005=00000000  1006=00000000  1007=00000001  1009=00001008  100B=0fb40000  
  100C=00000000  100D=00000000  100E=00000000  1010=00000005  1011=00000000  
  1012=00000000  1015=00000000  1016=00000000  1017=00000000  1018=00000000  
  1019=00000006  101A=00000000  101B=00000000  101C=00000000  101D=00000000  
  101E=00000000  101F=00000000  1020=00000000  1021=00000000  1022=00000000  
  1023=00000000  1024=00000000  1025=00000000  1026=00000000  1027=00000000  
  1028=00000000  1029=00000000  102A=00000000  102B=00000000  102C=00000000  
  102D=00000000  102E=00000000  102F=00000000  1030=888e8808  1031=00000000  
  1032=00000000  1033=00000000  1040=00011849  1041=00020081  1042=00000008  
  1043=00000020  1044=00000001  1045=00000000  1046=00000000  1047=0007fe43  
  1048=0009a520  1050=000117c9  1051=00010081  1052=00000000  1053=00000030  
  1054=00000005  1055=00000000  1056=00000000  1057=0007fe43  1058=0009a520  
  1070=00000077  1071=5a000000  1072=00000000  1073=00000000  1074=00000004  
  1076=00002006  1077=00000000  1078=00000000  1079=004050f0  107A=00010000  
  107B=00000000  107C=00000000  107D=00000000  107E=00000000  107F=00000000  
  13C0=111e2020  13C1=00000000  13C2=00000000  13C3=00000003  13C4=000050f0  
  13C6=00001400  13C7=00005096  

MAC MIB Counters (Wire MAC):
 GoodOctetsReceived   0x2040:                   0
 BadOctetsReceived    0x2042:                   0
 TxFIFOunderrun/TxCRC 0x2043:                   0
 UnicastFramesReceive 0x2044:                   0
 SentDeferred         0x2045:                   0
 BroadcastFramesRecei 0x2046:                   0
 MulticastFramesRecei 0x2047:                   0
 Frames64Octets       0x2048:                   0
 Frames65to127Octets  0x2049:                   0
 Frames128to255Octets 0x204a:                   0
 Frames256to511Octets 0x204b:                   0
 Frames512to1023Octet 0x204c:                   0
 Frames1024toMaxOctet 0x204d:                   0
 GoodOctetsSent       0x204e:                   0
 UnicastFramesSent    0x2050:                   0
 ExcessiveCollision   0x2051:                   0
 MulticastFramesSent  0x2052:                   0
 BroadcastFramesSent  0x2053:                   0
 SentMultiple         0x2054:                   0
 FCSent               0x2055:                   0
 FCReceived           0x2056:                   0
 RxFIFOOverrun        0x2057:                   0
 Undersize            0x2058:                   0
 Fragments            0x2059:                   0
 Oversize             0x205a:                   0
 Jabber               0x205b:                   0
 RxError              0x205c:                   0
 BadCrc               0x205d:                   0
 Collisions           0x205e:                   0
 LateCollisions       0x205f:                   0

MAC MIB Counters (System MAC, phyPorts 0/2):
 GoodOctetsReceived   0x2080:                   0
 BadOctetsReceived    0x2082:                   0
 TxFIFOunderrun/TxCRC 0x2083:                   0
 UnicastFramesReceive 0x2084:                   0
 SentDeferred         0x2085:                   0
 BroadcastFramesRecei 0x2086:                   0
 MulticastFramesRecei 0x2087:                   0
 Frames64Octets       0x2088:                   0
 Frames65to127Octets  0x2089:                   0
 Frames128to255Octets 0x208a:                   0
 Frames256to511Octets 0x208b:                   0
 Frames512to1023Octet 0x208c:                   0
 Frames1024toMaxOctet 0x208d:                   0
 GoodOctetsSent       0x208e:                   0
 UnicastFramesSent    0x2090:                   0
 ExcessiveCollision   0x2091:                   0
 MulticastFramesSent  0x2092:                   0
 BroadcastFramesSent  0x2093:                   0
 SentMultiple         0x2094:                   0
 FCSent               0x2095:                   0
 FCReceived           0x2096:                   0
 RxFIFOOverrun        0x2097:                   0
 Undersize            0x2098:                   0
 Fragments            0x2099:                   0
 Oversize             0x209a:                   0
 Jabber               0x209b:                   0
 RxError              0x209c:                   0
 BadCrc               0x209d:                   0
 Collisions           0x209e:                   0
 LateCollisions       0x209f:                   0


Port configuration:
  lport 18   macStatus:       0x12012010      value: 0x0000A402
             macCtrl:         0x12012000      value: 0x00008BE5
             autoNegCtrl:     0x1201200C      value: 0x0000B0E8
             macCtrl1:        0x12012004      value: 0x00003783
             macCtrl2:        0x12012008      value: 0x0000C008
             macCtrl3:        0x12012048      value: 0x00000300
             macCtrl4:        0x12012090      value: 0x00004802
             portControl:     0x01012000      value: 0x00208041

Phy address is: 15

PHY Registers for dev 1 (port 21)
  	hwMode (2 QSGMII to 1000BASE-X)

Fiber Auto Negotiation
  Enabled Incomplete
  Flow Control
    Advertised(None)
    Partner   (None)
  Speed, Duplex
    Advertised(1000BASEX(Full ) )
    Partner   ()
  remote fault (None)

Page 0 - Copper
  0 1940  1 7949  2 0141  3 0EC0  4 01E1  5 0000  6 0004  7 2001
  8 0000  9 0F00 10 4000 13 4007 14 0000 15 3000 16 3060 17 8000
 18 0000 19 0040 20 0020 21 0000 23 0000 26 0040
Page 1 - SGMII
  0 1140  1 0149  2 0141  3 0EC0  4 0020  5 0000  6 0004  7 2001
  8 0000 15 C000 16 4005 17 8010 18 0000 19 0000 21 0000 23 0000
 24 0000 25 0000 26 0042
Page 2 - Mac
 16 6008 18 0000 19 0000 21 1046
Page 3 - LED
 16 887F 17 8005 18 4905 19 0073 28 0003 29 0000
Page 4 - QSGMII
  0 1140  1 0000  4 0901  5 0000  6 0000 16 6224 17 8000 18 0000
 19 0000 20 0000 21 0000 23 0000 24 0000 25 0000 26 3002 27 3F80
 28 0000
Page 5 - VCT
 16 0000 17 0000 18 0000 19 0000 20 0000 21 2000 23 0603 24 0000
 25 0104 26 0F12 27 0A0C 28 0C06
Page 6 - Packet
 16 0000 17 0000 18 0000 19 000B 23 0000 24 0000 25 0000 26 190E
Page 7 - Cable
 16 0000 17 0000 18 0000 19 0000 20 0000 21 0000 25 0104 26 0F12
 27 0A0C 28 0006
Page 18 - Common
  0 0000  1 0000  2 0000 16 0000 17 0000 19 000B 20 0002 25 0000
 26 0000 27 2000
Page 255 - Factory
  0 0000  1 0000  2 0000  3 0000  4 0000  5 0000  6 0000  7 0000
  8 0000  9 0000 10 0000 11 0000 12 0000 13 0000 14 0000 15 0000
 16 0159 17 0000 18 00EC 19 0000 20 0000 21 0000 23 0000 24 0000
 25 0000 26 0000 27 0000 28 0000 29 0000 30 0000 31 0000

Clause 45 PHY Information for dev 1 port 21:

 Device 3 PCS registers: length 4 devNum 1
  0000=0000  0001=0042  0014=0006  0016=0000  
 Device 7 EEE autoneg registers: length 2 devNum 1
  003C=0000  003D=0000  


MacSec PHY Information for dev 1 port 21:

 Slice registers: length 87 devNum 1
  0800=88e58100  0801=00400030  0802=00000000  0803=00000000  0804=00000000  
  0805=00000000  0806=00000000  0807=00000001  0809=00001008  080B=0fb40000  
  080C=00000000  080D=00000000  080E=00000000  0810=00000005  0811=00000000  
  0812=00000000  0815=00000000  0816=00000000  0817=00000000  0818=00000000  
  0819=00000006  081A=00000000  081B=00000000  081C=00000000  081D=00000000  
  081E=00000000  081F=00000000  0820=00000000  0821=00000000  0822=00000000  
  0823=00000000  0824=00000000  0825=00000000  0826=00000000  0827=00000000  
  0828=00000000  0829=00000000  082A=00000000  082B=00000000  082C=00000000  
  082D=00000000  082E=00000000  082F=00000000  0830=888e8808  0831=00000000  
  0832=00000000  0833=00000000  0840=00011849  0841=00020081  0842=00000008  
  0843=00000020  0844=00000001  0845=00000000  0846=00000000  0847=0007fe43  
  0848=0009a520  0850=000117c9  0851=00010081  0852=00000000  0853=00000030  
  0854=00000005  0855=00000000  0856=00000000  0857=0007fe43  0858=0009a520  
  0870=00000077  0871=5a000000  0872=00000000  0873=00000000  0874=00000004  
  0876=00002006  0877=00000000  0878=00000000  0879=004050f0  087A=00010000  
  087B=00000000  087C=00000000  087D=00000000  087E=00000000  087F=00000000  
  0BC0=111e2020  0BC1=00000000  0BC2=00000000  0BC3=00000003  0BC4=000050f0  
  0BC6=00001400  0BC7=00005096  

MAC MIB Counters (Wire MAC):
 GoodOctetsReceived   0x2020:                   0
 BadOctetsReceived    0x2022:                   0
 TxFIFOunderrun/TxCRC 0x2023:                   0
 UnicastFramesReceive 0x2024:                   0
 SentDeferred         0x2025:                   0
 BroadcastFramesRecei 0x2026:                   0
 MulticastFramesRecei 0x2027:                   0
 Frames64Octets       0x2028:                   0
 Frames65to127Octets  0x2029:                   0
 Frames128to255Octets 0x202a:                   0
 Frames256to511Octets 0x202b:                   0
 Frames512to1023Octet 0x202c:                   0
 Frames1024toMaxOctet 0x202d:                   0
 GoodOctetsSent       0x202e:                   0
 UnicastFramesSent    0x2030:                   0
 ExcessiveCollision   0x2031:                   0
 MulticastFramesSent  0x2032:                   0
 BroadcastFramesSent  0x2033:                   0
 SentMultiple         0x2034:                   0
 FCSent               0x2035:                   0
 FCReceived           0x2036:                   0
 RxFIFOOverrun        0x2037:                   0
 Undersize            0x2038:                   0
 Fragments            0x2039:                   0
 Oversize             0x203a:                   0
 Jabber               0x203b:                   0
 RxError              0x203c:                   0
 BadCrc               0x203d:                   0
 Collisions           0x203e:                   0
 LateCollisions       0x203f:                   0

MAC MIB Counters (System MAC, phyPorts 1/3):
 GoodOctetsReceived   0x20a0:                   0
 BadOctetsReceived    0x20a2:                   0
 TxFIFOunderrun/TxCRC 0x20a3:                   0
 UnicastFramesReceive 0x20a4:                   0
 SentDeferred         0x20a5:                   0
 BroadcastFramesRecei 0x20a6:                   0
 MulticastFramesRecei 0x20a7:                   0
 Frames64Octets       0x20a8:                   0
 Frames65to127Octets  0x20a9:                   0
 Frames128to255Octets 0x20aa:                   0
 Frames256to511Octets 0x20ab:                   0
 Frames512to1023Octet 0x20ac:                   0
 Frames1024toMaxOctet 0x20ad:                   0
 GoodOctetsSent       0x20ae:                   0
 UnicastFramesSent    0x20b0:                   0
 ExcessiveCollision   0x20b1:                   0
 MulticastFramesSent  0x20b2:                   0
 BroadcastFramesSent  0x20b3:                   0
 SentMultiple         0x20b4:                   0
 FCSent               0x20b5:                   0
 FCReceived           0x20b6:                   0
 RxFIFOOverrun        0x20b7:                   0
 Undersize            0x20b8:                   0
 Fragments            0x20b9:                   0
 Oversize             0x20ba:                   0
 Jabber               0x20bb:                   0
 RxError              0x20bc:                   0
 BadCrc               0x20bd:                   0
 Collisions           0x20be:                   0
 LateCollisions       0x20bf:                   0


Port configuration:
  lport 21   macStatus:       0x12015010      value: 0x0000A400
             macCtrl:         0x12015000      value: 0x00008BE5
             autoNegCtrl:     0x1201500C      value: 0x0000B0EC
             macCtrl1:        0x12015004      value: 0x00003783
             macCtrl2:        0x12015008      value: 0x0000C009
             macCtrl3:        0x12015048      value: 0x00000300
             macCtrl4:        0x12015090      value: 0x00005502
             portControl:     0x01015000      value: 0x00208041

Phy address is: 14

PHY Registers for dev 1 (port 20)
  	hwMode (4 QSGMII to SGMII)

SGMII link partner ()
  Enabled Incomplete
  Link
    link partner Down
  Flow Control
    Partner   ( )
  Duplex
    Partner   (Duplex half)
  Speed
    Partner   (Speed 10Mbps)

Page 0 - Copper
  0 1940  1 7949  2 0141  3 0EC0  4 01E1  5 0000  6 0004  7 2001
  8 0000  9 0F00 10 4000 13 4007 14 0000 15 3000 16 3060 17 8000
 18 0000 19 0040 20 0020 21 0000 23 0000 26 0040
Page 1 - SGMII
  0 1140  1 0149  2 0141  3 0EC0  4 0001  5 0000  6 0004  7 2001
  8 0000 15 C000 16 4207 17 8010 18 0000 19 0000 21 0000 23 0000
 24 0000 25 0000 26 0042
Page 2 - Mac
 16 6008 18 0000 19 0000 21 1046
Page 3 - LED
 16 887F 17 8005 18 4905 19 0073 28 0003 29 0000
Page 4 - QSGMII
  0 1140  1 0000  4 0901  5 0000  6 0000 16 6224 17 8000 18 0000
 19 0000 20 0000 21 0000 23 0000 24 0000 25 0000 26 3002 27 3F80
 28 0000
Page 5 - VCT
 16 0000 17 0000 18 0000 19 0000 20 0000 21 2000 23 0603 24 0000
 25 0104 26 0F12 27 0A0C 28 0C06
Page 6 - Packet
 16 0000 17 0000 18 0000 19 000B 23 0000 24 0000 25 0000 26 190E
Page 7 - Cable
 16 0000 17 0000 18 0000 19 0000 20 0000 21 0000 25 0104 26 0F12
 27 0A0C 28 0006
Page 18 - Common
  0 0000  1 0000  2 0000 16 0000 17 0000 19 000B 20 0004 25 0000
 26 0000 27 2000
Page 255 - Factory
  0 0000  1 0000  2 0000  3 0000  4 0000  5 0000  6 0000  7 0000
  8 0000  9 0000 10 0000 11 0000 12 0000 13 0000 14 0000 15 0000
 16 0159 17 0000 18 0000 19 0000 20 0000 21 0000 23 0000 24 0000
 25 0000 26 0000 27 0000 28 0000 29 0000 30 0000 31 0000

Clause 45 PHY Information for dev 1 port 20:

 Device 3 PCS registers: length 4 devNum 1
  0000=0000  0001=0042  0014=0006  0016=0000  
 Device 7 EEE autoneg registers: length 2 devNum 1
  003C=0000  003D=0000  


MacSec PHY Information for dev 1 port 20:

 Slice registers: length 87 devNum 1
  0000=88e58100  0001=00400030  0002=00000000  0003=00000000  0004=00000000  
  0005=00000000  0006=00000000  0007=00000001  0009=00001008  000B=0fb40000  
  000C=00000000  000D=00000000  000E=00000000  0010=00000005  0011=00000000  
  0012=00000000  0015=00000000  0016=00000000  0017=00000000  0018=00000000  
  0019=00000006  001A=00000000  001B=00000000  001C=00000000  001D=00000000  
  001E=00000000  001F=00000000  0020=00000000  0021=00000000  0022=00000000  
  0023=00000000  0024=00000000  0025=00000000  0026=00000000  0027=00000000  
  0028=00000000  0029=00000000  002A=00000000  002B=00000000  002C=00000000  
  002D=00000000  002E=00000000  002F=00000000  0030=888e8808  0031=00000000  
  0032=00000000  0033=00000000  0040=00011849  0041=00020081  0042=00000008  
  0043=00000020  0044=00000001  0045=00000000  0046=00000000  0047=0007fe43  
  0048=0009a520  0050=000117c9  0051=00010081  0052=00000000  0053=00000030  
  0054=00000005  0055=00000000  0056=00000000  0057=0007fe43  0058=0009a520  
  0070=00000077  0071=5a000000  0072=00000000  0073=00000000  0074=00000004  
  0076=00002006  0077=00000000  0078=00000000  0079=004050f0  007A=00010000  
  007B=00000000  007C=00000000  007D=00000000  007E=00000000  007F=00000000  
  03C0=111e2020  03C1=00000000  03C2=00000000  03C3=00000003  03C4=000050f0  
  03C6=00001400  03C7=00005096  

MAC MIB Counters (Wire MAC):
 GoodOctetsReceived   0x2000:                   0
 BadOctetsReceived    0x2002:                   0
 TxFIFOunderrun/TxCRC 0x2003:                   0
 UnicastFramesReceive 0x2004:                   0
 SentDeferred         0x2005:                   0
 BroadcastFramesRecei 0x2006:                   0
 MulticastFramesRecei 0x2007:                   0
 Frames64Octets       0x2008:                   0
 Frames65to127Octets  0x2009:                   0
 Frames128to255Octets 0x200a:                   0
 Frames256to511Octets 0x200b:                   0
 Frames512to1023Octet 0x200c:                   0
 Frames1024toMaxOctet 0x200d:                   0
 GoodOctetsSent       0x200e:                   0
 UnicastFramesSent    0x2010:                   0
 ExcessiveCollision   0x2011:                   0
 MulticastFramesSent  0x2012:                   0
 BroadcastFramesSent  0x2013:                   0
 SentMultiple         0x2014:                   0
 FCSent               0x2015:                   0
 FCReceived           0x2016:                   0
 RxFIFOOverrun        0x2017:                   0
 Undersize            0x2018:                   0
 Fragments            0x2019:                   0
 Oversize             0x201a:                   0
 Jabber               0x201b:                   0
 RxError              0x201c:                   0
 BadCrc               0x201d:                   0
 Collisions           0x201e:                   0
 LateCollisions       0x201f:                   0

MAC MIB Counters (System MAC, phyPorts 0/2):
 GoodOctetsReceived   0x2080:                   0
 BadOctetsReceived    0x2082:                   0
 TxFIFOunderrun/TxCRC 0x2083:                   0
 UnicastFramesReceive 0x2084:                   0
 SentDeferred         0x2085:                   0
 BroadcastFramesRecei 0x2086:                   0
 MulticastFramesRecei 0x2087:                   0
 Frames64Octets       0x2088:                   0
 Frames65to127Octets  0x2089:                   0
 Frames128to255Octets 0x208a:                   0
 Frames256to511Octets 0x208b:                   0
 Frames512to1023Octet 0x208c:                   0
 Frames1024toMaxOctet 0x208d:                   0
 GoodOctetsSent       0x208e:                   0
 UnicastFramesSent    0x2090:                   0
 ExcessiveCollision   0x2091:                   0
 MulticastFramesSent  0x2092:                   0
 BroadcastFramesSent  0x2093:                   0
 SentMultiple         0x2094:                   0
 FCSent               0x2095:                   0
 FCReceived           0x2096:                   0
 RxFIFOOverrun        0x2097:                   0
 Undersize            0x2098:                   0
 Fragments            0x2099:                   0
 Oversize             0x209a:                   0
 Jabber               0x209b:                   0
 RxError              0x209c:                   0
 BadCrc               0x209d:                   0
 Collisions           0x209e:                   0
 LateCollisions       0x209f:                   0


Port configuration:
  lport 20   macStatus:       0x12014010      value: 0x0000A402
             macCtrl:         0x12014000      value: 0x00008BE5
             autoNegCtrl:     0x1201400C      value: 0x0000B0E8
             macCtrl1:        0x12014004      value: 0x00003783
             macCtrl2:        0x12014008      value: 0x0000C008
             macCtrl3:        0x12014048      value: 0x00000300
             macCtrl4:        0x12014090      value: 0x00005002
             portControl:     0x01014000      value: 0x00208041

Phy address is: 17

PHY Registers for dev 1 (port 23)
  	hwMode (2 QSGMII to 1000BASE-X)

Fiber Auto Negotiation
  Enabled Incomplete
  Flow Control
    Advertised(None)
    Partner   (None)
  Speed, Duplex
    Advertised(1000BASEX(Full ) )
    Partner   ()
  remote fault (None)

Page 0 - Copper
  0 1940  1 7949  2 0141  3 0EC0  4 01E1  5 0000  6 0004  7 2001
  8 0000  9 0F00 10 4000 13 4007 14 0000 15 3000 16 3060 17 8000
 18 0000 19 0040 20 0020 21 0000 23 0000 26 0040
Page 1 - SGMII
  0 1140  1 0149  2 0141  3 0EC0  4 0020  5 0000  6 0004  7 2001
  8 0000 15 C000 16 4005 17 8010 18 0000 19 0000 21 0000 23 0000
 24 0000 25 0000 26 0042
Page 2 - Mac
 16 6008 18 0000 19 0000 21 1046
Page 3 - LED
 16 887F 17 8005 18 4905 19 0073 28 0003 29 0000
Page 4 - QSGMII
  0 1140  1 0000  4 0901  5 0000  6 0000 16 6224 17 8000 18 0000
 19 0000 20 0000 21 0000 23 0000 24 0000 25 0000 26 3002 27 3F80
 28 0000
Page 5 - VCT
 16 0000 17 0000 18 0000 19 0000 20 0000 21 2000 23 0603 24 0000
 25 0104 26 0F12 27 0A0C 28 0C06
Page 6 - Packet
 16 0000 17 0000 18 0000 19 000B 23 0000 24 0000 25 0000 26 190E
Page 7 - Cable
 16 0000 17 0000 18 0000 19 0000 20 0000 21 0000 25 0104 26 0F12
 27 0A0C 28 0006
Page 18 - Common
  0 0000  1 0000  2 0000 16 0000 17 0000 19 000B 20 0002 25 0000
 26 0000 27 2000
Page 255 - Factory
  0 0000  1 0000  2 0000  3 0000  4 0000  5 0000  6 0000  7 0000
  8 0000  9 0000 10 0000 11 0000 12 0000 13 0000 14 0000 15 0000
 16 0159 17 0000 18 C226 19 0000 20 0000 21 0000 23 0000 24 0000
 25 0000 26 0000 27 0000 28 0000 29 0000 30 0000 31 0000

Clause 45 PHY Information for dev 1 port 23:

 Device 3 PCS registers: length 4 devNum 1
  0000=0000  0001=0042  0014=0006  0016=0000  
 Device 7 EEE autoneg registers: length 2 devNum 1
  003C=0000  003D=0000  


MacSec PHY Information for dev 1 port 23:

 Slice registers: length 87 devNum 1
  1800=88e58100  1801=00400030  1802=00000000  1803=00000000  1804=00000000  
  1805=00000000  1806=00000000  1807=00000001  1809=00001008  180B=0fb40000  
  180C=00000000  180D=00000000  180E=00000000  1810=00000005  1811=00000000  
  1812=00000000  1815=00000000  1816=00000000  1817=00000000  1818=00000000  
  1819=00000006  181A=00000000  181B=00000000  181C=00000000  181D=00000000  
  181E=00000000  181F=00000000  1820=00000000  1821=00000000  1822=00000000  
  1823=00000000  1824=00000000  1825=00000000  1826=00000000  1827=00000000  
  1828=00000000  1829=00000000  182A=00000000  182B=00000000  182C=00000000  
  182D=00000000  182E=00000000  182F=00000000  1830=888e8808  1831=00000000  
  1832=00000000  1833=00000000  1840=00011849  1841=00020081  1842=00000008  
  1843=00000020  1844=00000001  1845=00000000  1846=00000000  1847=0007fe43  
  1848=0009a520  1850=000117c9  1851=00010081  1852=00000000  1853=00000030  
  1854=00000005  1855=00000000  1856=00000000  1857=0007fe43  1858=0009a520  
  1870=00000077  1871=5a000000  1872=00000000  1873=00000000  1874=00000004  
  1876=00002006  1877=00000000  1878=00000000  1879=004050f0  187A=00010000  
  187B=00000000  187C=00000000  187D=00000000  187E=00000000  187F=00000000  
  1BC0=111e2020  1BC1=00000000  1BC2=00000000  1BC3=00000003  1BC4=000050f0  
  1BC6=00001400  1BC7=00005096  

MAC MIB Counters (Wire MAC):
 GoodOctetsReceived   0x2060:                   0
 BadOctetsReceived    0x2062:                   0
 TxFIFOunderrun/TxCRC 0x2063:                   0
 UnicastFramesReceive 0x2064:                   0
 SentDeferred         0x2065:                   0
 BroadcastFramesRecei 0x2066:                   0
 MulticastFramesRecei 0x2067:                   0
 Frames64Octets       0x2068:                   0
 Frames65to127Octets  0x2069:                   0
 Frames128to255Octets 0x206a:                   0
 Frames256to511Octets 0x206b:                   0
 Frames512to1023Octet 0x206c:                   0
 Frames1024toMaxOctet 0x206d:                   0
 GoodOctetsSent       0x206e:                   0
 UnicastFramesSent    0x2070:                   0
 ExcessiveCollision   0x2071:                   0
 MulticastFramesSent  0x2072:                   0
 BroadcastFramesSent  0x2073:                   0
 SentMultiple         0x2074:                   0
 FCSent               0x2075:                   0
 FCReceived           0x2076:                   0
 RxFIFOOverrun        0x2077:                   0
 Undersize            0x2078:                   0
 Fragments            0x2079:                   0
 Oversize             0x207a:                   0
 Jabber               0x207b:                   0
 RxError              0x207c:                   0
 BadCrc               0x207d:                   0
 Collisions           0x207e:                   0
 LateCollisions       0x207f:                   0

MAC MIB Counters (System MAC, phyPorts 1/3):
 GoodOctetsReceived   0x20a0:                   0
 BadOctetsReceived    0x20a2:                   0
 TxFIFOunderrun/TxCRC 0x20a3:                   0
 UnicastFramesReceive 0x20a4:                   0
 SentDeferred         0x20a5:                   0
 BroadcastFramesRecei 0x20a6:                   0
 MulticastFramesRecei 0x20a7:                   0
 Frames64Octets       0x20a8:                   0
 Frames65to127Octets  0x20a9:                   0
 Frames128to255Octets 0x20aa:                   0
 Frames256to511Octets 0x20ab:                   0
 Frames512to1023Octet 0x20ac:                   0
 Frames1024toMaxOctet 0x20ad:                   0
 GoodOctetsSent       0x20ae:                   0
 UnicastFramesSent    0x20b0:                   0
 ExcessiveCollision   0x20b1:                   0
 MulticastFramesSent  0x20b2:                   0
 BroadcastFramesSent  0x20b3:                   0
 SentMultiple         0x20b4:                   0
 FCSent               0x20b5:                   0
 FCReceived           0x20b6:                   0
 RxFIFOOverrun        0x20b7:                   0
 Undersize            0x20b8:                   0
 Fragments            0x20b9:                   0
 Oversize             0x20ba:                   0
 Jabber               0x20bb:                   0
 RxError              0x20bc:                   0
 BadCrc               0x20bd:                   0
 Collisions           0x20be:                   0
 LateCollisions       0x20bf:                   0


Port configuration:
  lport 23   macStatus:       0x12017010      value: 0x0000A400
             macCtrl:         0x12017000      value: 0x00008BE5
             autoNegCtrl:     0x1201700C      value: 0x0000B0EC
             macCtrl1:        0x12017004      value: 0x00003783
             macCtrl2:        0x12017008      value: 0x0000C009
             macCtrl3:        0x12017048      value: 0x00000300
             macCtrl4:        0x12017090      value: 0x00005D02
             portControl:     0x01017000      value: 0x00208041

Phy address is: 16

PHY Registers for dev 1 (port 22)
  	hwMode (4 QSGMII to SGMII)

SGMII link partner ()
  Enabled Incomplete
  Link
    link partner Down
  Flow Control
    Partner   ( )
  Duplex
    Partner   (Duplex half)
  Speed
    Partner   (Speed 10Mbps)

Page 0 - Copper
  0 1940  1 7949  2 0141  3 0EC0  4 01E1  5 0000  6 0004  7 2001
  8 0000  9 0F00 10 4000 13 4007 14 0000 15 3000 16 3060 17 8000
 18 0000 19 0040 20 0020 21 0000 23 0000 26 0040
Page 1 - SGMII
  0 1140  1 0149  2 0141  3 0EC0  4 0001  5 0000  6 0004  7 2001
  8 0000 15 C000 16 4207 17 8010 18 0000 19 0000 21 0000 23 0000
 24 0000 25 0000 26 0042
Page 2 - Mac
 16 6008 18 0000 19 0000 21 1046
Page 3 - LED
 16 887F 17 8005 18 4905 19 0073 28 0003 29 0000
Page 4 - QSGMII
  0 1140  1 0000  4 0901  5 0000  6 0000 16 6224 17 8000 18 0000
 19 0000 20 0000 21 0000 23 0000 24 0000 25 0000 26 3002 27 3F80
 28 0000
Page 5 - VCT
 16 0000 17 0000 18 0000 19 0000 20 0000 21 2000 23 0603 24 0000
 25 0104 26 0F12 27 0A0C 28 0C06
Page 6 - Packet
 16 0000 17 0000 18 0000 19 000B 23 0000 24 0000 25 0000 26 190E
Page 7 - Cable
 16 0000 17 0000 18 0000 19 0000 20 0000 21 0000 25 0104 26 0F12
 27 0A0C 28 0006
Page 18 - Common
  0 0000  1 0000  2 0000 16 0000 17 0000 19 000B 20 0004 25 0000
 26 0000 27 2000
Page 255 - Factory
  0 0000  1 0000  2 0000  3 0000  4 0000  5 0000  6 0000  7 0000
  8 0000  9 0000 10 0000 11 0000 12 0000 13 0000 14 0000 15 0000
 16 0159 17 0000 18 AD82 19 0000 20 0000 21 0000 23 0000 24 0000
 25 0000 26 0000 27 0000 28 0000 29 0000 30 0000 31 0000

Clause 45 PHY Information for dev 1 port 22:

 Device 3 PCS registers: length 4 devNum 1
  0000=0000  0001=0042  0014=0006  0016=0000  
 Device 7 EEE autoneg registers: length 2 devNum 1
  003C=0000  003D=0000  


MacSec PHY Information for dev 1 port 22:

 Slice registers: length 87 devNum 1
  1000=88e58100  1001=00400030  1002=00000000  1003=00000000  1004=00000000  
  1005=00000000  1006=00000000  1007=00000001  1009=00001008  100B=0fb40000  
  100C=00000000  100D=00000000  100E=00000000  1010=00000005  1011=00000000  
  1012=00000000  1015=00000000  1016=00000000  1017=00000000  1018=00000000  
  1019=00000006  101A=00000000  101B=00000000  101C=00000000  101D=00000000  
  101E=00000000  101F=00000000  1020=00000000  1021=00000000  1022=00000000  
  1023=00000000  1024=00000000  1025=00000000  1026=00000000  1027=00000000  
  1028=00000000  1029=00000000  102A=00000000  102B=00000000  102C=00000000  
  102D=00000000  102E=00000000  102F=00000000  1030=888e8808  1031=00000000  
  1032=00000000  1033=00000000  1040=00011849  1041=00020081  1042=00000008  
  1043=00000020  1044=00000001  1045=00000000  1046=00000000  1047=0007fe43  
  1048=0009a520  1050=000117c9  1051=00010081  1052=00000000  1053=00000030  
  1054=00000005  1055=00000000  1056=00000000  1057=0007fe43  1058=0009a520  
  1070=00000077  1071=5a000000  1072=00000000  1073=00000000  1074=00000004  
  1076=00002006  1077=00000000  1078=00000000  1079=004050f0  107A=00010000  
  107B=00000000  107C=00000000  107D=00000000  107E=00000000  107F=00000000  
  13C0=111e2020  13C1=00000000  13C2=00000000  13C3=00000003  13C4=000050f0  
  13C6=00001400  13C7=00005096  

MAC MIB Counters (Wire MAC):
 GoodOctetsReceived   0x2040:                   0
 BadOctetsReceived    0x2042:                   0
 TxFIFOunderrun/TxCRC 0x2043:                   0
 UnicastFramesReceive 0x2044:                   0
 SentDeferred         0x2045:                   0
 BroadcastFramesRecei 0x2046:                   0
 MulticastFramesRecei 0x2047:                   0
 Frames64Octets       0x2048:                   0
 Frames65to127Octets  0x2049:                   0
 Frames128to255Octets 0x204a:                   0
 Frames256to511Octets 0x204b:                   0
 Frames512to1023Octet 0x204c:                   0
 Frames1024toMaxOctet 0x204d:                   0
 GoodOctetsSent       0x204e:                   0
 UnicastFramesSent    0x2050:                   0
 ExcessiveCollision   0x2051:                   0
 MulticastFramesSent  0x2052:                   0
 BroadcastFramesSent  0x2053:                   0
 SentMultiple         0x2054:                   0
 FCSent               0x2055:                   0
 FCReceived           0x2056:                   0
 RxFIFOOverrun        0x2057:                   0
 Undersize            0x2058:                   0
 Fragments            0x2059:                   0
 Oversize             0x205a:                   0
 Jabber               0x205b:                   0
 RxError              0x205c:                   0
 BadCrc               0x205d:                   0
 Collisions           0x205e:                   0
 LateCollisions       0x205f:                   0

MAC MIB Counters (System MAC, phyPorts 0/2):
 GoodOctetsReceived   0x2080:                   0
 BadOctetsReceived    0x2082:                   0
 TxFIFOunderrun/TxCRC 0x2083:                   0
 UnicastFramesReceive 0x2084:                   0
 SentDeferred         0x2085:                   0
 BroadcastFramesRecei 0x2086:                   0
 MulticastFramesRecei 0x2087:                   0
 Frames64Octets       0x2088:                   0
 Frames65to127Octets  0x2089:                   0
 Frames128to255Octets 0x208a:                   0
 Frames256to511Octets 0x208b:                   0
 Frames512to1023Octet 0x208c:                   0
 Frames1024toMaxOctet 0x208d:                   0
 GoodOctetsSent       0x208e:                   0
 UnicastFramesSent    0x2090:                   0
 ExcessiveCollision   0x2091:                   0
 MulticastFramesSent  0x2092:                   0
 BroadcastFramesSent  0x2093:                   0
 SentMultiple         0x2094:                   0
 FCSent               0x2095:                   0
 FCReceived           0x2096:                   0
 RxFIFOOverrun        0x2097:                   0
 Undersize            0x2098:                   0
 Fragments            0x2099:                   0
 Oversize             0x209a:                   0
 Jabber               0x209b:                   0
 RxError              0x209c:                   0
 BadCrc               0x209d:                   0
 Collisions           0x209e:                   0
 LateCollisions       0x209f:                   0


Port configuration:
  lport 22   macStatus:       0x12016010      value: 0x0000A402
             macCtrl:         0x12016000      value: 0x00008BE5
             autoNegCtrl:     0x1201600C      value: 0x0000B0E8
             macCtrl1:        0x12016004      value: 0x00003783
             macCtrl2:        0x12016008      value: 0x0000C008
             macCtrl3:        0x12016048      value: 0x00000300
             macCtrl4:        0x12016090      value: 0x00005802
             portControl:     0x01016000      value: 0x00208041


Port configuration:
  lport 25   macStatus:       0x120D900C      value: 0x00000008
             macCtrl:         0x120D9000      value: 0x00000201
             macCtrl1:        0x120D9004      value: 0x000002F9
             macCtrl2:        0x120D9008      value: 0x0000046F
             macCtrl3:        0x120D901C      value: 0x00002000
             macCtrl4:        0x120D9084      value: 0x00000210
             macCtrl5:        0x120D9088      value: 0x0000900C
             portControl:     0x01019000      value: 0x00208041


Port configuration:
  lport 24   macStatus:       0x120D800C      value: 0x00000008
             macCtrl:         0x120D8000      value: 0x00000201
             macCtrl1:        0x120D8004      value: 0x000002F9
             macCtrl2:        0x120D8008      value: 0x0000046F
             macCtrl3:        0x120D801C      value: 0x00002000
             macCtrl4:        0x120D8084      value: 0x00000210
             macCtrl5:        0x120D8088      value: 0x0000900C
             portControl:     0x01018000      value: 0x00208041


Port configuration:
  lport 27   macStatus:       0x120DB00C      value: 0x00000009
             macCtrl:         0x120DB000      value: 0x00000203
             macCtrl1:        0x120DB004      value: 0x00000330
             macCtrl2:        0x120DB008      value: 0x0000046F
             macCtrl3:        0x120DB01C      value: 0x00002000
             macCtrl4:        0x120DB084      value: 0x00000210
             macCtrl5:        0x120DB088      value: 0x0000924C
             portControl:     0x0101B000      value: 0x00008040


Port configuration:
  lport 26   macStatus:       0x120DA00C      value: 0x00000009
             macCtrl:         0x120DA000      value: 0x00000203
             macCtrl1:        0x120DA004      value: 0x00000330
             macCtrl2:        0x120DA008      value: 0x0000046F
             macCtrl3:        0x120DA01C      value: 0x00002000
             macCtrl4:        0x120DA084      value: 0x00000210
             macCtrl5:        0x120DA088      value: 0x0000924C
             portControl:     0x0101A000      value: 0x00008040

awplus#
>>> show system pluggable diagnostics
show system pluggable diagnostics
System Pluggable Information Diagnostics

port1.0.1
Diagnostics information is not supported by device

port1.0.27
Diagnostics information is not supported by device

port1.0.28
Diagnostics information is not supported by device

port2.0.1
Diagnostics information is not supported by device

port2.0.5          Status             Alarms                    Warnings
                  Reading   Alarm     Max     Min   Warning     Max     Min 
Temp: (Degrees C)  44.902       -  80.000  -5.000         -  70.000   0.000
Vcc: (Volts)       3.2782       -  3.4600  3.1400         -  3.4000  3.2000
Tx Bias: (mA)       5.708       -  12.000   0.000         -  10.000   2.000
Tx Power: (mW)     0.6282       -  1.0000  0.1778         -  0.8912  0.1995
Rx Power: (mW)     0.0000     Low  1.2589  0.0501       Low  1.1220  0.0562
Rx LOS:           Rx Down

port2.0.6
Diagnostics information is not supported by device

port2.0.7
Diagnostics information is not supported by device

port2.0.8
Diagnostics information is not supported by device

port2.0.9          Status             Alarms                    Warnings
                  Reading   Alarm     Max     Min   Warning     Max     Min 
Temp: (Degrees C)  43.625       -  80.000  -5.000         -  70.000   0.000
Vcc: (Volts)       3.3231       -  3.4600  3.0000         -  3.4000  3.2000
Tx Bias: (mA)      131.07       -       -       -         -       -       -
Tx Power: (mW)     6.5535       -       -       -         -       -       -
Rx Power: (mW)     6.5535       -       -       -         -       -       -
Rx LOS:             Rx Up

port2.0.11         Status             Alarms                    Warnings
                  Reading   Alarm     Max     Min   Warning     Max     Min 
Temp: (Degrees C)  39.457       -  80.000  -5.000         -  70.000   0.000
Vcc: (Volts)       3.3484       -  3.4600  3.1400         -  3.4000  3.2000
Tx Bias: (mA)       5.864       -  12.000   0.000         -  10.000   2.000
Tx Power: (mW)     0.5928       -  1.0000  0.1778         -  0.8912  0.1995
Rx Power: (mW)     0.0000     Low  1.2589  0.0501       Low  1.1220  0.0562
Rx LOS:           Rx Down

port2.0.13         Status             Alarms                    Warnings
                  Reading   Alarm     Max     Min   Warning     Max     Min 
Temp: (Degrees C)  41.371       -  80.000  -5.000         -  70.000   0.000
Vcc: (Volts)       3.3262       -  3.4600  3.1400         -  3.4000  3.2000
Tx Bias: (mA)       5.044       -  12.000   0.000         -  10.000   2.000
Tx Power: (mW)     0.5841       -  1.0000  0.1778         -  0.8912  0.1995
Rx Power: (mW)     0.0000     Low  1.2589  0.0501       Low  1.1220  0.0562
Rx LOS:           Rx Down

port2.0.14
Diagnostics information is not supported by device

port2.0.15
Diagnostics information is not supported by device

port2.0.16
Diagnostics information is not supported by device

port2.0.17         Status             Alarms                    Warnings
                  Reading   Alarm     Max     Min   Warning     Max     Min 
Temp: (Degrees C)  40.492       -  80.000  -5.000         -  70.000   0.000
Vcc: (Volts)       3.3366       -  3.4600  3.1400         -  3.4000  3.2000
Tx Bias: (mA)       5.308       -  12.000   0.000         -  10.000   2.000
Tx Power: (mW)     0.5985       -  1.0000  0.1778         -  0.8912  0.1995
Rx Power: (mW)     0.0000     Low  1.2589  0.0501       Low  1.1220  0.0562
Rx LOS:           Rx Down

port2.0.21
Diagnostics information is not supported by device

port2.0.23
Diagnostics information is not supported by device

port2.0.27
Diagnostics information is not supported by device

port2.0.28
Diagnostics information is not supported by device
awplus#
>>> show system pluggable
show system pluggable
System Pluggable Information

Port    Vendor           Device           Serial Number    Datecode Type
--------------------------------------------------------------------------------
1.0.1   ATI              AT-SP10T         A05330R185000464 18122001 10GBASE-T   
1.0.27  TE Connectivity  1-2127931-2      4P812YD21460F9   21111400 1xCOPPER PAS
1.0.28  TE Connectivity  1-2127931-2      17510045         17121800 1xCOPPER PAS
2.0.1   ATI              AT-SP10TM        A10321F233700150 23090401 10GBASE-TM  
2.0.5   ATI              AT-SP10SR        A05160R191700431 190423   10GBASE-SR  
2.0.6   ATR              SFP LOOPBACK V2  20080106-042720  080106   SFP LOOPBACK
2.0.7   ATI              AT-SPSX          A03240R111800014 11050701 1000BASE-SX 
2.0.8   ATR              SFP LOOPBACK V2  20080105-172237  080105   SFP LOOPBACK
2.0.9   ATI              AT-SPTXc         A10217F224400102 221020   1000BASE-T  
2.0.11  ATI              AT-SP10SR        A05160R231400831 230321   10GBASE-SR  
2.0.13  ATI              AT-SP10SR        A05160R191700237 190423   10GBASE-SR  
2.0.14  ATR              SFP LOOPBACK V2  20080106-054258  080106   SFP LOOPBACK
2.0.15  ATI              AT-SPSX          A03240R151300357 15032801 1000BASE-SX 
2.0.16  ATR              SFP LOOPBACK V2  20080105-144552  080105   SFP LOOPBACK
2.0.17  ATI              AT-SP10SR        A05160R202800633 200703   10GBASE-SR  
2.0.21  ATI              AT-SPSX          A03240F223800223 22090801 1000BASE-SX 
2.0.23  ATI              AT-SPSX          A03240F211201156 21030501 1000BASE-SX 
2.0.27  TE Connectivity  1-2127931-2      17510045         17121800 1xCOPPER PAS
2.0.28  TE Connectivity  1-2127931-2      4P812YD21460F9   21111400 1xCOPPER PAS
awplus#
>>> show reboot history
show reboot history

Stack member 1:
<date> <time> <type> <description>
-------------------------------------------------------------------------
2026-08-25 22:35:44 Unexpected System reboot
2026-08-25 04:09:32 Expected   User Request
2026-08-25 02:20:55 Unexpected Rebooting due to VCS duplicate master
2026-08-24 19:22:42 Unexpected System reboot
2026-08-24 04:23:02 Unexpected System reboot
2026-08-23 19:59:08 Unexpected System reboot
2026-08-23 06:48:07 Unexpected System reboot
2026-08-23 05:54:17 Unexpected System reboot
2026-08-23 03:28:56 Unexpected System reboot
2026-08-23 00:15:38 Unexpected System reboot
2026-08-22 16:23:46 Unexpected System reboot
2026-08-21 17:59:05 Unexpected System reboot
2026-08-21 12:57:26 Unexpected System reboot
2026-08-20 10:16:24 Unexpected System reboot
2026-08-20 04:50:42 Unexpected System reboot
2026-08-19 21:20:07 Expected   CLI(user request)
2026-08-19 19:30:16 Unexpected System reboot
2026-08-19 19:06:46 Unexpected System reboot
2026-08-19 18:52:47 Unexpected System reboot
2026-08-19 09:24:03 Unexpected System reboot
2026-08-19 04:15:22 Unexpected System reboot
2026-08-19 03:21:00 Unexpected System reboot
2026-08-19 02:08:21 Unexpected System reboot
2026-08-19 01:03:18 Unexpected System reboot
2026-08-19 00:42:58 Unexpected System reboot
2026-08-18 23:35:58 Unexpected System reboot
2026-08-18 23:16:38 Unexpected System reboot
2026-08-18 23:11:26 Expected   User Request
2026-08-18 22:29:58 Expected   User Request
2026-08-18 21:37:39 Expected   User Request
2026-08-18 20:36:40 Unexpected System reboot
2026-08-18 20:30:33 Unexpected System reboot
2026-08-18 19:23:58 Unexpected Rebooting due to VCS duplicate master
2026-08-18 19:22:02 Unexpected System reboot
2026-08-18 19:17:03 Expected   User Request
2026-08-18 18:19:45 Unexpected System reboot
2026-08-18 04:51:19 Expected   User Request
2026-08-18 04:23:35 Expected   User Request
2026-08-18 04:00:52 Expected   User Request
2026-08-18 03:05:22 Unexpected System reboot
2026-08-18 03:00:24 Expected   User Request
2026-08-18 02:47:42 Unexpected Bootup failed, rebooting.
2026-08-18 02:45:57 Unexpected Bootup failed, rebooting.
2026-08-18 02:44:10 Expected   User Request
2026-08-18 02:11:51 Unexpected System reboot
2026-08-18 02:08:10 Unexpected System reboot
2026-08-18 02:02:33 Expected   User Request
2026-08-18 01:52:40 Unexpected System reboot
2026-08-18 01:49:38 Unexpected System reboot
2026-08-18 01:31:26 Expected   CLI(user request)
2026-08-17 23:45:43 Expected   User Request
2026-08-17 20:49:31 Unexpected System reboot
2026-08-17 20:44:41 Expected   User Request
2026-08-17 20:13:52 Expected   User Request
2026-08-17 02:58:29 Unexpected System reboot
2026-08-17 02:54:13 Expected   User Request
2026-08-17 02:34:41 Expected   User Request
2026-08-17 02:04:52 Expected   User Request
2026-08-13 02:27:21 Expected   User Request
2026-08-13 00:56:01 Expected   User Request
2026-08-12 23:51:57 Expected   User Request
2026-08-12 23:23:30 Expected   User Request
2026-08-12 21:59:22 Unexpected System reboot
2026-08-12 21:54:31 Expected   User Request
2026-08-12 20:31:24 Expected   CLI(user request)
2026-08-12 20:28:14 Unexpected System reboot
2026-08-11 07:37:35 Unexpected System reboot
-------------------------------------------------------------------------


Stack member 2:
<date> <time> <type> <description>
-------------------------------------------------------------------------
2026-08-25 04:09:32 Expected   User Request
2026-08-25 03:45:28 Expected   CLI(user request)
2026-08-24 05:46:47 Unexpected System reboot
2026-08-24 00:33:41 Unexpected System reboot
2026-08-23 18:24:17 Unexpected System reboot
2026-08-21 17:04:11 Unexpected System reboot
2026-08-21 13:44:25 Unexpected System reboot
2026-08-21 03:13:02 Unexpected System reboot
2026-08-20 23:42:56 Unexpected System reboot
2026-08-20 08:58:09 Unexpected System reboot
2026-08-20 02:34:24 Unexpected System reboot
2026-08-19 21:20:02 Expected   CLI(user request)
2026-08-19 20:39:04 Unexpected System reboot
2026-08-19 20:34:23 Unexpected System reboot
2026-08-19 20:30:36 Unexpected System reboot
2026-08-19 20:12:56 Unexpected System reboot
2026-08-19 19:49:52 Unexpected System reboot
2026-08-19 19:41:27 Unexpected System reboot
2026-08-19 19:28:06 Unexpected System reboot
2026-08-19 19:14:45 Unexpected System reboot
2026-08-18 23:53:43 Expected   User Request
2026-08-18 22:49:44 Expected   User Request
2026-08-18 21:55:13 Expected   User Request
2026-08-18 20:36:34 Expected   CLI(user request)
2026-08-18 20:14:49 Unexpected Rebooting due to VCS duplicate member-ID
2026-08-18 19:41:32 Unexpected System reboot
-------------------------------------------------------------------------

awplus#
===== closed /dev/u5 at 2026-08-26 11:59:08 =====
