1790730961.361 14:16:01 login ok
=== 1790730962.513 14:16:02 >>> show clock
UTC Time:   Wed, 30 Sep 2026 01:16:44 +0000
Timezone: UTC
Timezone Offset: +00:00
Summer time zone: None
=== 1790730963.665 14:16:03 >>> show stack
Virtual Chassis Stacking summary information

ID   Pending ID  MAC address        Priority  Status  Role
1    -           84e3.2787.0ac0     128       Ready   Backup Member
2    -           -                  -         -       Provisioned
3    -           84e3.2787.0740     128       Ready   Active Master
4    -           84e3.2787.09c0     128       Ready   Backup Member

Operational Status                 Normal operation
Stack MAC address                  0000.cd37.0d6f (Virtual MAC)
=== 1790730964.817 14:16:04 >>> show mrp ring
Media Redundancy Protocol - Ring Information
MRP Ring 1
 Domain ID:                           ffffffff-ffff-ffff-ffff-ffffffffffff
 Domain Name:                         
 Ring Status:                         Enabled
 Running State:                       Running
 Role:                                Manager
 Network Status:                      Closed
 Port1:                               port1.0.13
  Status:                             Forwarding
 Port2:                               port4.0.26
  Status:                             Blocking
 Vlan ID:
 React on Link Change:                No
 Profile:                             200ms
  Topology Change Interval:           10ms
  Topology Change Count:              3
  Short Test Frame Interval:          10ms
  Default Test Frame Interval:        20ms
  Test Monitoring Interval Count:     3
  Test Monitoring Ext Interval Count: 3
  Non-blocking MRC Supported:         No
  Blocked port state supported:       Yes
=== 1790730965.968 14:16:05 >>> show clock
UTC Time:   Wed, 30 Sep 2026 01:16:47 +0000
Timezone: UTC
Timezone Offset: +00:00
Summer time zone: None
=== 1790730967.120 14:16:07 >>> show stack
Virtual Chassis Stacking summary information

ID   Pending ID  MAC address        Priority  Status  Role
1    -           84e3.2787.0ac0     128       Ready   Backup Member
2    -           -                  -         -       Provisioned
3    -           84e3.2787.0740     128       Ready   Active Master
4    -           84e3.2787.09c0     128       Ready   Backup Member

Operational Status                 Normal operation
Stack MAC address                  0000.cd37.0d6f (Virtual MAC)
=== 1790730968.272 14:16:08 >>> show mrp ring
Media Redundancy Protocol - Ring Information
MRP Ring 1
 Domain ID:                           ffffffff-ffff-ffff-ffff-ffffffffffff
 Domain Name:                         
 Ring Status:                         Enabled
 Running State:                       Running
 Role:                                Manager
 Network Status:                      Closed
 Port1:                               port1.0.13
  Status:                             Forwarding
 Port2:                               port4.0.26
  Status:                             Blocking
 Vlan ID:
 React on Link Change:                No
 Profile:                             200ms
  Topology Change Interval:           10ms
  Topology Change Count:              3
  Short Test Frame Interval:          10ms
  Default Test Frame Interval:        20ms
  Test Monitoring Interval Count:     3
  Test Monitoring Ext Interval Count: 3
  Non-blocking MRC Supported:         No
  Blocked port state supported:       Yes
=== 1790730969.424 14:16:09 >>> show clock
UTC Time:   Wed, 30 Sep 2026 01:16:51 +0000
Timezone: UTC
Timezone Offset: +00:00
Summer time zone: None
=== 1790730970.576 14:16:10 >>> show stack
Virtual Chassis Stacking summary information

ID   Pending ID  MAC address        Priority  Status  Role
1    -           84e3.2787.0ac0     128       Ready   Backup Member
2    -           -                  -         -       Provisioned
3    -           84e3.2787.0740     128       Ready   Active Master
4    -           84e3.2787.09c0     128       Ready   Backup Member

Operational Status                 Normal operation
Stack MAC address                  0000.cd37.0d6f (Virtual MAC)
=== 1790730971.728 14:16:11 >>> show mrp ring
Media Redundancy Protocol - Ring Information
MRP Ring 1
 Domain ID:                           ffffffff-ffff-ffff-ffff-ffffffffffff
 Domain Name:                         
 Ring Status:                         Enabled
 Running State:                       Running
 Role:                                Manager
 Network Status:                      Closed
 Port1:                               port1.0.13
  Status:                             Forwarding
 Port2:                               port4.0.26
  Status:                             Blocking
 Vlan ID:
 React on Link Change:                No
 Profile:                             200ms
  Topology Change Interval:           10ms
  Topology Change Count:              3
  Short Test Frame Interval:          10ms
  Default Test Frame Interval:        20ms
  Test Monitoring Interval Count:     3
  Test Monitoring Ext Interval Count: 3
  Non-blocking MRC Supported:         No
  Blocked port state supported:       Yes
=== 1790730972.880 14:16:12 >>> show clock
UTC Time:   Wed, 30 Sep 2026 01:16:54 +0000
Timezone: UTC
Timezone Offset: +00:00
Summer time zone: None
=== 1790730974.032 14:16:14 >>> show stack
Virtual Chassis Stacking summary information

ID   Pending ID  MAC address        Priority  Status  Role
1    -           84e3.2787.0ac0     128       Ready   Backup Member
2    -           -                  -         -       Provisioned
3    -           84e3.2787.0740     128       Ready   Active Master
4    -           84e3.2787.09c0     128       Ready   Backup Member

Operational Status                 Normal operation
Stack MAC address                  0000.cd37.0d6f (Virtual MAC)
=== 1790730975.184 14:16:15 >>> show mrp ring
Media Redundancy Protocol - Ring Information
MRP Ring 1
 Domain ID:                           ffffffff-ffff-ffff-ffff-ffffffffffff
 Domain Name:                         
 Ring Status:                         Enabled
 Running State:                       Running
 Role:                                Manager
 Network Status:                      Closed
 Port1:                               port1.0.13
  Status:                             Forwarding
 Port2:                               port4.0.26
  Status:                             Blocking
 Vlan ID:
 React on Link Change:                No
 Profile:                             200ms
  Topology Change Interval:           10ms
  Topology Change Count:              3
  Short Test Frame Interval:          10ms
  Default Test Frame Interval:        20ms
  Test Monitoring Interval Count:     3
  Test Monitoring Ext Interval Count: 3
  Non-blocking MRC Supported:         No
  Blocked port state supported:       Yes
=== 1790730976.336 14:16:16 >>> show clock
UTC Time:   Wed, 30 Sep 2026 01:16:57 +0000
Timezone: UTC
Timezone Offset: +00:00
Summer time zone: None
=== 1790730977.487 14:16:17 >>> show stack
Virtual Chassis Stacking summary information

ID   Pending ID  MAC address        Priority  Status  Role
1    -           84e3.2787.0ac0     128       Ready   Backup Member
2    -           -                  -         -       Provisioned
3    -           84e3.2787.0740     128       Ready   Active Master
4    -           84e3.2787.09c0     128       Ready   Backup Member

Operational Status                 Normal operation
Stack MAC address                  0000.cd37.0d6f (Virtual MAC)
=== 1790730978.639 14:16:18 >>> show mrp ring
Media Redundancy Protocol - Ring Information
MRP Ring 1
 Domain ID:                           ffffffff-ffff-ffff-ffff-ffffffffffff
 Domain Name:                         
 Ring Status:                         Enabled
 Running State:                       Running
 Role:                                Manager
 Network Status:                      Closed
 Port1:                               port1.0.13
  Status:                             Forwarding
 Port2:                               port4.0.26
  Status:                             Blocking
 Vlan ID:
 React on Link Change:                No
 Profile:                             200ms
  Topology Change Interval:           10ms
  Topology Change Count:              3
  Short Test Frame Interval:          10ms
  Default Test Frame Interval:        20ms
  Test Monitoring Interval Count:     3
  Test Monitoring Ext Interval Count: 3
  Non-blocking MRC Supported:         No
  Blocked port state supported:       Yes
=== 1790730979.791 14:16:19 >>> show clock
UTC Time:   Wed, 30 Sep 2026 01:17:01 +0000
Timezone: UTC
Timezone Offset: +00:00
Summer time zone: None
=== 1790730980.943 14:16:20 >>> show stack
Virtual Chassis Stacking summary information

ID   Pending ID  MAC address        Priority  Status  Role
1    -           84e3.2787.0ac0     128       Ready   Backup Member
2    -           -                  -         -       Provisioned
3    -           84e3.2787.0740     128       Ready   Active Master
4    -           84e3.2787.09c0     128       Ready   Backup Member

Operational Status                 Normal operation
Stack MAC address                  0000.cd37.0d6f (Virtual MAC)
=== 1790730982.095 14:16:22 >>> show mrp ring
Media Redundancy Protocol - Ring Information
MRP Ring 1
 Domain ID:                           ffffffff-ffff-ffff-ffff-ffffffffffff
 Domain Name:                         
 Ring Status:                         Enabled
 Running State:                       Running
 Role:                                Manager
 Network Status:                      Closed
 Port1:                               port1.0.13
  Status:                             Forwarding
 Port2:                               port4.0.26
  Status:                             Blocking
 Vlan ID:
 React on Link Change:                No
 Profile:                             200ms
  Topology Change Interval:           10ms
  Topology Change Count:              3
  Short Test Frame Interval:          10ms
  Default Test Frame Interval:        20ms
  Test Monitoring Interval Count:     3
  Test Monitoring Ext Interval Count: 3
  Non-blocking MRC Supported:         No
  Blocked port state supported:       Yes
=== 1790730983.247 14:16:23 >>> show clock
UTC Time:   Wed, 30 Sep 2026 01:17:04 +0000
Timezone: UTC
Timezone Offset: +00:00
Summer time zone: None
=== 1790730984.399 14:16:24 >>> show stack
Virtual Chassis Stacking summary information

ID   Pending ID  MAC address        Priority  Status  Role
1    -           84e3.2787.0ac0     128       Ready   Backup Member
2    -           -                  -         -       Provisioned
3    -           84e3.2787.0740     128       Ready   Active Master
4    -           84e3.2787.09c0     128       Ready   Backup Member

Operational Status                 Normal operation
Stack MAC address                  0000.cd37.0d6f (Virtual MAC)
=== 1790730985.551 14:16:25 >>> show mrp ring
Media Redundancy Protocol - Ring Information
MRP Ring 1
 Domain ID:                           ffffffff-ffff-ffff-ffff-ffffffffffff
 Domain Name:                         
 Ring Status:                         Enabled
 Running State:                       Running
 Role:                                Manager
 Network Status:                      Closed
 Port1:                               port1.0.13
  Status:                             Forwarding
 Port2:                               port4.0.26
  Status:                             Blocking
 Vlan ID:
 React on Link Change:                No
 Profile:                             200ms
  Topology Change Interval:           10ms
  Topology Change Count:              3
  Short Test Frame Interval:          10ms
  Default Test Frame Interval:        20ms
  Test Monitoring Interval Count:     3
  Test Monitoring Ext Interval Count: 3
  Non-blocking MRC Supported:         No
  Blocked port state supported:       Yes
=== 1790730986.703 14:16:26 >>> show clock
UTC Time:   Wed, 30 Sep 2026 01:17:08 +0000
Timezone: UTC
Timezone Offset: +00:00
Summer time zone: None
=== 1790730987.854 14:16:27 >>> show stack
Virtual Chassis Stacking summary information

ID   Pending ID  MAC address        Priority  Status  Role
1    -           84e3.2787.0ac0     128       Ready   Backup Member
2    -           -                  -         -       Provisioned
3    -           84e3.2787.0740     128       Ready   Active Master
4    -           84e3.2787.09c0     128       Ready   Backup Member

Operational Status                 Normal operation
Stack MAC address                  0000.cd37.0d6f (Virtual MAC)
=== 1790730989.006 14:16:29 >>> show mrp ring
Media Redundancy Protocol - Ring Information
MRP Ring 1
 Domain ID:                           ffffffff-ffff-ffff-ffff-ffffffffffff
 Domain Name:                         
 Ring Status:                         Enabled
 Running State:                       Running
 Role:                                Manager
 Network Status:                      Closed
 Port1:                               port1.0.13
  Status:                             Forwarding
 Port2:                               port4.0.26
  Status:                             Blocking
 Vlan ID:
 React on Link Change:                No
 Profile:                             200ms
  Topology Change Interval:           10ms
  Topology Change Count:              3
  Short Test Frame Interval:          10ms
  Default Test Frame Interval:        20ms
  Test Monitoring Interval Count:     3
  Test Monitoring Ext Interval Count: 3
  Non-blocking MRC Supported:         No
  Blocked port state supported:       Yes
=== 1790730990.158 14:16:30 >>> show clock
UTC Time:   Wed, 30 Sep 2026 01:17:11 +0000
Timezone: UTC
Timezone Offset: +00:00
Summer time zone: None
=== 1790730991.310 14:16:31 >>> show stack
Virtual Chassis Stacking summary information

ID   Pending ID  MAC address        Priority  Status  Role
1    -           84e3.2787.0ac0     128       Ready   Backup Member
2    -           -                  -         -       Provisioned
3    -           84e3.2787.0740     128       Ready   Active Master
4    -           84e3.2787.09c0     128       Ready   Backup Member

Operational Status                 Normal operation
Stack MAC address                  0000.cd37.0d6f (Virtual MAC)
=== 1790730995.264 14:16:35 >>> show mrp ring
Media Redundancy Protocol - Ring Information
MRP Ring 1
 Domain ID:                           ffffffff-ffff-ffff-ffff-ffffffffffff
 Domain Name:                         
 Ring Status:                         Enabled
 Running State:                       Running
 Role:                                Manager
 Network Status:                      Closed
 Port1:                               port1.0.13
  Status:                             Forwarding
 Port2:                               port4.0.26
  Status:                             Blocking
 Vlan ID:
 React on Link Change:                No
 Profile:                             200ms
  Topology Change Interval:           10ms
  Topology Change Count:              3
  Short Test Frame Interval:          10ms
  Default Test Frame Interval:        20ms
  Test Monitoring Interval Count:     3
  Test Monitoring Ext Interval Count: 3
  Non-blocking MRC Supported:         No
  Blocked port state supported:       Yes

IE520-stk#switch: port 59(port3.0.1) entered disabled state
switch: port 60(port3.0.2) entered disabled state
switch: port 61(port3.0.3) entered disabled state
Read from remote host node-3: Software caused connection abort
switch: port 62(port3.0.4) entered disabled state
switch: port 63(port3.0.5) entered disabled state
switch: port 64(port3.0.6) entered disabled state
switch: port 2(port4.0.28) entered disabled state
switch: port 65(port3.0.7) entered disabled state
switch: port 29(port1.0.27) entered disabled state
switch: port 66(port3.0.8) entered disabled state
switch: port 67(port3.0.9) entered disabled state
switch: port 68(port3.0.10) entered disabled state
switch: port 69(port3.0.11) entered disabled state
switch: port 70(port3.0.12) entered disabled state
switch: port 71(port3.0.13) entered disabled state
switch: port 72(port3.0.14) entered disabled state
switch: port 73(port3.0.15) entered disabled state
switch: port 74(port3.0.16) entered disabled state
switch: port 75(port3.0.17) entered disabled state
switch: port 76(port3.0.18) entered disabled state
01:17:14 IE520-stk-4 VCS[661]: Contact with the Active Master has been lost                                                                               

switch: port 77(port3.0.19) entered disabled state
switch: port 78(port3.0.20) entered disabled state
01:17:14 IE520-stk-4 VCS[661]: Member 4 (84e3.2787.09c0) has become the Active 

Master                                                                               

switch: port 79(port3.0.21) entered disabled state
01:17:14 IE520-stk-4 VCS[661]: Stack Virtual MACswitch: port 80(port3.0.22) entered disabled state
 is 0000.cd37.0d6f                                                                               

switch: port 81(port3.0.23) entered disabled state
switch: port 82(port3.0.24) entered disabled state
01:17:14 IE520-stk-4 VCS[661]: Member 3 (84e3.2787.0740) has left the stack                                                                               

switch: port 83(port3.0.25) entered disabled state
switch: port 84(port3.0.26) entered disabled state
switch: port 57(port3.0.27) entered disabled state
switch: port 58(port3.0.28) entered disabled state
[m
1790730995.264 14:16:35 SESSION LOST
1790731003.590 14:16:43 login ok
=== 1790731004.741 14:16:44 >>> show clock
UTC Time:   Wed, 30 Sep 2026 01:17:26 +0000
Timezone: UTC
Timezone Offset: +00:00
Summer time zone: None
=== 1790731005.893 14:16:45 >>> show stack
Virtual Chassis Stacking summary information

ID   Pending ID  MAC address        Priority  Status  Role
1    -           84e3.2787.0ac0     128       Ready   Backup Member
2    -           -                  -         -       Provisioned
3    -           -                  -         -       Provisioned
4    -           84e3.2787.09c0     128       Ready   Active Master

Operational Status                 Not all stack ports are up
Stack MAC address                  0000.cd37.0d6f (Virtual MAC)
=== 1790731007.045 14:16:47 >>> show mrp ring
Media Redundancy Protocol - Ring Information
MRP Ring 1
 Domain ID:                           ffffffff-ffff-ffff-ffff-ffffffffffff
 Domain Name:                         
 Ring Status:                         Enabled
 Running State:                       Running
 Role:                                Manager
 Network Status:                      Closed
 Port1:                               port1.0.13
  Status:                             Forwarding
 Port2:                               port4.0.26
  Status:                             Blocking
 Vlan ID:
 React on Link Change:                No
 Profile:                             200ms
  Topology Change Interval:           10ms
  Topology Change Count:              3
  Short Test Frame Interval:          10ms
  Default Test Frame Interval:        20ms
  Test Monitoring Interval Count:     3
  Test Monitoring Ext Interval Count: 3
  Non-blocking MRC Supported:         No
  Blocked port state supported:       Yes
=== 1790731008.197 14:16:48 >>> show clock
UTC Time:   Wed, 30 Sep 2026 01:17:29 +0000
Timezone: UTC
Timezone Offset: +00:00
Summer time zone: None
=== 1790731009.349 14:16:49 >>> show stack
Virtual Chassis Stacking summary information

ID   Pending ID  MAC address        Priority  Status  Role
1    -           84e3.2787.0ac0     128       Ready   Backup Member
2    -           -                  -         -       Provisioned
3    -           -                  -         -       Provisioned
4    -           84e3.2787.09c0     128       Ready   Active Master

Operational Status                 Not all stack ports are up
Stack MAC address                  0000.cd37.0d6f (Virtual MAC)
=== 1790731010.500 14:16:50 >>> show mrp ring
Media Redundancy Protocol - Ring Information
MRP Ring 1
 Domain ID:                           ffffffff-ffff-ffff-ffff-ffffffffffff
 Domain Name:                         
 Ring Status:                         Enabled
 Running State:                       Running
 Role:                                Manager
 Network Status:                      Closed
 Port1:                               port1.0.13
  Status:                             Forwarding
 Port2:                               port4.0.26
  Status:                             Blocking
 Vlan ID:
 React on Link Change:                No
 Profile:                             200ms
  Topology Change Interval:           10ms
  Topology Change Count:              3
  Short Test Frame Interval:          10ms
  Default Test Frame Interval:        20ms
  Test Monitoring Interval Count:     3
  Test Monitoring Ext Interval Count: 3
  Non-blocking MRC Supported:         No
  Blocked port state supported:       Yes
=== 1790731011.652 14:16:51 >>> show clock
UTC Time:   Wed, 30 Sep 2026 01:17:33 +0000
Timezone: UTC
Timezone Offset: +00:00
Summer time zone: None
=== 1790731012.804 14:16:52 >>> show stack
Virtual Chassis Stacking summary information

ID   Pending ID  MAC address        Priority  Status  Role
1    -           84e3.2787.0ac0     128       Ready   Backup Member
2    -           -                  -         -       Provisioned
3    -           -                  -         -       Provisioned
4    -           84e3.2787.09c0     128       Ready   Active Master

Operational Status                 Not all stack ports are up
Stack MAC address                  0000.cd37.0d6f (Virtual MAC)
=== 1790731013.956 14:16:53 >>> show mrp ring
Media Redundancy Protocol - Ring Information
MRP Ring 1
 Domain ID:                           ffffffff-ffff-ffff-ffff-ffffffffffff
 Domain Name:                         
 Ring Status:                         Enabled
 Running State:                       Running
 Role:                                Manager
 Network Status:                      Closed
 Port1:                               port1.0.13
  Status:                             Forwarding
 Port2:                               port4.0.26
  Status:                             Blocking
 Vlan ID:
 React on Link Change:                No
 Profile:                             200ms
  Topology Change Interval:           10ms
  Topology Change Count:              3
  Short Test Frame Interval:          10ms
  Default Test Frame Interval:        20ms
  Test Monitoring Interval Count:     3
  Test Monitoring Ext Interval Count: 3
  Non-blocking MRC Supported:         No
  Blocked port state supported:       Yes
=== 1790731015.108 14:16:55 >>> show clock
UTC Time:   Wed, 30 Sep 2026 01:17:36 +0000
Timezone: UTC
Timezone Offset: +00:00
Summer time zone: None
=== 1790731016.259 14:16:56 >>> show stack
Virtual Chassis Stacking summary information

ID   Pending ID  MAC address        Priority  Status  Role
1    -           84e3.2787.0ac0     128       Ready   Backup Member
2    -           -                  -         -       Provisioned
3    -           -                  -         -       Provisioned
4    -           84e3.2787.09c0     128       Ready   Active Master

Operational Status                 Not all stack ports are up
Stack MAC address                  0000.cd37.0d6f (Virtual MAC)
=== 1790731017.411 14:16:57 >>> show mrp ring
Media Redundancy Protocol - Ring Information
MRP Ring 1
 Domain ID:                           ffffffff-ffff-ffff-ffff-ffffffffffff
 Domain Name:                         
 Ring Status:                         Enabled
 Running State:                       Running
 Role:                                Manager
 Network Status:                      Closed
 Port1:                               port1.0.13
  Status:                             Forwarding
 Port2:                               port4.0.26
  Status:                             Blocking
 Vlan ID:
 React on Link Change:                No
 Profile:                             200ms
  Topology Change Interval:           10ms
  Topology Change Count:              3
  Short Test Frame Interval:          10ms
  Default Test Frame Interval:        20ms
  Test Monitoring Interval Count:     3
  Test Monitoring Ext Interval Count: 3
  Non-blocking MRC Supported:         No
  Blocked port state supported:       Yes
=== 1790731018.563 14:16:58 >>> show clock
UTC Time:   Wed, 30 Sep 2026 01:17:40 +0000
Timezone: UTC
Timezone Offset: +00:00
Summer time zone: None
=== 1790731019.715 14:16:59 >>> show stack
Virtual Chassis Stacking summary information

ID   Pending ID  MAC address        Priority  Status  Role
1    -           84e3.2787.0ac0     128       Ready   Backup Member
2    -           -                  -         -       Provisioned
3    -           -                  -         -       Provisioned
4    -           84e3.2787.09c0     128       Ready   Active Master

Operational Status                 Not all stack ports are up
Stack MAC address                  0000.cd37.0d6f (Virtual MAC)
=== 1790731020.867 14:17:00 >>> show mrp ring
Media Redundancy Protocol - Ring Information
MRP Ring 1
 Domain ID:                           ffffffff-ffff-ffff-ffff-ffffffffffff
 Domain Name:                         
 Ring Status:                         Enabled
 Running State:                       Running
 Role:                                Manager
 Network Status:                      Closed
 Port1:                               port1.0.13
  Status:                             Forwarding
 Port2:                               port4.0.26
  Status:                             Blocking
 Vlan ID:
 React on Link Change:                No
 Profile:                             200ms
  Topology Change Interval:           10ms
  Topology Change Count:              3
  Short Test Frame Interval:          10ms
  Default Test Frame Interval:        20ms
  Test Monitoring Interval Count:     3
  Test Monitoring Ext Interval Count: 3
  Non-blocking MRC Supported:         No
  Blocked port state supported:       Yes
=== 1790731022.019 14:17:02 >>> show clock
UTC Time:   Wed, 30 Sep 2026 01:17:43 +0000
Timezone: UTC
Timezone Offset: +00:00
Summer time zone: None
=== 1790731023.170 14:17:03 >>> show stack
Virtual Chassis Stacking summary information

ID   Pending ID  MAC address        Priority  Status  Role
1    -           84e3.2787.0ac0     128       Ready   Backup Member
2    -           -                  -         -       Provisioned
3    -           -                  -         -       Provisioned
4    -           84e3.2787.09c0     128       Ready   Active Master

Operational Status                 Not all stack ports are up
Stack MAC address                  0000.cd37.0d6f (Virtual MAC)
=== 1790731024.322 14:17:04 >>> show mrp ring
Media Redundancy Protocol - Ring Information
MRP Ring 1
 Domain ID:                           ffffffff-ffff-ffff-ffff-ffffffffffff
 Domain Name:                         
 Ring Status:                         Enabled
 Running State:                       Running
 Role:                                Manager
 Network Status:                      Closed
 Port1:                               port1.0.13
  Status:                             Forwarding
 Port2:                               port4.0.26
  Status:                             Blocking
 Vlan ID:
 React on Link Change:                No
 Profile:                             200ms
  Topology Change Interval:           10ms
  Topology Change Count:              3
  Short Test Frame Interval:          10ms
  Default Test Frame Interval:        20ms
  Test Monitoring Interval Count:     3
  Test Monitoring Ext Interval Count: 3
  Non-blocking MRC Supported:         No
  Blocked port state supported:       Yes
=== 1790731025.474 14:17:05 >>> show clock
UTC Time:   Wed, 30 Sep 2026 01:17:47 +0000
Timezone: UTC
Timezone Offset: +00:00
Summer time zone: None
=== 1790731026.626 14:17:06 >>> show stack
Virtual Chassis Stacking summary information

ID   Pending ID  MAC address        Priority  Status  Role
1    -           84e3.2787.0ac0     128       Ready   Backup Member
2    -           -                  -         -       Provisioned
3    -           -                  -         -       Provisioned
4    -           84e3.2787.09c0     128       Ready   Active Master

Operational Status                 Not all stack ports are up
Stack MAC address                  0000.cd37.0d6f (Virtual MAC)
=== 1790731027.777 14:17:07 >>> show mrp ring
Media Redundancy Protocol - Ring Information
MRP Ring 1
 Domain ID:                           ffffffff-ffff-ffff-ffff-ffffffffffff
 Domain Name:                         
 Ring Status:                         Enabled
 Running State:                       Running
 Role:                                Manager
 Network Status:                      Closed
 Port1:                               port1.0.13
  Status:                             Forwarding
 Port2:                               port4.0.26
  Status:                             Blocking
 Vlan ID:
 React on Link Change:                No
 Profile:                             200ms
  Topology Change Interval:           10ms
  Topology Change Count:              3
  Short Test Frame Interval:          10ms
  Default Test Frame Interval:        20ms
  Test Monitoring Interval Count:     3
  Test Monitoring Ext Interval Count: 3
  Non-blocking MRC Supported:         No
  Blocked port state supported:       Yes
=== 1790731028.929 14:17:08 >>> show clock
UTC Time:   Wed, 30 Sep 2026 01:17:50 +0000
Timezone: UTC
Timezone Offset: +00:00
Summer time zone: None
=== 1790731030.081 14:17:10 >>> show stack
Virtual Chassis Stacking summary information

ID   Pending ID  MAC address        Priority  Status  Role
1    -           84e3.2787.0ac0     128       Ready   Backup Member
2    -           -                  -         -       Provisioned
3    -           -                  -         -       Provisioned
4    -           84e3.2787.09c0     128       Ready   Active Master

Operational Status                 Not all stack ports are up
Stack MAC address                  0000.cd37.0d6f (Virtual MAC)
=== 1790731031.233 14:17:11 >>> show mrp ring
Media Redundancy Protocol - Ring Information
MRP Ring 1
 Domain ID:                           ffffffff-ffff-ffff-ffff-ffffffffffff
 Domain Name:                         
 Ring Status:                         Enabled
 Running State:                       Running
 Role:                                Manager
 Network Status:                      Closed
 Port1:                               port1.0.13
  Status:                             Forwarding
 Port2:                               port4.0.26
  Status:                             Blocking
 Vlan ID:
 React on Link Change:                No
 Profile:                             200ms
  Topology Change Interval:           10ms
  Topology Change Count:              3
  Short Test Frame Interval:          10ms
  Default Test Frame Interval:        20ms
  Test Monitoring Interval Count:     3
  Test Monitoring Ext Interval Count: 3
  Non-blocking MRC Supported:         No
  Blocked port state supported:       Yes
=== 1790731032.385 14:17:12 >>> show clock
UTC Time:   Wed, 30 Sep 2026 01:17:53 +0000
Timezone: UTC
Timezone Offset: +00:00
Summer time zone: None
=== 1790731033.537 14:17:13 >>> show stack
Virtual Chassis Stacking summary information

ID   Pending ID  MAC address        Priority  Status  Role
1    -           84e3.2787.0ac0     128       Ready   Backup Member
2    -           -                  -         -       Provisioned
3    -           -                  -         -       Provisioned
4    -           84e3.2787.09c0     128       Ready   Active Master

Operational Status                 Not all stack ports are up
Stack MAC address                  0000.cd37.0d6f (Virtual MAC)
=== 1790731034.689 14:17:14 >>> show mrp ring
Media Redundancy Protocol - Ring Information
MRP Ring 1
 Domain ID:                           ffffffff-ffff-ffff-ffff-ffffffffffff
 Domain Name:                         
 Ring Status:                         Enabled
 Running State:                       Running
 Role:                                Manager
 Network Status:                      Closed
 Port1:                               port1.0.13
  Status:                             Forwarding
 Port2:                               port4.0.26
  Status:                             Blocking
 Vlan ID:
 React on Link Change:                No
 Profile:                             200ms
  Topology Change Interval:           10ms
  Topology Change Count:              3
  Short Test Frame Interval:          10ms
  Default Test Frame Interval:        20ms
  Test Monitoring Interval Count:     3
  Test Monitoring Ext Interval Count: 3
  Non-blocking MRC Supported:         No
  Blocked port state supported:       Yes
=== 1790731035.841 14:17:15 >>> show clock
UTC Time:   Wed, 30 Sep 2026 01:17:57 +0000
Timezone: UTC
Timezone Offset: +00:00
Summer time zone: None
=== 1790731036.992 14:17:16 >>> show stack
Virtual Chassis Stacking summary information

ID   Pending ID  MAC address        Priority  Status  Role
1    -           84e3.2787.0ac0     128       Ready   Backup Member
2    -           -                  -         -       Provisioned
3    -           -                  -         -       Provisioned
4    -           84e3.2787.09c0     128       Ready   Active Master

Operational Status                 Not all stack ports are up
Stack MAC address                  0000.cd37.0d6f (Virtual MAC)
=== 1790731038.144 14:17:18 >>> show mrp ring
Media Redundancy Protocol - Ring Information
MRP Ring 1
 Domain ID:                           ffffffff-ffff-ffff-ffff-ffffffffffff
 Domain Name:                         
 Ring Status:                         Enabled
 Running State:                       Running
 Role:                                Manager
 Network Status:                      Closed
 Port1:                               port1.0.13
  Status:                             Forwarding
 Port2:                               port4.0.26
  Status:                             Blocking
 Vlan ID:
 React on Link Change:                No
 Profile:                             200ms
  Topology Change Interval:           10ms
  Topology Change Count:              3
  Short Test Frame Interval:          10ms
  Default Test Frame Interval:        20ms
  Test Monitoring Interval Count:     3
  Test Monitoring Ext Interval Count: 3
  Non-blocking MRC Supported:         No
  Blocked port state supported:       Yes
=== 1790731039.296 14:17:19 >>> show clock
UTC Time:   Wed, 30 Sep 2026 01:18:00 +0000
Timezone: UTC
Timezone Offset: +00:00
Summer time zone: None
=== 1790731040.448 14:17:20 >>> show stack
Virtual Chassis Stacking summary information

ID   Pending ID  MAC address        Priority  Status  Role
1    -           84e3.2787.0ac0     128       Ready   Backup Member
2    -           -                  -         -       Provisioned
3    -           -                  -         -       Provisioned
4    -           84e3.2787.09c0     128       Ready   Active Master

Operational Status                 Not all stack ports are up
Stack MAC address                  0000.cd37.0d6f (Virtual MAC)
=== 1790731041.600 14:17:21 >>> show mrp ring
Media Redundancy Protocol - Ring Information
MRP Ring 1
 Domain ID:                           ffffffff-ffff-ffff-ffff-ffffffffffff
 Domain Name:                         
 Ring Status:                         Enabled
 Running State:                       Running
 Role:                                Manager
 Network Status:                      Closed
 Port1:                               port1.0.13
  Status:                             Forwarding
 Port2:                               port4.0.26
  Status:                             Blocking
 Vlan ID:
 React on Link Change:                No
 Profile:                             200ms
  Topology Change Interval:           10ms
  Topology Change Count:              3
  Short Test Frame Interval:          10ms
  Default Test Frame Interval:        20ms
  Test Monitoring Interval Count:     3
  Test Monitoring Ext Interval Count: 3
  Non-blocking MRC Supported:         No
  Blocked port state supported:       Yes
=== 1790731042.752 14:17:22 >>> show clock
UTC Time:   Wed, 30 Sep 2026 01:18:04 +0000
Timezone: UTC
Timezone Offset: +00:00
Summer time zone: None
=== 1790731043.903 14:17:23 >>> show stack
Virtual Chassis Stacking summary information

ID   Pending ID  MAC address        Priority  Status  Role
1    -           84e3.2787.0ac0     128       Ready   Backup Member
2    -           -                  -         -       Provisioned
3    -           -                  -         -       Provisioned
4    -           84e3.2787.09c0     128       Ready   Active Master

Operational Status                 Not all stack ports are up
Stack MAC address                  0000.cd37.0d6f (Virtual MAC)
=== 1790731045.055 14:17:25 >>> show mrp ring
Media Redundancy Protocol - Ring Information
MRP Ring 1
 Domain ID:                           ffffffff-ffff-ffff-ffff-ffffffffffff
 Domain Name:                         
 Ring Status:                         Enabled
 Running State:                       Running
 Role:                                Manager
 Network Status:                      Closed
 Port1:                               port1.0.13
  Status:                             Forwarding
 Port2:                               port4.0.26
  Status:                             Blocking
 Vlan ID:
 React on Link Change:                No
 Profile:                             200ms
  Topology Change Interval:           10ms
  Topology Change Count:              3
  Short Test Frame Interval:          10ms
  Default Test Frame Interval:        20ms
  Test Monitoring Interval Count:     3
  Test Monitoring Ext Interval Count: 3
  Non-blocking MRC Supported:         No
  Blocked port state supported:       Yes
=== 1790731046.207 14:17:26 >>> show clock
UTC Time:   Wed, 30 Sep 2026 01:18:07 +0000
Timezone: UTC
Timezone Offset: +00:00
Summer time zone: None
=== 1790731047.359 14:17:27 >>> show stack
Virtual Chassis Stacking summary information

ID   Pending ID  MAC address        Priority  Status  Role
1    -           84e3.2787.0ac0     128       Ready   Backup Member
2    -           -                  -         -       Provisioned
3    -           -                  -         -       Provisioned
4    -           84e3.2787.09c0     128       Ready   Active Master

Operational Status                 Not all stack ports are up
Stack MAC address                  0000.cd37.0d6f (Virtual MAC)
=== 1790731048.511 14:17:28 >>> show mrp ring
Media Redundancy Protocol - Ring Information
MRP Ring 1
 Domain ID:                           ffffffff-ffff-ffff-ffff-ffffffffffff
 Domain Name:                         
 Ring Status:                         Enabled
 Running State:                       Running
 Role:                                Manager
 Network Status:                      Closed
 Port1:                               port1.0.13
  Status:                             Forwarding
 Port2:                               port4.0.26
  Status:                             Blocking
 Vlan ID:
 React on Link Change:                No
 Profile:                             200ms
  Topology Change Interval:           10ms
  Topology Change Count:              3
  Short Test Frame Interval:          10ms
  Default Test Frame Interval:        20ms
  Test Monitoring Interval Count:     3
  Test Monitoring Ext Interval Count: 3
  Non-blocking MRC Supported:         No
  Blocked port state supported:       Yes
=== 1790731049.663 14:17:29 >>> show clock
UTC Time:   Wed, 30 Sep 2026 01:18:11 +0000
Timezone: UTC
Timezone Offset: +00:00
Summer time zone: None
=== 1790731050.814 14:17:30 >>> show stack
Virtual Chassis Stacking summary information

ID   Pending ID  MAC address        Priority  Status  Role
1    -           84e3.2787.0ac0     128       Ready   Backup Member
2    -           -                  -         -       Provisioned
3    -           -                  -         -       Provisioned
4    -           84e3.2787.09c0     128       Ready   Active Master

Operational Status                 Not all stack ports are up
Stack MAC address                  0000.cd37.0d6f (Virtual MAC)
=== 1790731051.966 14:17:31 >>> show mrp ring
Media Redundancy Protocol - Ring Information
MRP Ring 1
 Domain ID:                           ffffffff-ffff-ffff-ffff-ffffffffffff
 Domain Name:                         
 Ring Status:                         Enabled
 Running State:                       Running
 Role:                                Manager
 Network Status:                      Closed
 Port1:                               port1.0.13
  Status:                             Forwarding
 Port2:                               port4.0.26
  Status:                             Blocking
 Vlan ID:
 React on Link Change:                No
 Profile:                             200ms
  Topology Change Interval:           10ms
  Topology Change Count:              3
  Short Test Frame Interval:          10ms
  Default Test Frame Interval:        20ms
  Test Monitoring Interval Count:     3
  Test Monitoring Ext Interval Count: 3
  Non-blocking MRC Supported:         No
  Blocked port state supported:       Yes
=== 1790731053.118 14:17:33 >>> show clock
UTC Time:   Wed, 30 Sep 2026 01:18:14 +0000
Timezone: UTC
Timezone Offset: +00:00
Summer time zone: None
=== 1790731054.270 14:17:34 >>> show stack
Virtual Chassis Stacking summary information

ID   Pending ID  MAC address        Priority  Status  Role
1    -           84e3.2787.0ac0     128       Ready   Backup Member
2    -           -                  -         -       Provisioned
3    -           -                  -         -       Provisioned
4    -           84e3.2787.09c0     128       Ready   Active Master

Operational Status                 Not all stack ports are up
Stack MAC address                  0000.cd37.0d6f (Virtual MAC)
=== 1790731055.422 14:17:35 >>> show mrp ring
Media Redundancy Protocol - Ring Information
MRP Ring 1
 Domain ID:                           ffffffff-ffff-ffff-ffff-ffffffffffff
 Domain Name:                         
 Ring Status:                         Enabled
 Running State:                       Running
 Role:                                Manager
 Network Status:                      Closed
 Port1:                               port1.0.13
  Status:                             Forwarding
 Port2:                               port4.0.26
  Status:                             Blocking
 Vlan ID:
 React on Link Change:                No
 Profile:                             200ms
  Topology Change Interval:           10ms
  Topology Change Count:              3
  Short Test Frame Interval:          10ms
  Default Test Frame Interval:        20ms
  Test Monitoring Interval Count:     3
  Test Monitoring Ext Interval Count: 3
  Non-blocking MRC Supported:         No
  Blocked port state supported:       Yes
=== 1790731056.573 14:17:36 >>> show clock
UTC Time:   Wed, 30 Sep 2026 01:18:18 +0000
Timezone: UTC
Timezone Offset: +00:00
Summer time zone: None
=== 1790731057.725 14:17:37 >>> show stack
Virtual Chassis Stacking summary information

ID   Pending ID  MAC address        Priority  Status  Role
1    -           84e3.2787.0ac0     128       Ready   Backup Member
2    -           -                  -         -       Provisioned
3    -           -                  -         -       Provisioned
4    -           84e3.2787.09c0     128       Ready   Active Master

Operational Status                 Not all stack ports are up
Stack MAC address                  0000.cd37.0d6f (Virtual MAC)
=== 1790731058.877 14:17:38 >>> show mrp ring
Media Redundancy Protocol - Ring Information
MRP Ring 1
 Domain ID:                           ffffffff-ffff-ffff-ffff-ffffffffffff
 Domain Name:                         
 Ring Status:                         Enabled
 Running State:                       Running
 Role:                                Manager
 Network Status:                      Closed
 Port1:                               port1.0.13
  Status:                             Forwarding
 Port2:                               port4.0.26
  Status:                             Blocking
 Vlan ID:
 React on Link Change:                No
 Profile:                             200ms
  Topology Change Interval:           10ms
  Topology Change Count:              3
  Short Test Frame Interval:          10ms
  Default Test Frame Interval:        20ms
  Test Monitoring Interval Count:     3
  Test Monitoring Ext Interval Count: 3
  Non-blocking MRC Supported:         No
  Blocked port state supported:       Yes
=== 1790731060.029 14:17:40 >>> show clock
UTC Time:   Wed, 30 Sep 2026 01:18:21 +0000
Timezone: UTC
Timezone Offset: +00:00
Summer time zone: None
=== 1790731061.180 14:17:41 >>> show stack
Virtual Chassis Stacking summary information

ID   Pending ID  MAC address        Priority  Status  Role
1    -           84e3.2787.0ac0     128       Ready   Backup Member
2    -           -                  -         -       Provisioned
3    -           -                  -         -       Provisioned
4    -           84e3.2787.09c0     128       Ready   Active Master

Operational Status                 Not all stack ports are up
Stack MAC address                  0000.cd37.0d6f (Virtual MAC)
=== 1790731062.332 14:17:42 >>> show mrp ring
Media Redundancy Protocol - Ring Information
MRP Ring 1
 Domain ID:                           ffffffff-ffff-ffff-ffff-ffffffffffff
 Domain Name:                         
 Ring Status:                         Enabled
 Running State:                       Running
 Role:                                Manager
 Network Status:                      Closed
 Port1:                               port1.0.13
  Status:                             Forwarding
 Port2:                               port4.0.26
  Status:                             Blocking
 Vlan ID:
 React on Link Change:                No
 Profile:                             200ms
  Topology Change Interval:           10ms
  Topology Change Count:              3
  Short Test Frame Interval:          10ms
  Default Test Frame Interval:        20ms
  Test Monitoring Interval Count:     3
  Test Monitoring Ext Interval Count: 3
  Non-blocking MRC Supported:         No
  Blocked port state supported:       Yes
=== 1790731063.484 14:17:43 >>> show clock
UTC Time:   Wed, 30 Sep 2026 01:18:25 +0000
Timezone: UTC
Timezone Offset: +00:00
Summer time zone: None
=== 1790731064.636 14:17:44 >>> show stack
Virtual Chassis Stacking summary information

ID   Pending ID  MAC address        Priority  Status  Role
1    -           84e3.2787.0ac0     128       Ready   Backup Member
2    -           -                  -         -       Provisioned
3    -           -                  -         -       Provisioned
4    -           84e3.2787.09c0     128       Ready   Active Master

Operational Status                 Not all stack ports are up
Stack MAC address                  0000.cd37.0d6f (Virtual MAC)
=== 1790731065.788 14:17:45 >>> show mrp ring
Media Redundancy Protocol - Ring Information
MRP Ring 1
 Domain ID:                           ffffffff-ffff-ffff-ffff-ffffffffffff
 Domain Name:                         
 Ring Status:                         Enabled
 Running State:                       Running
 Role:                                Manager
 Network Status:                      Closed
 Port1:                               port1.0.13
  Status:                             Forwarding
 Port2:                               port4.0.26
  Status:                             Blocking
 Vlan ID:
 React on Link Change:                No
 Profile:                             200ms
  Topology Change Interval:           10ms
  Topology Change Count:              3
  Short Test Frame Interval:          10ms
  Default Test Frame Interval:        20ms
  Test Monitoring Interval Count:     3
  Test Monitoring Ext Interval Count: 3
  Non-blocking MRC Supported:         No
  Blocked port state supported:       Yes
=== 1790731066.940 14:17:46 >>> show clock
UTC Time:   Wed, 30 Sep 2026 01:18:28 +0000
Timezone: UTC
Timezone Offset: +00:00
Summer time zone: None
=== 1790731068.091 14:17:48 >>> show stack
Virtual Chassis Stacking summary information

ID   Pending ID  MAC address        Priority  Status  Role
1    -           84e3.2787.0ac0     128       Ready   Backup Member
2    -           -                  -         -       Provisioned
3    -           -                  -         -       Provisioned
4    -           84e3.2787.09c0     128       Ready   Active Master

Operational Status                 Not all stack ports are up
Stack MAC address                  0000.cd37.0d6f (Virtual MAC)
=== 1790731069.243 14:17:49 >>> show mrp ring
Media Redundancy Protocol - Ring Information
MRP Ring 1
 Domain ID:                           ffffffff-ffff-ffff-ffff-ffffffffffff
 Domain Name:                         
 Ring Status:                         Enabled
 Running State:                       Running
 Role:                                Manager
 Network Status:                      Closed
 Port1:                               port1.0.13
  Status:                             Forwarding
 Port2:                               port4.0.26
  Status:                             Blocking
 Vlan ID:
 React on Link Change:                No
 Profile:                             200ms
  Topology Change Interval:           10ms
  Topology Change Count:              3
  Short Test Frame Interval:          10ms
  Default Test Frame Interval:        20ms
  Test Monitoring Interval Count:     3
  Test Monitoring Ext Interval Count: 3
  Non-blocking MRC Supported:         No
  Blocked port state supported:       Yes
=== 1790731070.395 14:17:50 >>> show clock
UTC Time:   Wed, 30 Sep 2026 01:18:31 +0000
Timezone: UTC
Timezone Offset: +00:00
Summer time zone: None
=== 1790731071.547 14:17:51 >>> show stack
Virtual Chassis Stacking summary information

ID   Pending ID  MAC address        Priority  Status  Role
1    -           84e3.2787.0ac0     128       Ready   Backup Member
2    -           -                  -         -       Provisioned
3    -           -                  -         -       Provisioned
4    -           84e3.2787.09c0     128       Ready   Active Master

Operational Status                 Not all stack ports are up
Stack MAC address                  0000.cd37.0d6f (Virtual MAC)
=== 1790731072.699 14:17:52 >>> show mrp ring
Media Redundancy Protocol - Ring Information
MRP Ring 1
 Domain ID:                           ffffffff-ffff-ffff-ffff-ffffffffffff
 Domain Name:                         
 Ring Status:                         Enabled
 Running State:                       Running
 Role:                                Manager
 Network Status:                      Closed
 Port1:                               port1.0.13
  Status:                             Forwarding
 Port2:                               port4.0.26
  Status:                             Blocking
 Vlan ID:
 React on Link Change:                No
 Profile:                             200ms
  Topology Change Interval:           10ms
  Topology Change Count:              3
  Short Test Frame Interval:          10ms
  Default Test Frame Interval:        20ms
  Test Monitoring Interval Count:     3
  Test Monitoring Ext Interval Count: 3
  Non-blocking MRC Supported:         No
  Blocked port state supported:       Yes
=== 1790731073.851 14:17:53 >>> show clock
UTC Time:   Wed, 30 Sep 2026 01:18:35 +0000
Timezone: UTC
Timezone Offset: +00:00
Summer time zone: None
=== 1790731075.002 14:17:55 >>> show stack
Virtual Chassis Stacking summary information

ID   Pending ID  MAC address        Priority  Status  Role
1    -           84e3.2787.0ac0     128       Ready   Backup Member
2    -           -                  -         -       Provisioned
3    -           -                  -         -       Provisioned
4    -           84e3.2787.09c0     128       Ready   Active Master

Operational Status                 Not all stack ports are up
Stack MAC address                  0000.cd37.0d6f (Virtual MAC)
=== 1790731076.154 14:17:56 >>> show mrp ring
Media Redundancy Protocol - Ring Information
MRP Ring 1
 Domain ID:                           ffffffff-ffff-ffff-ffff-ffffffffffff
 Domain Name:                         
 Ring Status:                         Enabled
 Running State:                       Running
 Role:                                Manager
 Network Status:                      Closed
 Port1:                               port1.0.13
  Status:                             Forwarding
 Port2:                               port4.0.26
  Status:                             Blocking
 Vlan ID:
 React on Link Change:                No
 Profile:                             200ms
  Topology Change Interval:           10ms
  Topology Change Count:              3
  Short Test Frame Interval:          10ms
  Default Test Frame Interval:        20ms
  Test Monitoring Interval Count:     3
  Test Monitoring Ext Interval Count: 3
  Non-blocking MRC Supported:         No
  Blocked port state supported:       Yes
=== 1790731077.306 14:17:57 >>> show clock
UTC Time:   Wed, 30 Sep 2026 01:18:38 +0000
Timezone: UTC
Timezone Offset: +00:00
Summer time zone: None
=== 1790731078.458 14:17:58 >>> show stack
Virtual Chassis Stacking summary information

ID   Pending ID  MAC address        Priority  Status  Role
1    -           84e3.2787.0ac0     128       Ready   Backup Member
2    -           -                  -         -       Provisioned
3    -           -                  -         -       Provisioned
4    -           84e3.2787.09c0     128       Ready   Active Master

Operational Status                 Not all stack ports are up
Stack MAC address                  0000.cd37.0d6f (Virtual MAC)
=== 1790731079.610 14:17:59 >>> show mrp ring
Media Redundancy Protocol - Ring Information
MRP Ring 1
 Domain ID:                           ffffffff-ffff-ffff-ffff-ffffffffffff
 Domain Name:                         
 Ring Status:                         Enabled
 Running State:                       Running
 Role:                                Manager
 Network Status:                      Closed
 Port1:                               port1.0.13
  Status:                             Forwarding
 Port2:                               port4.0.26
  Status:                             Blocking
 Vlan ID:
 React on Link Change:                No
 Profile:                             200ms
  Topology Change Interval:           10ms
  Topology Change Count:              3
  Short Test Frame Interval:          10ms
  Default Test Frame Interval:        20ms
  Test Monitoring Interval Count:     3
  Test Monitoring Ext Interval Count: 3
  Non-blocking MRC Supported:         No
  Blocked port state supported:       Yes
=== 1790731080.762 14:18:00 >>> show clock
UTC Time:   Wed, 30 Sep 2026 01:18:42 +0000
Timezone: UTC
Timezone Offset: +00:00
Summer time zone: None
=== 1790731081.913 14:18:01 >>> show stack
Virtual Chassis Stacking summary information

ID   Pending ID  MAC address        Priority  Status  Role
1    -           84e3.2787.0ac0     128       Ready   Backup Member
2    -           -                  -         -       Provisioned
3    -           -                  -         -       Provisioned
4    -           84e3.2787.09c0     128       Ready   Active Master

Operational Status                 Not all stack ports are up
Stack MAC address                  0000.cd37.0d6f (Virtual MAC)
=== 1790731083.065 14:18:03 >>> show mrp ring
Media Redundancy Protocol - Ring Information
MRP Ring 1
 Domain ID:                           ffffffff-ffff-ffff-ffff-ffffffffffff
 Domain Name:                         
 Ring Status:                         Enabled
 Running State:                       Running
 Role:                                Manager
 Network Status:                      Closed
 Port1:                               port1.0.13
  Status:                             Forwarding
 Port2:                               port4.0.26
  Status:                             Blocking
 Vlan ID:
 React on Link Change:                No
 Profile:                             200ms
  Topology Change Interval:           10ms
  Topology Change Count:              3
  Short Test Frame Interval:          10ms
  Default Test Frame Interval:        20ms
  Test Monitoring Interval Count:     3
  Test Monitoring Ext Interval Count: 3
  Non-blocking MRC Supported:         No
  Blocked port state supported:       Yes
=== 1790731084.217 14:18:04 >>> show clock
UTC Time:   Wed, 30 Sep 2026 01:18:45 +0000
Timezone: UTC
Timezone Offset: +00:00
Summer time zone: None
=== 1790731085.369 14:18:05 >>> show stack
Virtual Chassis Stacking summary information

ID   Pending ID  MAC address        Priority  Status  Role
1    -           84e3.2787.0ac0     128       Ready   Backup Member
2    -           -                  -         -       Provisioned
3    -           -                  -         -       Provisioned
4    -           84e3.2787.09c0     128       Ready   Active Master

Operational Status                 Not all stack ports are up
Stack MAC address                  0000.cd37.0d6f (Virtual MAC)
=== 1790731086.521 14:18:06 >>> show mrp ring
Media Redundancy Protocol - Ring Information
MRP Ring 1
 Domain ID:                           ffffffff-ffff-ffff-ffff-ffffffffffff
 Domain Name:                         
 Ring Status:                         Enabled
 Running State:                       Running
 Role:                                Manager
 Network Status:                      Closed
 Port1:                               port1.0.13
  Status:                             Forwarding
 Port2:                               port4.0.26
  Status:                             Blocking
 Vlan ID:
 React on Link Change:                No
 Profile:                             200ms
  Topology Change Interval:           10ms
  Topology Change Count:              3
  Short Test Frame Interval:          10ms
  Default Test Frame Interval:        20ms
  Test Monitoring Interval Count:     3
  Test Monitoring Ext Interval Count: 3
  Non-blocking MRC Supported:         No
  Blocked port state supported:       Yes
=== 1790731087.673 14:18:07 >>> show clock
UTC Time:   Wed, 30 Sep 2026 01:18:49 +0000
Timezone: UTC
Timezone Offset: +00:00
Summer time zone: None
=== 1790731088.825 14:18:08 >>> show stack
Virtual Chassis Stacking summary information

ID   Pending ID  MAC address        Priority  Status  Role
1    -           84e3.2787.0ac0     128       Ready   Backup Member
2    -           -                  -         -       Provisioned
3    -           -                  -         -       Provisioned
4    -           84e3.2787.09c0     128       Ready   Active Master

Operational Status                 Not all stack ports are up
Stack MAC address                  0000.cd37.0d6f (Virtual MAC)
=== 1790731089.977 14:18:09 >>> show mrp ring
Media Redundancy Protocol - Ring Information
MRP Ring 1
 Domain ID:                           ffffffff-ffff-ffff-ffff-ffffffffffff
 Domain Name:                         
 Ring Status:                         Enabled
 Running State:                       Running
 Role:                                Manager
 Network Status:                      Closed
 Port1:                               port1.0.13
  Status:                             Forwarding
 Port2:                               port4.0.26
  Status:                             Blocking
 Vlan ID:
 React on Link Change:                No
 Profile:                             200ms
  Topology Change Interval:           10ms
  Topology Change Count:              3
  Short Test Frame Interval:          10ms
  Default Test Frame Interval:        20ms
  Test Monitoring Interval Count:     3
  Test Monitoring Ext Interval Count: 3
  Non-blocking MRC Supported:         No
  Blocked port state supported:       Yes
=== 1790731091.128 14:18:11 >>> show clock
UTC Time:   Wed, 30 Sep 2026 01:18:52 +0000
Timezone: UTC
Timezone Offset: +00:00
Summer time zone: None
=== 1790731092.280 14:18:12 >>> show stack
Virtual Chassis Stacking summary information

ID   Pending ID  MAC address        Priority  Status  Role
1    -           84e3.2787.0ac0     128       Ready   Backup Member
2    -           -                  -         -       Provisioned
3    -           -                  -         -       Provisioned
4    -           84e3.2787.09c0     128       Ready   Active Master

Operational Status                 Not all stack ports are up
Stack MAC address                  0000.cd37.0d6f (Virtual MAC)
=== 1790731093.432 14:18:13 >>> show mrp ring
Media Redundancy Protocol - Ring Information
MRP Ring 1
 Domain ID:                           ffffffff-ffff-ffff-ffff-ffffffffffff
 Domain Name:                         
 Ring Status:                         Enabled
 Running State:                       Running
 Role:                                Manager
 Network Status:                      Closed
 Port1:                               port1.0.13
  Status:                             Forwarding
 Port2:                               port4.0.26
  Status:                             Blocking
 Vlan ID:
 React on Link Change:                No
 Profile:                             200ms
  Topology Change Interval:           10ms
  Topology Change Count:              3
  Short Test Frame Interval:          10ms
  Default Test Frame Interval:        20ms
  Test Monitoring Interval Count:     3
  Test Monitoring Ext Interval Count: 3
  Non-blocking MRC Supported:         No
  Blocked port state supported:       Yes
=== 1790731094.584 14:18:14 >>> show clock
UTC Time:   Wed, 30 Sep 2026 01:18:56 +0000
Timezone: UTC
Timezone Offset: +00:00
Summer time zone: None
=== 1790731095.736 14:18:15 >>> show stack
Virtual Chassis Stacking summary information

ID   Pending ID  MAC address        Priority  Status  Role
1    -           84e3.2787.0ac0     128       Ready   Backup Member
2    -           -                  -         -       Provisioned
3    -           -                  -         -       Provisioned
4    -           84e3.2787.09c0     128       Ready   Active Master

Operational Status                 Not all stack ports are up
Stack MAC address                  0000.cd37.0d6f (Virtual MAC)
=== 1790731096.888 14:18:16 >>> show mrp ring
Media Redundancy Protocol - Ring Information
MRP Ring 1
 Domain ID:                           ffffffff-ffff-ffff-ffff-ffffffffffff
 Domain Name:                         
 Ring Status:                         Enabled
 Running State:                       Running
 Role:                                Manager
 Network Status:                      Closed
 Port1:                               port1.0.13
  Status:                             Forwarding
 Port2:                               port4.0.26
  Status:                             Blocking
 Vlan ID:
 React on Link Change:                No
 Profile:                             200ms
  Topology Change Interval:           10ms
  Topology Change Count:              3
  Short Test Frame Interval:          10ms
  Default Test Frame Interval:        20ms
  Test Monitoring Interval Count:     3
  Test Monitoring Ext Interval Count: 3
  Non-blocking MRC Supported:         No
  Blocked port state supported:       Yes
=== 1790731098.040 14:18:18 >>> show clock
UTC Time:   Wed, 30 Sep 2026 01:18:59 +0000
Timezone: UTC
Timezone Offset: +00:00
Summer time zone: None
=== 1790731099.191 14:18:19 >>> show stack
Virtual Chassis Stacking summary information

ID   Pending ID  MAC address        Priority  Status  Role
1    -           84e3.2787.0ac0     128       Ready   Backup Member
2    -           -                  -         -       Provisioned
3    -           -                  -         -       Provisioned
4    -           84e3.2787.09c0     128       Ready   Active Master

Operational Status                 Not all stack ports are up
Stack MAC address                  0000.cd37.0d6f (Virtual MAC)
=== 1790731100.343 14:18:20 >>> show mrp ring
Media Redundancy Protocol - Ring Information
MRP Ring 1
 Domain ID:                           ffffffff-ffff-ffff-ffff-ffffffffffff
 Domain Name:                         
 Ring Status:                         Enabled
 Running State:                       Running
 Role:                                Manager
 Network Status:                      Closed
 Port1:                               port1.0.13
  Status:                             Forwarding
 Port2:                               port4.0.26
  Status:                             Blocking
 Vlan ID:
 React on Link Change:                No
 Profile:                             200ms
  Topology Change Interval:           10ms
  Topology Change Count:              3
  Short Test Frame Interval:          10ms
  Default Test Frame Interval:        20ms
  Test Monitoring Interval Count:     3
  Test Monitoring Ext Interval Count: 3
  Non-blocking MRC Supported:         No
  Blocked port state supported:       Yes
=== 1790731101.495 14:18:21 >>> show clock
UTC Time:   Wed, 30 Sep 2026 01:19:03 +0000
Timezone: UTC
Timezone Offset: +00:00
Summer time zone: None
=== 1790731102.646 14:18:22 >>> show stack
Virtual Chassis Stacking summary information

ID   Pending ID  MAC address        Priority  Status  Role
1    -           84e3.2787.0ac0     128       Ready   Backup Member
2    -           -                  -         -       Provisioned
3    -           -                  -         -       Provisioned
4    -           84e3.2787.09c0     128       Ready   Active Master

Operational Status                 Not all stack ports are up
Stack MAC address                  0000.cd37.0d6f (Virtual MAC)
=== 1790731103.798 14:18:23 >>> show mrp ring
Media Redundancy Protocol - Ring Information
MRP Ring 1
 Domain ID:                           ffffffff-ffff-ffff-ffff-ffffffffffff
 Domain Name:                         
 Ring Status:                         Enabled
 Running State:                       Running
 Role:                                Manager
 Network Status:                      Closed
 Port1:                               port1.0.13
  Status:                             Forwarding
 Port2:                               port4.0.26
  Status:                             Blocking
 Vlan ID:
 React on Link Change:                No
 Profile:                             200ms
  Topology Change Interval:           10ms
  Topology Change Count:              3
  Short Test Frame Interval:          10ms
  Default Test Frame Interval:        20ms
  Test Monitoring Interval Count:     3
  Test Monitoring Ext Interval Count: 3
  Non-blocking MRC Supported:         No
  Blocked port state supported:       Yes
=== 1790731104.950 14:18:24 >>> show clock
UTC Time:   Wed, 30 Sep 2026 01:19:06 +0000
Timezone: UTC
Timezone Offset: +00:00
Summer time zone: None
=== 1790731107.253 14:18:27 >>> show stack
Virtual Chassis Stacking summary information

ID   Pending ID  MAC address        Priority  Status  Role
1    -           84e3.2787.0ac0     128       Ready   Backup Member
2    -           -                  -         -       Provisioned
3    -           -                  -         -       Provisioned
4    -           84e3.2787.09c0     128       Ready   Active Master

Operational Status                 Not all stack ports are up
Stack MAC address                  0000.cd37.0d6f (Virtual MAC)
IE520-stk#switch: port 29(port1.0.27) entered blocking state
switch: port 29(port1.0.27) entered forwarding state
switch: port 2(port4.0.28) entered blocking state
switch: port 2(port4.0.28) entered forwarding state
=== 1790731108.405 14:18:28 >>> show mrp ring
Media Redundancy Protocol - Ring Information
MRP Ring 1
 Domain ID:                           ffffffff-ffff-ffff-ffff-ffffffffffff
 Domain Name:                         
 Ring Status:                         Enabled
 Running State:                       Running
 Role:                                Manager
 Network Status:                      Closed
 Port1:                               port1.0.13
  Status:                             Forwarding
 Port2:                               port4.0.26
  Status:                             Blocking
 Vlan ID:
 React on Link Change:                No
 Profile:                             200ms
  Topology Change Interval:           10ms
  Topology Change Count:              3
  Short Test Frame Interval:          10ms
  Default Test Frame Interval:        20ms
  Test Monitoring Interval Count:     3
  Test Monitoring Ext Interval Count: 3
  Non-blocking MRC Supported:         No
  Blocked port state supported:       Yes

01:19:09 IE520-stk VCS[661]: Member 3 (84e3.2787.0740) has joined the stack
=== 1790731109.557 14:18:29 >>> show clock
UTC Time:   Wed, 30 Sep 2026 01:19:11 +0000
Timezone: UTC
Timezone Offset: +00:00
Summer time zone: None
=== 1790731112.912 14:18:32 >>> show stack
Virtual Chassis Stacking summary information

ID   Pending ID  MAC address        Priority  Status  Role
1    -           84e3.2787.0ac0     128       Ready   Backup Member
2    -           -                  -         -       Provisioned
3    -           84e3.2787.0740     128       Init    Backup Member
4    -           84e3.2787.09c0     128       Ready   Active Master

Operational Status                 Normal operation
Stack MAC address                  0000.cd37.0d6f (Virtual MAC)
=== 1790731114.064 14:18:34 >>> show mrp ring
Media Redundancy Protocol - Ring Information
MRP Ring 1
 Domain ID:                           ffffffff-ffff-ffff-ffff-ffffffffffff
 Domain Name:                         
 Ring Status:                         Enabled
 Running State:                       Running
 Role:                                Manager
 Network Status:                      Closed
 Port1:                               port1.0.13
  Status:                             Forwarding
 Port2:                               port4.0.26
  Status:                             Blocking
 Vlan ID:
 React on Link Change:                No
 Profile:                             200ms
  Topology Change Interval:           10ms
  Topology Change Count:              3
  Short Test Frame Interval:          10ms
  Default Test Frame Interval:        20ms
  Test Monitoring Interval Count:     3
  Test Monitoring Ext Interval Count: 3
  Non-blocking MRC Supported:         No
  Blocked port state supported:       Yes
=== 1790731115.215 14:18:35 >>> show clock
UTC Time:   Wed, 30 Sep 2026 01:19:16 +0000
Timezone: UTC
Timezone Offset: +00:00
Summer time zone: None
=== 1790731116.367 14:18:36 >>> show stack
Virtual Chassis Stacking summary information

ID   Pending ID  MAC address        Priority  Status  Role
1    -           84e3.2787.0ac0     128       Ready   Backup Member
2    -           -                  -         -       Provisioned
3    -           84e3.2787.0740     128       Init    Backup Member
4    -           84e3.2787.09c0     128       Ready   Active Master

Operational Status                 Normal operation
Stack MAC address                  0000.cd37.0d6f (Virtual MAC)
=== 1790731117.519 14:18:37 >>> show mrp ring
Media Redundancy Protocol - Ring Information
MRP Ring 1
 Domain ID:                           ffffffff-ffff-ffff-ffff-ffffffffffff
 Domain Name:                         
 Ring Status:                         Enabled
 Running State:                       Running
 Role:                                Manager
 Network Status:                      Closed
 Port1:                               port1.0.13
  Status:                             Forwarding
 Port2:                               port4.0.26
  Status:                             Blocking
 Vlan ID:
 React on Link Change:                No
 Profile:                             200ms
  Topology Change Interval:           10ms
  Topology Change Count:              3
  Short Test Frame Interval:          10ms
  Default Test Frame Interval:        20ms
  Test Monitoring Interval Count:     3
  Test Monitoring Ext Interval Count: 3
  Non-blocking MRC Supported:         No
  Blocked port state supported:       Yes
=== 1790731120.673 14:18:40 >>> show clock
switch: port 57(port3.0.1) entered blocking state
switch: port 57(port3.0.1) entered disabled state
port3.0.1: entered allmulticast mode
port3.0.1: entered promiscuous mode
switch: port 58(port3.0.2) entered blocking state
switch: port 58(port3.0.2) entered disabled state
port3.0.2: entered allmulticast mode
port3.0.2: entered promiscuous mode
switch: port 59(port3.0.3) entered blocking state
switch: port 59(port3.0.3) entered disabled state
port3.0.3: entered allmulticast mode
port3.0.3: entered promiscuous mode
switch: port 60(port3.0.4) entered blocking state
switch: port 60(port3.0.4) entered disabled state
port3.0.4: entered allmulticast mode
port3.0.4: entered promiscuous mode
switch: port 61(port3.0.5) entered blocking state
switch: port 61(port3.0.5) entered disabled state
port3.0.5: entered allmulticast mode
port3.0.5: entered promiscuous mode
switch: port 62(port3.0.6) entered blocking state
switch: port 62(port3.0.6) entered disabled state
port3.0.6: entered allmulticast mode
port3.0.6: entered promiscuous mode
switch: port 63(port3.0.7) entered blocking state
switch: port 63(port3.0.7) entered disabled state
port3.0.7: entered allmulticast mode
port3.0.7: entered promiscuous mode
switch: port 64(port3.0.8) entered blocking state
switch: port 64(port3.0.8) entered disabled state
port3.0.8: entered allmulticast mode
port3.0.8: entered promiscuous mode
switch: port 65(port3.0.9) entered blocking state
switch: port 65(port3.0.9) entered disabled state
port3.0.9: entered allmulticast mode
port3.0.9: entered promiscuous mode
switch: port 66(port3.0.10) entered blocking state
switch: port 66(port3.0.10) entered disabled state
port3.0.10: entered allmulticast mode
port3.0.10: entered promiscuous mode
switch: port 67(port3.0.11) entered blocking state
switch: port 67(port3.0.11) entered disabled state
port3.0.11: entered allmulticast mode
port3.0.11: entered promiscuous mode
switch: port 68(port3.0.12) entered blocking state
switch: port 68(port3.0.12) entered disabled state
port3.0.12: entered allmulticast mode
port3.0.12: entered promiscuous mode
switch: port 69(port3.0.13) entered blocking state
switch: port 69(port3.0.13) entered disabled state
port3.0.13: entered allmulticast mode
port3.0.13: entered promiscuous mode
switch: port 70(port3.0.14) entered blocking state
switch: port 70(port3.0.14) entered disabled state
port3.0.14: entered allmulticast mode
port3.0.14: entered promiscuous mode
switch: port 71(port3.0.15) entered blocking state
switch: port 71(port3.0.15) entered disabled state
port3.0.15: entered allmulticast mode
port3.0.15: entered promiscuous mode
switch: port 72(port3.0.16) entered blocking state
switch: port 72(port3.0.16) entered disabled state
port3.0.16: entered allmulticast mode
port3.0.16: entered promiscuous mode
01:19:21 IE520-sswitch: port 73(port3.0.17) entered blocking state
tk IMI[606]: All users returned switch: port 73(port3.0.17) entered disabled state
to config mode wport3.0.17: entered allmulticast mode
hile switch syn
port3.0.17: entered promiscuous mode

chronization is in progress.  switch: port 74(port3.0.18) entered blocking state
                switch: port 74(port3.0.18) entered disabled state
                port3.0.18: entered allmulticast mode
                port3.0.18: entered promiscuous mode
                             

switch: port 75(port3.0.19) entered blocking state
switch: port 75(port3.0.19) entered disabled state
port3.0.19: entered allmulticast mode
port3.0.19: entered promiscuous mode
switch: port 76(port3.0.20) entered blocking state
switch: port 76(port3.0.20) entered disabled state
port3.0.20: entered allmulticast mode
port3.0.20: entered promiscuous mode
UTC Time:   Wed, 30 Sep 2026 01:19:22 +0000
Timezone: UTC
Timezone Offset: +00:00
Summer timeswitch: port 77(port3.0.21) entered blocking state
 zone: None

switch: port 77(port3.0.21) entered disabled state
port3.0.21: entered allmulticast mode
IE520-stk#port3.0.21: entered promiscuous mode
switch: port 78(port3.0.22) entered blocking state
switch: port 78(port3.0.22) entered disabled state
port3.0.22: entered allmulticast mode
port3.0.22: entered promiscuous mode
switch: port 79(port3.0.23) entered blocking state
switch: port 79(port3.0.23) entered disabled state
port3.0.23: entered allmulticast mode
port3.0.23: entered promiscuous mode
switch: port 80(port3.0.24) entered blocking state
switch: port 80(port3.0.24) entered disabled state
port3.0.24: entered allmulticast mode
port3.0.24: entered promiscuous mode
switch: port 81(port3.0.25) entered blocking state
switch: port 81(port3.0.25) entered disabled state
port3.0.25: entered allmulticast mode
port3.0.25: entered promiscuous mode
switch: port 82(port3.0.26) entered blocking state
switch: port 82(port3.0.26) entered disabled state
port3.0.26: entered allmulticast mode
port3.0.26: entered promiscuous mode
switch: port 83(port3.0.27) entered blocking state
switch: port 83(port3.0.27) entered disabled state
port3.0.27: entered allmulticast mode
port3.0.27: entered promiscuous mode
switch: port 84(port3.0.28) entered blocking state
switch: port 84(port3.0.28) entered disabled state
port3.0.28: entered allmulticast mode
port3.0.28: entered promiscuous mode
=== 1790731123.277 14:18:43 >>> show stack
01:19:24 IE520-stk NSM[611]: Insertion event on unit 3.0 has been completed                                                                               

Virtual Chassis Stacking summary information

ID   Pending ID  MAC address        Priority  Status  Role
1    -           84e3.2787.0ac0     128       Ready   Backup Member
2    -           -                  -         -       Provisioned
3    -           84e3.2787.0740     128       Init    Backup Member
4    -           84e3.2787.09c0     128       Ready   Active Master

Operational Status                 Normal operation
Stack MAC address                  0000.cd37.0d6f (Virtual MAC)
=== 1790731124.429 14:18:44 >>> show mrp ring
Media Redundancy Protocol - Ring Information
MRP Ring 1
 Domain ID:                           ffffffff-ffff-ffff-ffff-ffffffffffff
 Domain Name:                         
 Ring Status:                         Enabled
 Running State:                       Running
 Role:                                Manager
 Network Status:                      Closed
 Port1:                               port1.0.13
  Status:                             Forwarding
 Port2:                               port4.0.26
  Status:                             Blocking
 Vlan ID:
 React on Link Change:                No
 Profile:                             200ms
  Topology Change Interval:           10ms
  Topology Change Count:              3
  Short Test Frame Interval:          10ms
  Default Test Frame Interval:        20ms
  Test Monitoring Interval Count:     3
  Test Monitoring Ext Interval Count: 3
  Non-blocking MRC Supported:         No
  Blocked port state supported:       Yes
=== 1790731126.031 14:18:46 >>> show clock
UTC Time:   Wed, 30 Sep 2026 01:19:27 +0000
Timezone: UTC
Timezone Offset: +00:00
Summer time zone: None
=== 1790731127.183 14:18:47 >>> show stack
Virtual Chassis Stacking summary information

ID   Pending ID  MAC address        Priority  Status  Role
1    -           84e3.2787.0ac0     128       Ready   Backup Member
2    -           -                  -         -       Provisioned
3    -           84e3.2787.0740     128       Init    Backup Member
4    -           84e3.2787.09c0     128       Ready   Active Master

Operational Status                 Normal operation
Stack MAC address                  0000.cd37.0d6f (Virtual MAC)
=== 1790731128.335 14:18:48 >>> show mrp ring
Media Redundancy Protocol - Ring Information
MRP Ring 1
 Domain ID:                           ffffffff-ffff-ffff-ffff-ffffffffffff
 Domain Name:                         
 Ring Status:                         Enabled
 Running State:                       Running
 Role:                                Manager
 Network Status:                      Closed
 Port1:                               port1.0.13
  Status:                             Forwarding
 Port2:                               port4.0.26
  Status:                             Blocking
 Vlan ID:
 React on Link Change:                No
 Profile:                             200ms
  Topology Change Interval:           10ms
  Topology Change Count:              3
  Short Test Frame Interval:          10ms
  Default Test Frame Interval:        20ms
  Test Monitoring Interval Count:     3
  Test Monitoring Ext Interval Count: 3
  Non-blocking MRC Supported:         No
  Blocked port state supported:       Yes
=== 1790731129.486 14:18:49 >>> show clock
UTC Time:   Wed, 30 Sep 2026 01:19:31 +0000
Timezone: UTC
Timezone Offset: +00:00
Summer time zone: None
=== 1790731130.638 14:18:50 >>> show stack
Virtual Chassis Stacking summary information

ID   Pending ID  MAC address        Priority  Status  Role
1    -           84e3.2787.0ac0     128       Ready   Backup Member
2    -           -                  -         -       Provisioned
3    -           84e3.2787.0740     128       Init    Backup Member
4    -           84e3.2787.09c0     128       Ready   Active Master

Operational Status                 Normal operation
Stack MAC address                  0000.cd37.0d6f (Virtual MAC)
=== 1790731131.790 14:18:51 >>> show mrp ring
Media Redundancy Protocol - Ring Information
MRP Ring 1
 Domain ID:                           ffffffff-ffff-ffff-ffff-ffffffffffff
 Domain Name:                         
 Ring Status:                         Enabled
 Running State:                       Running
 Role:                                Manager
 Network Status:                      Closed
 Port1:                               port1.0.13
  Status:                             Forwarding
 Port2:                               port4.0.26
  Status:                             Blocking
 Vlan ID:
 React on Link Change:                No
 Profile:                             200ms
  Topology Change Interval:           10ms
  Topology Change Count:              3
  Short Test Frame Interval:          10ms
  Default Test Frame Interval:        20ms
  Test Monitoring Interval Count:     3
  Test Monitoring Ext Interval Count: 3
  Non-blocking MRC Supported:         No
  Blocked port state supported:       Yes
=== 1790731132.942 14:18:52 >>> show clock
UTC Time:   Wed, 30 Sep 2026 01:19:34 +0000
Timezone: UTC
Timezone Offset: +00:00
Summer time zone: None
=== 1790731134.094 14:18:54 >>> show stack
Virtual Chassis Stacking summary information

ID   Pending ID  MAC address        Priority  Status  Role
1    -           84e3.2787.0ac0     128       Ready   Backup Member
2    -           -                  -         -       Provisioned
3    -           84e3.2787.0740     128       Init    Backup Member
4    -           84e3.2787.09c0     128       Ready   Active Master

Operational Status                 Normal operation
Stack MAC address                  0000.cd37.0d6f (Virtual MAC)
=== 1790731135.246 14:18:55 >>> show mrp ring
Media Redundancy Protocol - Ring Information
MRP Ring 1
 Domain ID:                           ffffffff-ffff-ffff-ffff-ffffffffffff
 Domain Name:                         
 Ring Status:                         Enabled
 Running State:                       Running
 Role:                                Manager
 Network Status:                      Closed
 Port1:                               port1.0.13
  Status:                             Forwarding
 Port2:                               port4.0.26
  Status:                             Blocking
 Vlan ID:
 React on Link Change:                No
 Profile:                             200ms
  Topology Change Interval:           10ms
  Topology Change Count:              3
  Short Test Frame Interval:          10ms
  Default Test Frame Interval:        20ms
  Test Monitoring Interval Count:     3
  Test Monitoring Ext Interval Count: 3
  Non-blocking MRC Supported:         No
  Blocked port state supported:       Yes
=== 1790731136.397 14:18:56 >>> show clock
UTC Time:   Wed, 30 Sep 2026 01:19:37 +0000
Timezone: UTC
Timezone Offset: +00:00
Summer time zone: None
=== 1790731137.549 14:18:57 >>> show stack
Virtual Chassis Stacking summary information

ID   Pending ID  MAC address        Priority  Status  Role
1    -           84e3.2787.0ac0     128       Ready   Backup Member
2    -           -                  -         -       Provisioned
3    -           84e3.2787.0740     128       Init    Backup Member
4    -           84e3.2787.09c0     128       Ready   Active Master

Operational Status                 Normal operation
Stack MAC address                  0000.cd37.0d6f (Virtual MAC)
=== 1790731138.701 14:18:58 >>> show mrp ring
Media Redundancy Protocol - Ring Information
MRP Ring 1
 Domain ID:                           ffffffff-ffff-ffff-ffff-ffffffffffff
 Domain Name:                         
 Ring Status:                         Enabled
 Running State:                       Running
 Role:                                Manager
 Network Status:                      Closed
 Port1:                               port1.0.13
  Status:                             Forwarding
 Port2:                               port4.0.26
  Status:                             Blocking
 Vlan ID:
 React on Link Change:                No
 Profile:                             200ms
  Topology Change Interval:           10ms
  Topology Change Count:              3
  Short Test Frame Interval:          10ms
  Default Test Frame Interval:        20ms
  Test Monitoring Interval Count:     3
  Test Monitoring Ext Interval Count: 3
  Non-blocking MRC Supported:         No
  Blocked port state supported:       Yes
=== 1790731139.853 14:18:59 >>> show clock
UTC Time:   Wed, 30 Sep 2026 01:19:41 +0000
Timezone: UTC
Timezone Offset: +00:00
Summer time zone: None
=== 1790731141.005 14:19:01 >>> show stack
Virtual Chassis Stacking summary information

ID   Pending ID  MAC address        Priority  Status  Role
1    -           84e3.2787.0ac0     128       Ready   Backup Member
2    -           -                  -         -       Provisioned
3    -           84e3.2787.0740     128       Init    Backup Member
4    -           84e3.2787.09c0     128       Ready   Active Master

Operational Status                 Normal operation
Stack MAC address                  0000.cd37.0d6f (Virtual MAC)
=== 1790731142.156 14:19:02 >>> show mrp ring
Media Redundancy Protocol - Ring Information
MRP Ring 1
 Domain ID:                           ffffffff-ffff-ffff-ffff-ffffffffffff
 Domain Name:                         
 Ring Status:                         Enabled
 Running State:                       Running
 Role:                                Manager
 Network Status:                      Closed
 Port1:                               port1.0.13
  Status:                             Forwarding
 Port2:                               port4.0.26
  Status:                             Blocking
 Vlan ID:
 React on Link Change:                No
 Profile:                             200ms
  Topology Change Interval:           10ms
  Topology Change Count:              3
  Short Test Frame Interval:          10ms
  Default Test Frame Interval:        20ms
  Test Monitoring Interval Count:     3
  Test Monitoring Ext Interval Count: 3
  Non-blocking MRC Supported:         No
  Blocked port state supported:       Yes
=== 1790731143.308 14:19:03 >>> show clock
UTC Time:   Wed, 30 Sep 2026 01:19:44 +0000
Timezone: UTC
Timezone Offset: +00:00
Summer time zone: None
=== 1790731144.460 14:19:04 >>> show stack
Virtual Chassis Stacking summary information

ID   Pending ID  MAC address        Priority  Status  Role
1    -           84e3.2787.0ac0     128       Ready   Backup Member
2    -           -                  -         -       Provisioned
3    -           84e3.2787.0740     128       Init    Backup Member
4    -           84e3.2787.09c0     128       Ready   Active Master

Operational Status                 Normal operation
Stack MAC address                  0000.cd37.0d6f (Virtual MAC)
=== 1790731145.612 14:19:05 >>> show mrp ring
Media Redundancy Protocol - Ring Information
MRP Ring 1
 Domain ID:                           ffffffff-ffff-ffff-ffff-ffffffffffff
 Domain Name:                         
 Ring Status:                         Enabled
 Running State:                       Running
 Role:                                Manager
 Network Status:                      Closed
 Port1:                               port1.0.13
  Status:                             Forwarding
 Port2:                               port4.0.26
  Status:                             Blocking
 Vlan ID:
 React on Link Change:                No
 Profile:                             200ms
  Topology Change Interval:           10ms
  Topology Change Count:              3
  Short Test Frame Interval:          10ms
  Default Test Frame Interval:        20ms
  Test Monitoring Interval Count:     3
  Test Monitoring Ext Interval Count: 3
  Non-blocking MRC Supported:         No
  Blocked port state supported:       Yes
=== 1790731146.764 14:19:06 >>> show clock
UTC Time:   Wed, 30 Sep 2026 01:19:48 +0000
Timezone: UTC
Timezone Offset: +00:00
Summer time zone: None
=== 1790731147.916 14:19:07 >>> show stack
Virtual Chassis Stacking summary information

ID   Pending ID  MAC address        Priority  Status  Role
1    -           84e3.2787.0ac0     128       Ready   Backup Member
2    -           -                  -         -       Provisioned
3    -           84e3.2787.0740     128       Init    Backup Member
4    -           84e3.2787.09c0     128       Ready   Active Master

Operational Status                 Normal operation
Stack MAC address                  0000.cd37.0d6f (Virtual MAC)
=== 1790731149.068 14:19:09 >>> show mrp ring
Media Redundancy Protocol - Ring Information
MRP Ring 1
 Domain ID:                           ffffffff-ffff-ffff-ffff-ffffffffffff
 Domain Name:                         
 Ring Status:                         Enabled
 Running State:                       Running
 Role:                                Manager
 Network Status:                      Closed
 Port1:                               port1.0.13
  Status:                             Forwarding
 Port2:                               port4.0.26
  Status:                             Blocking
 Vlan ID:
 React on Link Change:                No
 Profile:                             200ms
  Topology Change Interval:           10ms
  Topology Change Count:              3
  Short Test Frame Interval:          10ms
  Default Test Frame Interval:        20ms
  Test Monitoring Interval Count:     3
  Test Monitoring Ext Interval Count: 3
  Non-blocking MRC Supported:         No
  Blocked port state supported:       Yes
=== 1790731150.220 14:19:10 >>> show clock
UTC Time:   Wed, 30 Sep 2026 01:19:51 +0000
Timezone: UTC
Timezone Offset: +00:00
Summer time zone: None
=== 1790731151.372 14:19:11 >>> show stack
Virtual Chassis Stacking summary information

ID   Pending ID  MAC address        Priority  Status  Role
1    -           84e3.2787.0ac0     128       Ready   Backup Member
2    -           -                  -         -       Provisioned
3    -           84e3.2787.0740     128       Init    Backup Member
4    -           84e3.2787.09c0     128       Ready   Active Master

Operational Status                 Normal operation
Stack MAC address                  0000.cd37.0d6f (Virtual MAC)
=== 1790731152.523 14:19:12 >>> show mrp ring
Media Redundancy Protocol - Ring Information
MRP Ring 1
 Domain ID:                           ffffffff-ffff-ffff-ffff-ffffffffffff
 Domain Name:                         
 Ring Status:                         Enabled
 Running State:                       Running
 Role:                                Manager
 Network Status:                      Closed
 Port1:                               port1.0.13
  Status:                             Forwarding
 Port2:                               port4.0.26
  Status:                             Blocking
 Vlan ID:
 React on Link Change:                No
 Profile:                             200ms
  Topology Change Interval:           10ms
  Topology Change Count:              3
  Short Test Frame Interval:          10ms
  Default Test Frame Interval:        20ms
  Test Monitoring Interval Count:     3
  Test Monitoring Ext Interval Count: 3
  Non-blocking MRC Supported:         No
  Blocked port state supported:       Yes
=== 1790731153.675 14:19:13 >>> show clock
UTC Time:   Wed, 30 Sep 2026 01:19:55 +0000
Timezone: UTC
Timezone Offset: +00:00
Summer time zone: None
=== 1790731154.827 14:19:14 >>> show stack
Virtual Chassis Stacking summary information

ID   Pending ID  MAC address        Priority  Status  Role
1    -           84e3.2787.0ac0     128       Ready   Backup Member
2    -           -                  -         -       Provisioned
3    -           84e3.2787.0740     128       Init    Backup Member
4    -           84e3.2787.09c0     128       Ready   Active Master

Operational Status                 Normal operation
Stack MAC address                  0000.cd37.0d6f (Virtual MAC)
=== 1790731155.979 14:19:15 >>> show mrp ring
Media Redundancy Protocol - Ring Information
MRP Ring 1
 Domain ID:                           ffffffff-ffff-ffff-ffff-ffffffffffff
 Domain Name:                         
 Ring Status:                         Enabled
 Running State:                       Running
 Role:                                Manager
 Network Status:                      Closed
 Port1:                               port1.0.13
  Status:                             Forwarding
 Port2:                               port4.0.26
  Status:                             Blocking
 Vlan ID:
 React on Link Change:                No
 Profile:                             200ms
  Topology Change Interval:           10ms
  Topology Change Count:              3
  Short Test Frame Interval:          10ms
  Default Test Frame Interval:        20ms
  Test Monitoring Interval Count:     3
  Test Monitoring Ext Interval Count: 3
  Non-blocking MRC Supported:         No
  Blocked port state supported:       Yes
=== 1790731157.130 14:19:17 >>> show clock
UTC Time:   Wed, 30 Sep 2026 01:19:58 +0000
Timezone: UTC
Timezone Offset: +00:00
Summer time zone: None
=== 1790731158.282 14:19:18 >>> show stack
Virtual Chassis Stacking summary information

ID   Pending ID  MAC address        Priority  Status  Role
1    -           84e3.2787.0ac0     128       Ready   Backup Member
2    -           -                  -         -       Provisioned
3    -           84e3.2787.0740     128       Init    Backup Member
4    -           84e3.2787.09c0     128       Ready   Active Master

Operational Status                 Normal operation
Stack MAC address                  0000.cd37.0d6f (Virtual MAC)
=== 1790731159.434 14:19:19 >>> show mrp ring
Media Redundancy Protocol - Ring Information
MRP Ring 1
 Domain ID:                           ffffffff-ffff-ffff-ffff-ffffffffffff
 Domain Name:                         
 Ring Status:                         Enabled
 Running State:                       Running
 Role:                                Manager
 Network Status:                      Closed
 Port1:                               port1.0.13
  Status:                             Forwarding
 Port2:                               port4.0.26
  Status:                             Blocking
 Vlan ID:
 React on Link Change:                No
 Profile:                             200ms
  Topology Change Interval:           10ms
  Topology Change Count:              3
  Short Test Frame Interval:          10ms
  Default Test Frame Interval:        20ms
  Test Monitoring Interval Count:     3
  Test Monitoring Ext Interval Count: 3
  Non-blocking MRC Supported:         No
  Blocked port state supported:       Yes
=== 1790731160.586 14:19:20 >>> show clock
UTC Time:   Wed, 30 Sep 2026 01:20:02 +0000
Timezone: UTC
Timezone Offset: +00:00
Summer time zone: None
=== 1790731161.738 14:19:21 >>> show stack
Virtual Chassis Stacking summary information

ID   Pending ID  MAC address        Priority  Status  Role
1    -           84e3.2787.0ac0     128       Ready   Backup Member
2    -           -                  -         -       Provisioned
3    -           84e3.2787.0740     128       Init    Backup Member
4    -           84e3.2787.09c0     128       Ready   Active Master

Operational Status                 Normal operation
Stack MAC address                  0000.cd37.0d6f (Virtual MAC)
=== 1790731163.590 14:19:23 >>> show mrp ring
Media Redundancy Protocol - Ring Information
MRP Ring 1
 Domain ID:                           ffffffff-ffff-ffff-ffff-ffffffffffff
 Domain Name:                         
 Ring Status:                         Enabled
 Running State:                       Running
 Role:                                Manager
 Network Status:                      Closed
 Port1:                               port1.0.13
  Status:                             Forwarding
 Port2:                               port4.0.26
  Status:                             Blocking
 Vlan ID:
 React on Link Change:                No
 Profile:                             200ms
  Topology Change Interval:           10ms
  Topology Change Count:              3
  Short Test Frame Interval:          10ms
  Default Test Frame Interval:        20ms
  Test Monitoring Interval Count:     3
  Test Monitoring Ext Interval Count: 3
  Non-blocking MRC Supported:         No
  Blocked port state supported:       Yes

IE520-stk#01:20:05 IE520-stk IMI[606]: Configuration update completed for port3.0.1-port3

.0.28
=== 1790731164.742 14:19:24 >>> show clock
UTC Time:   Wed, 30 Sep 2026 01:20:06 +0000
Timezone: UTC
Timezone Offset: +00:00
Summer time zone: None
=== 1790731165.894 14:19:25 >>> show stack
Virtual Chassis Stacking summary information

ID   Pending ID  MAC address        Priority  Status  Role
1    -           84e3.2787.0ac0     128       Ready   Backup Member
2    -           -                  -         -       Provisioned
3    -           84e3.2787.0740     128       Syncing Backup Member
4    -           84e3.2787.09c0     128       Ready   Active Master

Operational Status                 Normal operation
Stack MAC address                  0000.cd37.0d6f (Virtual MAC)
=== 1790731167.246 14:19:27 >>> show mrp ring
Media Redundancy Protocol - Ring Information
MRP Ring 1
 Domain ID:                           ffffffff-ffff-ffff-ffff-ffffffffffff
 Domain Name:                         
 Ring Status:                         Enabled
 Running State:                       Running
 Role:                                Manager
 Network Status:                      Closed
 Port1:                               port1.0.13
  Status:                             Forwarding
 Port2:                               port4.0.26
  Status:                             Blocking
 Vlan ID:
 React on Link Change:                No
 Profile:                             200ms
  Topology Change Interval:           10ms
  Topology Change Count:              3
  Short Test Frame Interval:          10ms
  Default Test Frame Interval:        20ms
  Test Monitoring Interval Count:     3
  Test Monitoring Ext Interval Count: 3
  Non-blocking MRC Supported:         No
  Blocked port state supported:       Yes

IE520-stk#switch: port 58(port3.0.2) entered blocking state
switch: port 58(port3.0.2) entered forwarding state
=== 1790731168.398 14:19:28 >>> show clock
UTC Time:   Wed, 30 Sep 2026 01:20:09 +0000
Timezone: UTC
Timezone Offset: +00:00
Summer time zone: None
=== 1790731169.549 14:19:29 >>> show stack
Virtual Chassis Stacking summary information

ID   Pending ID  MAC address        Priority  Status  Role
1    -           84e3.2787.0ac0     128       Ready   Backup Member
2    -           -                  -         -       Provisioned
3    -           84e3.2787.0740     128       Syncing Backup Member
4    -           84e3.2787.09c0     128       Ready   Active Master

Operational Status                 Normal operation
Stack MAC address                  0000.cd37.0d6f (Virtual MAC)
=== 1790731170.701 14:19:30 >>> show mrp ring
Media Redundancy Protocol - Ring Information
MRP Ring 1
 Domain ID:                           ffffffff-ffff-ffff-ffff-ffffffffffff
 Domain Name:                         
 Ring Status:                         Enabled
 Running State:                       Running
 Role:                                Manager
 Network Status:                      Closed
 Port1:                               port1.0.13
  Status:                             Forwarding
 Port2:                               port4.0.26
  Status:                             Blocking
 Vlan ID:
 React on Link Change:                No
 Profile:                             200ms
  Topology Change Interval:           10ms
  Topology Change Count:              3
  Short Test Frame Interval:          10ms
  Default Test Frame Interval:        20ms
  Test Monitoring Interval Count:     3
  Test Monitoring Ext Interval Count: 3
  Non-blocking MRC Supported:         No
  Blocked port state supported:       Yes
=== 1790731171.853 14:19:31 >>> show clock
UTC Time:   Wed, 30 Sep 2026 01:20:13 +0000
Timezone: UTC
Timezone Offset: +00:00
Summer time zone: None
=== 1790731173.005 14:19:33 >>> show stack
Virtual Chassis Stacking summary information

ID   Pending ID  MAC address        Priority  Status  Role
1    -           84e3.2787.0ac0     128       Ready   Backup Member
2    -           -                  -         -       Provisioned
3    -           84e3.2787.0740     128       Syncing Backup Member
4    -           84e3.2787.09c0     128       Ready   Active Master

Operational Status                 Normal operation
Stack MAC address                  0000.cd37.0d6f (Virtual MAC)
=== 1790731174.157 14:19:34 >>> show mrp ring
Media Redundancy Protocol - Ring Information
MRP Ring 1
 Domain ID:                           ffffffff-ffff-ffff-ffff-ffffffffffff
 Domain Name:                         
 Ring Status:                         Enabled
 Running State:                       Running
 Role:                                Manager
 Network Status:                      Closed
 Port1:                               port1.0.13
  Status:                             Forwarding
 Port2:                               port4.0.26
  Status:                             Blocking
 Vlan ID:
 React on Link Change:                No
 Profile:                             200ms
  Topology Change Interval:           10ms
  Topology Change Count:              3
  Short Test Frame Interval:          10ms
  Default Test Frame Interval:        20ms
  Test Monitoring Interval Count:     3
  Test Monitoring Ext Interval Count: 3
  Non-blocking MRC Supported:         No
  Blocked port state supported:       Yes
=== 1790731175.309 14:19:35 >>> show clock
UTC Time:   Wed, 30 Sep 2026 01:20:16 +0000
Timezone: UTC
Timezone Offset: +00:00
Summer time zone: None
=== 1790731177.161 14:19:37 >>> show stack
Virtual Chassis Stacking summary information

ID   Pending ID  MAC address        Priority  Status  Role
1    -           84e3.2787.0ac0     128       Ready   Backup Member
2    -           -                  -         -       Provisioned
3    -           84e3.2787.0740     128       Syncing Backup Member
4    -           84e3.2787.09c0     128       Ready   Active Master

Operational Status                 Normal operation
Stack MAC address                  0000.cd37.0d6f (Virtual MAC)
IE520-stk#switch: port 69(port3.0.13) entered blocking state
switch: port 69(port3.0.13) entered forwarding state
=== 1790731178.313 14:19:38 >>> show mrp ring
Media Redundancy Protocol - Ring Information
MRP Ring 1
 Domain ID:                           ffffffff-ffff-ffff-ffff-ffffffffffff
 Domain Name:                         
 Ring Status:                         Enabled
 Running State:                       Running
 Role:                                Manager
 Network Status:                      Closed
 Port1:                               port1.0.13
  Status:                             Forwarding
 Port2:                               port4.0.26
  Status:                             Blocking
 Vlan ID:
 React on Link Change:                No
 Profile:                             200ms
  Topology Change Interval:           10ms
  Topology Change Count:              3
  Short Test Frame Interval:          10ms
  Default Test Frame Interval:        20ms
  Test Monitoring Interval Count:     3
  Test Monitoring Ext Interval Count: 3
  Non-blocking MRC Supported:         No
  Blocked port state supported:       Yes
=== 1790731179.465 14:19:39 >>> show clock
UTC Time:   Wed, 30 Sep 2026 01:20:21 +0000
Timezone: UTC
Timezone Offset: +00:00
Summer time zone: None
=== 1790731180.617 14:19:40 >>> show stack
Virtual Chassis Stacking summary information

ID   Pending ID  MAC address        Priority  Status  Role
1    -           84e3.2787.0ac0     128       Ready   Backup Member
2    -           -                  -         -       Provisioned
3    -           84e3.2787.0740     128       Syncing Backup Member
4    -           84e3.2787.09c0     128       Ready   Active Master

Operational Status                 Normal operation
Stack MAC address                  0000.cd37.0d6f (Virtual MAC)
=== 1790731181.769 14:19:41 >>> show mrp ring
Media Redundancy Protocol - Ring Information
MRP Ring 1
 Domain ID:                           ffffffff-ffff-ffff-ffff-ffffffffffff
 Domain Name:                         
 Ring Status:                         Enabled
 Running State:                       Running
 Role:                                Manager
 Network Status:                      Closed
 Port1:                               port1.0.13
  Status:                             Forwarding
 Port2:                               port4.0.26
  Status:                             Blocking
 Vlan ID:
 React on Link Change:                No
 Profile:                             200ms
  Topology Change Interval:           10ms
  Topology Change Count:              3
  Short Test Frame Interval:          10ms
  Default Test Frame Interval:        20ms
  Test Monitoring Interval Count:     3
  Test Monitoring Ext Interval Count: 3
  Non-blocking MRC Supported:         No
  Blocked port state supported:       Yes
=== 1790731182.920 14:19:42 >>> show clock
UTC Time:   Wed, 30 Sep 2026 01:20:24 +0000
Timezone: UTC
Timezone Offset: +00:00
Summer time zone: None
=== 1790731184.072 14:19:44 >>> show stack
Virtual Chassis Stacking summary information

ID   Pending ID  MAC address        Priority  Status  Role
1    -           84e3.2787.0ac0     128       Ready   Backup Member
2    -           -                  -         -       Provisioned
3    -           84e3.2787.0740     128       Syncing Backup Member
4    -           84e3.2787.09c0     128       Ready   Active Master

Operational Status                 Normal operation
Stack MAC address                  0000.cd37.0d6f (Virtual MAC)
=== 1790731185.224 14:19:45 >>> show mrp ring
Media Redundancy Protocol - Ring Information
MRP Ring 1
 Domain ID:                           ffffffff-ffff-ffff-ffff-ffffffffffff
 Domain Name:                         
 Ring Status:                         Enabled
 Running State:                       Running
 Role:                                Manager
 Network Status:                      Closed
 Port1:                               port1.0.13
  Status:                             Forwarding
 Port2:                               port4.0.26
  Status:                             Blocking
 Vlan ID:
 React on Link Change:                No
 Profile:                             200ms
  Topology Change Interval:           10ms
  Topology Change Count:              3
  Short Test Frame Interval:          10ms
  Default Test Frame Interval:        20ms
  Test Monitoring Interval Count:     3
  Test Monitoring Ext Interval Count: 3
  Non-blocking MRC Supported:         No
  Blocked port state supported:       Yes
=== 1790731186.376 14:19:46 >>> show clock
UTC Time:   Wed, 30 Sep 2026 01:20:27 +0000
Timezone: UTC
Timezone Offset: +00:00
Summer time zone: None
=== 1790731187.528 14:19:47 >>> show stack
Virtual Chassis Stacking summary information

ID   Pending ID  MAC address        Priority  Status  Role
1    -           84e3.2787.0ac0     128       Ready   Backup Member
2    -           -                  -         -       Provisioned
3    -           84e3.2787.0740     128       Syncing Backup Member
4    -           84e3.2787.09c0     128       Ready   Active Master

Operational Status                 Normal operation
Stack MAC address                  0000.cd37.0d6f (Virtual MAC)
=== 1790731188.680 14:19:48 >>> show mrp ring
Media Redundancy Protocol - Ring Information
MRP Ring 1
 Domain ID:                           ffffffff-ffff-ffff-ffff-ffffffffffff
 Domain Name:                         
 Ring Status:                         Enabled
 Running State:                       Running
 Role:                                Manager
 Network Status:                      Closed
 Port1:                               port1.0.13
  Status:                             Forwarding
 Port2:                               port4.0.26
  Status:                             Blocking
 Vlan ID:
 React on Link Change:                No
 Profile:                             200ms
  Topology Change Interval:           10ms
  Topology Change Count:              3
  Short Test Frame Interval:          10ms
  Default Test Frame Interval:        20ms
  Test Monitoring Interval Count:     3
  Test Monitoring Ext Interval Count: 3
  Non-blocking MRC Supported:         No
  Blocked port state supported:       Yes
=== 1790731189.831 14:19:49 >>> show clock
UTC Time:   Wed, 30 Sep 2026 01:20:31 +0000
Timezone: UTC
Timezone Offset: +00:00
Summer time zone: None
=== 1790731190.983 14:19:50 >>> show stack
Virtual Chassis Stacking summary information

ID   Pending ID  MAC address        Priority  Status  Role
1    -           84e3.2787.0ac0     128       Ready   Backup Member
2    -           -                  -         -       Provisioned
3    -           84e3.2787.0740     128       Syncing Backup Member
4    -           84e3.2787.09c0     128       Ready   Active Master

Operational Status                 Normal operation
Stack MAC address                  0000.cd37.0d6f (Virtual MAC)
=== 1790731192.135 14:19:52 >>> show mrp ring
Media Redundancy Protocol - Ring Information
MRP Ring 1
 Domain ID:                           ffffffff-ffff-ffff-ffff-ffffffffffff
 Domain Name:                         
 Ring Status:                         Enabled
 Running State:                       Running
 Role:                                Manager
 Network Status:                      Closed
 Port1:                               port1.0.13
  Status:                             Forwarding
 Port2:                               port4.0.26
  Status:                             Blocking
 Vlan ID:
 React on Link Change:                No
 Profile:                             200ms
  Topology Change Interval:           10ms
  Topology Change Count:              3
  Short Test Frame Interval:          10ms
  Default Test Frame Interval:        20ms
  Test Monitoring Interval Count:     3
  Test Monitoring Ext Interval Count: 3
  Non-blocking MRC Supported:         No
  Blocked port state supported:       Yes
=== 1790731193.287 14:19:53 >>> show clock
UTC Time:   Wed, 30 Sep 2026 01:20:34 +0000
Timezone: UTC
Timezone Offset: +00:00
Summer time zone: None
=== 1790731194.439 14:19:54 >>> show stack
Virtual Chassis Stacking summary information

ID   Pending ID  MAC address        Priority  Status  Role
1    -           84e3.2787.0ac0     128       Ready   Backup Member
2    -           -                  -         -       Provisioned
3    -           84e3.2787.0740     128       Syncing Backup Member
4    -           84e3.2787.09c0     128       Ready   Active Master

Operational Status                 Normal operation
Stack MAC address                  0000.cd37.0d6f (Virtual MAC)
=== 1790731195.591 14:19:55 >>> show mrp ring
Media Redundancy Protocol - Ring Information
MRP Ring 1
 Domain ID:                           ffffffff-ffff-ffff-ffff-ffffffffffff
 Domain Name:                         
 Ring Status:                         Enabled
 Running State:                       Running
 Role:                                Manager
 Network Status:                      Closed
 Port1:                               port1.0.13
  Status:                             Forwarding
 Port2:                               port4.0.26
  Status:                             Blocking
 Vlan ID:
 React on Link Change:                No
 Profile:                             200ms
  Topology Change Interval:           10ms
  Topology Change Count:              3
  Short Test Frame Interval:          10ms
  Default Test Frame Interval:        20ms
  Test Monitoring Interval Count:     3
  Test Monitoring Ext Interval Count: 3
  Non-blocking MRC Supported:         No
  Blocked port state supported:       Yes
=== 1790731196.743 14:19:56 >>> show clock
UTC Time:   Wed, 30 Sep 2026 01:20:38 +0000
Timezone: UTC
Timezone Offset: +00:00
Summer time zone: None
=== 1790731197.894 14:19:57 >>> show stack
Virtual Chassis Stacking summary information

ID   Pending ID  MAC address        Priority  Status  Role
1    -           84e3.2787.0ac0     128       Ready   Backup Member
2    -           -                  -         -       Provisioned
3    -           84e3.2787.0740     128       Syncing Backup Member
4    -           84e3.2787.09c0     128       Ready   Active Master

Operational Status                 Normal operation
Stack MAC address                  0000.cd37.0d6f (Virtual MAC)
=== 1790731199.046 14:19:59 >>> show mrp ring
Media Redundancy Protocol - Ring Information
MRP Ring 1
 Domain ID:                           ffffffff-ffff-ffff-ffff-ffffffffffff
 Domain Name:                         
 Ring Status:                         Enabled
 Running State:                       Running
 Role:                                Manager
 Network Status:                      Closed
 Port1:                               port1.0.13
  Status:                             Forwarding
 Port2:                               port4.0.26
  Status:                             Blocking
 Vlan ID:
 React on Link Change:                No
 Profile:                             200ms
  Topology Change Interval:           10ms
  Topology Change Count:              3
  Short Test Frame Interval:          10ms
  Default Test Frame Interval:        20ms
  Test Monitoring Interval Count:     3
  Test Monitoring Ext Interval Count: 3
  Non-blocking MRC Supported:         No
  Blocked port state supported:       Yes
=== 1790731200.198 14:20:00 >>> show clock
UTC Time:   Wed, 30 Sep 2026 01:20:41 +0000
Timezone: UTC
Timezone Offset: +00:00
Summer time zone: None
=== 1790731201.350 14:20:01 >>> show stack
Virtual Chassis Stacking summary information

ID   Pending ID  MAC address        Priority  Status  Role
1    -           84e3.2787.0ac0     128       Ready   Backup Member
2    -           -                  -         -       Provisioned
3    -           84e3.2787.0740     128       Syncing Backup Member
4    -           84e3.2787.09c0     128       Ready   Active Master

Operational Status                 Normal operation
Stack MAC address                  0000.cd37.0d6f (Virtual MAC)
=== 1790731202.501 14:20:02 >>> show mrp ring
Media Redundancy Protocol - Ring Information
MRP Ring 1
 Domain ID:                           ffffffff-ffff-ffff-ffff-ffffffffffff
 Domain Name:                         
 Ring Status:                         Enabled
 Running State:                       Running
 Role:                                Manager
 Network Status:                      Closed
 Port1:                               port1.0.13
  Status:                             Forwarding
 Port2:                               port4.0.26
  Status:                             Blocking
 Vlan ID:
 React on Link Change:                No
 Profile:                             200ms
  Topology Change Interval:           10ms
  Topology Change Count:              3
  Short Test Frame Interval:          10ms
  Default Test Frame Interval:        20ms
  Test Monitoring Interval Count:     3
  Test Monitoring Ext Interval Count: 3
  Non-blocking MRC Supported:         No
  Blocked port state supported:       Yes
=== 1790731203.653 14:20:03 >>> show clock
UTC Time:   Wed, 30 Sep 2026 01:20:45 +0000
Timezone: UTC
Timezone Offset: +00:00
Summer time zone: None
=== 1790731204.805 14:20:04 >>> show stack
Virtual Chassis Stacking summary information

ID   Pending ID  MAC address        Priority  Status  Role
1    -           84e3.2787.0ac0     128       Ready   Backup Member
2    -           -                  -         -       Provisioned
3    -           84e3.2787.0740     128       Syncing Backup Member
4    -           84e3.2787.09c0     128       Ready   Active Master

Operational Status                 Normal operation
Stack MAC address                  0000.cd37.0d6f (Virtual MAC)
=== 1790731205.957 14:20:05 >>> show mrp ring
Media Redundancy Protocol - Ring Information
MRP Ring 1
 Domain ID:                           ffffffff-ffff-ffff-ffff-ffffffffffff
 Domain Name:                         
 Ring Status:                         Enabled
 Running State:                       Running
 Role:                                Manager
 Network Status:                      Closed
 Port1:                               port1.0.13
  Status:                             Forwarding
 Port2:                               port4.0.26
  Status:                             Blocking
 Vlan ID:
 React on Link Change:                No
 Profile:                             200ms
  Topology Change Interval:           10ms
  Topology Change Count:              3
  Short Test Frame Interval:          10ms
  Default Test Frame Interval:        20ms
  Test Monitoring Interval Count:     3
  Test Monitoring Ext Interval Count: 3
  Non-blocking MRC Supported:         No
  Blocked port state supported:       Yes
=== 1790731207.109 14:20:07 >>> show clock
UTC Time:   Wed, 30 Sep 2026 01:20:48 +0000
Timezone: UTC
Timezone Offset: +00:00
Summer time zone: None
=== 1790731208.261 14:20:08 >>> show stack
Virtual Chassis Stacking summary information

ID   Pending ID  MAC address        Priority  Status  Role
1    -           84e3.2787.0ac0     128       Ready   Backup Member
2    -           -                  -         -       Provisioned
3    -           84e3.2787.0740     128       Syncing Backup Member
4    -           84e3.2787.09c0     128       Ready   Active Master

Operational Status                 Normal operation
Stack MAC address                  0000.cd37.0d6f (Virtual MAC)
=== 1790731209.413 14:20:09 >>> show mrp ring
Media Redundancy Protocol - Ring Information
MRP Ring 1
 Domain ID:                           ffffffff-ffff-ffff-ffff-ffffffffffff
 Domain Name:                         
 Ring Status:                         Enabled
 Running State:                       Running
 Role:                                Manager
 Network Status:                      Closed
 Port1:                               port1.0.13
  Status:                             Forwarding
 Port2:                               port4.0.26
  Status:                             Blocking
 Vlan ID:
 React on Link Change:                No
 Profile:                             200ms
  Topology Change Interval:           10ms
  Topology Change Count:              3
  Short Test Frame Interval:          10ms
  Default Test Frame Interval:        20ms
  Test Monitoring Interval Count:     3
  Test Monitoring Ext Interval Count: 3
  Non-blocking MRC Supported:         No
  Blocked port state supported:       Yes
=== 1790731210.565 14:20:10 >>> show clock
UTC Time:   Wed, 30 Sep 2026 01:20:52 +0000
Timezone: UTC
Timezone Offset: +00:00
Summer time zone: None
=== 1790731211.717 14:20:11 >>> show stack
Virtual Chassis Stacking summary information

ID   Pending ID  MAC address        Priority  Status  Role
1    -           84e3.2787.0ac0     128       Ready   Backup Member
2    -           -                  -         -       Provisioned
3    -           84e3.2787.0740     128       Syncing Backup Member
4    -           84e3.2787.09c0     128       Ready   Active Master

Operational Status                 Normal operation
Stack MAC address                  0000.cd37.0d6f (Virtual MAC)
=== 1790731212.868 14:20:12 >>> show mrp ring
Media Redundancy Protocol - Ring Information
MRP Ring 1
 Domain ID:                           ffffffff-ffff-ffff-ffff-ffffffffffff
 Domain Name:                         
 Ring Status:                         Enabled
 Running State:                       Running
 Role:                                Manager
 Network Status:                      Closed
 Port1:                               port1.0.13
  Status:                             Forwarding
 Port2:                               port4.0.26
  Status:                             Blocking
 Vlan ID:
 React on Link Change:                No
 Profile:                             200ms
  Topology Change Interval:           10ms
  Topology Change Count:              3
  Short Test Frame Interval:          10ms
  Default Test Frame Interval:        20ms
  Test Monitoring Interval Count:     3
  Test Monitoring Ext Interval Count: 3
  Non-blocking MRC Supported:         No
  Blocked port state supported:       Yes
=== 1790731214.020 14:20:14 >>> show clock
UTC Time:   Wed, 30 Sep 2026 01:20:55 +0000
Timezone: UTC
Timezone Offset: +00:00
Summer time zone: None
=== 1790731215.172 14:20:15 >>> show stack
Virtual Chassis Stacking summary information

ID   Pending ID  MAC address        Priority  Status  Role
1    -           84e3.2787.0ac0     128       Ready   Backup Member
2    -           -                  -         -       Provisioned
3    -           84e3.2787.0740     128       Syncing Backup Member
4    -           84e3.2787.09c0     128       Ready   Active Master

Operational Status                 Normal operation
Stack MAC address                  0000.cd37.0d6f (Virtual MAC)
=== 1790731216.324 14:20:16 >>> show mrp ring
Media Redundancy Protocol - Ring Information
MRP Ring 1
 Domain ID:                           ffffffff-ffff-ffff-ffff-ffffffffffff
 Domain Name:                         
 Ring Status:                         Enabled
 Running State:                       Running
 Role:                                Manager
 Network Status:                      Closed
 Port1:                               port1.0.13
  Status:                             Forwarding
 Port2:                               port4.0.26
  Status:                             Blocking
 Vlan ID:
 React on Link Change:                No
 Profile:                             200ms
  Topology Change Interval:           10ms
  Topology Change Count:              3
  Short Test Frame Interval:          10ms
  Default Test Frame Interval:        20ms
  Test Monitoring Interval Count:     3
  Test Monitoring Ext Interval Count: 3
  Non-blocking MRC Supported:         No
  Blocked port state supported:       Yes
=== 1790731217.476 14:20:17 >>> show clock
UTC Time:   Wed, 30 Sep 2026 01:20:59 +0000
Timezone: UTC
Timezone Offset: +00:00
Summer time zone: None
=== 1790731218.627 14:20:18 >>> show stack
Virtual Chassis Stacking summary information

ID   Pending ID  MAC address        Priority  Status  Role
1    -           84e3.2787.0ac0     128       Ready   Backup Member
2    -           -                  -         -       Provisioned
3    -           84e3.2787.0740     128       Syncing Backup Member
4    -           84e3.2787.09c0     128       Ready   Active Master

Operational Status                 Normal operation
Stack MAC address                  0000.cd37.0d6f (Virtual MAC)
=== 1790731219.779 14:20:19 >>> show mrp ring
Media Redundancy Protocol - Ring Information
MRP Ring 1
 Domain ID:                           ffffffff-ffff-ffff-ffff-ffffffffffff
 Domain Name:                         
 Ring Status:                         Enabled
 Running State:                       Running
 Role:                                Manager
 Network Status:                      Closed
 Port1:                               port1.0.13
  Status:                             Forwarding
 Port2:                               port4.0.26
  Status:                             Blocking
 Vlan ID:
 React on Link Change:                No
 Profile:                             200ms
  Topology Change Interval:           10ms
  Topology Change Count:              3
  Short Test Frame Interval:          10ms
  Default Test Frame Interval:        20ms
  Test Monitoring Interval Count:     3
  Test Monitoring Ext Interval Count: 3
  Non-blocking MRC Supported:         No
  Blocked port state supported:       Yes
=== 1790731220.931 14:20:20 >>> show clock
UTC Time:   Wed, 30 Sep 2026 01:21:02 +0000
Timezone: UTC
Timezone Offset: +00:00
Summer time zone: None
=== 1790731222.083 14:20:22 >>> show stack
Virtual Chassis Stacking summary information

ID   Pending ID  MAC address        Priority  Status  Role
1    -           84e3.2787.0ac0     128       Ready   Backup Member
2    -           -                  -         -       Provisioned
3    -           84e3.2787.0740     128       Syncing Backup Member
4    -           84e3.2787.09c0     128       Ready   Active Master

Operational Status                 Normal operation
Stack MAC address                  0000.cd37.0d6f (Virtual MAC)
=== 1790731223.235 14:20:23 >>> show mrp ring
Media Redundancy Protocol - Ring Information
MRP Ring 1
 Domain ID:                           ffffffff-ffff-ffff-ffff-ffffffffffff
 Domain Name:                         
 Ring Status:                         Enabled
 Running State:                       Running
 Role:                                Manager
 Network Status:                      Closed
 Port1:                               port1.0.13
  Status:                             Forwarding
 Port2:                               port4.0.26
  Status:                             Blocking
 Vlan ID:
 React on Link Change:                No
 Profile:                             200ms
  Topology Change Interval:           10ms
  Topology Change Count:              3
  Short Test Frame Interval:          10ms
  Default Test Frame Interval:        20ms
  Test Monitoring Interval Count:     3
  Test Monitoring Ext Interval Count: 3
  Non-blocking MRC Supported:         No
  Blocked port state supported:       Yes
=== 1790731224.387 14:20:24 >>> show clock
UTC Time:   Wed, 30 Sep 2026 01:21:05 +0000
Timezone: UTC
Timezone Offset: +00:00
Summer time zone: None
=== 1790731225.538 14:20:25 >>> show stack
Virtual Chassis Stacking summary information

ID   Pending ID  MAC address        Priority  Status  Role
1    -           84e3.2787.0ac0     128       Ready   Backup Member
2    -           -                  -         -       Provisioned
3    -           84e3.2787.0740     128       Syncing Backup Member
4    -           84e3.2787.09c0     128       Ready   Active Master

Operational Status                 Normal operation
Stack MAC address                  0000.cd37.0d6f (Virtual MAC)
=== 1790731226.690 14:20:26 >>> show mrp ring
Media Redundancy Protocol - Ring Information
MRP Ring 1
 Domain ID:                           ffffffff-ffff-ffff-ffff-ffffffffffff
 Domain Name:                         
 Ring Status:                         Enabled
 Running State:                       Running
 Role:                                Manager
 Network Status:                      Closed
 Port1:                               port1.0.13
  Status:                             Forwarding
 Port2:                               port4.0.26
  Status:                             Blocking
 Vlan ID:
 React on Link Change:                No
 Profile:                             200ms
  Topology Change Interval:           10ms
  Topology Change Count:              3
  Short Test Frame Interval:          10ms
  Default Test Frame Interval:        20ms
  Test Monitoring Interval Count:     3
  Test Monitoring Ext Interval Count: 3
  Non-blocking MRC Supported:         No
  Blocked port state supported:       Yes
=== 1790731227.842 14:20:27 >>> show clock
UTC Time:   Wed, 30 Sep 2026 01:21:09 +0000
Timezone: UTC
Timezone Offset: +00:00
Summer time zone: None
=== 1790731228.994 14:20:28 >>> show stack
Virtual Chassis Stacking summary information

ID   Pending ID  MAC address        Priority  Status  Role
1    -           84e3.2787.0ac0     128       Ready   Backup Member
2    -           -                  -         -       Provisioned
3    -           84e3.2787.0740     128       Syncing Backup Member
4    -           84e3.2787.09c0     128       Ready   Active Master

Operational Status                 Normal operation
Stack MAC address                  0000.cd37.0d6f (Virtual MAC)
=== 1790731230.146 14:20:30 >>> show mrp ring
Media Redundancy Protocol - Ring Information
MRP Ring 1
 Domain ID:                           ffffffff-ffff-ffff-ffff-ffffffffffff
 Domain Name:                         
 Ring Status:                         Enabled
 Running State:                       Running
 Role:                                Manager
 Network Status:                      Closed
 Port1:                               port1.0.13
  Status:                             Forwarding
 Port2:                               port4.0.26
  Status:                             Blocking
 Vlan ID:
 React on Link Change:                No
 Profile:                             200ms
  Topology Change Interval:           10ms
  Topology Change Count:              3
  Short Test Frame Interval:          10ms
  Default Test Frame Interval:        20ms
  Test Monitoring Interval Count:     3
  Test Monitoring Ext Interval Count: 3
  Non-blocking MRC Supported:         No
  Blocked port state supported:       Yes
=== 1790731231.298 14:20:31 >>> show clock
UTC Time:   Wed, 30 Sep 2026 01:21:12 +0000
Timezone: UTC
Timezone Offset: +00:00
Summer time zone: None
=== 1790731232.449 14:20:32 >>> show stack
Virtual Chassis Stacking summary information

ID   Pending ID  MAC address        Priority  Status  Role
1    -           84e3.2787.0ac0     128       Ready   Backup Member
2    -           -                  -         -       Provisioned
3    -           84e3.2787.0740     128       Syncing Backup Member
4    -           84e3.2787.09c0     128       Ready   Active Master

Operational Status                 Normal operation
Stack MAC address                  0000.cd37.0d6f (Virtual MAC)
=== 1790731233.601 14:20:33 >>> show mrp ring
Media Redundancy Protocol - Ring Information
MRP Ring 1
 Domain ID:                           ffffffff-ffff-ffff-ffff-ffffffffffff
 Domain Name:                         
 Ring Status:                         Enabled
 Running State:                       Running
 Role:                                Manager
 Network Status:                      Closed
 Port1:                               port1.0.13
  Status:                             Forwarding
 Port2:                               port4.0.26
  Status:                             Blocking
 Vlan ID:
 React on Link Change:                No
 Profile:                             200ms
  Topology Change Interval:           10ms
  Topology Change Count:              3
  Short Test Frame Interval:          10ms
  Default Test Frame Interval:        20ms
  Test Monitoring Interval Count:     3
  Test Monitoring Ext Interval Count: 3
  Non-blocking MRC Supported:         No
  Blocked port state supported:       Yes
=== 1790731234.753 14:20:34 >>> show clock
UTC Time:   Wed, 30 Sep 2026 01:21:16 +0000
Timezone: UTC
Timezone Offset: +00:00
Summer time zone: None
=== 1790731235.905 14:20:35 >>> show stack
Virtual Chassis Stacking summary information

ID   Pending ID  MAC address        Priority  Status  Role
1    -           84e3.2787.0ac0     128       Ready   Backup Member
2    -           -                  -         -       Provisioned
3    -           84e3.2787.0740     128       Syncing Backup Member
4    -           84e3.2787.09c0     128       Ready   Active Master

Operational Status                 Normal operation
Stack MAC address                  0000.cd37.0d6f (Virtual MAC)
=== 1790731237.057 14:20:37 >>> show mrp ring
Media Redundancy Protocol - Ring Information
MRP Ring 1
 Domain ID:                           ffffffff-ffff-ffff-ffff-ffffffffffff
 Domain Name:                         
 Ring Status:                         Enabled
 Running State:                       Running
 Role:                                Manager
 Network Status:                      Closed
 Port1:                               port1.0.13
  Status:                             Forwarding
 Port2:                               port4.0.26
  Status:                             Blocking
 Vlan ID:
 React on Link Change:                No
 Profile:                             200ms
  Topology Change Interval:           10ms
  Topology Change Count:              3
  Short Test Frame Interval:          10ms
  Default Test Frame Interval:        20ms
  Test Monitoring Interval Count:     3
  Test Monitoring Ext Interval Count: 3
  Non-blocking MRC Supported:         No
  Blocked port state supported:       Yes
=== 1790731238.209 14:20:38 >>> show clock
UTC Time:   Wed, 30 Sep 2026 01:21:19 +0000
Timezone: UTC
Timezone Offset: +00:00
Summer time zone: None
=== 1790731239.360 14:20:39 >>> show stack
Virtual Chassis Stacking summary information

ID   Pending ID  MAC address        Priority  Status  Role
1    -           84e3.2787.0ac0     128       Ready   Backup Member
2    -           -                  -         -       Provisioned
3    -           84e3.2787.0740     128       Syncing Backup Member
4    -           84e3.2787.09c0     128       Ready   Active Master

Operational Status                 Normal operation
Stack MAC address                  0000.cd37.0d6f (Virtual MAC)
=== 1790731240.512 14:20:40 >>> show mrp ring
Media Redundancy Protocol - Ring Information
MRP Ring 1
 Domain ID:                           ffffffff-ffff-ffff-ffff-ffffffffffff
 Domain Name:                         
 Ring Status:                         Enabled
 Running State:                       Running
 Role:                                Manager
 Network Status:                      Closed
 Port1:                               port1.0.13
  Status:                             Forwarding
 Port2:                               port4.0.26
  Status:                             Blocking
 Vlan ID:
 React on Link Change:                No
 Profile:                             200ms
  Topology Change Interval:           10ms
  Topology Change Count:              3
  Short Test Frame Interval:          10ms
  Default Test Frame Interval:        20ms
  Test Monitoring Interval Count:     3
  Test Monitoring Ext Interval Count: 3
  Non-blocking MRC Supported:         No
  Blocked port state supported:       Yes
=== 1790731241.664 14:20:41 >>> show clock
UTC Time:   Wed, 30 Sep 2026 01:21:23 +0000
Timezone: UTC
Timezone Offset: +00:00
Summer time zone: None
=== 1790731242.819 14:20:42 >>> show stack
Virtual Chassis Stacking summary information

ID   Pending ID  MAC address        Priority  Status  Role
1    -           84e3.2787.0ac0     128       Ready   Backup Member
2    -           -                  -         -       Provisioned
3    -           84e3.2787.0740     128       Syncing Backup Member
4    -           84e3.2787.09c0     128       Ready   Active Master

Operational Status                 Normal operation
Stack MAC address                  0000.cd37.0d6f (Virtual MAC)
=== 1790731243.970 14:20:43 >>> show mrp ring
Media Redundancy Protocol - Ring Information
MRP Ring 1
 Domain ID:                           ffffffff-ffff-ffff-ffff-ffffffffffff
 Domain Name:                         
 Ring Status:                         Enabled
 Running State:                       Running
 Role:                                Manager
 Network Status:                      Closed
 Port1:                               port1.0.13
  Status:                             Forwarding
 Port2:                               port4.0.26
  Status:                             Blocking
 Vlan ID:
 React on Link Change:                No
 Profile:                             200ms
  Topology Change Interval:           10ms
  Topology Change Count:              3
  Short Test Frame Interval:          10ms
  Default Test Frame Interval:        20ms
  Test Monitoring Interval Count:     3
  Test Monitoring Ext Interval Count: 3
  Non-blocking MRC Supported:         No
  Blocked port state supported:       Yes
=== 1790731245.122 14:20:45 >>> show clock
UTC Time:   Wed, 30 Sep 2026 01:21:26 +0000
Timezone: UTC
Timezone Offset: +00:00
Summer time zone: None
=== 1790731246.274 14:20:46 >>> show stack
Virtual Chassis Stacking summary information

ID   Pending ID  MAC address        Priority  Status  Role
1    -           84e3.2787.0ac0     128       Ready   Backup Member
2    -           -                  -         -       Provisioned
3    -           84e3.2787.0740     128       Syncing Backup Member
4    -           84e3.2787.09c0     128       Ready   Active Master

Operational Status                 Normal operation
Stack MAC address                  0000.cd37.0d6f (Virtual MAC)
=== 1790731247.426 14:20:47 >>> show mrp ring
Media Redundancy Protocol - Ring Information
MRP Ring 1
 Domain ID:                           ffffffff-ffff-ffff-ffff-ffffffffffff
 Domain Name:                         
 Ring Status:                         Enabled
 Running State:                       Running
 Role:                                Manager
 Network Status:                      Closed
 Port1:                               port1.0.13
  Status:                             Forwarding
 Port2:                               port4.0.26
  Status:                             Blocking
 Vlan ID:
 React on Link Change:                No
 Profile:                             200ms
  Topology Change Interval:           10ms
  Topology Change Count:              3
  Short Test Frame Interval:          10ms
  Default Test Frame Interval:        20ms
  Test Monitoring Interval Count:     3
  Test Monitoring Ext Interval Count: 3
  Non-blocking MRC Supported:         No
  Blocked port state supported:       Yes
=== 1790731248.578 14:20:48 >>> show clock
UTC Time:   Wed, 30 Sep 2026 01:21:30 +0000
Timezone: UTC
Timezone Offset: +00:00
Summer time zone: None
=== 1790731249.730 14:20:49 >>> show stack
Virtual Chassis Stacking summary information

ID   Pending ID  MAC address        Priority  Status  Role
1    -           84e3.2787.0ac0     128       Ready   Backup Member
2    -           -                  -         -       Provisioned
3    -           84e3.2787.0740     128       Syncing Backup Member
4    -           84e3.2787.09c0     128       Ready   Active Master

Operational Status                 Normal operation
Stack MAC address                  0000.cd37.0d6f (Virtual MAC)
=== 1790731250.882 14:20:50 >>> show mrp ring
Media Redundancy Protocol - Ring Information
MRP Ring 1
 Domain ID:                           ffffffff-ffff-ffff-ffff-ffffffffffff
 Domain Name:                         
 Ring Status:                         Enabled
 Running State:                       Running
 Role:                                Manager
 Network Status:                      Closed
 Port1:                               port1.0.13
  Status:                             Forwarding
 Port2:                               port4.0.26
  Status:                             Blocking
 Vlan ID:
 React on Link Change:                No
 Profile:                             200ms
  Topology Change Interval:           10ms
  Topology Change Count:              3
  Short Test Frame Interval:          10ms
  Default Test Frame Interval:        20ms
  Test Monitoring Interval Count:     3
  Test Monitoring Ext Interval Count: 3
  Non-blocking MRC Supported:         No
  Blocked port state supported:       Yes
=== 1790731252.033 14:20:52 >>> show clock
UTC Time:   Wed, 30 Sep 2026 01:21:33 +0000
Timezone: UTC
Timezone Offset: +00:00
Summer time zone: None
=== 1790731253.185 14:20:53 >>> show stack
Virtual Chassis Stacking summary information

ID   Pending ID  MAC address        Priority  Status  Role
1    -           84e3.2787.0ac0     128       Ready   Backup Member
2    -           -                  -         -       Provisioned
3    -           84e3.2787.0740     128       Syncing Backup Member
4    -           84e3.2787.09c0     128       Ready   Active Master

Operational Status                 Normal operation
Stack MAC address                  0000.cd37.0d6f (Virtual MAC)
=== 1790731254.337 14:20:54 >>> show mrp ring
Media Redundancy Protocol - Ring Information
MRP Ring 1
 Domain ID:                           ffffffff-ffff-ffff-ffff-ffffffffffff
 Domain Name:                         
 Ring Status:                         Enabled
 Running State:                       Running
 Role:                                Manager
 Network Status:                      Closed
 Port1:                               port1.0.13
  Status:                             Forwarding
 Port2:                               port4.0.26
  Status:                             Blocking
 Vlan ID:
 React on Link Change:                No
 Profile:                             200ms
  Topology Change Interval:           10ms
  Topology Change Count:              3
  Short Test Frame Interval:          10ms
  Default Test Frame Interval:        20ms
  Test Monitoring Interval Count:     3
  Test Monitoring Ext Interval Count: 3
  Non-blocking MRC Supported:         No
  Blocked port state supported:       Yes
=== 1790731255.489 14:20:55 >>> show clock
UTC Time:   Wed, 30 Sep 2026 01:21:37 +0000
Timezone: UTC
Timezone Offset: +00:00
Summer time zone: None
=== 1790731256.641 14:20:56 >>> show stack
Virtual Chassis Stacking summary information

ID   Pending ID  MAC address        Priority  Status  Role
1    -           84e3.2787.0ac0     128       Ready   Backup Member
2    -           -                  -         -       Provisioned
3    -           84e3.2787.0740     128       Syncing Backup Member
4    -           84e3.2787.09c0     128       Ready   Active Master

Operational Status                 Normal operation
Stack MAC address                  0000.cd37.0d6f (Virtual MAC)
=== 1790731257.792 14:20:57 >>> show mrp ring
Media Redundancy Protocol - Ring Information
MRP Ring 1
 Domain ID:                           ffffffff-ffff-ffff-ffff-ffffffffffff
 Domain Name:                         
 Ring Status:                         Enabled
 Running State:                       Running
 Role:                                Manager
 Network Status:                      Closed
 Port1:                               port1.0.13
  Status:                             Forwarding
 Port2:                               port4.0.26
  Status:                             Blocking
 Vlan ID:
 React on Link Change:                No
 Profile:                             200ms
  Topology Change Interval:           10ms
  Topology Change Count:              3
  Short Test Frame Interval:          10ms
  Default Test Frame Interval:        20ms
  Test Monitoring Interval Count:     3
  Test Monitoring Ext Interval Count: 3
  Non-blocking MRC Supported:         No
  Blocked port state supported:       Yes
=== 1790731258.944 14:20:58 >>> show clock
UTC Time:   Wed, 30 Sep 2026 01:21:40 +0000
Timezone: UTC
Timezone Offset: +00:00
Summer time zone: None
=== 1790731260.096 14:21:00 >>> show stack
Virtual Chassis Stacking summary information

ID   Pending ID  MAC address        Priority  Status  Role
1    -           84e3.2787.0ac0     128       Ready   Backup Member
2    -           -                  -         -       Provisioned
3    -           84e3.2787.0740     128       Syncing Backup Member
4    -           84e3.2787.09c0     128       Ready   Active Master

Operational Status                 Normal operation
Stack MAC address                  0000.cd37.0d6f (Virtual MAC)
=== 1790731261.248 14:21:01 >>> show mrp ring
Media Redundancy Protocol - Ring Information
MRP Ring 1
 Domain ID:                           ffffffff-ffff-ffff-ffff-ffffffffffff
 Domain Name:                         
 Ring Status:                         Enabled
 Running State:                       Running
 Role:                                Manager
 Network Status:                      Closed
 Port1:                               port1.0.13
  Status:                             Forwarding
 Port2:                               port4.0.26
  Status:                             Blocking
 Vlan ID:
 React on Link Change:                No
 Profile:                             200ms
  Topology Change Interval:           10ms
  Topology Change Count:              3
  Short Test Frame Interval:          10ms
  Default Test Frame Interval:        20ms
  Test Monitoring Interval Count:     3
  Test Monitoring Ext Interval Count: 3
  Non-blocking MRC Supported:         No
  Blocked port state supported:       Yes
=== 1790731262.400 14:21:02 >>> show clock
UTC Time:   Wed, 30 Sep 2026 01:21:43 +0000
Timezone: UTC
Timezone Offset: +00:00
Summer time zone: None
=== 1790731263.552 14:21:03 >>> show stack
Virtual Chassis Stacking summary information

ID   Pending ID  MAC address        Priority  Status  Role
1    -           84e3.2787.0ac0     128       Ready   Backup Member
2    -           -                  -         -       Provisioned
3    -           84e3.2787.0740     128       Syncing Backup Member
4    -           84e3.2787.09c0     128       Ready   Active Master

Operational Status                 Normal operation
Stack MAC address                  0000.cd37.0d6f (Virtual MAC)
=== 1790731264.704 14:21:04 >>> show mrp ring
Media Redundancy Protocol - Ring Information
MRP Ring 1
 Domain ID:                           ffffffff-ffff-ffff-ffff-ffffffffffff
 Domain Name:                         
 Ring Status:                         Enabled
 Running State:                       Running
 Role:                                Manager
 Network Status:                      Closed
 Port1:                               port1.0.13
  Status:                             Forwarding
 Port2:                               port4.0.26
  Status:                             Blocking
 Vlan ID:
 React on Link Change:                No
 Profile:                             200ms
  Topology Change Interval:           10ms
  Topology Change Count:              3
  Short Test Frame Interval:          10ms
  Default Test Frame Interval:        20ms
  Test Monitoring Interval Count:     3
  Test Monitoring Ext Interval Count: 3
  Non-blocking MRC Supported:         No
  Blocked port state supported:       Yes
=== 1790731265.856 14:21:05 >>> show clock
UTC Time:   Wed, 30 Sep 2026 01:21:47 +0000
Timezone: UTC
Timezone Offset: +00:00
Summer time zone: None
=== 1790731267.007 14:21:07 >>> show stack
Virtual Chassis Stacking summary information

ID   Pending ID  MAC address        Priority  Status  Role
1    -           84e3.2787.0ac0     128       Ready   Backup Member
2    -           -                  -         -       Provisioned
3    -           84e3.2787.0740     128       Syncing Backup Member
4    -           84e3.2787.09c0     128       Ready   Active Master

Operational Status                 Normal operation
Stack MAC address                  0000.cd37.0d6f (Virtual MAC)
=== 1790731268.159 14:21:08 >>> show mrp ring
Media Redundancy Protocol - Ring Information
MRP Ring 1
 Domain ID:                           ffffffff-ffff-ffff-ffff-ffffffffffff
 Domain Name:                         
 Ring Status:                         Enabled
 Running State:                       Running
 Role:                                Manager
 Network Status:                      Closed
 Port1:                               port1.0.13
  Status:                             Forwarding
 Port2:                               port4.0.26
  Status:                             Blocking
 Vlan ID:
 React on Link Change:                No
 Profile:                             200ms
  Topology Change Interval:           10ms
  Topology Change Count:              3
  Short Test Frame Interval:          10ms
  Default Test Frame Interval:        20ms
  Test Monitoring Interval Count:     3
  Test Monitoring Ext Interval Count: 3
  Non-blocking MRC Supported:         No
  Blocked port state supported:       Yes
=== 1790731269.311 14:21:09 >>> show clock
UTC Time:   Wed, 30 Sep 2026 01:21:50 +0000
Timezone: UTC
Timezone Offset: +00:00
Summer time zone: None
=== 1790731270.463 14:21:10 >>> show stack
Virtual Chassis Stacking summary information

ID   Pending ID  MAC address        Priority  Status  Role
1    -           84e3.2787.0ac0     128       Ready   Backup Member
2    -           -                  -         -       Provisioned
3    -           84e3.2787.0740     128       Syncing Backup Member
4    -           84e3.2787.09c0     128       Ready   Active Master

Operational Status                 Normal operation
Stack MAC address                  0000.cd37.0d6f (Virtual MAC)
=== 1790731271.615 14:21:11 >>> show mrp ring
Media Redundancy Protocol - Ring Information
MRP Ring 1
 Domain ID:                           ffffffff-ffff-ffff-ffff-ffffffffffff
 Domain Name:                         
 Ring Status:                         Enabled
 Running State:                       Running
 Role:                                Manager
 Network Status:                      Closed
 Port1:                               port1.0.13
  Status:                             Forwarding
 Port2:                               port4.0.26
  Status:                             Blocking
 Vlan ID:
 React on Link Change:                No
 Profile:                             200ms
  Topology Change Interval:           10ms
  Topology Change Count:              3
  Short Test Frame Interval:          10ms
  Default Test Frame Interval:        20ms
  Test Monitoring Interval Count:     3
  Test Monitoring Ext Interval Count: 3
  Non-blocking MRC Supported:         No
  Blocked port state supported:       Yes
=== 1790731272.767 14:21:12 >>> show clock
UTC Time:   Wed, 30 Sep 2026 01:21:54 +0000
Timezone: UTC
Timezone Offset: +00:00
Summer time zone: None
=== 1790731273.919 14:21:13 >>> show stack
Virtual Chassis Stacking summary information

ID   Pending ID  MAC address        Priority  Status  Role
1    -           84e3.2787.0ac0     128       Ready   Backup Member
2    -           -                  -         -       Provisioned
3    -           84e3.2787.0740     128       Syncing Backup Member
4    -           84e3.2787.09c0     128       Ready   Active Master

Operational Status                 Normal operation
Stack MAC address                  0000.cd37.0d6f (Virtual MAC)
=== 1790731275.071 14:21:15 >>> show mrp ring
Media Redundancy Protocol - Ring Information
MRP Ring 1
 Domain ID:                           ffffffff-ffff-ffff-ffff-ffffffffffff
 Domain Name:                         
 Ring Status:                         Enabled
 Running State:                       Running
 Role:                                Manager
 Network Status:                      Closed
 Port1:                               port1.0.13
  Status:                             Forwarding
 Port2:                               port4.0.26
  Status:                             Blocking
 Vlan ID:
 React on Link Change:                No
 Profile:                             200ms
  Topology Change Interval:           10ms
  Topology Change Count:              3
  Short Test Frame Interval:          10ms
  Default Test Frame Interval:        20ms
  Test Monitoring Interval Count:     3
  Test Monitoring Ext Interval Count: 3
  Non-blocking MRC Supported:         No
  Blocked port state supported:       Yes
=== 1790731276.223 14:21:16 >>> show clock
UTC Time:   Wed, 30 Sep 2026 01:21:57 +0000
Timezone: UTC
Timezone Offset: +00:00
Summer time zone: None
=== 1790731277.374 14:21:17 >>> show stack
Virtual Chassis Stacking summary information

ID   Pending ID  MAC address        Priority  Status  Role
1    -           84e3.2787.0ac0     128       Ready   Backup Member
2    -           -                  -         -       Provisioned
3    -           84e3.2787.0740     128       Syncing Backup Member
4    -           84e3.2787.09c0     128       Ready   Active Master

Operational Status                 Normal operation
Stack MAC address                  0000.cd37.0d6f (Virtual MAC)
=== 1790731278.526 14:21:18 >>> show mrp ring
Media Redundancy Protocol - Ring Information
MRP Ring 1
 Domain ID:                           ffffffff-ffff-ffff-ffff-ffffffffffff
 Domain Name:                         
 Ring Status:                         Enabled
 Running State:                       Running
 Role:                                Manager
 Network Status:                      Closed
 Port1:                               port1.0.13
  Status:                             Forwarding
 Port2:                               port4.0.26
  Status:                             Blocking
 Vlan ID:
 React on Link Change:                No
 Profile:                             200ms
  Topology Change Interval:           10ms
  Topology Change Count:              3
  Short Test Frame Interval:          10ms
  Default Test Frame Interval:        20ms
  Test Monitoring Interval Count:     3
  Test Monitoring Ext Interval Count: 3
  Non-blocking MRC Supported:         No
  Blocked port state supported:       Yes
=== 1790731279.678 14:21:19 >>> show clock
UTC Time:   Wed, 30 Sep 2026 01:22:01 +0000
Timezone: UTC
Timezone Offset: +00:00
Summer time zone: None
=== 1790731280.830 14:21:20 >>> show stack
Virtual Chassis Stacking summary information

ID   Pending ID  MAC address        Priority  Status  Role
1    -           84e3.2787.0ac0     128       Ready   Backup Member
2    -           -                  -         -       Provisioned
3    -           84e3.2787.0740     128       Syncing Backup Member
4    -           84e3.2787.09c0     128       Ready   Active Master

Operational Status                 Normal operation
Stack MAC address                  0000.cd37.0d6f (Virtual MAC)
=== 1790731281.982 14:21:21 >>> show mrp ring
Media Redundancy Protocol - Ring Information
MRP Ring 1
 Domain ID:                           ffffffff-ffff-ffff-ffff-ffffffffffff
 Domain Name:                         
 Ring Status:                         Enabled
 Running State:                       Running
 Role:                                Manager
 Network Status:                      Closed
 Port1:                               port1.0.13
  Status:                             Forwarding
 Port2:                               port4.0.26
  Status:                             Blocking
 Vlan ID:
 React on Link Change:                No
 Profile:                             200ms
  Topology Change Interval:           10ms
  Topology Change Count:              3
  Short Test Frame Interval:          10ms
  Default Test Frame Interval:        20ms
  Test Monitoring Interval Count:     3
  Test Monitoring Ext Interval Count: 3
  Non-blocking MRC Supported:         No
  Blocked port state supported:       Yes
=== 1790731283.133 14:21:23 >>> show clock
UTC Time:   Wed, 30 Sep 2026 01:22:04 +0000
Timezone: UTC
Timezone Offset: +00:00
Summer time zone: None
=== 1790731284.285 14:21:24 >>> show stack
Virtual Chassis Stacking summary information

ID   Pending ID  MAC address        Priority  Status  Role
1    -           84e3.2787.0ac0     128       Ready   Backup Member
2    -           -                  -         -       Provisioned
3    -           84e3.2787.0740     128       Ready   Backup Member
4    -           84e3.2787.09c0     128       Ready   Active Master

Operational Status                 Normal operation
Stack MAC address                  0000.cd37.0d6f (Virtual MAC)
=== 1790731285.437 14:21:25 >>> show mrp ring
Media Redundancy Protocol - Ring Information
MRP Ring 1
 Domain ID:                           ffffffff-ffff-ffff-ffff-ffffffffffff
 Domain Name:                         
 Ring Status:                         Enabled
 Running State:                       Running
 Role:                                Manager
 Network Status:                      Closed
 Port1:                               port1.0.13
  Status:                             Forwarding
 Port2:                               port4.0.26
  Status:                             Blocking
 Vlan ID:
 React on Link Change:                No
 Profile:                             200ms
  Topology Change Interval:           10ms
  Topology Change Count:              3
  Short Test Frame Interval:          10ms
  Default Test Frame Interval:        20ms
  Test Monitoring Interval Count:     3
  Test Monitoring Ext Interval Count: 3
  Non-blocking MRC Supported:         No
  Blocked port state supported:       Yes
=== 1790731286.589 14:21:26 >>> show clock
UTC Time:   Wed, 30 Sep 2026 01:22:08 +0000
Timezone: UTC
Timezone Offset: +00:00
Summer time zone: None
=== 1790731287.741 14:21:27 >>> show stack
Virtual Chassis Stacking summary information

ID   Pending ID  MAC address        Priority  Status  Role
1    -           84e3.2787.0ac0     128       Ready   Backup Member
2    -           -                  -         -       Provisioned
3    -           84e3.2787.0740     128       Ready   Backup Member
4    -           84e3.2787.09c0     128       Ready   Active Master

Operational Status                 Normal operation
Stack MAC address                  0000.cd37.0d6f (Virtual MAC)
=== 1790731288.893 14:21:28 >>> show mrp ring
Media Redundancy Protocol - Ring Information
MRP Ring 1
 Domain ID:                           ffffffff-ffff-ffff-ffff-ffffffffffff
 Domain Name:                         
 Ring Status:                         Enabled
 Running State:                       Running
 Role:                                Manager
 Network Status:                      Closed
 Port1:                               port1.0.13
  Status:                             Forwarding
 Port2:                               port4.0.26
  Status:                             Blocking
 Vlan ID:
 React on Link Change:                No
 Profile:                             200ms
  Topology Change Interval:           10ms
  Topology Change Count:              3
  Short Test Frame Interval:          10ms
  Default Test Frame Interval:        20ms
  Test Monitoring Interval Count:     3
  Test Monitoring Ext Interval Count: 3
  Non-blocking MRC Supported:         No
  Blocked port state supported:       Yes
=== 1790731290.044 14:21:30 >>> show clock
UTC Time:   Wed, 30 Sep 2026 01:22:11 +0000
Timezone: UTC
Timezone Offset: +00:00
Summer time zone: None
=== 1790731291.397 14:21:31 >>> show stack
Virtual Chassis Stacking summary information

ID   Pending ID  MAC address        Priority  Status  Role
1    -           84e3.2787.0ac0     128       Ready   Backup Member
2    -           -                  -         -       Provisioned
3    -           84e3.2787.0740     128       Ready   Backup Member
4    -           84e3.2787.09c0     128       Ready   Active Master

Operational Status                 Normal operation
Stack MAC address                  0000.cd37.0d6f (Virtual MAC)
=== 1790731292.548 14:21:32 >>> show mrp ring
Media Redundancy Protocol - Ring Information
MRP Ring 1
 Domain ID:                           ffffffff-ffff-ffff-ffff-ffffffffffff
 Domain Name:                         
 Ring Status:                         Enabled
 Running State:                       Running
 Role:                                Manager
 Network Status:                      Closed
 Port1:                               port1.0.13
  Status:                             Forwarding
 Port2:                               port4.0.26
  Status:                             Blocking
 Vlan ID:
 React on Link Change:                No
 Profile:                             200ms
  Topology Change Interval:           10ms
  Topology Change Count:              3
  Short Test Frame Interval:          10ms
  Default Test Frame Interval:        20ms
  Test Monitoring Interval Count:     3
  Test Monitoring Ext Interval Count: 3
  Non-blocking MRC Supported:         No
  Blocked port state supported:       Yes
=== 1790731293.700 14:21:33 >>> show clock
UTC Time:   Wed, 30 Sep 2026 01:22:15 +0000
Timezone: UTC
Timezone Offset: +00:00
Summer time zone: None
=== 1790731294.852 14:21:34 >>> show stack
Virtual Chassis Stacking summary information

ID   Pending ID  MAC address        Priority  Status  Role
1    -           84e3.2787.0ac0     128       Ready   Backup Member
2    -           -                  -         -       Provisioned
3    -           84e3.2787.0740     128       Ready   Backup Member
4    -           84e3.2787.09c0     128       Ready   Active Master

Operational Status                 Normal operation
Stack MAC address                  0000.cd37.0d6f (Virtual MAC)
=== 1790731296.004 14:21:36 >>> show mrp ring
Media Redundancy Protocol - Ring Information
MRP Ring 1
 Domain ID:                           ffffffff-ffff-ffff-ffff-ffffffffffff
 Domain Name:                         
 Ring Status:                         Enabled
 Running State:                       Running
 Role:                                Manager
 Network Status:                      Closed
 Port1:                               port1.0.13
  Status:                             Forwarding
 Port2:                               port4.0.26
  Status:                             Blocking
 Vlan ID:
 React on Link Change:                No
 Profile:                             200ms
  Topology Change Interval:           10ms
  Topology Change Count:              3
  Short Test Frame Interval:          10ms
  Default Test Frame Interval:        20ms
  Test Monitoring Interval Count:     3
  Test Monitoring Ext Interval Count: 3
  Non-blocking MRC Supported:         No
  Blocked port state supported:       Yes
=== 1790731297.156 14:21:37 >>> show clock
UTC Time:   Wed, 30 Sep 2026 01:22:18 +0000
Timezone: UTC
Timezone Offset: +00:00
Summer time zone: None
=== 1790731298.308 14:21:38 >>> show stack
Virtual Chassis Stacking summary information

ID   Pending ID  MAC address        Priority  Status  Role
1    -           84e3.2787.0ac0     128       Ready   Backup Member
2    -           -                  -         -       Provisioned
3    -           84e3.2787.0740     128       Ready   Backup Member
4    -           84e3.2787.09c0     128       Ready   Active Master

Operational Status                 Normal operation
Stack MAC address                  0000.cd37.0d6f (Virtual MAC)
=== 1790731299.460 14:21:39 >>> show mrp ring
Media Redundancy Protocol - Ring Information
MRP Ring 1
 Domain ID:                           ffffffff-ffff-ffff-ffff-ffffffffffff
 Domain Name:                         
 Ring Status:                         Enabled
 Running State:                       Running
 Role:                                Manager
 Network Status:                      Closed
 Port1:                               port1.0.13
  Status:                             Forwarding
 Port2:                               port4.0.26
  Status:                             Blocking
 Vlan ID:
 React on Link Change:                No
 Profile:                             200ms
  Topology Change Interval:           10ms
  Topology Change Count:              3
  Short Test Frame Interval:          10ms
  Default Test Frame Interval:        20ms
  Test Monitoring Interval Count:     3
  Test Monitoring Ext Interval Count: 3
  Non-blocking MRC Supported:         No
  Blocked port state supported:       Yes
=== 1790731300.612 14:21:40 >>> show clock
UTC Time:   Wed, 30 Sep 2026 01:22:22 +0000
Timezone: UTC
Timezone Offset: +00:00
Summer time zone: None
=== 1790731301.763 14:21:41 >>> show stack
Virtual Chassis Stacking summary information

ID   Pending ID  MAC address        Priority  Status  Role
1    -           84e3.2787.0ac0     128       Ready   Backup Member
2    -           -                  -         -       Provisioned
3    -           84e3.2787.0740     128       Ready   Backup Member
4    -           84e3.2787.09c0     128       Ready   Active Master

Operational Status                 Normal operation
Stack MAC address                  0000.cd37.0d6f (Virtual MAC)
=== 1790731302.915 14:21:42 >>> show mrp ring
Media Redundancy Protocol - Ring Information
MRP Ring 1
 Domain ID:                           ffffffff-ffff-ffff-ffff-ffffffffffff
 Domain Name:                         
 Ring Status:                         Enabled
 Running State:                       Running
 Role:                                Manager
 Network Status:                      Closed
 Port1:                               port1.0.13
  Status:                             Forwarding
 Port2:                               port4.0.26
  Status:                             Blocking
 Vlan ID:
 React on Link Change:                No
 Profile:                             200ms
  Topology Change Interval:           10ms
  Topology Change Count:              3
  Short Test Frame Interval:          10ms
  Default Test Frame Interval:        20ms
  Test Monitoring Interval Count:     3
  Test Monitoring Ext Interval Count: 3
  Non-blocking MRC Supported:         No
  Blocked port state supported:       Yes
